Interactor A ID,Interactor A Type,Interactor A Desc,Domain A,Taxon ID A,Genome ID A,Genome Name A,RefSeq Locus Tag A,gene A,Interactor B ID,Interactor B Type,Interactor B Desc,Domain B,Taxon ID B,Genome ID B,Genome Name B,RefSeq Locus Tag B,gene B,Category,Interaction Type,Detection Method,Evidence,PMID,Source DB,Source ID,Score
"fig|177416.18.peg.182","Protein","Outer membrane beta-barrel assembly protein BamB","Bacteria",177416,"177416.18","Francisella tularensis subsp. tularensis SCHU S4","FTT0165c",,"RefSeq.9606.33.NC_000022.CDS.29328821.29367243.rev","Protein","AP-1 complex subunit beta-1 isoform a","Primates",9606,"9606.33","Homo sapiens",,"AP1B1","HPI","physical association","two hybrid pooling approach","experimental","20711500;13779","intact","intact:EBI-2808916;imex:IM-13779-1314",
"RefSeq.177416.18.NC_006570.CDS.585870.586520.fwd","Protein","hypothetical protein","Bacteria",177416,"177416.18","Francisella tularensis subsp. tularensis SCHU S4","FTT0568",,"RefSeq.9606.33.NC_000012.CDS.57694162.57720909.fwd","Protein","protein OS-9 isoform 8 precursor","Primates",9606,"9606.33","Homo sapiens",,"OS9","HPI","physical association","two hybrid pooling approach","experimental","20711500;13779","intact","intact:EBI-2804103;imex:IM-13779-770",
"RefSeq.177416.18.NC_006570.CDS.900248.901096.fwd","Protein","methylenetetrahydrofolate dehydrogenase/methenyltetrahydrofolate cyclohydrolase putative bifunctional protein","Bacteria",177416,"177416.18","Francisella tularensis subsp. tularensis SCHU S4","FTT0892","folD","RefSeq.9606.33.NC_000019.CDS.7963483.8002116.rev","Protein","ELAV-like protein 1 isoform X1","Primates",9606,"9606.33","Homo sapiens",,"ELAVL1","HPI","physical association","two hybrid pooling approach","experimental","20711500;13779","intact","intact:EBI-2798970;imex:IM-13779-268",
"RefSeq.177416.18.NC_006570.CDS.1819745.1820749.rev","Protein","GTPase ObgE","Bacteria",177416,"177416.18","Francisella tularensis subsp. tularensis SCHU S4","FTT1731c","obgE","RefSeq.9606.33.NC_000003.CDS.32483960.32502745.rev","Protein","CKLF-like MARVEL transmembrane domain-containing protein 6","Primates",9606,"9606.33","Homo sapiens",,"CMTM6","HPI","physical association","two hybrid pooling approach","experimental","20711500;13779","intact","intact:EBI-2807964;imex:IM-13779-1205",
"RefSeq.177416.18.NC_006570.CDS.1415006.1416997.rev","Protein","transketolase","Bacteria",177416,"177416.18","Francisella tularensis subsp. tularensis SCHU S4","FTT1369c","tktA","RefSeq.9606.33.NC_000018.CDS.79679948.79753790.fwd","Protein","RNA polymerase II subunit A C-terminal domain phosphatase isoform X2","Primates",9606,"9606.33","Homo sapiens",,"CTDP1","HPI","physical association","two hybrid pooling approach","experimental","20711500;13779","intact","intact:EBI-2807562;imex:IM-13779-1160",
"RefSeq.177416.18.NC_006570.CDS.734051.736333.fwd","Protein","chitinase family 18 protein","Bacteria",177416,"177416.18","Francisella tularensis subsp. tularensis SCHU S4","FTT0715",,"RefSeq.9606.33.NC_000002.CDS.219597917.219616193.fwd","Protein","serine/threonine-protein kinase 11-interacting protein","Primates",9606,"9606.33","Homo sapiens",,"STK11IP","HPI","physical association","two hybrid pooling approach","experimental","20711500;13779","intact","intact:EBI-2801467;imex:IM-13779-524",
"fig|177416.18.peg.121","Protein","Lipid A export permease/ATP-binding protein MsbA","Bacteria",177416,"177416.18","Francisella tularensis subsp. tularensis SCHU S4","FTT0109","valA","RefSeq.9606.33.NC_000012.CDS.107734210.107760515.rev","Protein","PR domain zinc finger protein 4 isoform X1","Primates",9606,"9606.33","Homo sapiens",,"PRDM4","HPI","physical association","two hybrid pooling approach","experimental","20711500;13779","intact","intact:EBI-2803432;imex:IM-13779-700",
"RefSeq.177416.18.NC_006570.CDS.503406.504125.fwd","Protein","hypothetical protein","Bacteria",177416,"177416.18","Francisella tularensis subsp. tularensis SCHU S4","FTT0484",,"RefSeq.9606.33.NC_000010.CDS.101786451.101818022.rev","Protein","protein O-GlcNAcase isoform a","Primates",9606,"9606.33","Homo sapiens",,"MGEA5","HPI","physical association","two hybrid pooling approach","experimental","20711500;13779","intact","intact:EBI-2804492;imex:IM-13779-812",
"fig|177416.18.peg.93","Protein","Aconitate hydratase (EC 4.2.1.3)","Bacteria",177416,"177416.18","Francisella tularensis subsp. tularensis SCHU S4","FTT0087","acnA","RefSeq.9606.33.NC_000011.CDS.62433884.62536098.rev","Protein","neuroblast differentiation-associated protein AHNAK isoform 2","Primates",9606,"9606.33","Homo sapiens",,"AHNAK","HPI","physical association","two hybrid pooling approach","experimental","20711500;13779","intact","intact:EBI-2809148;imex:IM-13779-1341",
"fig|177416.18.peg.77","Protein","Citrate synthase (si) (EC 2.3.3.1)","Bacteria",177416,"177416.18","Francisella tularensis subsp. tularensis SCHU S4","FTT0071c","gltA","RefSeq.9606.33.NC_000001.CDS.231528811.231564905.fwd","Protein","translin-associated protein X","Primates",9606,"9606.33","Homo sapiens",,"TSNAX","HPI","physical association","two hybrid pooling approach","experimental","20711500;13779","intact","intact:EBI-2800081;imex:IM-13779-374",
"RefSeq.177416.18.NC_006570.CDS.1431224.1433260.rev","Protein","DNA ligase","Bacteria",177416,"177416.18","Francisella tularensis subsp. tularensis SCHU S4","FTT1387c","ligN","RefSeq.9606.33.NC_000020.CDS.47658362.47757363.rev","Protein","extracellular sulfatase Sulf-2 isoform X2","Primates",9606,"9606.33","Homo sapiens",,"SULF2","HPI","physical association","two hybrid pooling approach","experimental","20711500;13779","intact","intact:EBI-2800760;imex:IM-13779-445",
"RefSeq.177416.18.NC_006570.CDS.1802117.1805989.rev","Protein","phosphoribosylformylglycinamidine synthase","Bacteria",177416,"177416.18","Francisella tularensis subsp. tularensis SCHU S4","FTT1720c","purL","RefSeq.9606.33.NC_000019.CDS.3053819.3062927.rev","Protein","amino-terminal enhancer of split isoform a","Primates",9606,"9606.33","Homo sapiens",,"AES","HPI","physical association","two hybrid pooling approach","experimental","20711500;13779","intact","intact:EBI-2809169;imex:IM-13779-1340",
"RefSeq.177416.18.NC_006570.CDS.1243635.1246292.fwd","Protein","ribonuclease E","Bacteria",177416,"177416.18","Francisella tularensis subsp. tularensis SCHU S4","FTT1227","rne","RefSeq.9606.33.NC_000009.CDS.105442246.105546483.fwd","Protein","FSD1-like protein isoform X4","Primates",9606,"9606.33","Homo sapiens",,"FSD1L","HPI","physical association","two hybrid pooling approach","experimental","20711500;13779","intact","intact:EBI-2806717;imex:IM-13779-1066",
"RefSeq.177416.18.NC_006570.CDS.1095850.1097865.rev","Protein","ATP-dependent DNA helicase","Bacteria",177416,"177416.18","Francisella tularensis subsp. tularensis SCHU S4","FTT1087c","rep","RefSeq.9606.33.NC_000001.CDS.145671244.145688021.rev","Protein","Na(+)/H(+) exchange regulatory cofactor NHE-RF3 isoform X2","Primates",9606,"9606.33","Homo sapiens",,"PDZK1","HPI","physical association","two hybrid pooling approach","experimental","20711500;13779","intact","intact:EBI-2798524;imex:IM-13779-223",
"RefSeq.177416.18.NC_006570.CDS.964146.965471.fwd","Protein","ATP-dependent RNA helicase RhlE","Bacteria",177416,"177416.18","Francisella tularensis subsp. tularensis SCHU S4","FTT0952","rhlE","RefSeq.9606.33.NC_000006.CDS.109368279.109382378.rev","Protein","sialomucin core protein 24 isoform 4 precursor","Primates",9606,"9606.33","Homo sapiens",,"CD164","HPI","physical association","two hybrid pooling approach","experimental","20711500;13779","intact","intact:EBI-2804718;imex:IM-13779-842",
"RefSeq.177416.18.NC_006570.CDS.1183701.1185449.fwd","Protein","lipoprotein","Bacteria",177416,"177416.18","Francisella tularensis subsp. tularensis SCHU S4","FTT1170",,"RefSeq.9606.33.NC_000004.CDS.139301778.139388084.fwd","Protein","N-alpha-acetyltransferase 15, NatA auxiliary subunit isoform X1","Primates",9606,"9606.33","Homo sapiens",,"NAA15","HPI","physical association","two hybrid pooling approach","experimental","20711500;13779","intact","intact:EBI-2804548;imex:IM-13779-819",
"RefSeq.177416.18.NC_006570.CDS.1122309.1123187.rev","Protein","RNA polymerase factor sigma-32","Bacteria",177416,"177416.18","Francisella tularensis subsp. tularensis SCHU S4","FTT1112c","rpoH","RefSeq.9606.33.NC_000015.CDS.44711547.44716342.fwd","Protein","beta-2-microglobulin precursor","Primates",9606,"9606.33","Homo sapiens",,"B2M","HPI","physical association","two hybrid pooling approach","experimental","20711500;13779","intact","intact:EBI-2808611;imex:IM-13779-1277",
"fig|177416.18.peg.24","Protein","Aspartyl-tRNA(Asn) amidotransferase subunit B (EC 6.3.5.6) @ Glutamyl-tRNA(Gln) amidotransferase subunit B (EC 6.3.5.7)","Bacteria",177416,"177416.18","Francisella tularensis subsp. tularensis SCHU S4","FTT0021","gatB","RefSeq.9606.33.NC_000020.CDS.20036195.20056014.rev","Protein","crooked neck-like protein 1 isoform a","Primates",9606,"9606.33","Homo sapiens",,"CRNKL1","HPI","physical association","two hybrid pooling approach","experimental","20711500;13779","intact","intact:EBI-2807608;imex:IM-13779-1165",
"fig|177416.18.peg.130","Protein","Peptide chain release factor 3","Bacteria",177416,"177416.18","Francisella tularensis subsp. tularensis SCHU S4","FTT0118","prfC","RefSeq.9606.33.NC_000018.CDS.23503619.23531704.fwd","Protein","uncharacterized protein C18orf8 isoform X1","Primates",9606,"9606.33","Homo sapiens",,"C18orf8","HPI","physical association","two hybrid pooling approach","experimental","20711500;13779","intact","intact:EBI-2804854;imex:IM-13779-855",
"RefSeq.177416.18.NC_006570.CDS.335152.337266.fwd","Protein","elongation factor G","Bacteria",177416,"177416.18","Francisella tularensis subsp. tularensis SCHU S4","FTT0323","fusA","RefSeq.9606.33.NC_000002.CDS.25742029.25878222.rev","Protein","putative Polycomb group protein ASXL2","Primates",9606,"9606.33","Homo sapiens",,"ASXL2","HPI","physical association","two hybrid pooling approach","experimental","20711500;13779","intact","intact:EBI-2799260;imex:IM-13779-295",
"RefSeq.177416.18.NC_006570.CDS.1841688.1843784.fwd","Protein","phosphate acetyltransferase","Bacteria",177416,"177416.18","Francisella tularensis subsp. tularensis SCHU S4","FTT1754","pta","RefSeq.9606.33.NC_000015.CDS.48207720.48303099.fwd","Protein","solute carrier family 12 member 1 isoform X3","Primates",9606,"9606.33","Homo sapiens",,"SLC12A1","HPI","physical association","two hybrid pooling approach","experimental","20711500;13779","intact","intact:EBI-2801460;imex:IM-13779-522",
"RefSeq.177416.18.NC_006570.CDS.658005.659660.fwd","Protein","dihydroxy-acid dehydratase","Bacteria",177416,"177416.18","Francisella tularensis subsp. tularensis SCHU S4","FTT0640","ilvD","RefSeq.9606.33.NC_000001.CDS.31576399.31586979.fwd","Protein","tubulointerstitial nephritis antigen-like isoform X3","Primates",9606,"9606.33","Homo sapiens",,"TINAGL1","HPI","physical association","two hybrid pooling approach","experimental","20711500;13779","intact","intact:EBI-2800401;imex:IM-13779-407",
"RefSeq.177416.18.NC_006570.CDS.1814786.1816213.fwd","Protein","Na+/H+ antiporter","Bacteria",177416,"177416.18","Francisella tularensis subsp. tularensis SCHU S4","FTT1728","nhaD","RefSeq.9606.33.NC_000007.CDS.150569902.150573060.fwd","Protein","GTPase IMAP family member 4","Primates",9606,"9606.33","Homo sapiens",,"GIMAP4","HPI","physical association","two hybrid pooling approach","experimental","20711500;13779","intact","intact:EBI-2798888;imex:IM-13779-260",
"RefSeq.177416.18.NC_006570.CDS.1471194.1471814.fwd","Protein","oxidoreductase","Bacteria",177416,"177416.18","Francisella tularensis subsp. tularensis SCHU S4","FTT1422",,"RefSeq.9606.33.NC_000012.CDS.76048429.76074255.rev","Protein","nucleosome assembly protein 1-like 1 isoform X2","Primates",9606,"9606.33","Homo sapiens",,"NAP1L1","HPI","physical association","two hybrid pooling approach","experimental","20711500;13779","intact","intact:EBI-2797286;imex:IM-13779-112",
"RefSeq.177416.18.NC_006570.CDS.1577491.1581759.rev","Protein","ATp-dependent helicase","Bacteria",177416,"177416.18","Francisella tularensis subsp. tularensis SCHU S4","FTT1524c","hrpA","RefSeq.9606.33.NC_000003.CDS.150409351.150458636.fwd","Protein","TSC22 domain family protein 2 isoform 2","Primates",9606,"9606.33","Homo sapiens",,"TSC22D2","HPI","physical association","two hybrid pooling approach","experimental","20711500;13779","intact","intact:EBI-2797755;imex:IM-13779-156",
"RefSeq.177416.18.NC_006570.CDS.714616.715533.fwd","Protein","S-adenosyl-methyltransferase","Bacteria",177416,"177416.18","Francisella tularensis subsp. tularensis SCHU S4","FTT0695","mraW","RefSeq.9606.33.NC_000003.CDS.16316828.16493869.rev","Protein","raftlin isoform X1","Primates",9606,"9606.33","Homo sapiens",,"RFTN1","HPI","physical association","two hybrid pooling approach","experimental","20711500;13779","intact","intact:EBI-2796661;imex:IM-13779-54",
"RefSeq.177416.18.NC_006570.CDS.1660712.1662169.fwd","Protein","hypothetical protein","Bacteria",177416,"177416.18","Francisella tularensis subsp. tularensis SCHU S4","FTT1597",,"RefSeq.9606.33.NC_000004.CDS.86948534.87135701.fwd","Protein","AF4/FMR2 family member 1 isoform X2","Primates",9606,"9606.33","Homo sapiens",,"AFF1","HPI","physical association","two hybrid pooling approach","experimental","20711500;13779","intact","intact:EBI-2809155;imex:IM-13779-1339",
"RefSeq.177416.18.NC_006570.CDS.652971.654038.fwd","Protein","SPFH domain-containing protein/band 7 family protein","Bacteria",177416,"177416.18","Francisella tularensis subsp. tularensis SCHU S4","FTT0633","hflK","RefSeq.9606.33.NC_000003.CDS.16316828.16493869.rev","Protein","raftlin isoform X1","Primates",9606,"9606.33","Homo sapiens",,"RFTN1","HPI","physical association","two hybrid pooling approach","experimental","20711500;13779","intact","intact:EBI-2798016;imex:IM-13779-182",
"RefSeq.177416.18.NC_006570.CDS.415359.416726.fwd","Protein","glycine dehydrogenase subunit 1","Bacteria",177416,"177416.18","Francisella tularensis subsp. tularensis SCHU S4","FTT0409","gcvP1","RefSeq.9606.33.NC_000005.CDS.181256809.181260813.rev","Protein","tripartite motif-containing protein 52 isoform X1","Primates",9606,"9606.33","Homo sapiens",,"TRIM52","HPI","physical association","two hybrid pooling approach","experimental","20711500;13779","intact","intact:EBI-2796928;imex:IM-13779-80",
"RefSeq.177416.18.NC_006570.CDS.1105418.1108015.rev","Protein","alanyl-tRNA synthetase","Bacteria",177416,"177416.18","Francisella tularensis subsp. tularensis SCHU S4","FTT1096c","alaS","RefSeq.9606.33.NC_000010.CDS.87151355.87190683.fwd","Protein","protein FAM35A isoform X7","Primates",9606,"9606.33","Homo sapiens",,"FAM35A","HPI","physical association","two hybrid pooling approach","experimental","20711500;13779","intact","intact:EBI-2806945;imex:IM-13779-1084",
"RefSeq.177416.18.NC_006570.CDS.1577491.1581759.rev","Protein","ATp-dependent helicase","Bacteria",177416,"177416.18","Francisella tularensis subsp. tularensis SCHU S4","FTT1524c","hrpA","RefSeq.9606.33.NC_000011.CDS.60919694.60922165.fwd","Protein","transmembrane protein 109 precursor","Primates",9606,"9606.33","Homo sapiens",,"TMEM109","HPI","physical association","two hybrid pooling approach","experimental","20711500;13779","intact","intact:EBI-2800369;imex:IM-13779-404",
"RefSeq.177416.18.NC_006570.CDS.1802117.1805989.rev","Protein","phosphoribosylformylglycinamidine synthase","Bacteria",177416,"177416.18","Francisella tularensis subsp. tularensis SCHU S4","FTT1720c","purL","RefSeq.9606.33.NC_000016.CDS.2520459.2530759.fwd","Protein","putative N-acetylglucosamine-6-phosphate deacetylase isoform 2","Primates",9606,"9606.33","Homo sapiens",,"AMDHD2","HPI","physical association","two hybrid pooling approach","experimental","20711500;13779","intact","intact:EBI-2798669;imex:IM-13779-239",
"RefSeq.177416.18.NC_006570.CDS.1185439.1186905.rev","Protein","DNA-methyltransferase, type I restriction-modification enzyme subunit M","Bacteria",177416,"177416.18","Francisella tularensis subsp. tularensis SCHU S4","FTT1171c","hsdM","RefSeq.9606.33.NC_000014.CDS.54567917.54788944.fwd","Protein","protein Smaug homolog 1 isoform 2","Primates",9606,"9606.33","Homo sapiens",,"SAMD4A","HPI","physical association","two hybrid pooling approach","experimental","20711500;13779","intact","intact:EBI-2801386;imex:IM-13779-516",
"RefSeq.177416.18.NC_006570.CDS.553229.554461.rev","Protein","bifunctional gluaredoxin/ribonucleoside-diphosphate reductase subunit beta","Bacteria",177416,"177416.18","Francisella tularensis subsp. tularensis SCHU S4","FTT0532c","nrdB","RefSeq.9606.33.NC_000005.CDS.32355760.32444658.rev","Protein","zinc finger RNA-binding protein","Primates",9606,"9606.33","Homo sapiens",,"ZFR","HPI","physical association","two hybrid pooling approach","experimental","20711500;13779","intact","intact:EBI-2799609;imex:IM-13779-324",
"RefSeq.177416.18.NC_006570.CDS.1218072.1219520.rev","Protein","exodeoxyribonuclease I","Bacteria",177416,"177416.18","Francisella tularensis subsp. tularensis SCHU S4","FTT1200c","sbcB","RefSeq.9606.33.NC_000016.CDS.69330839.69339552.rev","Protein","conserved oligomeric Golgi complex subunit 8","Primates",9606,"9606.33","Homo sapiens",,"COG8","HPI","physical association","two hybrid pooling approach","experimental","20711500;13779","intact","intact:EBI-2807739;imex:IM-13779-1179",
"fig|177416.18.peg.153","Protein","Translation elongation factor Tu","Bacteria",177416,"177416.18","Francisella tularensis subsp. tularensis SCHU S4","FTT0137","tufA","RefSeq.9606.33.NC_000017.CDS.39980971.39997581.fwd","Protein","26S proteasome non-ATPase regulatory subunit 3","Primates",9606,"9606.33","Homo sapiens",,"PSMD3","HPI","physical association","two hybrid pooling approach","experimental","20711500;13779","intact","intact:EBI-2803283;imex:IM-13779-687",
"fig|177416.18.peg.208","Protein","Cell division protein FtsZ (EC 3.4.24.-)","Bacteria",177416,"177416.18","Francisella tularensis subsp. tularensis SCHU S4","FTT0188","ftsZ","RefSeq.9606.33.NC_000011.CDS.65128382.65133601.rev","Protein","E3 ubiquitin-protein ligase synoviolin isoform X1","Primates",9606,"9606.33","Homo sapiens",,"SYVN1","HPI","physical association","two hybrid pooling approach","experimental","20711500;13779","intact","intact:EBI-2796987;imex:IM-13779-83",
"fig|177416.18.peg.93","Protein","Aconitate hydratase (EC 4.2.1.3)","Bacteria",177416,"177416.18","Francisella tularensis subsp. tularensis SCHU S4","FTT0087","acnA","RefSeq.9606.33.NC_000001.CDS.157827620.157841701.rev","Protein","CD5 antigen-like isoform X1","Primates",9606,"9606.33","Homo sapiens",,"CD5L","HPI","physical association","two hybrid pooling approach","experimental","20711500;13779","intact","intact:EBI-2808189;imex:IM-13779-1234",
"RefSeq.177416.18.NC_006570.CDS.727628.728998.fwd","Protein","phosphopyruvate hydratase","Bacteria",177416,"177416.18","Francisella tularensis subsp. tularensis SCHU S4","FTT0709","eno","RefSeq.9606.33.NC_000014.CDS.58244921.58271895.fwd","Protein","proteasome subunit alpha type-3 isoform 2","Primates",9606,"9606.33","Homo sapiens",,"PSMA3","HPI","physical association","two hybrid pooling approach","experimental","20711500;13779","intact","intact:EBI-2803317;imex:IM-13779-690",
"RefSeq.177416.18.NC_006570.CDS.422414.424336.rev","Protein","glycogen branching enzyme","Bacteria",177416,"177416.18","Francisella tularensis subsp. tularensis SCHU S4","FTT0413c","glgB","RefSeq.9606.33.NC_000002.CDS.8730720.8827093.rev","Protein","kinase D-interacting substrate of 220 kDa","Primates",9606,"9606.33","Homo sapiens",,"KIDINS220","HPI","physical association","two hybrid pooling approach","experimental","20711500;13779","intact","intact:EBI-2798341;imex:IM-13779-205",
"RefSeq.177416.18.NC_006570.CDS.1219654.1220376.rev","Protein","oxidoreductase, short-chain dehydrogenase family protein","Bacteria",177416,"177416.18","Francisella tularensis subsp. tularensis SCHU S4","FTT1201c",,"RefSeq.9606.33.NC_000017.CDS.3663748.3668526.rev","Protein","tax1-binding protein 3 isoform 1","Primates",9606,"9606.33","Homo sapiens",,"TAX1BP3","HPI","physical association","two hybrid pooling approach","experimental","20711500;13779","intact","intact:EBI-2800042;imex:IM-13779-372",
"RefSeq.177416.18.NC_006570.CDS.1444610.1447849.rev","Protein","exodeoxyribonuclease V gamma chain","Bacteria",177416,"177416.18","Francisella tularensis subsp. tularensis SCHU S4","FTT1397c","recC","RefSeq.9606.33.NC_000012.CDS.103930516.103947662.fwd","Protein","endoplasmin precursor","Primates",9606,"9606.33","Homo sapiens",,"HSP90B1","HPI","physical association","two hybrid pooling approach","experimental","20711500;13779","intact","intact:EBI-2807027;imex:IM-13779-1096",
"RefSeq.177416.18.NC_006570.CDS.1809580.1811109.rev","Protein","outer membrane protein tolC precursor","Bacteria",177416,"177416.18","Francisella tularensis subsp. tularensis SCHU S4","FTT1724c","tolC","RefSeq.9606.33.NC_000012.CDS.105174314.105236012.rev","Protein","DCC-interacting protein 13-beta isoform 2","Primates",9606,"9606.33","Homo sapiens",,"APPL2","HPI","physical association","two hybrid pooling approach","experimental","20711500;13779","intact","intact:EBI-2799071;imex:IM-13779-276",
"RefSeq.177416.18.NC_006570.CDS.1589551.1592247.fwd","Protein","fusion product of 3-hydroxacyl-CoA dehydrogenase and acyl-CoA-binding protein","Bacteria",177416,"177416.18","Francisella tularensis subsp. tularensis SCHU S4","FTT1530","fadB/acbP","RefSeq.9606.33.NC_000002.CDS.108719607.108783901.fwd","Protein","E3 SUMO-protein ligase RanBP2 isoform X9","Primates",9606,"9606.33","Homo sapiens",,"RANBP2","HPI","physical association","two hybrid pooling approach","experimental","20711500;13779","intact","intact:EBI-2801802;imex:IM-13779-562",
"RefSeq.177416.18.NC_006570.CDS.938085.939380.fwd","Protein","glutamate-1-semialdehyde aminotransferase","Bacteria",177416,"177416.18","Francisella tularensis subsp. tularensis SCHU S4","FTT0927","hemL","RefSeq.9606.33.NC_000012.CDS.57096572.57108278.rev","Protein","signal transducer and activator of transcription 6 isoform X2","Primates",9606,"9606.33","Homo sapiens",,"STAT6","HPI","physical association","two hybrid pooling approach","experimental","20711500;13779","intact","intact:EBI-2800817;imex:IM-13779-455",
"RefSeq.177416.18.NC_006570.CDS.741201.743426.rev","Protein","peroxidase/catalase","Bacteria",177416,"177416.18","Francisella tularensis subsp. tularensis SCHU S4","FTT0721c","katG","RefSeq.9606.33.NC_000019.CDS.4361600.4400368.rev","Protein","endophilin-A2 isoform 1","Primates",9606,"9606.33","Homo sapiens",,"SH3GL1","HPI","physical association","two hybrid pooling approach","experimental","20711500;13779","intact","intact:EBI-2801211;imex:IM-13779-494",
"RefSeq.177416.18.NC_006570.CDS.264050.266698.fwd","Protein","pyruvate phosphate dikinase","Bacteria",177416,"177416.18","Francisella tularensis subsp. tularensis SCHU S4","FTT0250","ppdK","RefSeq.9606.33.NC_000001.CDS.86348750.86387027.rev","Protein","outer dense fiber protein 2-like isoform X2","Primates",9606,"9606.33","Homo sapiens",,"ODF2L","HPI","physical association","two hybrid pooling approach","experimental","20711500;13779","intact","intact:EBI-2798574;imex:IM-13779-228",
"fig|177416.18.peg.232","Protein","Zinc ABC transporter, substrate-binding protein ZnuA","Bacteria",177416,"177416.18","Francisella tularensis subsp. tularensis SCHU S4","FTT0209c",,"RefSeq.9606.33.NC_000023.CDS.124022628.124100597.fwd","Protein","cohesin subunit SA-2 isoform X2","Primates",9606,"9606.33","Homo sapiens",,"STAG2","HPI","physical association","two hybrid pooling approach","experimental","20711500;13779","intact","intact:EBI-2800856;imex:IM-13779-457",
"fig|177416.18.peg.182","Protein","Outer membrane beta-barrel assembly protein BamB","Bacteria",177416,"177416.18","Francisella tularensis subsp. tularensis SCHU S4","FTT0165c",,"RefSeq.9606.33.NC_000004.CDS.55435415.55482785.rev","Protein","circadian locomoter output cycles protein kaput isoform X1","Primates",9606,"9606.33","Homo sapiens",,"CLOCK","HPI","physical association","two hybrid pooling approach","experimental","20711500;13779","intact","intact:EBI-2799137;imex:IM-13779-280",
"RefSeq.177416.18.NC_006570.CDS.1421900.1422184.fwd","Protein","acyl carrier protein","Bacteria",177416,"177416.18","Francisella tularensis subsp. tularensis SCHU S4","FTT1376","acpP","RefSeq.9606.33.NC_000012.CDS.124012145.124012930.fwd","Protein","zinc finger protein 664","Primates",9606,"9606.33","Homo sapiens",,"ZNF664","HPI","physical association","two hybrid pooling approach","experimental","20711500;13779","intact","intact:EBI-2799443;imex:IM-13779-312",
"RefSeq.177416.18.NC_006570.CDS.312389.315148.fwd","Protein","valyl-tRNA synthetase","Bacteria",177416,"177416.18","Francisella tularensis subsp. tularensis SCHU S4","FTT0299","valS","RefSeq.9606.33.NC_000021.CDS.43925268.43982392.fwd","Protein","1-acyl-sn-glycerol-3-phosphate acyltransferase gamma isoform X5","Primates",9606,"9606.33","Homo sapiens",,"AGPAT3","HPI","physical association","two hybrid pooling approach","experimental","20711500;13779","intact","intact:EBI-2803610;imex:IM-13779-718",
"RefSeq.177416.18.NC_006570.CDS.264050.266698.fwd","Protein","pyruvate phosphate dikinase","Bacteria",177416,"177416.18","Francisella tularensis subsp. tularensis SCHU S4","FTT0250","ppdK","RefSeq.9606.33.NC_000004.CDS.169635929.169720065.fwd","Protein","H(+)/Cl(-) exchange transporter 3 isoform e","Primates",9606,"9606.33","Homo sapiens",,"CLCN3","HPI","physical association","two hybrid pooling approach","experimental","20711500;13779","intact","intact:EBI-2807904;imex:IM-13779-1198",
"fig|177416.18.peg.83","Protein","Dihydrolipoamide succinyltransferase component (E2) of 2-oxoglutarate dehydrogenase complex (EC 2.3.1.61)","Bacteria",177416,"177416.18","Francisella tularensis subsp. tularensis SCHU S4","FTT0077","sucB","RefSeq.9606.33.NC_000011.CDS.57673091.57700031.fwd","Protein","palmitoyltransferase ZDHHC5 isoform X1","Primates",9606,"9606.33","Homo sapiens",,"ZDHHC5","HPI","physical association","two hybrid pooling approach","experimental","20711500;13779","intact","intact:EBI-2799623;imex:IM-13779-327",
"RefSeq.177416.18.NC_006570.CDS.974331.975443.rev","Protein","phospho-2-dehydro-3-deoxyheptonate aldolase","Bacteria",177416,"177416.18","Francisella tularensis subsp. tularensis SCHU S4","FTT0963c","aroG","RefSeq.9606.33.NC_000012.CDS.57694162.57720909.fwd","Protein","protein OS-9 isoform 8 precursor","Primates",9606,"9606.33","Homo sapiens",,"OS9","HPI","physical association","two hybrid pooling approach","experimental","20711500;13779","intact","intact:EBI-2804125;imex:IM-13779-771",
"RefSeq.177416.18.NC_006570.CDS.1368817.1370361.rev","Protein","sulfate permease family protein","Bacteria",177416,"177416.18","Francisella tularensis subsp. tularensis SCHU S4","FTT1339c",,"RefSeq.9606.33.NC_000003.CDS.146516045.146536552.rev","Protein","phospholipid scramblase 1 isoform X1","Primates",9606,"9606.33","Homo sapiens",,"PLSCR1","HPI","physical association","two hybrid pooling approach","experimental","20711500;13779","intact","intact:EBI-2803587;imex:IM-13779-717",
"RefSeq.177416.18.NC_006570.CDS.1218072.1219520.rev","Protein","exodeoxyribonuclease I","Bacteria",177416,"177416.18","Francisella tularensis subsp. tularensis SCHU S4","FTT1200c","sbcB","RefSeq.9606.33.NC_000008.CDS.43056347.43085282.fwd","Protein","protein farnesyltransferase/geranylgeranyltransferase type-1 subunit alpha","Primates",9606,"9606.33","Homo sapiens",,"FNTA","HPI","physical association","two hybrid pooling approach","experimental","20711500;13779","intact","intact:EBI-2803795;imex:IM-13779-737",
"RefSeq.177416.18.NC_006570.CDS.1855330.1857150.rev","Protein","chitinase","Bacteria",177416,"177416.18","Francisella tularensis subsp. tularensis SCHU S4","FTT1768c",,"RefSeq.9606.33.NC_000001.CDS.58782075.58783070.rev","Protein","transcription factor AP-1","Primates",9606,"9606.33","Homo sapiens",,"JUN","HPI","physical association","two hybrid pooling approach","experimental","20711500;13779","intact","intact:EBI-2805686;imex:IM-13779-944",
"RefSeq.177416.18.NC_006570.CDS.641398.642714.fwd","Protein","trigger factor","Bacteria",177416,"177416.18","Francisella tularensis subsp. tularensis SCHU S4","FTT0623","tig","RefSeq.9606.33.NC_000013.CDS.30621141.30659356.fwd","Protein","SUMO-specific isopeptidase USPL1 isoform X2","Primates",9606,"9606.33","Homo sapiens",,"USPL1","HPI","physical association","two hybrid pooling approach","experimental","20711500;13779","intact","intact:EBI-2796437;imex:IM-13779-31",
"RefSeq.177416.18.NC_006570.CDS.901330.902373.fwd","Protein","phosphoribosylaminoimidazole synthetase","Bacteria",177416,"177416.18","Francisella tularensis subsp. tularensis SCHU S4","FTT0893","purM","RefSeq.9606.33.NC_000023.CDS.47651842.47658963.rev","Protein","protein UXT isoform 1","Primates",9606,"9606.33","Homo sapiens",,"UXT","HPI","physical association","two hybrid pooling approach","experimental","20711500;13779","intact","intact:EBI-2799942;imex:IM-13779-357",
"RefSeq.177416.18.NC_006570.CDS.1520763.1521788.rev","Protein","quinolinate synthetase","Bacteria",177416,"177416.18","Francisella tularensis subsp. tularensis SCHU S4","FTT1469c","nadA","RefSeq.9606.33.NC_000023.CDS.77829220.77895506.rev","Protein","magnesium transporter protein 1","Primates",9606,"9606.33","Homo sapiens",,"MAGT1","HPI","physical association","two hybrid pooling approach","experimental","20711500;13779","intact","intact:EBI-2798813;imex:IM-13779-254",
"RefSeq.177416.18.NC_006570.CDS.553229.554461.rev","Protein","bifunctional gluaredoxin/ribonucleoside-diphosphate reductase subunit beta","Bacteria",177416,"177416.18","Francisella tularensis subsp. tularensis SCHU S4","FTT0532c","nrdB","RefSeq.9606.33.NC_000003.CDS.134486047.134561535.fwd","Protein","centrosomal protein of 63 kDa isoform X3","Primates",9606,"9606.33","Homo sapiens",,"CEP63","HPI","physical association","two hybrid pooling approach","experimental","20711500;13779","intact","intact:EBI-2808104;imex:IM-13779-1223",
"RefSeq.177416.18.NC_006570.CDS.527635.528402.fwd","Protein","lipoprotein","Bacteria",177416,"177416.18","Francisella tularensis subsp. tularensis SCHU S4","FTT0507",,"RefSeq.9606.33.NC_000019.CDS.40441490.40442080.rev","Protein","SERTA domain-containing protein 3 isoform X1","Primates",9606,"9606.33","Homo sapiens",,"SERTAD3","HPI","physical association","two hybrid pooling approach","experimental","20711500;13779","intact","intact:EBI-2800909;imex:IM-13779-463",
"RefSeq.177416.18.NC_006570.CDS.1247925.1249169.fwd","Protein","D-3-phosphoglycerate dehydrogenase","Bacteria",177416,"177416.18","Francisella tularensis subsp. tularensis SCHU S4","FTT1230","serA","RefSeq.9606.33.NC_000007.CDS.132785637.133081937.rev","Protein","MICOS complex subunit MIC19 isoform X1","Primates",9606,"9606.33","Homo sapiens",,"CHCHD3","HPI","physical association","two hybrid pooling approach","experimental","20711500;13779","intact","intact:EBI-2808054;imex:IM-13779-1215",
"RefSeq.177416.18.NC_006570.CDS.642740.643345.fwd","Protein","ATP-dependent Clp protease subunit P","Bacteria",177416,"177416.18","Francisella tularensis subsp. tularensis SCHU S4","FTT0624","clpP","RefSeq.9606.33.NC_000017.CDS.75722428.75757555.fwd","Protein","integrin beta-4 isoform X7","Primates",9606,"9606.33","Homo sapiens",,"ITGB4","HPI","physical association","two hybrid pooling approach","experimental","20711500;13779","intact","intact:EBI-2805759;imex:IM-13779-953",
"RefSeq.177416.18.NC_006570.CDS.1232644.1233435.rev","Protein","haloacid dehalogenase-like hydrolase family protein","Bacteria",177416,"177416.18","Francisella tularensis subsp. tularensis SCHU S4","FTT1214c",,"RefSeq.9606.33.NC_000019.CDS.3976554.3985380.rev","Protein","elongation factor 2","Primates",9606,"9606.33","Homo sapiens",,"EEF2","HPI","physical association","two hybrid pooling approach","experimental","20711500;13779","intact","intact:EBI-2807097;imex:IM-13779-1104",
"RefSeq.177416.18.NC_006570.CDS.1811118.1811738.rev","Protein","protein-L-isoaspartate O-methyltransferase","Bacteria",177416,"177416.18","Francisella tularensis subsp. tularensis SCHU S4","FTT1725c","pcm","RefSeq.9606.33.NC_000009.CDS.121088327.121177186.fwd","Protein","centriolin isoform X4","Primates",9606,"9606.33","Homo sapiens",,"CNTRL","HPI","physical association","two hybrid pooling approach","experimental","20711500;13779","intact","intact:EBI-2801899;imex:IM-13779-573",
"fig|177416.18.peg.180","Protein","Topoisomerase IV subunit B (EC 5.99.1.-)","Bacteria",177416,"177416.18","Francisella tularensis subsp. tularensis SCHU S4","FTT0163c","parE","RefSeq.9606.33.NC_000010.CDS.103089672.103174958.rev","Protein","cytosolic purine 5'-nucleotidase isoform X2","Primates",9606,"9606.33","Homo sapiens",,"NT5C2","HPI","physical association","two hybrid pooling approach","experimental","20711500;13779","intact","intact:EBI-2809538;imex:IM-13779-1371",
"fig|177416.18.peg.208","Protein","Cell division protein FtsZ (EC 3.4.24.-)","Bacteria",177416,"177416.18","Francisella tularensis subsp. tularensis SCHU S4","FTT0188","ftsZ","RefSeq.9606.33.NC_000001.CDS.944694.959240.rev","Protein","nucleolar complex protein 2 homolog","Primates",9606,"9606.33","Homo sapiens",,"NOC2L","HPI","physical association","two hybrid pooling approach","experimental","20711500;13779","intact","intact:EBI-2797293;imex:IM-13779-111",
"RefSeq.177416.18.NC_006570.CDS.355152.357038.fwd","Protein","heat shock protein 90","Bacteria",177416,"177416.18","Francisella tularensis subsp. tularensis SCHU S4","FTT0356","htpG","RefSeq.9606.33.NC_000005.CDS.150402240.150412749.rev","Protein","HLA class II histocompatibility antigen gamma chain isoform a","Primates",9606,"9606.33","Homo sapiens",,"CD74","HPI","physical association","two hybrid pooling approach","experimental","20711500;13779","intact","intact:EBI-2806313;imex:IM-13779-1016",
"RefSeq.177416.18.NC_006570.CDS.1444610.1447849.rev","Protein","exodeoxyribonuclease V gamma chain","Bacteria",177416,"177416.18","Francisella tularensis subsp. tularensis SCHU S4","FTT1397c","recC","RefSeq.9606.33.NC_000013.CDS.76991952.77000969.fwd","Protein","ceroid-lipofuscinosis neuronal protein 5","Primates",9606,"9606.33","Homo sapiens",,"CLN5","HPI","physical association","two hybrid pooling approach","experimental","20711500;13779","intact","intact:EBI-2807897;imex:IM-13779-1199",
"RefSeq.177416.18.NC_006570.CDS.599320.600501.fwd","Protein","outer membrane associated protein","Bacteria",177416,"177416.18","Francisella tularensis subsp. tularensis SCHU S4","FTT0583","fopA","RefSeq.9606.33.NC_000011.CDS.62433884.62536098.rev","Protein","neuroblast differentiation-associated protein AHNAK isoform 2","Primates",9606,"9606.33","Homo sapiens",,"AHNAK","HPI","physical association","two hybrid pooling approach","experimental","20711500;13779","intact","intact:EBI-2799324;imex:IM-13779-301",
"RefSeq.177416.18.NC_006570.CDS.237887.239431.fwd","Protein","acid phosphatase (precursor)","Bacteria",177416,"177416.18","Francisella tularensis subsp. tularensis SCHU S4","FTT0221","acpA","RefSeq.9606.33.NC_000011.CDS.12162156.12280938.fwd","Protein","protein-methionine sulfoxide oxidase MICAL2 isoform X2","Primates",9606,"9606.33","Homo sapiens",,"MICAL2","HPI","physical association","two hybrid pooling approach","experimental","20711500;13779","intact","intact:EBI-2804841;imex:IM-13779-852",
"RefSeq.177416.18.NC_006570.CDS.1543156.1544454.fwd","Protein","Na+/H+ antiporter","Bacteria",177416,"177416.18","Francisella tularensis subsp. tularensis SCHU S4","FTT1490",,"RefSeq.9606.33.NC_000009.CDS.27109591.27229232.fwd","Protein","angiopoietin-1 receptor isoform 3 precursor","Primates",9606,"9606.33","Homo sapiens",,"TEK","HPI","physical association","two hybrid pooling approach","experimental","20711500;13779","intact","intact:EBI-2800415;imex:IM-13779-410",
"fig|177416.18.peg.23","Protein","Aspartyl-tRNA(Asn) amidotransferase subunit A (EC 6.3.5.6) @ Glutamyl-tRNA(Gln) amidotransferase subunit A (EC 6.3.5.7)","Bacteria",177416,"177416.18","Francisella tularensis subsp. tularensis SCHU S4","FTT0020","gatA","RefSeq.9606.33.NC_000003.CDS.108162477.108222322.rev","Protein","intraflagellar transport protein 57 homolog","Primates",9606,"9606.33","Homo sapiens",,"IFT57","HPI","physical association","two hybrid pooling approach","experimental","20711500;13779","intact","intact:EBI-2801947;imex:IM-13779-577",
"RefSeq.177416.18.NC_006570.CDS.1401488.1405075.rev","Protein","hypothetical protein","Bacteria",177416,"177416.18","Francisella tularensis subsp. tularensis SCHU S4","FTT1360c","pdpD","RefSeq.9606.33.NC_000002.CDS.188974490.189011774.fwd","Protein","collagen alpha-1(III) chain preproprotein","Primates",9606,"9606.33","Homo sapiens",,"COL3A1","HPI","physical association","two hybrid pooling approach","experimental","20711500;13779","intact","intact:EBI-2807841;imex:IM-13779-1194",
"RefSeq.177416.18.NC_006570.CDS.1168800.1170584.rev","Protein","Type IV pilin multimeric outer membrane protein","Bacteria",177416,"177416.18","Francisella tularensis subsp. tularensis SCHU S4","FTT1156c","pilQ","RefSeq.9606.33.NC_000022.CDS.37608861.37632711.fwd","Protein","ADP-ribosylation factor-binding protein GGA1 isoform 2","Primates",9606,"9606.33","Homo sapiens",,"GGA1","HPI","physical association","two hybrid pooling approach","experimental","20711500;13779","intact","intact:EBI-2798899;imex:IM-13779-262",
"fig|177416.18.peg.182","Protein","Outer membrane beta-barrel assembly protein BamB","Bacteria",177416,"177416.18","Francisella tularensis subsp. tularensis SCHU S4","FTT0165c",,"RefSeq.9606.33.NC_000001.CDS.151404802.151443638.rev","Protein","pogo transposable element with ZNF domain isoform X3","Primates",9606,"9606.33","Homo sapiens",,"POGZ","HPI","physical association","two hybrid pooling approach","experimental","20711500;13779","intact","intact:EBI-2796729;imex:IM-13779-57",
"RefSeq.177416.18.NC_006570.CDS.1708876.1710300.fwd","Protein","Beta-fructofuranosidase","Bacteria",177416,"177416.18","Francisella tularensis subsp. tularensis SCHU S4","FTT1644",,"RefSeq.9606.33.NC_000012.CDS.47663505.47702840.rev","Protein","RNA polymerase II-associated protein 3 isoform 1","Primates",9606,"9606.33","Homo sapiens",,"RPAP3","HPI","physical association","two hybrid pooling approach","experimental","20711500;13779","intact","intact:EBI-2797103;imex:IM-13779-94",
"RefSeq.177416.18.NC_006570.CDS.1421900.1422184.fwd","Protein","acyl carrier protein","Bacteria",177416,"177416.18","Francisella tularensis subsp. tularensis SCHU S4","FTT1376","acpP","RefSeq.9606.33.NC_000006.CDS.32579091.32589742.rev","Protein","major histocompatibility complex, class II, DR beta 1 precursor","Primates",9606,"9606.33","Homo sapiens",,"HLA-DRB1","HPI","physical association","two hybrid pooling approach","experimental","20711500;13779","intact","intact:EBI-2806373;imex:IM-13779-1025",
"RefSeq.177416.18.NC_006570.CDS.590358.591455.fwd","Protein","alanine racemase","Bacteria",177416,"177416.18","Francisella tularensis subsp. tularensis SCHU S4","FTT0573","alr","RefSeq.9606.33.NC_000019.CDS.50418963.50428336.fwd","Protein","transcription factor Spi-B isoform 1","Primates",9606,"9606.33","Homo sapiens",,"SPIB","HPI","physical association","two hybrid pooling approach","experimental","20711500;13779","intact","intact:EBI-2800997;imex:IM-13779-475",
"RefSeq.177416.18.NC_006570.CDS.1260817.1262070.fwd","Protein","serine hydroxymethyltransferase","Bacteria",177416,"177416.18","Francisella tularensis subsp. tularensis SCHU S4","FTT1241","glyA","RefSeq.9606.33.NC_000012.CDS.112029531.112108773.rev","Protein","N-alpha-acetyltransferase 25, NatB auxiliary subunit","Primates",9606,"9606.33","Homo sapiens",,"NAA25","HPI","physical association","two hybrid pooling approach","experimental","20711500;13779","intact","intact:EBI-2807942;imex:IM-13779-1204",
"RefSeq.177416.18.NC_006570.CDS.835101.837005.fwd","Protein","threonyl-tRNA synthetase","Bacteria",177416,"177416.18","Francisella tularensis subsp. tularensis SCHU S4","FTT0817","thrS","RefSeq.9606.33.NC_000006.CDS.151494129.151618147.fwd","Protein","coiled-coil domain-containing protein 170","Primates",9606,"9606.33","Homo sapiens",,"CCDC170","HPI","physical association","two hybrid pooling approach","experimental","20711500;13779","intact","intact:EBI-2808097;imex:IM-13779-1220",
"RefSeq.177416.18.NC_006570.CDS.1855330.1857150.rev","Protein","chitinase","Bacteria",177416,"177416.18","Francisella tularensis subsp. tularensis SCHU S4","FTT1768c",,"RefSeq.9606.33.NC_000020.CDS.32703382.32743391.rev","Protein","COMM domain-containing protein 7 isoform 1","Primates",9606,"9606.33","Homo sapiens",,"COMMD7","HPI","physical association","two hybrid pooling approach","experimental","20711500;13779","intact","intact:EBI-2807732;imex:IM-13779-1178",
"RefSeq.177416.18.NC_006570.CDS.1722515.1723066.rev","Protein","hypothetical protein","Bacteria",177416,"177416.18","Francisella tularensis subsp. tularensis SCHU S4","FTT1656c",,"RefSeq.9606.33.NC_000001.CDS.27342310.27353852.fwd","Protein","synaptotagmin-like protein 1 isoform X2","Primates",9606,"9606.33","Homo sapiens",,"SYTL1","HPI","physical association","two hybrid pooling approach","experimental","20711500;13779","intact","intact:EBI-2802877;imex:IM-13779-654",
"RefSeq.177416.18.NC_006570.CDS.644647.646971.fwd","Protein","DNA-binding, ATP-dependent protease La","Bacteria",177416,"177416.18","Francisella tularensis subsp. tularensis SCHU S4","FTT0626","lon","RefSeq.9606.33.NC_000003.CDS.52495414.52524356.fwd","Protein","stabilin-1 isoform X3","Primates",9606,"9606.33","Homo sapiens",,"STAB1","HPI","physical association","two hybrid pooling approach","experimental","20711500;13779","intact","intact:EBI-2800874;imex:IM-13779-461",
"RefSeq.177416.18.NC_006570.CDS.612866.613738.rev","Protein","hypothetical protein","Bacteria",177416,"177416.18","Francisella tularensis subsp. tularensis SCHU S4","FTT0594c",,"RefSeq.9606.33.NC_000019.CDS.3053819.3062927.rev","Protein","amino-terminal enhancer of split isoform a","Primates",9606,"9606.33","Homo sapiens",,"AES","HPI","physical association","two hybrid pooling approach","experimental","20711500;13779","intact","intact:EBI-2809162;imex:IM-13779-1342",
"fig|177416.18.peg.208","Protein","Cell division protein FtsZ (EC 3.4.24.-)","Bacteria",177416,"177416.18","Francisella tularensis subsp. tularensis SCHU S4","FTT0188","ftsZ","RefSeq.9606.33.NC_000011.CDS.6621779.6641613.rev","Protein","protocadherin-16 precursor","Primates",9606,"9606.33","Homo sapiens",,"DCHS1","HPI","physical association","two hybrid pooling approach","experimental","20711500;13779","intact","intact:EBI-2803924;imex:IM-13779-752",
"RefSeq.177416.18.NC_006570.CDS.1089909.1090169.rev","Protein","hypothetical protein","Bacteria",177416,"177416.18","Francisella tularensis subsp. tularensis SCHU S4","FTT1079c",,"RefSeq.9606.33.NC_000009.CDS.131504219.131523106.fwd","Protein","protein O-mannosyl-transferase 1 isoform X6","Primates",9606,"9606.33","Homo sapiens",,"POMT1","HPI","physical association","two hybrid pooling approach","experimental","20711500;13779","intact","intact:EBI-2803501;imex:IM-13779-708",
"RefSeq.177416.18.NC_006570.CDS.907390.909411.rev","Protein","oligopeptidase A","Bacteria",177416,"177416.18","Francisella tularensis subsp. tularensis SCHU S4","FTT0899c","prlC","RefSeq.9606.33.NC_000004.CDS.102510933.102616594.fwd","Protein","nuclear factor NF-kappa-B p105 subunit isoform X2","Primates",9606,"9606.33","Homo sapiens",,"NFKB1","HPI","physical association","two hybrid pooling approach","experimental","20711500;13779","intact","intact:EBI-2797307;imex:IM-13779-113",
"RefSeq.177416.18.NC_006570.CDS.1336516.1339338.rev","Protein","DNA excision repair enzyme, subunit A (UvrABC system protein A), ABC transporter, ATP-binding protein","Bacteria",177416,"177416.18","Francisella tularensis subsp. tularensis SCHU S4","FTT1312c","uvrA","RefSeq.9606.33.NC_000006.CDS.158636827.158644708.rev","Protein","dynein light chain Tctex-type 1 isoform 1","Primates",9606,"9606.33","Homo sapiens",,"DYNLT1","HPI","physical association","two hybrid pooling approach","experimental","20711500;13779","intact","intact:EBI-2807217;imex:IM-13779-1119",
"RefSeq.177416.18.NC_006570.CDS.980854.982227.rev","Protein","potassium transporter peripheral membrane component","Bacteria",177416,"177416.18","Francisella tularensis subsp. tularensis SCHU S4","FTT0969c","trkA","RefSeq.9606.33.NC_000006.CDS.4115874.4135560.rev","Protein","enoyl-CoA delta isomerase 2, mitochondrial isoform 2","Primates",9606,"9606.33","Homo sapiens",,"ECI2","HPI","physical association","two hybrid pooling approach","experimental","20711500;13779","intact","intact:EBI-2802479;imex:IM-13779-628",
"RefSeq.177416.18.NC_006570.CDS.902373.904685.fwd","Protein","fusion protein PurC/PurD","Bacteria",177416,"177416.18","Francisella tularensis subsp. tularensis SCHU S4","FTT0894","purCD","RefSeq.9606.33.NC_000017.CDS.82023644.82030805.fwd","Protein","leucine-rich repeat-containing protein 45","Primates",9606,"9606.33","Homo sapiens",,"LRRC45","HPI","physical association","two hybrid pooling approach","experimental","20711500;13779","intact","intact:EBI-2805187;imex:IM-13779-890",
"RefSeq.177416.18.NC_006570.CDS.448884.449744.fwd","Protein","carbon-nitrogen hydrolase family protein","Bacteria",177416,"177416.18","Francisella tularensis subsp. tularensis SCHU S4","FTT0435",,"RefSeq.9606.33.NC_000017.CDS.39980971.39997581.fwd","Protein","26S proteasome non-ATPase regulatory subunit 3","Primates",9606,"9606.33","Homo sapiens",,"PSMD3","HPI","physical association","two hybrid pooling approach","experimental","20711500;13779","intact","intact:EBI-2803276;imex:IM-13779-684",
"RefSeq.177416.18.NC_006570.CDS.1802117.1805989.rev","Protein","phosphoribosylformylglycinamidine synthase","Bacteria",177416,"177416.18","Francisella tularensis subsp. tularensis SCHU S4","FTT1720c","purL","RefSeq.9606.33.NC_000003.CDS.65330853.66038308.rev","Protein","membrane-associated guanylate kinase, WW and PDZ domain-containing protein 1 isoform X20","Primates",9606,"9606.33","Homo sapiens",,"MAGI1","HPI","physical association","two hybrid pooling approach","experimental","20711500;13779","intact","intact:EBI-2805077;imex:IM-13779-878",
"RefSeq.177416.18.NC_006570.CDS.1662233.1665067.fwd","Protein","hypothetical protein","Bacteria",177416,"177416.18","Francisella tularensis subsp. tularensis SCHU S4","FTT1598",,"RefSeq.9606.33.NC_000019.CDS.17523439.17553563.fwd","Protein","niban-like protein 2 isoform a","Primates",9606,"9606.33","Homo sapiens",,"FAM129C","HPI","physical association","two hybrid pooling approach","experimental","20711500;13779","intact","intact:EBI-2802300;imex:IM-13779-605",
"RefSeq.177416.18.NC_006570.CDS.463700.465346.rev","Protein","glutaminyl-tRNA synthetase","Bacteria",177416,"177416.18","Francisella tularensis subsp. tularensis SCHU S4","FTT0448c","glnS","RefSeq.9606.33.NC_000003.CDS.123067165.123161960.fwd","Protein","protein disulfide-isomerase A5 precursor","Primates",9606,"9606.33","Homo sapiens",,"PDIA5","HPI","physical association","two hybrid pooling approach","experimental","20711500;13779","intact","intact:EBI-2798535;imex:IM-13779-221",
"RefSeq.177416.18.NC_006570.CDS.1089909.1090169.rev","Protein","hypothetical protein","Bacteria",177416,"177416.18","Francisella tularensis subsp. tularensis SCHU S4","FTT1079c",,"RefSeq.9606.33.NC_000002.CDS.203016385.203226203.fwd","Protein","neurobeachin-like protein 1 isoform X3","Primates",9606,"9606.33","Homo sapiens",,"NBEAL1","HPI","physical association","two hybrid pooling approach","experimental","20711500;13779","intact","intact:EBI-2809113;imex:IM-13779-1334",
"RefSeq.177416.18.NC_006570.CDS.1802117.1805989.rev","Protein","phosphoribosylformylglycinamidine synthase","Bacteria",177416,"177416.18","Francisella tularensis subsp. tularensis SCHU S4","FTT1720c","purL","RefSeq.9606.33.NC_000012.CDS.76048429.76074255.rev","Protein","nucleosome assembly protein 1-like 1 isoform X2","Primates",9606,"9606.33","Homo sapiens",,"NAP1L1","HPI","physical association","two hybrid pooling approach","experimental","20711500;13779","intact","intact:EBI-2796360;imex:IM-13779-27",
"fig|177416.18.peg.182","Protein","Outer membrane beta-barrel assembly protein BamB","Bacteria",177416,"177416.18","Francisella tularensis subsp. tularensis SCHU S4","FTT0165c",,"RefSeq.9606.33.NC_000001.CDS.155659657.155688976.rev","Protein","YY1-associated protein 1 isoform X2","Primates",9606,"9606.33","Homo sapiens",,"YY1AP1","HPI","physical association","two hybrid pooling approach","experimental","20711500;13779","intact","intact:EBI-2796872;imex:IM-13779-73",
"fig|177416.18.peg.232","Protein","Zinc ABC transporter, substrate-binding protein ZnuA","Bacteria",177416,"177416.18","Francisella tularensis subsp. tularensis SCHU S4","FTT0209c",,"RefSeq.9606.33.NC_000018.CDS.9182433.9281126.fwd","Protein","ankyrin repeat domain-containing protein 12 isoform X3","Primates",9606,"9606.33","Homo sapiens",,"ANKRD12","HPI","physical association","two hybrid pooling approach","experimental","20711500;13779","intact","intact:EBI-2808980;imex:IM-13779-1321",
"fig|177416.18.peg.161","Protein","DNA-directed RNA polymerase beta' subunit (EC 2.7.7.6)","Bacteria",177416,"177416.18","Francisella tularensis subsp. tularensis SCHU S4","FTT0145","rpoC","RefSeq.9606.33.NC_000009.CDS.132896235.132928872.rev","Protein","hamartin isoform X1","Primates",9606,"9606.33","Homo sapiens",,"TSC1","HPI","physical association","two hybrid pooling approach","experimental","20711500;13779","intact","intact:EBI-2797643;imex:IM-13779-144",
"RefSeq.177416.18.NC_006570.CDS.1415006.1416997.rev","Protein","transketolase","Bacteria",177416,"177416.18","Francisella tularensis subsp. tularensis SCHU S4","FTT1369c","tktA","RefSeq.9606.33.NC_000001.CDS.150733046.150764763.rev","Protein","cathepsin S isoform 1 preproprotein","Primates",9606,"9606.33","Homo sapiens",,"CTSS","HPI","physical association","two hybrid pooling approach","experimental","20711500;13779","intact","intact:EBI-2808342;imex:IM-13779-1247",
"RefSeq.177416.18.NC_006570.CDS.692008.692976.fwd","Protein","ribose-phosphate pyrophosphokinase","Bacteria",177416,"177416.18","Francisella tularensis subsp. tularensis SCHU S4","FTT0674","prsA","RefSeq.9606.33.NC_000014.CDS.24143409.24146581.rev","Protein","proteasome activator complex subunit 2","Primates",9606,"9606.33","Homo sapiens",,"PSME2","HPI","physical association","two hybrid pooling approach","experimental","20711500;13779","intact","intact:EBI-2798383;imex:IM-13779-209",
"RefSeq.177416.18.NC_006570.CDS.741201.743426.rev","Protein","peroxidase/catalase","Bacteria",177416,"177416.18","Francisella tularensis subsp. tularensis SCHU S4","FTT0721c","katG","RefSeq.9606.33.NC_000004.CDS.185587627.185690571.rev","Protein","sorbin and SH3 domain-containing protein 2 isoform X2","Primates",9606,"9606.33","Homo sapiens",,"SORBS2","HPI","physical association","two hybrid pooling approach","experimental","20711500;13779","intact","intact:EBI-2804174;imex:IM-13779-778",
"RefSeq.177416.18.NC_006570.CDS.446268.447677.fwd","Protein","putative arginine decarboxylase","Bacteria",177416,"177416.18","Francisella tularensis subsp. tularensis SCHU S4","FTT0432","speA","RefSeq.9606.33.NC_000001.CDS.35715632.35716321.rev","Protein","UPF0500 protein C1orf216 isoform X1","Primates",9606,"9606.33","Homo sapiens",,"C1orf216","HPI","physical association","two hybrid pooling approach","experimental","20711500;13779","intact","intact:EBI-2799229;imex:IM-13779-291",
"RefSeq.177416.18.NC_006570.CDS.995822.996232.fwd","Protein","hypothetical protein","Bacteria",177416,"177416.18","Francisella tularensis subsp. tularensis SCHU S4","FTT0986",,"RefSeq.9606.33.NC_000001.CDS.90916798.90982353.rev","Protein","zinc finger protein 644 isoform X1","Primates",9606,"9606.33","Homo sapiens",,"ZNF644","HPI","physical association","two hybrid pooling approach","experimental","20711500;13779","intact","intact:EBI-2799471;imex:IM-13779-313",
"RefSeq.177416.18.NC_006570.CDS.1532920.1534332.rev","Protein","dihydrolipoamide dehydrogenase","Bacteria",177416,"177416.18","Francisella tularensis subsp. tularensis SCHU S4","FTT1483c","lpd","RefSeq.9606.33.NC_000023.CDS.107714519.107775419.rev","Protein","TSC22 domain family protein 3 isoform X1","Primates",9606,"9606.33","Homo sapiens",,"TSC22D3","HPI","physical association","two hybrid pooling approach","experimental","20711500;13779","intact","intact:EBI-2800631;imex:IM-13779-433",
"fig|177416.18.peg.148","Protein","Glycerol-3-phosphate dehydrogenase (EC 1.1.5.3)","Bacteria",177416,"177416.18","Francisella tularensis subsp. tularensis SCHU S4","FTT0132","glpA","RefSeq.9606.33.NC_000019.CDS.12730961.12734657.rev","Protein","uncharacterized protein C19orf43","Primates",9606,"9606.33","Homo sapiens",,"C19orf43","HPI","physical association","two hybrid pooling approach","experimental","20711500;13779","intact","intact:EBI-2807590;imex:IM-13779-1164",
"RefSeq.177416.18.NC_006570.CDS.1470019.1470486.fwd","Protein","hypothetical protein","Bacteria",177416,"177416.18","Francisella tularensis subsp. tularensis SCHU S4","FTT1420",,"RefSeq.9606.33.NC_000017.CDS.55265485.55320879.fwd","Protein","hepatic leukemia factor","Primates",9606,"9606.33","Homo sapiens",,"HLF","HPI","physical association","two hybrid pooling approach","experimental","20711500;13779","intact","intact:EBI-2806229;imex:IM-13779-1006",
"RefSeq.177416.18.NC_006570.CDS.1216064.1218070.rev","Protein","excinuclease ABC subunit B","Bacteria",177416,"177416.18","Francisella tularensis subsp. tularensis SCHU S4","FTT1199c","uvrB","RefSeq.9606.33.NC_000015.CDS.41838914.41847860.fwd","Protein","cytosolic phospholipase A2 beta","Primates",9606,"9606.33","Homo sapiens",,"PLA2G4B","HPI","physical association","two hybrid pooling approach","experimental","20711500;13779","intact","intact:EBI-2804037;imex:IM-13779-764",
"RefSeq.177416.18.NC_006570.CDS.320016.321407.fwd","Protein","fumarate hydratase","Bacteria",177416,"177416.18","Francisella tularensis subsp. tularensis SCHU S4","FTT0306","fumC","RefSeq.9606.33.NC_000001.CDS.231528811.231564905.fwd","Protein","translin-associated protein X","Primates",9606,"9606.33","Homo sapiens",,"TSNAX","HPI","physical association","two hybrid pooling approach","experimental","20711500;13779","intact","intact:EBI-2800088;imex:IM-13779-377",
"RefSeq.177416.18.NC_006570.CDS.1358875.1360155.fwd","Protein","seryl-tRNA synthetase","Bacteria",177416,"177416.18","Francisella tularensis subsp. tularensis SCHU S4","FTT1330","serS","RefSeq.9606.33.NC_000011.CDS.20387747.20508413.fwd","Protein","protein arginine N-methyltransferase 3 isoform 2","Primates",9606,"9606.33","Homo sapiens",,"PRMT3","HPI","physical association","two hybrid pooling approach","experimental","20711500;13779","intact","intact:EBI-2809013;imex:IM-13779-1324",
"RefSeq.177416.18.NC_006570.CDS.303853.304809.fwd","Protein","methanol dehydrogenase regulatory protein","Bacteria",177416,"177416.18","Francisella tularensis subsp. tularensis SCHU S4","FTT0290","moxR","RefSeq.9606.33.NC_000001.CDS.198639269.198756181.fwd","Protein","receptor-type tyrosine-protein phosphatase C isoform 2 precursor","Primates",9606,"9606.33","Homo sapiens",,"PTPRC","HPI","physical association","two hybrid pooling approach","experimental","20711500;13779","intact","intact:EBI-2796828;imex:IM-13779-69",
"RefSeq.177416.18.NC_006570.CDS.1168800.1170584.rev","Protein","Type IV pilin multimeric outer membrane protein","Bacteria",177416,"177416.18","Francisella tularensis subsp. tularensis SCHU S4","FTT1156c","pilQ","RefSeq.9606.33.NC_000002.CDS.233060479.233206757.fwd","Protein","phosphatidylinositol 3,4,5-trisphosphate 5-phosphatase 1 isoform X1","Primates",9606,"9606.33","Homo sapiens",,"INPP5D","HPI","physical association","two hybrid pooling approach","experimental","20711500;13779","intact","intact:EBI-2796639;imex:IM-13779-52",
"RefSeq.177416.18.NC_006570.CDS.1557984.1558862.fwd","Protein","integrase/recombinase XerC","Bacteria",177416,"177416.18","Francisella tularensis subsp. tularensis SCHU S4","FTT1503","xerC","RefSeq.9606.33.NC_000001.CDS.173716044.173785247.fwd","Protein","kelch-like protein 20 isoform X2","Primates",9606,"9606.33","Homo sapiens",,"KLHL20","HPI","physical association","two hybrid pooling approach","experimental","20711500;13779","intact","intact:EBI-2805488;imex:IM-13779-919",
"RefSeq.177416.18.NC_006570.CDS.1365397.1367046.fwd","Protein","cysteine/glutathione ABC transporter membrane/ATP-binding component","Bacteria",177416,"177416.18","Francisella tularensis subsp. tularensis SCHU S4","FTT1336","cydC","RefSeq.9606.33.NC_000022.CDS.41601097.41620839.rev","Protein","desumoylating isopeptidase 1","Primates",9606,"9606.33","Homo sapiens",,"DESI1","HPI","physical association","two hybrid pooling approach","experimental","20711500;13779","intact","intact:EBI-2806956;imex:IM-13779-1086",
"RefSeq.177416.18.NC_006570.CDS.894174.895823.fwd","Protein","DNA repair protein recN","Bacteria",177416,"177416.18","Francisella tularensis subsp. tularensis SCHU S4","FTT0886",,"RefSeq.9606.33.NC_000004.CDS.82819074.82891151.rev","Protein","protein transport protein Sec31A isoform 5","Primates",9606,"9606.33","Homo sapiens",,"SEC31A","HPI","physical association","two hybrid pooling approach","experimental","20711500;13779","intact","intact:EBI-2797076;imex:IM-13779-95",
"RefSeq.177416.18.NC_006570.CDS.1802117.1805989.rev","Protein","phosphoribosylformylglycinamidine synthase","Bacteria",177416,"177416.18","Francisella tularensis subsp. tularensis SCHU S4","FTT1720c","purL","RefSeq.9606.33.NC_000012.CDS.27022580.27028461.fwd","Protein","mediator of RNA polymerase II transcription subunit 21 isoform 1","Primates",9606,"9606.33","Homo sapiens",,"MED21","HPI","physical association","two hybrid pooling approach","experimental","20711500;13779","intact","intact:EBI-2804975;imex:IM-13779-867",
"RefSeq.177416.18.NC_006570.CDS.1087317.1088591.fwd","Protein","transcription regulator","Bacteria",177416,"177416.18","Francisella tularensis subsp. tularensis SCHU S4","FTT1076","hipA","RefSeq.9606.33.NC_000014.CDS.59596745.59870630.rev","Protein","reticulon-1 isoform A","Primates",9606,"9606.33","Homo sapiens",,"RTN1","HPI","physical association","two hybrid pooling approach","experimental","20711500;13779","intact","intact:EBI-2801539;imex:IM-13779-532",
"fig|177416.18.peg.81","Protein","Succinate dehydrogenase iron-sulfur protein (EC 1.3.5.1)","Bacteria",177416,"177416.18","Francisella tularensis subsp. tularensis SCHU S4","FTT0075","sdhB","RefSeq.9606.33.NC_000001.CDS.151282070.151291209.fwd","Protein","zinc finger protein 687 isoform X2","Primates",9606,"9606.33","Homo sapiens",,"ZNF687","HPI","physical association","two hybrid pooling approach","experimental","20711500;13779","intact","intact:EBI-2799432;imex:IM-13779-307",
"RefSeq.177416.18.NC_006570.CDS.273192.275048.fwd","Protein","ribonuclease II family protein","Bacteria",177416,"177416.18","Francisella tularensis subsp. tularensis SCHU S4","FTT0257",,"RefSeq.9606.33.NC_000012.CDS.53711944.53725242.rev","Protein","calcium-binding and coiled-coil domain-containing protein 1 isoform X1","Primates",9606,"9606.33","Homo sapiens",,"CALCOCO1","HPI","physical association","two hybrid pooling approach","experimental","20711500;13779","intact","intact:EBI-2808434;imex:IM-13779-1256",
"RefSeq.177416.18.NC_006570.CDS.1168800.1170584.rev","Protein","Type IV pilin multimeric outer membrane protein","Bacteria",177416,"177416.18","Francisella tularensis subsp. tularensis SCHU S4","FTT1156c","pilQ","RefSeq.9606.33.NC_000010.CDS.17229423.17237271.fwd","Protein","vimentin isoform X1","Primates",9606,"9606.33","Homo sapiens",,"VIM","HPI","physical association","two hybrid pooling approach","experimental","20711500;13779","intact","intact:EBI-2799880;imex:IM-13779-353",
"fig|177416.18.peg.205","Protein","D-alanine--D-alanine ligase (EC 6.3.2.4)","Bacteria",177416,"177416.18","Francisella tularensis subsp. tularensis SCHU S4","FTT0185","ddlB","RefSeq.9606.33.NC_000009.CDS.73154324.73170107.fwd","Protein","annexin A1 isoform X2","Primates",9606,"9606.33","Homo sapiens",,"ANXA1","HPI","physical association","two hybrid pooling approach","experimental","20711500;13779","intact","intact:EBI-2808966;imex:IM-13779-1317",
"RefSeq.177416.18.NC_006570.CDS.1577491.1581759.rev","Protein","ATp-dependent helicase","Bacteria",177416,"177416.18","Francisella tularensis subsp. tularensis SCHU S4","FTT1524c","hrpA","RefSeq.9606.33.NC_000011.CDS.6477113.6480421.rev","Protein","arfaptin-2 isoform 1","Primates",9606,"9606.33","Homo sapiens",,"ARFIP2","HPI","physical association","two hybrid pooling approach","experimental","20711500;13779","intact","intact:EBI-2808798;imex:IM-13779-1302",
"RefSeq.177416.18.NC_006570.CDS.1463095.1464792.fwd","Protein","prolyl-tRNA synthetase","Bacteria",177416,"177416.18","Francisella tularensis subsp. tularensis SCHU S4","FTT1412","proS","RefSeq.9606.33.NC_000017.CDS.1650802.1684571.rev","Protein","pre-mRNA-processing-splicing factor 8","Primates",9606,"9606.33","Homo sapiens",,"PRPF8","HPI","physical association","two hybrid pooling approach","experimental","20711500;13779","intact","intact:EBI-2803366;imex:IM-13779-694",
"RefSeq.177416.18.NC_006570.CDS.404586.408065.fwd","Protein","DNA polymerase III alpha subunit","Bacteria",177416,"177416.18","Francisella tularensis subsp. tularensis SCHU S4","FTT0402","dnaE","RefSeq.9606.33.NC_000011.CDS.85628608.85636229.fwd","Protein","complex I assembly factor TMEM126B, mitochondrial isoform a","Primates",9606,"9606.33","Homo sapiens",,"TMEM126B","HPI","physical association","two hybrid pooling approach","experimental","20711500;13779","intact","intact:EBI-2800654;imex:IM-13779-436",
"fig|177416.18.peg.205","Protein","D-alanine--D-alanine ligase (EC 6.3.2.4)","Bacteria",177416,"177416.18","Francisella tularensis subsp. tularensis SCHU S4","FTT0185","ddlB","RefSeq.9606.33.NC_000007.CDS.56101851.56106413.rev","Protein","coiled-coil-helix-coiled-coil-helix domain-containing protein 2, mitochondrial precursor","Primates",9606,"9606.33","Homo sapiens",,"CHCHD2","HPI","physical association","two hybrid pooling approach","experimental","20711500;13779","intact","intact:EBI-2808061;imex:IM-13779-1216",
"RefSeq.177416.18.NC_006570.CDS.501331.502146.rev","Protein","lipoprotein","Bacteria",177416,"177416.18","Francisella tularensis subsp. tularensis SCHU S4","FTT0482c",,"RefSeq.9606.33.NC_000017.CDS.59731447.59839911.fwd","Protein","vacuole membrane protein 1","Primates",9606,"9606.33","Homo sapiens",,"VMP1","HPI","physical association","two hybrid pooling approach","experimental","20711500;13779","intact","intact:EBI-2800293;imex:IM-13779-398",
"RefSeq.177416.18.NC_006570.CDS.1015114.1016127.rev","Protein","phenylalanyl-tRNA synthetase subunit alpha","Bacteria",177416,"177416.18","Francisella tularensis subsp. tularensis SCHU S4","FTT1003c","pheS","RefSeq.9606.33.NC_000019.CDS.13153187.13153858.fwd","Protein","immediate early response gene 2 protein","Primates",9606,"9606.33","Homo sapiens",,"IER2","HPI","physical association","two hybrid pooling approach","experimental","20711500;13779","intact","intact:EBI-2806008;imex:IM-13779-980",
"RefSeq.177416.18.NC_006570.CDS.1218072.1219520.rev","Protein","exodeoxyribonuclease I","Bacteria",177416,"177416.18","Francisella tularensis subsp. tularensis SCHU S4","FTT1200c","sbcB","RefSeq.9606.33.NC_000002.CDS.177212800.177219299.fwd","Protein","heterogeneous nuclear ribonucleoprotein A3 isoform X2","Primates",9606,"9606.33","Homo sapiens",,"HNRNPA3","HPI","physical association","two hybrid pooling approach","experimental","20711500;13779","intact","intact:EBI-2801591;imex:IM-13779-539",
"RefSeq.177416.18.NC_006570.CDS.495460.497202.rev","Protein","single-stranded-DNA-specific exonuclease","Bacteria",177416,"177416.18","Francisella tularensis subsp. tularensis SCHU S4","FTT0478c","recJ","RefSeq.9606.33.NC_000017.CDS.55265485.55320879.fwd","Protein","hepatic leukemia factor","Primates",9606,"9606.33","Homo sapiens",,"HLF","HPI","physical association","two hybrid pooling approach","experimental","20711500;13779","intact","intact:EBI-2806211;imex:IM-13779-1003",
"RefSeq.177416.18.NC_006570.CDS.970830.971618.rev","Protein","exodeoxyribonuclease III","Bacteria",177416,"177416.18","Francisella tularensis subsp. tularensis SCHU S4","FTT0959c","xthA","RefSeq.9606.33.NC_000010.CDS.87051751.87094769.rev","Protein","glutamate dehydrogenase 1, mitochondrial precursor","Primates",9606,"9606.33","Homo sapiens",,"GLUD1","HPI","physical association","two hybrid pooling approach","experimental","20711500;13779","intact","intact:EBI-2807329;imex:IM-13779-1132",
"RefSeq.177416.18.NC_006570.CDS.332266.333060.fwd","Protein","phosphatidate cytidylyltransferase","Bacteria",177416,"177416.18","Francisella tularensis subsp. tularensis SCHU S4","FTT0318","cdsA","RefSeq.9606.33.NC_000017.CDS.4710722.4721039.fwd","Protein","beta-arrestin-2 isoform 2","Primates",9606,"9606.33","Homo sapiens",,"ARRB2","HPI","physical association","two hybrid pooling approach","experimental","20711500;13779","intact","intact:EBI-2808743;imex:IM-13779-1292",
"RefSeq.177416.18.NC_006570.CDS.422414.424336.rev","Protein","glycogen branching enzyme","Bacteria",177416,"177416.18","Francisella tularensis subsp. tularensis SCHU S4","FTT0413c","glgB","RefSeq.9606.33.NC_000021.CDS.45981851.46004013.fwd","Protein","collagen alpha-1(VI) chain precursor","Primates",9606,"9606.33","Homo sapiens",,"COL6A1","HPI","physical association","two hybrid pooling approach","experimental","20711500;13779","intact","intact:EBI-2807782;imex:IM-13779-1186",
"RefSeq.177416.18.NC_006570.CDS.1802117.1805989.rev","Protein","phosphoribosylformylglycinamidine synthase","Bacteria",177416,"177416.18","Francisella tularensis subsp. tularensis SCHU S4","FTT1720c","purL","RefSeq.9606.33.NC_000004.CDS.73869471.73870536.fwd","Protein","growth-regulated alpha protein precursor","Primates",9606,"9606.33","Homo sapiens",,"CXCL1","HPI","physical association","two hybrid pooling approach","experimental","20711500;13779","intact","intact:EBI-2806489;imex:IM-13779-1039",
"fig|177416.18.peg.153","Protein","Translation elongation factor Tu","Bacteria",177416,"177416.18","Francisella tularensis subsp. tularensis SCHU S4","FTT0137","tufA","RefSeq.9606.33.NC_000019.CDS.17101718.17212310.fwd","Protein","unconventional myosin-IXb isoform X6","Primates",9606,"9606.33","Homo sapiens",,"MYO9B","HPI","physical association","two hybrid pooling approach","experimental","20711500;13779","intact","intact:EBI-2804609;imex:IM-13779-826",
"RefSeq.177416.18.NC_006570.CDS.1730263.1733547.fwd","Protein","carbamoyl phosphate synthase large subunit","Bacteria",177416,"177416.18","Francisella tularensis subsp. tularensis SCHU S4","FTT1664","carB","RefSeq.9606.33.NC_000005.CDS.43527376.43556846.rev","Protein","polyadenylate-binding protein-interacting protein 1 isoform 1","Primates",9606,"9606.33","Homo sapiens",,"PAIP1","HPI","physical association","two hybrid pooling approach","experimental","20711500;13779","intact","intact:EBI-2804009;imex:IM-13779-761",
"RefSeq.177416.18.NC_006570.CDS.1415006.1416997.rev","Protein","transketolase","Bacteria",177416,"177416.18","Francisella tularensis subsp. tularensis SCHU S4","FTT1369c","tktA","RefSeq.9606.33.NC_000010.CDS.48685200.48878660.fwd","Protein","WD repeat- and FYVE domain-containing protein 4 isoform X3","Primates",9606,"9606.33","Homo sapiens",,"WDFY4","HPI","physical association","two hybrid pooling approach","experimental","20711500;13779","intact","intact:EBI-2802149;imex:IM-13779-591",
"RefSeq.177416.18.NC_006570.CDS.1262352.1263614.fwd","Protein","hypothetical protein","Bacteria",177416,"177416.18","Francisella tularensis subsp. tularensis SCHU S4","FTT1242",,"RefSeq.9606.33.NC_000004.CDS.17614655.17623798.fwd","Protein","mediator of RNA polymerase II transcription subunit 28","Primates",9606,"9606.33","Homo sapiens",,"MED28","HPI","physical association","two hybrid pooling approach","experimental","20711500;13779","intact","intact:EBI-2804957;imex:IM-13779-866",
"RefSeq.177416.18.NC_006570.CDS.1442523.1443953.rev","Protein","ATP-dependent DNA helicase","Bacteria",177416,"177416.18","Francisella tularensis subsp. tularensis SCHU S4","FTT1395c",,"RefSeq.9606.33.NC_000014.CDS.91272625.91417690.rev","Protein","protein Daple","Primates",9606,"9606.33","Homo sapiens",,"CCDC88C","HPI","physical association","two hybrid pooling approach","experimental","20711500;13779","intact","intact:EBI-2807403;imex:IM-13779-1141",
"RefSeq.177416.18.NC_006570.CDS.617635.618663.fwd","Protein","SIS domain-containing protein","Bacteria",177416,"177416.18","Francisella tularensis subsp. tularensis SCHU S4","FTT0599",,"RefSeq.9606.33.NC_000004.CDS.39044951.39133974.fwd","Protein","kelch-like protein 5 isoform X3","Primates",9606,"9606.33","Homo sapiens",,"KLHL5","HPI","physical association","two hybrid pooling approach","experimental","20711500;13779","intact","intact:EBI-2798759;imex:IM-13779-247",
"fig|177416.18.peg.161","Protein","DNA-directed RNA polymerase beta' subunit (EC 2.7.7.6)","Bacteria",177416,"177416.18","Francisella tularensis subsp. tularensis SCHU S4","FTT0145","rpoC","RefSeq.9606.33.NC_000015.CDS.77458408.77479315.fwd","Protein","high mobility group protein 20A isoform a","Primates",9606,"9606.33","Homo sapiens",,"HMG20A","HPI","physical association","two hybrid pooling approach","experimental","20711500;13779","intact","intact:EBI-2796513;imex:IM-13779-40",
"RefSeq.177416.18.NC_006570.CDS.734051.736333.fwd","Protein","chitinase family 18 protein","Bacteria",177416,"177416.18","Francisella tularensis subsp. tularensis SCHU S4","FTT0715",,"RefSeq.9606.33.NC_000002.CDS.86720668.86773411.fwd","Protein","protein RMD5 homolog A","Primates",9606,"9606.33","Homo sapiens",,"RMND5A","HPI","physical association","two hybrid pooling approach","experimental","20711500;13779","intact","intact:EBI-2798009;imex:IM-13779-178",
"RefSeq.177416.18.NC_006570.CDS.1485272.1486039.rev","Protein","deoxyribonuclease","Bacteria",177416,"177416.18","Francisella tularensis subsp. tularensis SCHU S4","FTT1439c",,"RefSeq.9606.33.NC_000009.CDS.132896235.132928872.rev","Protein","hamartin isoform X1","Primates",9606,"9606.33","Homo sapiens",,"TSC1","HPI","physical association","two hybrid pooling approach","experimental","20711500;13779","intact","intact:EBI-2800099;imex:IM-13779-375",
"RefSeq.177416.18.NC_006570.CDS.1415006.1416997.rev","Protein","transketolase","Bacteria",177416,"177416.18","Francisella tularensis subsp. tularensis SCHU S4","FTT1369c","tktA","RefSeq.9606.33.NC_000011.CDS.70272173.70383028.fwd","Protein","liprin-alpha-1 isoform X4","Primates",9606,"9606.33","Homo sapiens",,"PPFIA1","HPI","physical association","two hybrid pooling approach","experimental","20711500;13779","intact","intact:EBI-2805278;imex:IM-13779-898",
"RefSeq.177416.18.NC_006570.CDS.894174.895823.fwd","Protein","DNA repair protein recN","Bacteria",177416,"177416.18","Francisella tularensis subsp. tularensis SCHU S4","FTT0886",,"RefSeq.9606.33.NC_000003.CDS.113445307.113514838.rev","Protein","spindle and centriole-associated protein 1 isoform X1","Primates",9606,"9606.33","Homo sapiens",,"SPICE1","HPI","physical association","two hybrid pooling approach","experimental","20711500;13779","intact","intact:EBI-2808298;imex:IM-13779-1241",
"fig|177416.18.peg.82","Protein","2-oxoglutarate dehydrogenase E1 component (EC 1.2.4.2)","Bacteria",177416,"177416.18","Francisella tularensis subsp. tularensis SCHU S4","FTT0076","sucA","RefSeq.9606.33.NC_000005.CDS.80960739.81225770.fwd","Protein","ras-specific guanine nucleotide-releasing factor 2","Primates",9606,"9606.33","Homo sapiens",,"RASGRF2","HPI","physical association","two hybrid pooling approach","experimental","20711500;13779","intact","intact:EBI-2801759;imex:IM-13779-557",
"RefSeq.177416.18.NC_006570.CDS.1802117.1805989.rev","Protein","phosphoribosylformylglycinamidine synthase","Bacteria",177416,"177416.18","Francisella tularensis subsp. tularensis SCHU S4","FTT1720c","purL","RefSeq.9606.33.NC_000023.CDS.71107736.71111539.rev","Protein","cytokine receptor common subunit gamma precursor","Primates",9606,"9606.33","Homo sapiens",,"IL2RG","HPI","physical association","two hybrid pooling approach","experimental","20711500;13779","intact","intact:EBI-2805886;imex:IM-13779-968",
"RefSeq.177416.18.NC_006570.CDS.1839942.1840418.fwd","Protein","single-strand binding protein","Bacteria",177416,"177416.18","Francisella tularensis subsp. tularensis SCHU S4","FTT1752","ssb","RefSeq.9606.33.NC_000016.CDS.680526.682489.fwd","Protein","E3 ubiquitin-protein ligase CHIP isoform a","Primates",9606,"9606.33","Homo sapiens",,"STUB1","HPI","physical association","two hybrid pooling approach","experimental","20711500;13779","intact","intact:EBI-2797788;imex:IM-13779-159",
"RefSeq.177416.18.NC_006570.CDS.796879.798717.fwd","Protein","excinuclease ABC subunit C","Bacteria",177416,"177416.18","Francisella tularensis subsp. tularensis SCHU S4","FTT0777","uvrC","RefSeq.9606.33.NC_000015.CDS.64156023.64162986.rev","Protein","peptidyl-prolyl cis-trans isomerase B precursor","Primates",9606,"9606.33","Homo sapiens",,"PPIB","HPI","physical association","two hybrid pooling approach","experimental","20711500;13779","intact","intact:EBI-2803453;imex:IM-13779-705",
"fig|177416.18.peg.123","Protein","DNA polymerase I (EC 2.7.7.7)","Bacteria",177416,"177416.18","Francisella tularensis subsp. tularensis SCHU S4","FTT0111","polA","RefSeq.9606.33.NC_000004.CDS.102510933.102616594.fwd","Protein","nuclear factor NF-kappa-B p105 subunit isoform X2","Primates",9606,"9606.33","Homo sapiens",,"NFKB1","HPI","physical association","two hybrid pooling approach","experimental","20711500;13779","intact","intact:EBI-2804383;imex:IM-13779-801",
"RefSeq.177416.18.NC_006570.CDS.1587238.1589478.fwd","Protein","acyl-CoA dehydrogenase","Bacteria",177416,"177416.18","Francisella tularensis subsp. tularensis SCHU S4","FTT1529","fadE","RefSeq.9606.33.NC_000001.CDS.175945153.176206978.rev","Protein","E3 ubiquitin-protein ligase RFWD2 isoform X1","Primates",9606,"9606.33","Homo sapiens",,"RFWD2","HPI","physical association","two hybrid pooling approach","experimental","20711500;13779","intact","intact:EBI-2801770;imex:IM-13779-555",
"RefSeq.177416.18.NC_006570.CDS.675747.676283.fwd","Protein","Holliday junction resolvase","Bacteria",177416,"177416.18","Francisella tularensis subsp. tularensis SCHU S4","FTT0656","ruvC","RefSeq.9606.33.NC_000001.CDS.145671244.145688021.rev","Protein","Na(+)/H(+) exchange regulatory cofactor NHE-RF3 isoform X2","Primates",9606,"9606.33","Homo sapiens",,"PDZK1","HPI","physical association","two hybrid pooling approach","experimental","20711500;13779","intact","intact:EBI-2803820;imex:IM-13779-743",
"RefSeq.177416.18.NC_006570.CDS.388991.390358.fwd","Protein","UDP-N-acetylglucosamine pyrophosphorylase/glucosamine-1-phosphate N-acetyltransferase","Bacteria",177416,"177416.18","Francisella tularensis subsp. tularensis SCHU S4","FTT0387","glmU","RefSeq.9606.33.NC_000001.CDS.236218516.236281783.rev","Protein","ERO1-like protein beta precursor","Primates",9606,"9606.33","Homo sapiens",,"ERO1LB","HPI","physical association","two hybrid pooling approach","experimental","20711500;13779","intact","intact:EBI-2806995;imex:IM-13779-1090",
"RefSeq.177416.18.NC_006570.CDS.1814786.1816213.fwd","Protein","Na+/H+ antiporter","Bacteria",177416,"177416.18","Francisella tularensis subsp. tularensis SCHU S4","FTT1728","nhaD","RefSeq.9606.33.NC_000023.CDS.70424985.70433086.fwd","Protein","glycerophosphoinositol inositolphosphodiesterase GDPD2 isoform 2","Primates",9606,"9606.33","Homo sapiens",,"GDPD2","HPI","physical association","two hybrid pooling approach","experimental","20711500;13779","intact","intact:EBI-2806610;imex:IM-13779-1051",
"RefSeq.177416.18.NC_006570.CDS.1161754.1165827.rev","Protein","bifunctional proline dehydrogenase/pyrroline-5-carboxylate dehydrogenase","Bacteria",177416,"177416.18","Francisella tularensis subsp. tularensis SCHU S4","FTT1150c","putA","RefSeq.9606.33.NC_000009.CDS.131125582.131233487.fwd","Protein","nuclear pore complex protein Nup214 isoform X6","Primates",9606,"9606.33","Homo sapiens",,"NUP214","HPI","physical association","two hybrid pooling approach","experimental","20711500;13779","intact","intact:EBI-2797276;imex:IM-13779-110",
"RefSeq.177416.18.NC_006570.CDS.1611873.1612415.fwd","Protein","hypothetical protein","Bacteria",177416,"177416.18","Francisella tularensis subsp. tularensis SCHU S4","FTT1550",,"RefSeq.9606.33.NC_000017.CDS.82023644.82030805.fwd","Protein","leucine-rich repeat-containing protein 45","Primates",9606,"9606.33","Homo sapiens",,"LRRC45","HPI","physical association","two hybrid pooling approach","experimental","20711500;13779","intact","intact:EBI-2805197;imex:IM-13779-891",
"RefSeq.177416.18.NC_006570.CDS.1089909.1090169.rev","Protein","hypothetical protein","Bacteria",177416,"177416.18","Francisella tularensis subsp. tularensis SCHU S4","FTT1079c",,"RefSeq.9606.33.NC_000017.CDS.50185502.50201513.rev","Protein","collagen alpha-1(I) chain preproprotein","Primates",9606,"9606.33","Homo sapiens",,"COL1A1","HPI","physical association","two hybrid pooling approach","experimental","20711500;13779","intact","intact:EBI-2807855;imex:IM-13779-1195",
"fig|177416.18.peg.180","Protein","Topoisomerase IV subunit B (EC 5.99.1.-)","Bacteria",177416,"177416.18","Francisella tularensis subsp. tularensis SCHU S4","FTT0163c","parE","RefSeq.9606.33.NC_000006.CDS.44387824.44446711.fwd","Protein","cell division cycle 5-like protein","Primates",9606,"9606.33","Homo sapiens",,"CDC5L","HPI","physical association","two hybrid pooling approach","experimental","20711500;13779","intact","intact:EBI-2808143;imex:IM-13779-1225",
"RefSeq.177416.18.NC_006570.CDS.1640165.1640710.fwd","Protein","hypothetical protein","Bacteria",177416,"177416.18","Francisella tularensis subsp. tularensis SCHU S4","FTT1576",,"RefSeq.9606.33.NC_000004.CDS.102797415.102868744.rev","Protein","ubiquitin-conjugating enzyme E2 D3 isoform 3","Primates",9606,"9606.33","Homo sapiens",,"UBE2D3","HPI","physical association","two hybrid pooling approach","experimental","20711500;13779","intact","intact:EBI-2809409;imex:IM-13779-1361",
"RefSeq.177416.18.NC_006570.CDS.902373.904685.fwd","Protein","fusion protein PurC/PurD","Bacteria",177416,"177416.18","Francisella tularensis subsp. tularensis SCHU S4","FTT0894","purCD","RefSeq.9606.33.NC_000006.CDS.33621603.33695780.fwd","Protein","inositol 1,4,5-trisphosphate receptor type 3","Primates",9606,"9606.33","Homo sapiens",,"ITPR3","HPI","physical association","two hybrid pooling approach","experimental","20711500;13779","intact","intact:EBI-2805728;imex:IM-13779-949",
"fig|177416.18.peg.24","Protein","Aspartyl-tRNA(Asn) amidotransferase subunit B (EC 6.3.5.6) @ Glutamyl-tRNA(Gln) amidotransferase subunit B (EC 6.3.5.7)","Bacteria",177416,"177416.18","Francisella tularensis subsp. tularensis SCHU S4","FTT0021","gatB","RefSeq.9606.33.NC_000015.CDS.78541928.78548944.fwd","Protein","proteasome subunit alpha type-4 isoform 1","Primates",9606,"9606.33","Homo sapiens",,"PSMA4","HPI","physical association","two hybrid pooling approach","experimental","20711500;13779","intact","intact:EBI-2798409;imex:IM-13779-210",
"fig|177416.18.peg.153","Protein","Translation elongation factor Tu","Bacteria",177416,"177416.18","Francisella tularensis subsp. tularensis SCHU S4","FTT0137","tufA","RefSeq.9606.33.NC_000015.CDS.64387864.64455064.fwd","Protein","activating signal cointegrator 1","Primates",9606,"9606.33","Homo sapiens",,"TRIP4","HPI","physical association","two hybrid pooling approach","experimental","20711500;13779","intact","intact:EBI-2800154;imex:IM-13779-384",
"RefSeq.177416.18.NC_006570.CDS.303853.304809.fwd","Protein","methanol dehydrogenase regulatory protein","Bacteria",177416,"177416.18","Francisella tularensis subsp. tularensis SCHU S4","FTT0290","moxR","RefSeq.9606.33.NC_000012.CDS.109903027.109916623.fwd","Protein","trichoplein keratin filament-binding protein isoform X1","Primates",9606,"9606.33","Homo sapiens",,"TCHP","HPI","physical association","two hybrid pooling approach","experimental","20711500;13779","intact","intact:EBI-2796980;imex:IM-13779-84",
"RefSeq.177416.18.NC_006570.CDS.1415006.1416997.rev","Protein","transketolase","Bacteria",177416,"177416.18","Francisella tularensis subsp. tularensis SCHU S4","FTT1369c","tktA","RefSeq.9606.33.NC_000006.CDS.31859719.31862776.rev","Protein","sialidase-1 precursor","Primates",9606,"9606.33","Homo sapiens",,"NEU1","HPI","physical association","two hybrid pooling approach","experimental","20711500;13779","intact","intact:EBI-2804453;imex:IM-13779-810",
"RefSeq.177416.18.NC_006570.CDS.1194341.1196158.fwd","Protein","GTP binding translational elongation factor Tu and G family protein","Bacteria",177416,"177416.18","Francisella tularensis subsp. tularensis SCHU S4","FTT1179","bipA","RefSeq.9606.33.NC_000003.CDS.9780357.9791466.rev","Protein","transcriptional adapter 3 isoform a","Primates",9606,"9606.33","Homo sapiens",,"TADA3","HPI","physical association","two hybrid pooling approach","experimental","20711500;13779","intact","intact:EBI-2797735;imex:IM-13779-155",
"RefSeq.177416.18.NC_006570.CDS.1122309.1123187.rev","Protein","RNA polymerase factor sigma-32","Bacteria",177416,"177416.18","Francisella tularensis subsp. tularensis SCHU S4","FTT1112c","rpoH","RefSeq.9606.33.NC_000009.CDS.35041145.35045869.fwd","Protein","uncharacterized protein C9orf131 isoform C","Primates",9606,"9606.33","Homo sapiens",,"C9orf131","HPI","physical association","two hybrid pooling approach","experimental","20711500;13779","intact","intact:EBI-2808017;imex:IM-13779-1212",
"RefSeq.177416.18.NC_006570.CDS.1213065.1214348.rev","Protein","major facilitator transporter","Bacteria",177416,"177416.18","Francisella tularensis subsp. tularensis SCHU S4","FTT1196c",,"RefSeq.9606.33.NC_000004.CDS.39044951.39133974.fwd","Protein","kelch-like protein 5 isoform X3","Primates",9606,"9606.33","Homo sapiens",,"KLHL5","HPI","physical association","two hybrid pooling approach","experimental","20711500;13779","intact","intact:EBI-2805477;imex:IM-13779-921",
"RefSeq.177416.18.NC_006570.CDS.1802117.1805989.rev","Protein","phosphoribosylformylglycinamidine synthase","Bacteria",177416,"177416.18","Francisella tularensis subsp. tularensis SCHU S4","FTT1720c","purL","RefSeq.9606.33.NC_000019.CDS.10115114.10119859.rev","Protein","eukaryotic translation initiation factor 3 subunit G","Primates",9606,"9606.33","Homo sapiens",,"EIF3G","HPI","physical association","two hybrid pooling approach","experimental","20711500;13779","intact","intact:EBI-2807069;imex:IM-13779-1101",
"RefSeq.177416.18.NC_006570.CDS.741201.743426.rev","Protein","peroxidase/catalase","Bacteria",177416,"177416.18","Francisella tularensis subsp. tularensis SCHU S4","FTT0721c","katG","RefSeq.9606.33.NC_000022.CDS.36282668.36349236.rev","Protein","myosin-9 isoform X1","Primates",9606,"9606.33","Homo sapiens",,"MYH9","HPI","physical association","two hybrid pooling approach","experimental","20711500;13779","intact","intact:EBI-2804627;imex:IM-13779-829",
"fig|177416.18.peg.160","Protein","DNA-directed RNA polymerase beta subunit (EC 2.7.7.6)","Bacteria",177416,"177416.18","Francisella tularensis subsp. tularensis SCHU S4","FTT0144","rpoB","RefSeq.9606.33.NC_000005.CDS.68226676.68297601.fwd","Protein","phosphatidylinositol 3-kinase regulatory subunit alpha isoform X1","Primates",9606,"9606.33","Homo sapiens",,"PIK3R1","HPI","physical association","two hybrid pooling approach","experimental","20711500;13779","intact","intact:EBI-2798549;imex:IM-13779-227",
"RefSeq.177416.18.NC_006570.CDS.748995.750029.rev","Protein","glycerophosphoryl diester phosphodiesterase family protein","Bacteria",177416,"177416.18","Francisella tularensis subsp. tularensis SCHU S4","FTT0726c",,"RefSeq.9606.33.NC_000019.CDS.18155880.18169294.fwd","Protein","phosphatidylinositol 3-kinase regulatory subunit beta","Primates",9606,"9606.33","Homo sapiens",,"PIK3R2","HPI","physical association","two hybrid pooling approach","experimental","20711500;13779","intact","intact:EBI-2804059;imex:IM-13779-765",
"RefSeq.177416.18.NC_006570.CDS.247234.248889.rev","Protein","inner-membrane protein","Bacteria",177416,"177416.18","Francisella tularensis subsp. tularensis SCHU S4","FTT0233c","yidC","RefSeq.9606.33.NC_000012.CDS.7189934.7210223.fwd","Protein","peroxisomal biogenesis factor 5 isoform X5","Primates",9606,"9606.33","Homo sapiens",,"PEX5","HPI","physical association","two hybrid pooling approach","experimental","20711500;13779","intact","intact:EBI-2798509;imex:IM-13779-220",
"RefSeq.177416.18.NC_006570.CDS.894174.895823.fwd","Protein","DNA repair protein recN","Bacteria",177416,"177416.18","Francisella tularensis subsp. tularensis SCHU S4","FTT0886",,"RefSeq.9606.33.NC_000009.CDS.121088327.121177186.fwd","Protein","centriolin isoform X4","Primates",9606,"9606.33","Homo sapiens",,"CNTRL","HPI","physical association","two hybrid pooling approach","experimental","20711500;13779","intact","intact:EBI-2801892;imex:IM-13779-570",
"RefSeq.177416.18.NC_006570.CDS.741201.743426.rev","Protein","peroxidase/catalase","Bacteria",177416,"177416.18","Francisella tularensis subsp. tularensis SCHU S4","FTT0721c","katG","RefSeq.9606.33.NC_000009.CDS.131125582.131233487.fwd","Protein","nuclear pore complex protein Nup214 isoform X6","Primates",9606,"9606.33","Homo sapiens",,"NUP214","HPI","physical association","two hybrid pooling approach","experimental","20711500;13779","intact","intact:EBI-2804214;imex:IM-13779-780",
"RefSeq.177416.18.NC_006570.CDS.321537.322943.fwd","Protein","glutamyl-tRNA synthetase","Bacteria",177416,"177416.18","Francisella tularensis subsp. tularensis SCHU S4","FTT0307","gltX","RefSeq.9606.33.NC_000011.CDS.65128382.65133601.rev","Protein","E3 ubiquitin-protein ligase synoviolin isoform X1","Primates",9606,"9606.33","Homo sapiens",,"SYVN1","HPI","physical association","two hybrid pooling approach","experimental","20711500;13779","intact","intact:EBI-2800669;imex:IM-13779-439",
"RefSeq.177416.18.NC_006570.CDS.995822.996232.fwd","Protein","hypothetical protein","Bacteria",177416,"177416.18","Francisella tularensis subsp. tularensis SCHU S4","FTT0986",,"RefSeq.9606.33.NC_000002.CDS.127257596.127294081.rev","Protein","TFIIH basal transcription factor complex helicase XPB subunit isoform X1","Primates",9606,"9606.33","Homo sapiens",,"ERCC3","HPI","physical association","two hybrid pooling approach","experimental","20711500;13779","intact","intact:EBI-2796185;imex:IM-13779-12",
"RefSeq.177416.18.NC_006570.CDS.1463095.1464792.fwd","Protein","prolyl-tRNA synthetase","Bacteria",177416,"177416.18","Francisella tularensis subsp. tularensis SCHU S4","FTT1412","proS","RefSeq.9606.33.NC_000017.CDS.78971576.78977191.rev","Protein","galectin-3-binding protein precursor","Primates",9606,"9606.33","Homo sapiens",,"LGALS3BP","HPI","physical association","two hybrid pooling approach","experimental","20711500;13779","intact","intact:EBI-2805304;imex:IM-13779-900",
"RefSeq.177416.18.NC_006570.CDS.692008.692976.fwd","Protein","ribose-phosphate pyrophosphokinase","Bacteria",177416,"177416.18","Francisella tularensis subsp. tularensis SCHU S4","FTT0674","prsA","RefSeq.9606.33.NC_000019.CDS.45485708.45496825.rev","Protein","reticulon-2 isoform A","Primates",9606,"9606.33","Homo sapiens",,"RTN2","HPI","physical association","two hybrid pooling approach","experimental","20711500;13779","intact","intact:EBI-2801513;imex:IM-13779-531",
"RefSeq.177416.18.NC_006570.CDS.782779.784863.fwd","Protein","glycyl-tRNA synthetase beta subunit","Bacteria",177416,"177416.18","Francisella tularensis subsp. tularensis SCHU S4","FTT0764","glyS","RefSeq.9606.33.NC_000017.CDS.50135331.50150513.rev","Protein","neurabin-2","Primates",9606,"9606.33","Homo sapiens",,"PPP1R9B","HPI","physical association","two hybrid pooling approach","experimental","20711500;13779","intact","intact:EBI-2804474;imex:IM-13779-809",
"RefSeq.177416.18.NC_006570.CDS.451253.452623.fwd","Protein","UDP-N-acetylmuramate:L-alanyl-gamma-D-glutamyl- me so-diaminopimelate ligase","Bacteria",177416,"177416.18","Francisella tularensis subsp. tularensis SCHU S4","FTT0438","mpl","RefSeq.9606.33.NC_000017.CDS.81189769.81220056.rev","Protein","centrosomal protein of 131 kDa isoform X1","Primates",9606,"9606.33","Homo sapiens",,"CEP131","HPI","physical association","two hybrid pooling approach","experimental","20711500;13779","intact","intact:EBI-2808635;imex:IM-13779-1278",
"RefSeq.177416.18.NC_006570.CDS.933518.935671.fwd","Protein","23S rRNA m(2)G2445 methyltransferase","Bacteria",177416,"177416.18","Francisella tularensis subsp. tularensis SCHU S4","FTT0923","rlmL","RefSeq.9606.33.NC_000005.CDS.150402240.150412749.rev","Protein","HLA class II histocompatibility antigen gamma chain isoform a","Primates",9606,"9606.33","Homo sapiens",,"CD74","HPI","physical association","two hybrid pooling approach","experimental","20711500;13779","intact","intact:EBI-2806274;imex:IM-13779-1011",
"RefSeq.177416.18.NC_006570.CDS.371289.372470.rev","Protein","FolC bifunctional protein","Bacteria",177416,"177416.18","Francisella tularensis subsp. tularensis SCHU S4","FTT0371c","folC","RefSeq.9606.33.NC_000006.CDS.24806373.25041926.rev","Protein","protein FAM65B isoform X6","Primates",9606,"9606.33","Homo sapiens",,"FAM65B","HPI","physical association","two hybrid pooling approach","experimental","20711500;13779","intact","intact:EBI-2798952;imex:IM-13779-265",
"RefSeq.177416.18.NC_006570.CDS.264050.266698.fwd","Protein","pyruvate phosphate dikinase","Bacteria",177416,"177416.18","Francisella tularensis subsp. tularensis SCHU S4","FTT0250","ppdK","RefSeq.9606.33.NC_000004.CDS.2875916.2928523.fwd","Protein","alpha-adducin isoform a","Primates",9606,"9606.33","Homo sapiens",,"ADD1","HPI","physical association","two hybrid pooling approach","experimental","20711500;13779","intact","intact:EBI-2809196;imex:IM-13779-1343",
"RefSeq.177416.18.NC_006570.CDS.748995.750029.rev","Protein","glycerophosphoryl diester phosphodiesterase family protein","Bacteria",177416,"177416.18","Francisella tularensis subsp. tularensis SCHU S4","FTT0726c",,"RefSeq.9606.33.NC_000006.CDS.32637459.32654674.fwd","Protein","HLA class II histocompatibility antigen, DQ alpha 1 chain isoform X1","Primates",9606,"9606.33","Homo sapiens",,"HLA-DQA1","HPI","physical association","two hybrid pooling approach","experimental","20711500;13779","intact","intact:EBI-2806401;imex:IM-13779-1030",
"RefSeq.177416.18.NC_006570.CDS.308993.310618.fwd","Protein","hypothetical protein","Bacteria",177416,"177416.18","Francisella tularensis subsp. tularensis SCHU S4","FTT0295",,"RefSeq.9606.33.NC_000006.CDS.7181241.7248968.fwd","Protein","ras-responsive element-binding protein 1 isoform X2","Primates",9606,"9606.33","Homo sapiens",,"RREB1","HPI","physical association","two hybrid pooling approach","experimental","20711500;13779","intact","intact:EBI-2801564;imex:IM-13779-533",
"RefSeq.177416.18.NC_006570.CDS.1528572.1529720.fwd","Protein","galactokinase","Bacteria",177416,"177416.18","Francisella tularensis subsp. tularensis SCHU S4","FTT1476","galK","RefSeq.9606.33.NC_000021.CDS.45981851.46004013.fwd","Protein","collagen alpha-1(VI) chain precursor","Primates",9606,"9606.33","Homo sapiens",,"COL6A1","HPI","physical association","two hybrid pooling approach","experimental","20711500;13779","intact","intact:EBI-2807775;imex:IM-13779-1183",
"fig|177416.18.peg.148","Protein","Glycerol-3-phosphate dehydrogenase (EC 1.1.5.3)","Bacteria",177416,"177416.18","Francisella tularensis subsp. tularensis SCHU S4","FTT0132","glpA","RefSeq.9606.33.NC_000020.CDS.33490268.33644646.fwd","Protein","protein CBFA2T2 isoform MTGR1c","Primates",9606,"9606.33","Homo sapiens",,"CBFA2T2","HPI","physical association","two hybrid pooling approach","experimental","20711500;13779","intact","intact:EBI-2796499;imex:IM-13779-39",
"fig|177416.18.peg.160","Protein","DNA-directed RNA polymerase beta subunit (EC 2.7.7.6)","Bacteria",177416,"177416.18","Francisella tularensis subsp. tularensis SCHU S4","FTT0144","rpoB","RefSeq.9606.33.NC_000010.CDS.103967746.104025720.fwd","Protein","STE20-like serine/threonine-protein kinase isoform X1","Primates",9606,"9606.33","Homo sapiens",,"SLK","HPI","physical association","two hybrid pooling approach","experimental","20711500;13779","intact","intact:EBI-2801152;imex:IM-13779-490",
"RefSeq.177416.18.NC_006570.CDS.1216064.1218070.rev","Protein","excinuclease ABC subunit B","Bacteria",177416,"177416.18","Francisella tularensis subsp. tularensis SCHU S4","FTT1199c","uvrB","RefSeq.9606.33.NC_000011.CDS.113733694.113773666.rev","Protein","centromere/kinetochore protein zw10 homolog","Primates",9606,"9606.33","Homo sapiens",,"ZW10","HPI","physical association","two hybrid pooling approach","experimental","20711500;13779","intact","intact:EBI-2799389;imex:IM-13779-306",
"RefSeq.177416.18.NC_006570.CDS.1415006.1416997.rev","Protein","transketolase","Bacteria",177416,"177416.18","Francisella tularensis subsp. tularensis SCHU S4","FTT1369c","tktA","RefSeq.9606.33.NC_000020.CDS.48625885.48827860.rev","Protein","phosphatidylinositol 3,4,5-trisphosphate-dependent Rac exchanger 1 protein","Primates",9606,"9606.33","Homo sapiens",,"PREX1","HPI","physical association","two hybrid pooling approach","experimental","20711500;13779","intact","intact:EBI-2803409;imex:IM-13779-699",
"RefSeq.177416.18.NC_006570.CDS.734051.736333.fwd","Protein","chitinase family 18 protein","Bacteria",177416,"177416.18","Francisella tularensis subsp. tularensis SCHU S4","FTT0715",,"RefSeq.9606.33.NC_000007.CDS.120788592.120856763.rev","Protein","tetraspanin-12 isoform X1","Primates",9606,"9606.33","Homo sapiens",,"TSPAN12","HPI","physical association","two hybrid pooling approach","experimental","20711500;13779","intact","intact:EBI-2809451;imex:IM-13779-1364",
"fig|177416.18.peg.211","Protein","Peptide chain release factor 2 @ programmed frameshift-containing","Bacteria",177416,"177416.18","Francisella tularensis subsp. tularensis SCHU S4","FTT0191","prfB","RefSeq.9606.33.NC_000017.CDS.9250578.9575808.rev","Protein","syntaxin-8","Primates",9606,"9606.33","Homo sapiens",,"STX8","HPI","physical association","two hybrid pooling approach","experimental","20711500;13779","intact","intact:EBI-2796994;imex:IM-13779-87",
"RefSeq.177416.18.NC_006570.CDS.907390.909411.rev","Protein","oligopeptidase A","Bacteria",177416,"177416.18","Francisella tularensis subsp. tularensis SCHU S4","FTT0899c","prlC","RefSeq.9606.33.NC_000007.CDS.76302713.76304173.fwd","Protein","heat shock protein beta-1","Primates",9606,"9606.33","Homo sapiens",,"HSPB1","HPI","physical association","two hybrid pooling approach","experimental","20711500;13779","intact","intact:EBI-2806092;imex:IM-13779-989",
"RefSeq.177416.18.NC_006570.CDS.1247098.1247922.fwd","Protein","thymidylate synthase","Bacteria",177416,"177416.18","Francisella tularensis subsp. tularensis SCHU S4","FTT1229","thyA","RefSeq.9606.33.NC_000002.CDS.85539288.85543772.fwd","Protein","S-adenosylmethionine synthase isoform type-2","Primates",9606,"9606.33","Homo sapiens",,"MAT2A","HPI","physical association","two hybrid pooling approach","experimental","20711500;13779","intact","intact:EBI-2796760;imex:IM-13779-61",
"RefSeq.177416.18.NC_006570.CDS.644647.646971.fwd","Protein","DNA-binding, ATP-dependent protease La","Bacteria",177416,"177416.18","Francisella tularensis subsp. tularensis SCHU S4","FTT0626","lon","RefSeq.9606.33.NC_000004.CDS.6640863.6641246.fwd","Protein","MORF4 family-associated protein 1 isoform b","Primates",9606,"9606.33","Homo sapiens",,"MRFAP1","HPI","physical association","two hybrid pooling approach","experimental","20711500;13779","intact","intact:EBI-2804782;imex:IM-13779-847",
"RefSeq.177416.18.NC_006570.CDS.404586.408065.fwd","Protein","DNA polymerase III alpha subunit","Bacteria",177416,"177416.18","Francisella tularensis subsp. tularensis SCHU S4","FTT0402","dnaE","RefSeq.9606.33.NC_000008.CDS.31639395.32764402.fwd","Protein","pro-neuregulin-1, membrane-bound isoform isoform HRG-beta1d","Primates",9606,"9606.33","Homo sapiens",,"NRG1","HPI","physical association","two hybrid pooling approach","experimental","20711500;13779","intact","intact:EBI-2804228;imex:IM-13779-785",
"RefSeq.177416.18.NC_006570.CDS.734051.736333.fwd","Protein","chitinase family 18 protein","Bacteria",177416,"177416.18","Francisella tularensis subsp. tularensis SCHU S4","FTT0715",,"RefSeq.9606.33.NC_000006.CDS.31959193.31969715.fwd","Protein","helicase SKI2W","Primates",9606,"9606.33","Homo sapiens",,"SKIV2L","HPI","physical association","two hybrid pooling approach","experimental","20711500;13779","intact","intact:EBI-2801159;imex:IM-13779-493",
"RefSeq.177416.18.NC_006570.CDS.669625.670254.rev","Protein","Iron-sulfur cluster-binding protein","Bacteria",177416,"177416.18","Francisella tularensis subsp. tularensis SCHU S4","FTT0649c","rnfB","RefSeq.9606.33.NC_000017.CDS.81844012.81860471.rev","Protein","protein disulfide-isomerase precursor","Primates",9606,"9606.33","Homo sapiens",,"P4HB","HPI","physical association","two hybrid pooling approach","experimental","20711500;13779","intact","intact:EBI-2803852;imex:IM-13779-747",
"RefSeq.177416.18.NC_006570.CDS.335152.337266.fwd","Protein","elongation factor G","Bacteria",177416,"177416.18","Francisella tularensis subsp. tularensis SCHU S4","FTT0323","fusA","RefSeq.9606.33.NC_000006.CDS.30489532.30492581.fwd","Protein","HLA class I histocompatibility antigen, alpha chain E precursor","Primates",9606,"9606.33","Homo sapiens",,"HLA-E","HPI","physical association","two hybrid pooling approach","experimental","20711500;13779","intact","intact:EBI-2806253;imex:IM-13779-1005",
"RefSeq.177416.18.NC_006570.CDS.673237.674220.fwd","Protein","lipoyl synthase","Bacteria",177416,"177416.18","Francisella tularensis subsp. tularensis SCHU S4","FTT0653","lipA","RefSeq.9606.33.NC_000017.CDS.44320001.44323562.rev","Protein","solute carrier family 25 member 39 isoform X1","Primates",9606,"9606.33","Homo sapiens",,"SLC25A39","HPI","physical association","two hybrid pooling approach","experimental","20711500;13779","intact","intact:EBI-2809336;imex:IM-13779-1356",
"RefSeq.177416.18.NC_006570.CDS.335152.337266.fwd","Protein","elongation factor G","Bacteria",177416,"177416.18","Francisella tularensis subsp. tularensis SCHU S4","FTT0323","fusA","RefSeq.9606.33.NC_000005.CDS.36953697.37064892.fwd","Protein","nipped-B-like protein isoform X4","Primates",9606,"9606.33","Homo sapiens",,"NIPBL","HPI","physical association","two hybrid pooling approach","experimental","20711500;13779","intact","intact:EBI-2804362;imex:IM-13779-795",
"RefSeq.177416.18.NC_006570.CDS.1168800.1170584.rev","Protein","Type IV pilin multimeric outer membrane protein","Bacteria",177416,"177416.18","Francisella tularensis subsp. tularensis SCHU S4","FTT1156c","pilQ","RefSeq.9606.33.NC_000003.CDS.100750495.100993405.rev","Protein","target of Nesh-SH3 isoform X1","Primates",9606,"9606.33","Homo sapiens",,"ABI3BP","HPI","physical association","two hybrid pooling approach","experimental","20711500;13779","intact","intact:EBI-2800593;imex:IM-13779-431",
"RefSeq.177416.18.NC_006570.CDS.1532920.1534332.rev","Protein","dihydrolipoamide dehydrogenase","Bacteria",177416,"177416.18","Francisella tularensis subsp. tularensis SCHU S4","FTT1483c","lpd","RefSeq.9606.33.NC_000019.CDS.48204197.48234478.rev","Protein","caspase recruitment domain-containing protein 8 isoform X12","Primates",9606,"9606.33","Homo sapiens",,"CARD8","HPI","physical association","two hybrid pooling approach","experimental","20711500;13779","intact","intact:EBI-2808377;imex:IM-13779-1249",
"RefSeq.177416.18.NC_006570.CDS.720083.720433.fwd","Protein","iron-sulfur cluster insertion protein ErpA","Bacteria",177416,"177416.18","Francisella tularensis subsp. tularensis SCHU S4","FTT0700",,"RefSeq.9606.33.NC_000014.CDS.104753202.104759485.fwd","Protein","apoptosis regulatory protein Siva isoform 2","Primates",9606,"9606.33","Homo sapiens",,"SIVA1","HPI","physical association","two hybrid pooling approach","experimental","20711500;13779","intact","intact:EBI-2797875;imex:IM-13779-166",
"RefSeq.177416.18.NC_006570.CDS.401241.403217.fwd","Protein","soluble lytic murein transglycosylase","Bacteria",177416,"177416.18","Francisella tularensis subsp. tularensis SCHU S4","FTT0400","slt","RefSeq.9606.33.NC_000001.CDS.153390103.153422519.rev","Protein","protein S100-A8 isoform X1","Primates",9606,"9606.33","Homo sapiens",,"S100A8","HPI","physical association","two hybrid pooling approach","experimental","20711500;13779","intact","intact:EBI-2801478;imex:IM-13779-523",
"RefSeq.177416.18.NC_006570.CDS.1171783.1172346.rev","Protein","Type IV pili associated protein","Bacteria",177416,"177416.18","Francisella tularensis subsp. tularensis SCHU S4","FTT1159c",,"RefSeq.9606.33.NC_000017.CDS.75722428.75757555.fwd","Protein","integrin beta-4 isoform X7","Primates",9606,"9606.33","Homo sapiens",,"ITGB4","HPI","physical association","two hybrid pooling approach","experimental","20711500;13779","intact","intact:EBI-2805752;imex:IM-13779-951",
"RefSeq.177416.18.NC_006570.CDS.644647.646971.fwd","Protein","DNA-binding, ATP-dependent protease La","Bacteria",177416,"177416.18","Francisella tularensis subsp. tularensis SCHU S4","FTT0626","lon","RefSeq.9606.33.NC_000013.CDS.45957127.46045507.rev","Protein","zinc finger CCCH domain-containing protein 13 isoform X2","Primates",9606,"9606.33","Homo sapiens",,"ZC3H13","HPI","physical association","two hybrid pooling approach","experimental","20711500;13779","intact","intact:EBI-2799652;imex:IM-13779-328",
"RefSeq.177416.18.NC_006570.CDS.1458097.1458846.rev","Protein","uroporphyrinogen III synthase","Bacteria",177416,"177416.18","Francisella tularensis subsp. tularensis SCHU S4","FTT1408c","hemD","RefSeq.9606.33.NC_000001.CDS.15848068.15939427.fwd","Protein","msx2-interacting protein","Primates",9606,"9606.33","Homo sapiens",,"SPEN","HPI","physical association","two hybrid pooling approach","experimental","20711500;13779","intact","intact:EBI-2804824;imex:IM-13779-854",
"fig|177416.18.peg.60","Protein","Ribosomal large subunit pseudouridine synthase C (EC 5.4.99.24)","Bacteria",177416,"177416.18","Francisella tularensis subsp. tularensis SCHU S4","FTT0055","rluC","RefSeq.9606.33.NC_000006.CDS.131574293.131628049.rev","Protein","mediator of RNA polymerase II transcription subunit 23 isoform b","Primates",9606,"9606.33","Homo sapiens",,"MED23","HPI","physical association","two hybrid pooling approach","experimental","20711500;13779","intact","intact:EBI-2804964;imex:IM-13779-864",
"RefSeq.177416.18.NC_006570.CDS.1344367.1345806.rev","Protein","cytosol aminopeptidase","Bacteria",177416,"177416.18","Francisella tularensis subsp. tularensis SCHU S4","FTT1318c","pepA","RefSeq.9606.33.NC_000006.CDS.32439951.32443910.fwd","Protein","HLA class II histocompatibility antigen, DR alpha chain precursor","Primates",9606,"9606.33","Homo sapiens",,"HLA-DRA","HPI","physical association","two hybrid pooling approach","experimental","20711500;13779","intact","intact:EBI-2809566;imex:IM-13779-1378",
"RefSeq.177416.18.NC_006570.CDS.907390.909411.rev","Protein","oligopeptidase A","Bacteria",177416,"177416.18","Francisella tularensis subsp. tularensis SCHU S4","FTT0899c","prlC","RefSeq.9606.33.NC_000014.CDS.91969673.92039685.rev","Protein","thyroid receptor-interacting protein 11","Primates",9606,"9606.33","Homo sapiens",,"TRIP11","HPI","physical association","two hybrid pooling approach","experimental","20711500;13779","intact","intact:EBI-2797661;imex:IM-13779-147",
"RefSeq.177416.18.NC_006570.CDS.1524645.1526039.rev","Protein","major facilitator superfamily galactose-proton symporter","Bacteria",177416,"177416.18","Francisella tularensis subsp. tularensis SCHU S4","FTT1473c","galP2","RefSeq.9606.33.NC_000011.CDS.121452332.121629563.fwd","Protein","sortilin-related receptor isoform X1","Primates",9606,"9606.33","Homo sapiens",,"SORL1","HPI","physical association","two hybrid pooling approach","experimental","20711500;13779","intact","intact:EBI-2801046;imex:IM-13779-479",
"RefSeq.177416.18.NC_006570.CDS.1730263.1733547.fwd","Protein","carbamoyl phosphate synthase large subunit","Bacteria",177416,"177416.18","Francisella tularensis subsp. tularensis SCHU S4","FTT1664","carB","RefSeq.9606.33.NC_000014.CDS.55137374.55145394.fwd","Protein","galectin-3 isoform 2","Primates",9606,"9606.33","Homo sapiens",,"LGALS3","HPI","physical association","two hybrid pooling approach","experimental","20711500;13779","intact","intact:EBI-2796388;imex:IM-13779-26",
"RefSeq.177416.18.NC_006570.CDS.1089909.1090169.rev","Protein","hypothetical protein","Bacteria",177416,"177416.18","Francisella tularensis subsp. tularensis SCHU S4","FTT1079c",,"RefSeq.9606.33.NC_000023.CDS.123610936.123733022.rev","Protein","THO complex subunit 2 isoform X1","Primates",9606,"9606.33","Homo sapiens",,"THOC2","HPI","physical association","two hybrid pooling approach","experimental","20711500;13779","intact","intact:EBI-2802912;imex:IM-13779-653",
"RefSeq.177416.18.NC_006570.CDS.654040.654966.fwd","Protein","SPFH domain-containing protein/band 7 family protein","Bacteria",177416,"177416.18","Francisella tularensis subsp. tularensis SCHU S4","FTT0634","hflC","RefSeq.9606.33.NC_000019.CDS.45468587.45473012.fwd","Protein","protein fosB isoform 2","Primates",9606,"9606.33","Homo sapiens",,"FOSB","HPI","physical association","two hybrid pooling approach","experimental","20711500;13779","intact","intact:EBI-2806748;imex:IM-13779-1065",
"RefSeq.177416.18.NC_006570.CDS.312389.315148.fwd","Protein","valyl-tRNA synthetase","Bacteria",177416,"177416.18","Francisella tularensis subsp. tularensis SCHU S4","FTT0299","valS","RefSeq.9606.33.NC_000002.CDS.105361283.105399096.rev","Protein","four and a half LIM domains protein 2 isoform X2","Primates",9606,"9606.33","Homo sapiens",,"FHL2","HPI","physical association","two hybrid pooling approach","experimental","20711500;13779","intact","intact:EBI-2806794;imex:IM-13779-1071",
"RefSeq.177416.18.NC_006570.CDS.666505.667191.rev","Protein","hypothetical protein","Bacteria",177416,"177416.18","Francisella tularensis subsp. tularensis SCHU S4","FTT0645c",,"RefSeq.9606.33.NC_000012.CDS.94571435.94650430.rev","Protein","transmembrane and coiled-coil domains protein 3 isoform 1","Primates",9606,"9606.33","Homo sapiens",,"TMCC3","HPI","physical association","two hybrid pooling approach","experimental","20711500;13779","intact","intact:EBI-2800323;imex:IM-13779-400",
"RefSeq.177416.18.NC_006570.CDS.335152.337266.fwd","Protein","elongation factor G","Bacteria",177416,"177416.18","Francisella tularensis subsp. tularensis SCHU S4","FTT0323","fusA","RefSeq.9606.33.NC_000005.CDS.181236977.181243800.rev","Protein","guanine nucleotide-binding protein subunit beta-2-like 1","Primates",9606,"9606.33","Homo sapiens",,"GNB2L1","HPI","physical association","two hybrid pooling approach","experimental","20711500;13779","intact","intact:EBI-2806664;imex:IM-13779-1058",
"RefSeq.177416.18.NC_006570.CDS.1358875.1360155.fwd","Protein","seryl-tRNA synthetase","Bacteria",177416,"177416.18","Francisella tularensis subsp. tularensis SCHU S4","FTT1330","serS","RefSeq.9606.33.NC_000009.CDS.101421809.101430887.rev","Protein","fructose-bisphosphate aldolase B","Primates",9606,"9606.33","Homo sapiens",,"ALDOB","HPI","physical association","two hybrid pooling approach","experimental","20711500;13779","intact","intact:EBI-2809065;imex:IM-13779-1331",
"RefSeq.177416.18.NC_006570.CDS.717996.720077.fwd","Protein","polynucleotide phosphorylase/polyadenylase","Bacteria",177416,"177416.18","Francisella tularensis subsp. tularensis SCHU S4","FTT0699","pnp","RefSeq.9606.33.NC_000007.CDS.26192516.26200577.rev","Protein","heterogeneous nuclear ribonucleoproteins A2/B1 isoform X1","Primates",9606,"9606.33","Homo sapiens",,"HNRNPA2B1","HPI","physical association","two hybrid pooling approach","experimental","20711500;13779","intact","intact:EBI-2801612;imex:IM-13779-538",
"RefSeq.177416.18.NC_006570.CDS.788288.791008.fwd","Protein","preprotein translocase subunit SecA","Bacteria",177416,"177416.18","Francisella tularensis subsp. tularensis SCHU S4","FTT0769","secA","RefSeq.9606.33.NC_000001.CDS.26472613.26475148.fwd","Protein","non-histone chromosomal protein HMG-17","Primates",9606,"9606.33","Homo sapiens",,"HMGN2","HPI","physical association","two hybrid pooling approach","experimental","20711500;13779","intact","intact:EBI-2806162;imex:IM-13779-996",
"fig|177416.18.peg.211","Protein","Peptide chain release factor 2 @ programmed frameshift-containing","Bacteria",177416,"177416.18","Francisella tularensis subsp. tularensis SCHU S4","FTT0191","prfB","RefSeq.9606.33.NC_000011.CDS.114391565.114400331.rev","Protein","uncharacterized protein C11orf71 isoform 2","Primates",9606,"9606.33","Homo sapiens",,"C11orf71","HPI","physical association","two hybrid pooling approach","experimental","20711500;13779","intact","intact:EBI-2807978;imex:IM-13779-1206",
"RefSeq.177416.18.NC_006570.CDS.335152.337266.fwd","Protein","elongation factor G","Bacteria",177416,"177416.18","Francisella tularensis subsp. tularensis SCHU S4","FTT0323","fusA","RefSeq.9606.33.NC_000003.CDS.10141848.10149965.fwd","Protein","von Hippel-Lindau disease tumor suppressor isoform 2","Primates",9606,"9606.33","Homo sapiens",,"VHL","HPI","physical association","two hybrid pooling approach","experimental","20711500;13779","intact","intact:EBI-2799887;imex:IM-13779-351",
"RefSeq.177416.18.NC_006570.CDS.1802117.1805989.rev","Protein","phosphoribosylformylglycinamidine synthase","Bacteria",177416,"177416.18","Francisella tularensis subsp. tularensis SCHU S4","FTT1720c","purL","RefSeq.9606.33.NC_000004.CDS.102510933.102616594.fwd","Protein","nuclear factor NF-kappa-B p105 subunit isoform X2","Primates",9606,"9606.33","Homo sapiens",,"NFKB1","HPI","physical association","two hybrid pooling approach","experimental","20711500;13779","intact","intact:EBI-2804415;imex:IM-13779-806",
"RefSeq.177416.18.NC_006570.CDS.1216064.1218070.rev","Protein","excinuclease ABC subunit B","Bacteria",177416,"177416.18","Francisella tularensis subsp. tularensis SCHU S4","FTT1199c","uvrB","RefSeq.9606.33.NC_000010.CDS.112950757.113165972.fwd","Protein","transcription factor 7-like 2 isoform X17","Primates",9606,"9606.33","Homo sapiens",,"TCF7L2","HPI","physical association","two hybrid pooling approach","experimental","20711500;13779","intact","intact:EBI-2800474;imex:IM-13779-416",
"RefSeq.177416.18.NC_006570.CDS.1546379.1546774.rev","Protein","hypothetical protein","Bacteria",177416,"177416.18","Francisella tularensis subsp. tularensis SCHU S4","FTT1493c",,"RefSeq.9606.33.NC_000020.CDS.56468698.56518265.fwd","Protein","protein RTF2 homolog isoform c","Primates",9606,"9606.33","Homo sapiens",,"RTFDC1","HPI","physical association","two hybrid pooling approach","experimental","20711500;13779","intact","intact:EBI-2807576;imex:IM-13779-1161",
"RefSeq.177416.18.NC_006570.CDS.1855330.1857150.rev","Protein","chitinase","Bacteria",177416,"177416.18","Francisella tularensis subsp. tularensis SCHU S4","FTT1768c",,"RefSeq.9606.33.NC_000020.CDS.35704481.35740874.rev","Protein","RNA-binding protein 39 isoform a","Primates",9606,"9606.33","Homo sapiens",,"RBM39","HPI","physical association","two hybrid pooling approach","experimental","20711500;13779","intact","intact:EBI-2798037;imex:IM-13779-183",
"RefSeq.177416.18.NC_006570.CDS.503406.504125.fwd","Protein","hypothetical protein","Bacteria",177416,"177416.18","Francisella tularensis subsp. tularensis SCHU S4","FTT0484",,"RefSeq.9606.33.NC_000012.CDS.54280808.54284313.fwd","Protein","heterogeneous nuclear ribonucleoprotein A1 isoform a","Primates",9606,"9606.33","Homo sapiens",,"HNRNPA1","HPI","physical association","two hybrid pooling approach","experimental","20711500;13779","intact","intact:EBI-2801637;imex:IM-13779-544",
"RefSeq.177416.18.NC_006570.CDS.741201.743426.rev","Protein","peroxidase/catalase","Bacteria",177416,"177416.18","Francisella tularensis subsp. tularensis SCHU S4","FTT0721c","katG","RefSeq.9606.33.NC_000019.CDS.38587748.38617895.rev","Protein","mitogen-activated protein kinase kinase kinase kinase 1 isoform X2","Primates",9606,"9606.33","Homo sapiens",,"MAP4K1","HPI","physical association","two hybrid pooling approach","experimental","20711500;13779","intact","intact:EBI-2805121;imex:IM-13779-883",
"RefSeq.177416.18.NC_006570.CDS.1046442.1048175.rev","Protein","RNA polymerase sigma-70 factor","Bacteria",177416,"177416.18","Francisella tularensis subsp. tularensis SCHU S4","FTT1035c","rpoD","RefSeq.9606.33.NC_000015.CDS.36892173.37099466.rev","Protein","homeobox protein Meis2 isoform X1","Primates",9606,"9606.33","Homo sapiens",,"MEIS2","HPI","physical association","two hybrid pooling approach","experimental","20711500;13779","intact","intact:EBI-2804943;imex:IM-13779-863",
"RefSeq.177416.18.NC_006570.CDS.1802117.1805989.rev","Protein","phosphoribosylformylglycinamidine synthase","Bacteria",177416,"177416.18","Francisella tularensis subsp. tularensis SCHU S4","FTT1720c","purL","RefSeq.9606.33.NC_000019.CDS.36035440.36054217.rev","Protein","THAP domain-containing protein 8","Primates",9606,"9606.33","Homo sapiens",,"THAP8","HPI","physical association","two hybrid pooling approach","experimental","20711500;13779","intact","intact:EBI-2800446;imex:IM-13779-411",
"RefSeq.177416.18.NC_006570.CDS.673237.674220.fwd","Protein","lipoyl synthase","Bacteria",177416,"177416.18","Francisella tularensis subsp. tularensis SCHU S4","FTT0653","lipA","RefSeq.9606.33.NC_000003.CDS.123067165.123161960.fwd","Protein","protein disulfide-isomerase A5 precursor","Primates",9606,"9606.33","Homo sapiens",,"PDIA5","HPI","physical association","two hybrid pooling approach","experimental","20711500;13779","intact","intact:EBI-2803845;imex:IM-13779-745",
"fig|177416.18.peg.215","Protein","Glutaminase (EC 3.5.1.2)","Bacteria",177416,"177416.18","Francisella tularensis subsp. tularensis SCHU S4","FTT0195c",,"RefSeq.9606.33.NC_000006.CDS.158636827.158644708.rev","Protein","dynein light chain Tctex-type 1 isoform 1","Primates",9606,"9606.33","Homo sapiens",,"DYNLT1","HPI","physical association","two hybrid pooling approach","experimental","20711500;13779","intact","intact:EBI-2797399;imex:IM-13779-124",
"RefSeq.177416.18.NC_006570.CDS.1857772.1860351.rev","Protein","ClpB protein","Bacteria",177416,"177416.18","Francisella tularensis subsp. tularensis SCHU S4","FTT1769c","clpB","RefSeq.9606.33.NC_000006.CDS.31982108.32002540.fwd","Protein","complement C4-A isoform 2 preproprotein","Primates",9606,"9606.33","Homo sapiens",,"C4A","HPI","physical association","two hybrid pooling approach","experimental","20711500;13779","intact","intact:EBI-2797439;imex:IM-13779-128",
"RefSeq.177416.18.NC_006570.CDS.1357322.1358860.fwd","Protein","phosphoglyceromutase","Bacteria",177416,"177416.18","Francisella tularensis subsp. tularensis SCHU S4","FTT1329","gpmI","RefSeq.9606.33.NC_000015.CDS.72199650.72230987.rev","Protein","pyruvate kinase PKM isoform c","Primates",9606,"9606.33","Homo sapiens",,"PKM","HPI","physical association","two hybrid pooling approach","experimental","20711500;13779","intact","intact:EBI-2805458;imex:IM-13779-920",
"RefSeq.177416.18.NC_006570.CDS.1524645.1526039.rev","Protein","major facilitator superfamily galactose-proton symporter","Bacteria",177416,"177416.18","Francisella tularensis subsp. tularensis SCHU S4","FTT1473c","galP2","RefSeq.9606.33.NC_000007.CDS.150800933.150804868.fwd","Protein","transmembrane protein 176A isoform X3","Primates",9606,"9606.33","Homo sapiens",,"TMEM176A","HPI","physical association","two hybrid pooling approach","experimental","20711500;13779","intact","intact:EBI-2800642;imex:IM-13779-438",
"RefSeq.177416.18.NC_006570.CDS.1802117.1805989.rev","Protein","phosphoribosylformylglycinamidine synthase","Bacteria",177416,"177416.18","Francisella tularensis subsp. tularensis SCHU S4","FTT1720c","purL","RefSeq.9606.33.NC_000011.CDS.57598271.57614581.fwd","Protein","plasma protease C1 inhibitor precursor","Primates",9606,"9606.33","Homo sapiens",,"SERPING1","HPI","physical association","two hybrid pooling approach","experimental","20711500;13779","intact","intact:EBI-2798806;imex:IM-13779-253",
"RefSeq.177416.18.NC_006570.CDS.1194341.1196158.fwd","Protein","GTP binding translational elongation factor Tu and G family protein","Bacteria",177416,"177416.18","Francisella tularensis subsp. tularensis SCHU S4","FTT1179","bipA","RefSeq.9606.33.NC_000009.CDS.99982612.100098840.rev","Protein","endoplasmic reticulum resident protein 44 precursor","Primates",9606,"9606.33","Homo sapiens",,"ERP44","HPI","physical association","two hybrid pooling approach","experimental","20711500;13779","intact","intact:EBI-2800018;imex:IM-13779-366",
"fig|177416.18.peg.212","Protein","Lysyl-tRNA synthetase (class II) (EC 6.1.1.6)","Bacteria",177416,"177416.18","Francisella tularensis subsp. tularensis SCHU S4","FTT0192","lysU","RefSeq.9606.33.NC_000014.CDS.45095240.45114913.fwd","Protein","pre-mRNA-processing factor 39","Primates",9606,"9606.33","Homo sapiens",,"PRPF39","HPI","physical association","two hybrid pooling approach","experimental","20711500;13779","intact","intact:EBI-2803210;imex:IM-13779-680",
"RefSeq.177416.18.NC_006570.CDS.448884.449744.fwd","Protein","carbon-nitrogen hydrolase family protein","Bacteria",177416,"177416.18","Francisella tularensis subsp. tularensis SCHU S4","FTT0435",,"RefSeq.9606.33.NC_000010.CDS.73498629.73575658.rev","Protein","inactive ubiquitin carboxyl-terminal hydrolase 54 isoform X1","Primates",9606,"9606.33","Homo sapiens",,"USP54","HPI","physical association","two hybrid pooling approach","experimental","20711500;13779","intact","intact:EBI-2798233;imex:IM-13779-199",
"fig|177416.18.peg.148","Protein","Glycerol-3-phosphate dehydrogenase (EC 1.1.5.3)","Bacteria",177416,"177416.18","Francisella tularensis subsp. tularensis SCHU S4","FTT0132","glpA","RefSeq.9606.33.NC_000016.CDS.30185210.30188964.fwd","Protein","coronin-1A isoform X1","Primates",9606,"9606.33","Homo sapiens",,"CORO1A","HPI","physical association","two hybrid pooling approach","experimental","20711500;13779","intact","intact:EBI-2807711;imex:IM-13779-1174",
"RefSeq.177416.18.NC_006570.CDS.810062.811291.fwd","Protein","glycosyl transferase group 1 family protein","Bacteria",177416,"177416.18","Francisella tularensis subsp. tularensis SCHU S4","FTT0792",,"RefSeq.9606.33.NC_000003.CDS.196238688.196270531.rev","Protein","choline-phosphate cytidylyltransferase A","Primates",9606,"9606.33","Homo sapiens",,"PCYT1A","HPI","physical association","two hybrid pooling approach","experimental","20711500;13779","intact","intact:EBI-2803879;imex:IM-13779-751",
"RefSeq.177416.18.NC_006570.CDS.422414.424336.rev","Protein","glycogen branching enzyme","Bacteria",177416,"177416.18","Francisella tularensis subsp. tularensis SCHU S4","FTT0413c","glgB","RefSeq.9606.33.NC_000010.CDS.58269274.58287650.fwd","Protein","CDGSH iron-sulfur domain-containing protein 1","Primates",9606,"9606.33","Homo sapiens",,"CISD1","HPI","physical association","two hybrid pooling approach","experimental","20711500;13779","intact","intact:EBI-2803156;imex:IM-13779-675",
"RefSeq.177416.18.NC_006570.CDS.741201.743426.rev","Protein","peroxidase/catalase","Bacteria",177416,"177416.18","Francisella tularensis subsp. tularensis SCHU S4","FTT0721c","katG","RefSeq.9606.33.NC_000011.CDS.926022.1010625.fwd","Protein","AP-2 complex subunit alpha-2 isoform 2","Primates",9606,"9606.33","Homo sapiens",,"AP2A2","HPI","physical association","two hybrid pooling approach","experimental","20711500;13779","intact","intact:EBI-2808902;imex:IM-13779-1310",
"RefSeq.177416.18.NC_006570.CDS.1595657.1597072.rev","Protein","putative nicotinate phosphoribosyltransferase","Bacteria",177416,"177416.18","Francisella tularensis subsp. tularensis SCHU S4","FTT1534c",,"RefSeq.9606.33.NC_000017.CDS.6578266.6635103.rev","Protein","uncharacterized protein KIAA0753 isoform X2","Primates",9606,"9606.33","Homo sapiens",,"KIAA0753","HPI","physical association","two hybrid pooling approach","experimental","20711500;13779","intact","intact:EBI-2805601;imex:IM-13779-937",
"fig|177416.18.peg.208","Protein","Cell division protein FtsZ (EC 3.4.24.-)","Bacteria",177416,"177416.18","Francisella tularensis subsp. tularensis SCHU S4","FTT0188","ftsZ","RefSeq.9606.33.NC_000005.CDS.151030642.151065095.rev","Protein","TNFAIP3-interacting protein 1 isoform 4","Primates",9606,"9606.33","Homo sapiens",,"TNIP1","HPI","physical association","two hybrid pooling approach","experimental","20711500;13779","intact","intact:EBI-2800272;imex:IM-13779-394",
"fig|177416.18.peg.212","Protein","Lysyl-tRNA synthetase (class II) (EC 6.1.1.6)","Bacteria",177416,"177416.18","Francisella tularensis subsp. tularensis SCHU S4","FTT0192","lysU","RefSeq.9606.33.NC_000020.CDS.48625885.48827860.rev","Protein","phosphatidylinositol 3,4,5-trisphosphate-dependent Rac exchanger 1 protein","Primates",9606,"9606.33","Homo sapiens",,"PREX1","HPI","physical association","two hybrid pooling approach","experimental","20711500;13779","intact","intact:EBI-2803402;imex:IM-13779-698",
"RefSeq.177416.18.NC_006570.CDS.1587238.1589478.fwd","Protein","acyl-CoA dehydrogenase","Bacteria",177416,"177416.18","Francisella tularensis subsp. tularensis SCHU S4","FTT1529","fadE","RefSeq.9606.33.NC_000006.CDS.87590169.87667123.fwd","Protein","origin recognition complex subunit 3 isoform X2","Primates",9606,"9606.33","Homo sapiens",,"ORC3","HPI","physical association","two hybrid pooling approach","experimental","20711500;13779","intact","intact:EBI-2804146;imex:IM-13779-776",
"fig|177416.18.peg.216","Protein","Glutamine synthetase type II, eukaryotic (EC 6.3.1.2)","Bacteria",177416,"177416.18","Francisella tularensis subsp. tularensis SCHU S4","FTT0196c","glnA","RefSeq.9606.33.NC_000010.CDS.112950757.113165972.fwd","Protein","transcription factor 7-like 2 isoform X17","Primates",9606,"9606.33","Homo sapiens",,"TCF7L2","HPI","physical association","two hybrid pooling approach","experimental","20711500;13779","intact","intact:EBI-2797686;imex:IM-13779-153",
"RefSeq.177416.18.NC_006570.CDS.821971.822834.fwd","Protein","asparaginase","Bacteria",177416,"177416.18","Francisella tularensis subsp. tularensis SCHU S4","FTT0803","ans","RefSeq.9606.33.NC_000015.CDS.64156023.64162986.rev","Protein","peptidyl-prolyl cis-trans isomerase B precursor","Primates",9606,"9606.33","Homo sapiens",,"PPIB","HPI","physical association","two hybrid pooling approach","experimental","20711500;13779","intact","intact:EBI-2803460;imex:IM-13779-704",
"RefSeq.177416.18.NC_006570.CDS.1471194.1471814.fwd","Protein","oxidoreductase","Bacteria",177416,"177416.18","Francisella tularensis subsp. tularensis SCHU S4","FTT1422",,"RefSeq.9606.33.NC_000010.CDS.119168480.119178790.rev","Protein","thioredoxin-dependent peroxide reductase, mitochondrial isoform a precursor","Primates",9606,"9606.33","Homo sapiens",,"PRDX3","HPI","physical association","two hybrid pooling approach","experimental","20711500;13779","intact","intact:EBI-2803416;imex:IM-13779-701",
"fig|177416.18.peg.161","Protein","DNA-directed RNA polymerase beta' subunit (EC 2.7.7.6)","Bacteria",177416,"177416.18","Francisella tularensis subsp. tularensis SCHU S4","FTT0145","rpoC","RefSeq.9606.33.NC_000013.CDS.72783470.73015919.fwd","Protein","progesterone-induced-blocking factor 1","Primates",9606,"9606.33","Homo sapiens",,"PIBF1","HPI","physical association","two hybrid pooling approach","experimental","20711500;13779","intact","intact:EBI-2796243;imex:IM-13779-14",
"RefSeq.177416.18.NC_006570.CDS.1837780.1838229.fwd","Protein","preprotein translocase subunit SecB","Bacteria",177416,"177416.18","Francisella tularensis subsp. tularensis SCHU S4","FTT1749","secB1","RefSeq.9606.33.NC_000018.CDS.5393473.5489183.rev","Protein","band 4.1-like protein 3 isoform X8","Primates",9606,"9606.33","Homo sapiens",,"EPB41L3","HPI","physical association","two hybrid pooling approach","experimental","20711500;13779","intact","intact:EBI-2796419;imex:IM-13779-29",
"fig|177416.18.peg.93","Protein","Aconitate hydratase (EC 4.2.1.3)","Bacteria",177416,"177416.18","Francisella tularensis subsp. tularensis SCHU S4","FTT0087","acnA","RefSeq.9606.33.NC_000013.CDS.110150363.110307027.rev","Protein","collagen alpha-1(IV) chain isoform 1 preproprotein","Primates",9606,"9606.33","Homo sapiens",,"COL4A1","HPI","physical association","two hybrid pooling approach","experimental","20711500;13779","intact","intact:EBI-2807817;imex:IM-13779-1188",
"fig|177416.18.peg.24","Protein","Aspartyl-tRNA(Asn) amidotransferase subunit B (EC 6.3.5.6) @ Glutamyl-tRNA(Gln) amidotransferase subunit B (EC 6.3.5.7)","Bacteria",177416,"177416.18","Francisella tularensis subsp. tularensis SCHU S4","FTT0021","gatB","RefSeq.9606.33.NC_000017.CDS.7669609.7676594.rev","Protein","cellular tumor antigen p53 isoform a","Primates",9606,"9606.33","Homo sapiens",,"TP53","HPI","physical association","two hybrid pooling approach","experimental","20711500;13779","intact","intact:EBI-2804066;imex:IM-13779-766",
"RefSeq.177416.18.NC_006570.CDS.332266.333060.fwd","Protein","phosphatidate cytidylyltransferase","Bacteria",177416,"177416.18","Francisella tularensis subsp. tularensis SCHU S4","FTT0318","cdsA","RefSeq.9606.33.NC_000004.CDS.2490494.2513819.fwd","Protein","E3 ubiquitin-protein ligase RNF4 isoform 1","Primates",9606,"9606.33","Homo sapiens",,"RNF4","HPI","physical association","two hybrid pooling approach","experimental","20711500;13779","intact","intact:EBI-2801678;imex:IM-13779-545",
"RefSeq.177416.18.NC_006570.CDS.894174.895823.fwd","Protein","DNA repair protein recN","Bacteria",177416,"177416.18","Francisella tularensis subsp. tularensis SCHU S4","FTT0886",,"RefSeq.9606.33.NC_000001.CDS.10232329.10376587.fwd","Protein","kinesin-like protein KIF1B isoform b","Primates",9606,"9606.33","Homo sapiens",,"KIF1B","HPI","physical association","two hybrid pooling approach","experimental","20711500;13779","intact","intact:EBI-2805502;imex:IM-13779-922",
"RefSeq.177416.18.NC_006570.CDS.387934.388977.fwd","Protein","bifunctional nicotinamide mononucleotide adenylyltransferase/ADP-ribose pyrophosphatase","Bacteria",177416,"177416.18","Francisella tularensis subsp. tularensis SCHU S4","FTT0386","nadM","RefSeq.9606.33.NW_015148969.CDS.10731.67428.fwd","Protein","SH3 and multiple ankyrin repeat domains protein 3","Primates",9606,"9606.33","Homo sapiens",,"SHANK3","HPI","physical association","two hybrid pooling approach","experimental","20711500;13779","intact","intact:EBI-2796646;imex:IM-13779-50",
"RefSeq.177416.18.NC_006570.CDS.335152.337266.fwd","Protein","elongation factor G","Bacteria",177416,"177416.18","Francisella tularensis subsp. tularensis SCHU S4","FTT0323","fusA","RefSeq.9606.33.NC_000007.CDS.116862612.116917867.fwd","Protein","F-actin-capping protein subunit alpha-2","Primates",9606,"9606.33","Homo sapiens",,"CAPZA2","HPI","physical association","two hybrid pooling approach","experimental","20711500;13779","intact","intact:EBI-2808335;imex:IM-13779-1245",
"RefSeq.177416.18.NC_006570.CDS.1601863.1603293.rev","Protein","hypothetical protein","Bacteria",177416,"177416.18","Francisella tularensis subsp. tularensis SCHU S4","FTT1539c",,"RefSeq.9606.33.NC_000011.CDS.5696233.5709648.fwd","Protein","E3 ubiquitin-protein ligase TRIM22 isoform 2","Primates",9606,"9606.33","Homo sapiens",,"TRIM22","HPI","physical association","two hybrid pooling approach","experimental","20711500;13779","intact","intact:EBI-2800196;imex:IM-13779-387",
"RefSeq.177416.18.NC_006570.CDS.1811118.1811738.rev","Protein","protein-L-isoaspartate O-methyltransferase","Bacteria",177416,"177416.18","Francisella tularensis subsp. tularensis SCHU S4","FTT1725c","pcm","RefSeq.9606.33.NC_000003.CDS.146516045.146536552.rev","Protein","phospholipid scramblase 1 isoform X1","Primates",9606,"9606.33","Homo sapiens",,"PLSCR1","HPI","physical association","two hybrid pooling approach","experimental","20711500;13779","intact","intact:EBI-2803594;imex:IM-13779-719",
"RefSeq.177416.18.NC_006570.CDS.1194341.1196158.fwd","Protein","GTP binding translational elongation factor Tu and G family protein","Bacteria",177416,"177416.18","Francisella tularensis subsp. tularensis SCHU S4","FTT1179","bipA","RefSeq.9606.33.NC_000012.CDS.112029531.112108773.rev","Protein","N-alpha-acetyltransferase 25, NatB auxiliary subunit","Primates",9606,"9606.33","Homo sapiens",,"NAA25","HPI","physical association","two hybrid pooling approach","experimental","20711500;13779","intact","intact:EBI-2807935;imex:IM-13779-1201",
"RefSeq.177416.18.NC_006570.CDS.894174.895823.fwd","Protein","DNA repair protein recN","Bacteria",177416,"177416.18","Francisella tularensis subsp. tularensis SCHU S4","FTT0886",,"RefSeq.9606.33.NC_000007.CDS.107203516.107563989.rev","Protein","conserved oligomeric Golgi complex subunit 5 isoform 1","Primates",9606,"9606.33","Homo sapiens",,"COG5","HPI","physical association","two hybrid pooling approach","experimental","20711500;13779","intact","intact:EBI-2807746;imex:IM-13779-1181",
"RefSeq.177416.18.NC_006570.CDS.1730263.1733547.fwd","Protein","carbamoyl phosphate synthase large subunit","Bacteria",177416,"177416.18","Francisella tularensis subsp. tularensis SCHU S4","FTT1664","carB","RefSeq.9606.33.NC_000017.CDS.9250578.9575808.rev","Protein","syntaxin-8","Primates",9606,"9606.33","Homo sapiens",,"STX8","HPI","physical association","two hybrid pooling approach","experimental","20711500;13779","intact","intact:EBI-2800767;imex:IM-13779-450",
"RefSeq.177416.18.NC_006570.CDS.796879.798717.fwd","Protein","excinuclease ABC subunit C","Bacteria",177416,"177416.18","Francisella tularensis subsp. tularensis SCHU S4","FTT0777","uvrC","RefSeq.9606.33.NC_000010.CDS.89705295.89774048.fwd","Protein","kinesin-like protein KIF20B isoform 2","Primates",9606,"9606.33","Homo sapiens",,"KIF20B","HPI","physical association","two hybrid pooling approach","experimental","20711500;13779","intact","intact:EBI-2798696;imex:IM-13779-241",
"fig|177416.18.peg.54","Protein","Transcription termination protein NusA","Bacteria",177416,"177416.18","Francisella tularensis subsp. tularensis SCHU S4","FTT0049","nusA","RefSeq.9606.33.NC_000011.CDS.62602302.62612457.rev","Protein","echinoderm microtubule-associated protein-like 3 isoform 1","Primates",9606,"9606.33","Homo sapiens",,"EML3","HPI","physical association","two hybrid pooling approach","experimental","20711500;13779","intact","intact:EBI-2807055;imex:IM-13779-1100",
"fig|177416.18.peg.24","Protein","Aspartyl-tRNA(Asn) amidotransferase subunit B (EC 6.3.5.6) @ Glutamyl-tRNA(Gln) amidotransferase subunit B (EC 6.3.5.7)","Bacteria",177416,"177416.18","Francisella tularensis subsp. tularensis SCHU S4","FTT0021","gatB","RefSeq.9606.33.NC_000003.CDS.184299267.184308890.fwd","Protein","26S proteasome non-ATPase regulatory subunit 2 isoform 1","Primates",9606,"9606.33","Homo sapiens",,"PSMD2","HPI","physical association","two hybrid pooling approach","experimental","20711500;13779","intact","intact:EBI-2803290;imex:IM-13779-685",
"fig|177416.18.peg.160","Protein","DNA-directed RNA polymerase beta subunit (EC 2.7.7.6)","Bacteria",177416,"177416.18","Francisella tularensis subsp. tularensis SCHU S4","FTT0144","rpoB","RefSeq.9606.33.NC_000011.CDS.5696233.5709648.fwd","Protein","E3 ubiquitin-protein ligase TRIM22 isoform 2","Primates",9606,"9606.33","Homo sapiens",,"TRIM22","HPI","physical association","two hybrid pooling approach","experimental","20711500;13779","intact","intact:EBI-2800178;imex:IM-13779-383",
"RefSeq.177416.18.NC_006570.CDS.1463095.1464792.fwd","Protein","prolyl-tRNA synthetase","Bacteria",177416,"177416.18","Francisella tularensis subsp. tularensis SCHU S4","FTT1412","proS","RefSeq.9606.33.NC_000023.CDS.40052109.40077929.rev","Protein","BCL-6 corepressor isoform X2","Primates",9606,"9606.33","Homo sapiens",,"BCOR","HPI","physical association","two hybrid pooling approach","experimental","20711500;13779","intact","intact:EBI-2808553;imex:IM-13779-1267",
"RefSeq.177416.18.NC_006570.CDS.1421900.1422184.fwd","Protein","acyl carrier protein","Bacteria",177416,"177416.18","Francisella tularensis subsp. tularensis SCHU S4","FTT1376","acpP","RefSeq.9606.33.NC_000002.CDS.36553163.36598142.rev","Protein","fasciculation and elongation protein zeta-2 isoform 2","Primates",9606,"9606.33","Homo sapiens",,"FEZ2","HPI","physical association","two hybrid pooling approach","experimental","20711500;13779","intact","intact:EBI-2806826;imex:IM-13779-1073",
"RefSeq.177416.18.NC_006570.CDS.1415006.1416997.rev","Protein","transketolase","Bacteria",177416,"177416.18","Francisella tularensis subsp. tularensis SCHU S4","FTT1369c","tktA","RefSeq.9606.33.NC_000017.CDS.67078252.67218804.rev","Protein","probable helicase with zinc finger domain isoform X1","Primates",9606,"9606.33","Homo sapiens",,"HELZ","HPI","physical association","two hybrid pooling approach","experimental","20711500;13779","intact","intact:EBI-2796789;imex:IM-13779-63",
"RefSeq.177416.18.NC_006570.CDS.1809580.1811109.rev","Protein","outer membrane protein tolC precursor","Bacteria",177416,"177416.18","Francisella tularensis subsp. tularensis SCHU S4","FTT1724c","tolC","RefSeq.9606.33.NC_000007.CDS.76302713.76304173.fwd","Protein","heat shock protein beta-1","Primates",9606,"9606.33","Homo sapiens",,"HSPB1","HPI","physical association","two hybrid pooling approach","experimental","20711500;13779","intact","intact:EBI-2806099;imex:IM-13779-988",
"RefSeq.177416.18.NC_006570.CDS.1336516.1339338.rev","Protein","DNA excision repair enzyme, subunit A (UvrABC system protein A), ABC transporter, ATP-binding protein","Bacteria",177416,"177416.18","Francisella tularensis subsp. tularensis SCHU S4","FTT1312c","uvrA","RefSeq.9606.33.NC_000016.CDS.11679195.11742730.rev","Protein","thioredoxin domain-containing protein 11 isoform X1","Primates",9606,"9606.33","Homo sapiens",,"TXNDC11","HPI","physical association","two hybrid pooling approach","experimental","20711500;13779","intact","intact:EBI-2800032;imex:IM-13779-369",
"RefSeq.177416.18.NC_006570.CDS.335152.337266.fwd","Protein","elongation factor G","Bacteria",177416,"177416.18","Francisella tularensis subsp. tularensis SCHU S4","FTT0323","fusA","RefSeq.9606.33.NC_000001.CDS.185734780.186189878.fwd","Protein","hemicentin-1 isoform X1","Primates",9606,"9606.33","Homo sapiens",,"HMCN1","HPI","physical association","two hybrid pooling approach","experimental","20711500;13779","intact","intact:EBI-2806197;imex:IM-13779-1002",
"fig|177416.18.peg.54","Protein","Transcription termination protein NusA","Bacteria",177416,"177416.18","Francisella tularensis subsp. tularensis SCHU S4","FTT0049","nusA","RefSeq.9606.33.NC_000006.CDS.33412264.33416098.fwd","Protein","PHD finger protein 1 isoform X2","Primates",9606,"9606.33","Homo sapiens",,"PHF1","HPI","physical association","two hybrid pooling approach","experimental","20711500;13779","intact","intact:EBI-2803743;imex:IM-13779-733",
"RefSeq.177416.18.NC_006570.CDS.1046442.1048175.rev","Protein","RNA polymerase sigma-70 factor","Bacteria",177416,"177416.18","Francisella tularensis subsp. tularensis SCHU S4","FTT1035c","rpoD","RefSeq.9606.33.NC_000019.CDS.49591655.49625607.fwd","Protein","proline-rich protein 12","Primates",9606,"9606.33","Homo sapiens",,"PRR12","HPI","physical association","two hybrid pooling approach","experimental","20711500;13779","intact","intact:EBI-2803355;imex:IM-13779-692",
"fig|177416.18.peg.153","Protein","Translation elongation factor Tu","Bacteria",177416,"177416.18","Francisella tularensis subsp. tularensis SCHU S4","FTT0137","tufA","RefSeq.9606.33.NC_000019.CDS.49390884.49417551.fwd","Protein","protein KASH5 isoform X4","Primates",9606,"9606.33","Homo sapiens",,"CCDC155","HPI","physical association","two hybrid pooling approach","experimental","20711500;13779","intact","intact:EBI-2802245;imex:IM-13779-598",
"RefSeq.177416.18.NC_006570.CDS.644647.646971.fwd","Protein","DNA-binding, ATP-dependent protease La","Bacteria",177416,"177416.18","Francisella tularensis subsp. tularensis SCHU S4","FTT0626","lon","RefSeq.9606.33.NC_000006.CDS.144291829.144850997.fwd","Protein","utrophin isoform X1","Primates",9606,"9606.33","Homo sapiens",,"UTRN","HPI","physical association","two hybrid pooling approach","experimental","20711500;13779","intact","intact:EBI-2796897;imex:IM-13779-75",
"RefSeq.177416.18.NC_006570.CDS.1038723.1040057.fwd","Protein","D-alanyl-D-alanine carboxypeptidase (penicillin binding protein) family protein","Bacteria",177416,"177416.18","Francisella tularensis subsp. tularensis SCHU S4","FTT1029","dacD","RefSeq.9606.33.NC_000012.CDS.14942522.14950712.rev","Protein","rho GDP-dissociation inhibitor 2 isoform X1","Primates",9606,"9606.33","Homo sapiens",,"ARHGDIB","HPI","physical association","two hybrid pooling approach","experimental","20711500;13779","intact","intact:EBI-2806629;imex:IM-13779-1052",
"RefSeq.177416.18.NC_006570.CDS.1658686.1659678.fwd","Protein","LysR family transcriptional regulator","Bacteria",177416,"177416.18","Francisella tularensis subsp. tularensis SCHU S4","FTT1594",,"RefSeq.9606.33.NC_000015.CDS.44711547.44716342.fwd","Protein","beta-2-microglobulin precursor","Primates",9606,"9606.33","Homo sapiens",,"B2M","HPI","physical association","two hybrid pooling approach","experimental","20711500;13779","intact","intact:EBI-2808625;imex:IM-13779-1280",
"fig|177416.18.peg.148","Protein","Glycerol-3-phosphate dehydrogenase (EC 1.1.5.3)","Bacteria",177416,"177416.18","Francisella tularensis subsp. tularensis SCHU S4","FTT0132","glpA","RefSeq.9606.33.NC_000008.CDS.38263375.38269199.rev","Protein","phosphatidate phosphatase PPAPDC1B isoform X1","Primates",9606,"9606.33","Homo sapiens",,"PPAPDC1B","HPI","physical association","two hybrid pooling approach","experimental","20711500;13779","intact","intact:EBI-2803484;imex:IM-13779-707",
"RefSeq.177416.18.NC_006570.CDS.1238977.1239525.fwd","Protein","5-formyltetrahydroformate cycloligase family protein","Bacteria",177416,"177416.18","Francisella tularensis subsp. tularensis SCHU S4","FTT1220",,"RefSeq.9606.33.NC_000004.CDS.82819074.82891151.rev","Protein","protein transport protein Sec31A isoform 5","Primates",9606,"9606.33","Homo sapiens",,"SEC31A","HPI","physical association","two hybrid pooling approach","experimental","20711500;13779","intact","intact:EBI-2801354;imex:IM-13779-513",
"RefSeq.177416.18.NC_006570.CDS.1015114.1016127.rev","Protein","phenylalanyl-tRNA synthetase subunit alpha","Bacteria",177416,"177416.18","Francisella tularensis subsp. tularensis SCHU S4","FTT1003c","pheS","RefSeq.9606.33.NC_000010.CDS.42784395.42831096.fwd","Protein","ribosome biogenesis protein BMS1 homolog isoform X2","Primates",9606,"9606.33","Homo sapiens",,"BMS1","HPI","physical association","two hybrid pooling approach","experimental","20711500;13779","intact","intact:EBI-2808525;imex:IM-13779-1263",
"RefSeq.177416.18.NC_006570.CDS.1238977.1239525.fwd","Protein","5-formyltetrahydroformate cycloligase family protein","Bacteria",177416,"177416.18","Francisella tularensis subsp. tularensis SCHU S4","FTT1220",,"RefSeq.9606.33.NC_000001.CDS.167630424.167704696.fwd","Protein","capZ-interacting protein isoform X1","Primates",9606,"9606.33","Homo sapiens",,"RCSD1","HPI","physical association","two hybrid pooling approach","experimental","20711500;13779","intact","intact:EBI-2802804;imex:IM-13779-647",
"fig|177416.18.peg.17","Protein","hypothetical protein","Bacteria",177416,"177416.18","Francisella tularensis subsp. tularensis SCHU S4","FTT0014c",,"RefSeq.9606.33.NC_000006.CDS.31639131.31651763.rev","Protein","large proline-rich protein BAG6 isoform a","Primates",9606,"9606.33","Homo sapiens",,"BAG6","HPI","physical association","two hybrid pooling approach","experimental","20711500;13779","intact","intact:EBI-2808563;imex:IM-13779-1272",
"RefSeq.177416.18.NC_006570.CDS.1802117.1805989.rev","Protein","phosphoribosylformylglycinamidine synthase","Bacteria",177416,"177416.18","Francisella tularensis subsp. tularensis SCHU S4","FTT1720c","purL","RefSeq.9606.33.NC_000007.CDS.44114785.44123655.rev","Protein","DNA polymerase delta subunit 2 isoform X1","Primates",9606,"9606.33","Homo sapiens",,"POLD2","HPI","physical association","two hybrid pooling approach","experimental","20711500;13779","intact","intact:EBI-2807273;imex:IM-13779-1127",
"RefSeq.177416.18.NC_006570.CDS.567978.569414.fwd","Protein","hypothetical protein","Bacteria",177416,"177416.18","Francisella tularensis subsp. tularensis SCHU S4","FTT0550",,"RefSeq.9606.33.NC_000015.CDS.52313696.52528806.rev","Protein","unconventional myosin-Va isoform X3","Primates",9606,"9606.33","Homo sapiens",,"MYO5A","HPI","physical association","two hybrid pooling approach","experimental","20711500;13779","intact","intact:EBI-2796746;imex:IM-13779-59",
"RefSeq.177416.18.NC_006570.CDS.1105418.1108015.rev","Protein","alanyl-tRNA synthetase","Bacteria",177416,"177416.18","Francisella tularensis subsp. tularensis SCHU S4","FTT1096c","alaS","RefSeq.9606.33.NC_000019.CDS.18929443.18938982.rev","Protein","homer protein homolog 3 isoform X1","Primates",9606,"9606.33","Homo sapiens",,"HOMER3","HPI","physical association","two hybrid pooling approach","experimental","20711500;13779","intact","intact:EBI-2806130;imex:IM-13779-992",
"fig|177416.18.peg.23","Protein","Aspartyl-tRNA(Asn) amidotransferase subunit A (EC 6.3.5.6) @ Glutamyl-tRNA(Gln) amidotransferase subunit A (EC 6.3.5.7)","Bacteria",177416,"177416.18","Francisella tularensis subsp. tularensis SCHU S4","FTT0020","gatA","RefSeq.9606.33.NC_000005.CDS.150402240.150412749.rev","Protein","HLA class II histocompatibility antigen gamma chain isoform a","Primates",9606,"9606.33","Homo sapiens",,"CD74","HPI","physical association","two hybrid pooling approach","experimental","20711500;13779","intact","intact:EBI-2796778;imex:IM-13779-64",
"RefSeq.177416.18.NC_006570.CDS.1410241.1411305.rev","Protein","fructose-1,6-bisphosphate aldolase","Bacteria",177416,"177416.18","Francisella tularensis subsp. tularensis SCHU S4","FTT1365c","fbaB","RefSeq.9606.33.NC_000004.CDS.83407453.83455693.rev","Protein","helicase POLQ-like isoform 1","Primates",9606,"9606.33","Homo sapiens",,"HELQ","HPI","physical association","two hybrid pooling approach","experimental","20711500;13779","intact","intact:EBI-2802171;imex:IM-13779-593",
"RefSeq.177416.18.NC_006570.CDS.530402.532819.fwd","Protein","DNA gyrase subunit B","Bacteria",177416,"177416.18","Francisella tularensis subsp. tularensis SCHU S4","FTT0510","gyrB","RefSeq.9606.33.NC_000019.CDS.35269102.35279256.fwd","Protein","upstream stimulatory factor 2 isoform 2","Primates",9606,"9606.33","Homo sapiens",,"USF2","HPI","physical association","two hybrid pooling approach","experimental","20711500;13779","intact","intact:EBI-2797615;imex:IM-13779-145",
"fig|177416.18.peg.118","Protein","Probable Co/Zn/Cd efflux system membrane fusion protein","Bacteria",177416,"177416.18","Francisella tularensis subsp. tularensis SCHU S4","FTT0106c",,"RefSeq.9606.33.NC_000002.CDS.173909941.173965171.rev","Protein","transcription factor Sp3 isoform 1","Primates",9606,"9606.33","Homo sapiens",,"SP3","HPI","physical association","two hybrid pooling approach","experimental","20711500;13779","intact","intact:EBI-2797022;imex:IM-13779-86",
"RefSeq.177416.18.NC_006570.CDS.264050.266698.fwd","Protein","pyruvate phosphate dikinase","Bacteria",177416,"177416.18","Francisella tularensis subsp. tularensis SCHU S4","FTT0250","ppdK","RefSeq.9606.33.NC_000008.CDS.58561790.58581740.fwd","Protein","syntenin-1 isoform X1","Primates",9606,"9606.33","Homo sapiens",,"SDCBP","HPI","physical association","two hybrid pooling approach","experimental","20711500;13779","intact","intact:EBI-2796052;imex:IM-13779-1",
"RefSeq.177416.18.NC_006570.CDS.1853458.1854114.fwd","Protein","O-methyltransferase","Bacteria",177416,"177416.18","Francisella tularensis subsp. tularensis SCHU S4","FTT1766",,"RefSeq.9606.33.NC_000002.CDS.168802647.168864970.fwd","Protein","nostrin isoform 3","Primates",9606,"9606.33","Homo sapiens",,"NOSTRIN","HPI","physical association","two hybrid pooling approach","experimental","20711500;13779","intact","intact:EBI-2804328;imex:IM-13779-791",
"fig|177416.18.peg.185","Protein","Peptide chain release factor 1","Bacteria",177416,"177416.18","Francisella tularensis subsp. tularensis SCHU S4","FTT0168","prfA","RefSeq.9606.33.NC_000006.CDS.111661739.111720051.rev","Protein","tyrosine-protein kinase Fyn isoform X3","Primates",9606,"9606.33","Homo sapiens",,"FYN","HPI","physical association","two hybrid pooling approach","experimental","20711500;13779","intact","intact:EBI-2806696;imex:IM-13779-1060",
"RefSeq.177416.18.NC_006570.CDS.1216064.1218070.rev","Protein","excinuclease ABC subunit B","Bacteria",177416,"177416.18","Francisella tularensis subsp. tularensis SCHU S4","FTT1199c","uvrB","RefSeq.9606.33.NC_000017.CDS.42773476.42779069.fwd","Protein","vacuolar protein-sorting-associated protein 25","Primates",9606,"9606.33","Homo sapiens",,"VPS25","HPI","physical association","two hybrid pooling approach","experimental","20711500;13779","intact","intact:EBI-2799862;imex:IM-13779-349",
"RefSeq.177416.18.NC_006570.CDS.431479.432942.fwd","Protein","4-alpha-glucanotransferase","Bacteria",177416,"177416.18","Francisella tularensis subsp. tularensis SCHU S4","FTT0418","malQ","RefSeq.9606.33.NC_000004.CDS.185209827.185363465.fwd","Protein","sorting nexin-25 isoform X7","Primates",9606,"9606.33","Homo sapiens",,"SNX25","HPI","physical association","two hybrid pooling approach","experimental","20711500;13779","intact","intact:EBI-2801074;imex:IM-13779-481",
"RefSeq.177416.18.NC_006570.CDS.1601863.1603293.rev","Protein","hypothetical protein","Bacteria",177416,"177416.18","Francisella tularensis subsp. tularensis SCHU S4","FTT1539c",,"RefSeq.9606.33.NC_000004.CDS.6923390.7030392.fwd","Protein","TBC1 domain family member 14 isoform X5","Primates",9606,"9606.33","Homo sapiens",,"TBC1D14","HPI","physical association","two hybrid pooling approach","experimental","20711500;13779","intact","intact:EBI-2797724;imex:IM-13779-152",
"fig|177416.18.peg.225","Protein","IMP cyclohydrolase (EC 3.5.4.10) / Phosphoribosylaminoimidazolecarboxamide formyltransferase (EC 2.1.2.3)","Bacteria",177416,"177416.18","Francisella tularensis subsp. tularensis SCHU S4","FTT0203c","purH","RefSeq.9606.33.NT_187630.CDS.65193.161216.rev","Protein","RNA binding protein fox-1 homolog 2 isoform 2","Primates",9606,"9606.33","Homo sapiens",,"RBFOX2","HPI","physical association","two hybrid pooling approach","experimental","20711500;13779","intact","intact:EBI-2801809;imex:IM-13779-560",
"RefSeq.177416.18.NC_006570.CDS.321537.322943.fwd","Protein","glutamyl-tRNA synthetase","Bacteria",177416,"177416.18","Francisella tularensis subsp. tularensis SCHU S4","FTT0307","gltX","RefSeq.9606.33.NC_000008.CDS.143816520.143829303.rev","Protein","poly(U)-binding-splicing factor PUF60 isoform a","Primates",9606,"9606.33","Homo sapiens",,"PUF60","HPI","physical association","two hybrid pooling approach","experimental","20711500;13779","intact","intact:EBI-2803228;imex:IM-13779-681",
"RefSeq.177416.18.NC_006570.CDS.894174.895823.fwd","Protein","DNA repair protein recN","Bacteria",177416,"177416.18","Francisella tularensis subsp. tularensis SCHU S4","FTT0886",,"RefSeq.9606.33.NC_000004.CDS.152829634.152910219.fwd","Protein","arfaptin-1 isoform 2","Primates",9606,"9606.33","Homo sapiens",,"ARFIP1","HPI","physical association","two hybrid pooling approach","experimental","20711500;13779","intact","intact:EBI-2808805;imex:IM-13779-1300",
"RefSeq.177416.18.NC_006570.CDS.1262352.1263614.fwd","Protein","hypothetical protein","Bacteria",177416,"177416.18","Francisella tularensis subsp. tularensis SCHU S4","FTT1242",,"RefSeq.9606.33.NC_000001.CDS.12021727.12031808.fwd","Protein","migration and invasion-inhibitory protein isoform X1","Primates",9606,"9606.33","Homo sapiens",,"MIIP","HPI","physical association","two hybrid pooling approach","experimental","20711500;13779","intact","intact:EBI-2801976;imex:IM-13779-579",
"RefSeq.177416.18.NC_006570.CDS.1368817.1370361.rev","Protein","sulfate permease family protein","Bacteria",177416,"177416.18","Francisella tularensis subsp. tularensis SCHU S4","FTT1339c",,"RefSeq.9606.33.NC_000012.CDS.95659086.95790309.rev","Protein","netrin-4 isoform X1","Primates",9606,"9606.33","Homo sapiens",,"NTN4","HPI","physical association","two hybrid pooling approach","experimental","20711500;13779","intact","intact:EBI-2804467;imex:IM-13779-811",
"RefSeq.177416.18.NC_006570.CDS.558346.558981.fwd","Protein","ubiquinone biosynthesis protein","Bacteria",177416,"177416.18","Francisella tularensis subsp. tularensis SCHU S4","FTT0537",,"RefSeq.9606.33.NC_000023.CDS.17800418.17802010.rev","Protein","retinoic acid-induced protein 2 isoform X1","Primates",9606,"9606.33","Homo sapiens",,"RAI2","HPI","physical association","two hybrid pooling approach","experimental","20711500;13779","intact","intact:EBI-2801857;imex:IM-13779-568",
"RefSeq.177416.18.NC_006570.CDS.788288.791008.fwd","Protein","preprotein translocase subunit SecA","Bacteria",177416,"177416.18","Francisella tularensis subsp. tularensis SCHU S4","FTT0769","secA","RefSeq.9606.33.NC_000019.CDS.36141012.36149839.fwd","Protein","calpain small subunit 1 isoform 1","Primates",9606,"9606.33","Homo sapiens",,"CAPNS1","HPI","physical association","two hybrid pooling approach","experimental","20711500;13779","intact","intact:EBI-2807663;imex:IM-13779-1170",
"RefSeq.177416.18.NC_006570.CDS.1625909.1626718.fwd","Protein","hypothetical protein","Bacteria",177416,"177416.18","Francisella tularensis subsp. tularensis SCHU S4","FTT1564",,"RefSeq.9606.33.NC_000010.CDS.12196246.12250337.fwd","Protein","cell division cycle protein 123 homolog isoform X1","Primates",9606,"9606.33","Homo sapiens",,"CDC123","HPI","physical association","two hybrid pooling approach","experimental","20711500;13779","intact","intact:EBI-2808266;imex:IM-13779-1239",
"RefSeq.177416.18.NC_006570.CDS.1329023.1330420.rev","Protein","GTP-binding protein EngA","Bacteria",177416,"177416.18","Francisella tularensis subsp. tularensis SCHU S4","FTT1306c","engA","RefSeq.9606.33.NC_000001.CDS.25885723.25904676.rev","Protein","stathmin isoform b","Primates",9606,"9606.33","Homo sapiens",,"STMN1","HPI","physical association","two hybrid pooling approach","experimental","20711500;13779","intact","intact:EBI-2800792;imex:IM-13779-449",
"fig|177416.18.peg.212","Protein","Lysyl-tRNA synthetase (class II) (EC 6.1.1.6)","Bacteria",177416,"177416.18","Francisella tularensis subsp. tularensis SCHU S4","FTT0192","lysU","RefSeq.9606.33.NC_000017.CDS.48051119.48059641.fwd","Protein","nuclear factor erythroid 2-related factor 1 isoform X4","Primates",9606,"9606.33","Homo sapiens",,"NFE2L1","HPI","physical association","two hybrid pooling approach","experimental","20711500;13779","intact","intact:EBI-2804433;imex:IM-13779-807",
"RefSeq.177416.18.NC_006570.CDS.1587238.1589478.fwd","Protein","acyl-CoA dehydrogenase","Bacteria",177416,"177416.18","Francisella tularensis subsp. tularensis SCHU S4","FTT1529","fadE","RefSeq.9606.33.NC_000015.CDS.44711547.44716342.fwd","Protein","beta-2-microglobulin precursor","Primates",9606,"9606.33","Homo sapiens",,"B2M","HPI","physical association","two hybrid pooling approach","experimental","20711500;13779","intact","intact:EBI-2808618;imex:IM-13779-1275",
"RefSeq.177416.18.NC_006570.CDS.1857772.1860351.rev","Protein","ClpB protein","Bacteria",177416,"177416.18","Francisella tularensis subsp. tularensis SCHU S4","FTT1769c","clpB","RefSeq.9606.33.NC_000007.CDS.116210708.116257482.fwd","Protein","testin isoform 1","Primates",9606,"9606.33","Homo sapiens",,"TES","HPI","physical association","two hybrid pooling approach","experimental","20711500;13779","intact","intact:EBI-2800488;imex:IM-13779-417",
"fig|177416.18.peg.23","Protein","Aspartyl-tRNA(Asn) amidotransferase subunit A (EC 6.3.5.6) @ Glutamyl-tRNA(Gln) amidotransferase subunit A (EC 6.3.5.7)","Bacteria",177416,"177416.18","Francisella tularensis subsp. tularensis SCHU S4","FTT0020","gatA","RefSeq.9606.33.NC_000017.CDS.55265485.55320879.fwd","Protein","hepatic leukemia factor","Primates",9606,"9606.33","Homo sapiens",,"HLF","HPI","physical association","two hybrid pooling approach","experimental","20711500;13779","intact","intact:EBI-2798858;imex:IM-13779-258",
"RefSeq.177416.18.NC_006570.CDS.1360265.1361164.fwd","Protein","fructokinase","Bacteria",177416,"177416.18","Francisella tularensis subsp. tularensis SCHU S4","FTT1331","cscK","RefSeq.9606.33.NC_000016.CDS.24729842.24823807.fwd","Protein","trinucleotide repeat-containing gene 6A protein isoform X6","Primates",9606,"9606.33","Homo sapiens",,"TNRC6A","HPI","physical association","two hybrid pooling approach","experimental","20711500;13779","intact","intact:EBI-2796444;imex:IM-13779-33",
"RefSeq.177416.18.NC_006570.CDS.1566662.1567588.rev","Protein","heat shock protein, hsp40","Bacteria",177416,"177416.18","Francisella tularensis subsp. tularensis SCHU S4","FTT1512c","dnaJ1","RefSeq.9606.33.NC_000012.CDS.57694162.57720909.fwd","Protein","protein OS-9 isoform 8 precursor","Primates",9606,"9606.33","Homo sapiens",,"OS9","HPI","physical association","two hybrid pooling approach","experimental","20711500;13779","intact","intact:EBI-2804132;imex:IM-13779-774",
"RefSeq.177416.18.NC_006570.CDS.1662233.1665067.fwd","Protein","hypothetical protein","Bacteria",177416,"177416.18","Francisella tularensis subsp. tularensis SCHU S4","FTT1598",,"RefSeq.9606.33.NC_000007.CDS.102473649.102478860.rev","Protein","DNA-directed RNA polymerase II subunit RPB11-a","Primates",9606,"9606.33","Homo sapiens",,"POLR2J","HPI","physical association","two hybrid pooling approach","experimental","20711500;13779","intact","intact:EBI-2797985;imex:IM-13779-177",
"RefSeq.177416.18.NC_006570.CDS.1809580.1811109.rev","Protein","outer membrane protein tolC precursor","Bacteria",177416,"177416.18","Francisella tularensis subsp. tularensis SCHU S4","FTT1724c","tolC","RefSeq.9606.33.NC_000017.CDS.78971576.78977191.rev","Protein","galectin-3-binding protein precursor","Primates",9606,"9606.33","Homo sapiens",,"LGALS3BP","HPI","physical association","two hybrid pooling approach","experimental","20711500;13779","intact","intact:EBI-2805311;imex:IM-13779-902",
"RefSeq.177416.18.NC_006570.CDS.907390.909411.rev","Protein","oligopeptidase A","Bacteria",177416,"177416.18","Francisella tularensis subsp. tularensis SCHU S4","FTT0899c","prlC","RefSeq.9606.33.NC_000004.CDS.82819074.82891151.rev","Protein","protein transport protein Sec31A isoform 5","Primates",9606,"9606.33","Homo sapiens",,"SEC31A","HPI","physical association","two hybrid pooling approach","experimental","20711500;13779","intact","intact:EBI-2797083;imex:IM-13779-93",
"RefSeq.177416.18.NC_006570.CDS.1260817.1262070.fwd","Protein","serine hydroxymethyltransferase","Bacteria",177416,"177416.18","Francisella tularensis subsp. tularensis SCHU S4","FTT1241","glyA","RefSeq.9606.33.NC_000001.CDS.40059347.40071533.fwd","Protein","adenylyl cyclase-associated protein 1 isoform X2","Primates",9606,"9606.33","Homo sapiens",,"CAP1","HPI","physical association","two hybrid pooling approach","experimental","20711500;13779","intact","intact:EBI-2808406;imex:IM-13779-1253",
"fig|177416.18.peg.24","Protein","Aspartyl-tRNA(Asn) amidotransferase subunit B (EC 6.3.5.6) @ Glutamyl-tRNA(Gln) amidotransferase subunit B (EC 6.3.5.7)","Bacteria",177416,"177416.18","Francisella tularensis subsp. tularensis SCHU S4","FTT0021","gatB","RefSeq.9606.33.NC_000011.CDS.3088205.3129148.rev","Protein","oxysterol-binding protein-related protein 5 isoform X1","Primates",9606,"9606.33","Homo sapiens",,"OSBPL5","HPI","physical association","two hybrid pooling approach","experimental","20711500;13779","intact","intact:EBI-2809239;imex:IM-13779-1347",
"RefSeq.177416.18.NC_006570.CDS.448884.449744.fwd","Protein","carbon-nitrogen hydrolase family protein","Bacteria",177416,"177416.18","Francisella tularensis subsp. tularensis SCHU S4","FTT0435",,"RefSeq.9606.33.NC_000009.CDS.99915240.99968673.fwd","Protein","syntaxin-17 isoform X1","Primates",9606,"9606.33","Homo sapiens",,"STX17","HPI","physical association","two hybrid pooling approach","experimental","20711500;13779","intact","intact:EBI-2797769;imex:IM-13779-158",
"RefSeq.177416.18.NC_006570.CDS.1194341.1196158.fwd","Protein","GTP binding translational elongation factor Tu and G family protein","Bacteria",177416,"177416.18","Francisella tularensis subsp. tularensis SCHU S4","FTT1179","bipA","RefSeq.9606.33.NC_000003.CDS.38846694.38950362.rev","Protein","sodium channel protein type 11 subunit alpha isoform X1","Primates",9606,"9606.33","Homo sapiens",,"SCN11A","HPI","physical association","two hybrid pooling approach","experimental","20711500;13779","intact","intact:EBI-2809377;imex:IM-13779-1360",
"RefSeq.177416.18.NC_006570.CDS.927667.929340.fwd","Protein","hypothetical protein","Bacteria",177416,"177416.18","Francisella tularensis subsp. tularensis SCHU S4","FTT0918",,"RefSeq.9606.33.NC_000022.CDS.31212409.31278441.fwd","Protein","LIM domain kinase 2 isoform 2a","Primates",9606,"9606.33","Homo sapiens",,"LIMK2","HPI","physical association","two hybrid pooling approach","experimental","20711500;13779","intact","intact:EBI-2805285;imex:IM-13779-899",
"RefSeq.177416.18.NC_006570.CDS.1023159.1024205.rev","Protein","Holliday junction DNA helicase RuvB","Bacteria",177416,"177416.18","Francisella tularensis subsp. tularensis SCHU S4","FTT1013c","ruvB","RefSeq.9606.33.NC_000005.CDS.151101448.151147901.rev","Protein","annexin A6 isoform 1","Primates",9606,"9606.33","Homo sapiens",,"ANXA6","HPI","physical association","two hybrid pooling approach","experimental","20711500;13779","intact","intact:EBI-2796322;imex:IM-13779-22",
"fig|177416.18.peg.80","Protein","Succinate dehydrogenase flavoprotein subunit (EC 1.3.5.1)","Bacteria",177416,"177416.18","Francisella tularensis subsp. tularensis SCHU S4","FTT0074","sdhA","RefSeq.9606.33.NC_000011.CDS.10852864.10854945.rev","Protein","zinc finger BED domain-containing protein 5","Primates",9606,"9606.33","Homo sapiens",,"ZBED5","HPI","physical association","two hybrid pooling approach","experimental","20711500;13779","intact","intact:EBI-2799673;imex:IM-13779-330",
"RefSeq.177416.18.NC_006570.CDS.1422264.1423523.fwd","Protein","3-oxoacyl-[acyl-carrier-protein] synthase II","Bacteria",177416,"177416.18","Francisella tularensis subsp. tularensis SCHU S4","FTT1377","fabF","RefSeq.9606.33.NC_000002.CDS.32023471.32039456.rev","Protein","protein dpy-30 homolog isoform X2","Primates",9606,"9606.33","Homo sapiens",,"DPY30","HPI","physical association","two hybrid pooling approach","experimental","20711500;13779","intact","intact:EBI-2807259;imex:IM-13779-1126",
"fig|177416.18.peg.185","Protein","Peptide chain release factor 1","Bacteria",177416,"177416.18","Francisella tularensis subsp. tularensis SCHU S4","FTT0168","prfA","RefSeq.9606.33.NC_000001.CDS.31576399.31586979.fwd","Protein","tubulointerstitial nephritis antigen-like isoform X3","Primates",9606,"9606.33","Homo sapiens",,"TINAGL1","HPI","physical association","two hybrid pooling approach","experimental","20711500;13779","intact","intact:EBI-2800380;imex:IM-13779-406",
"RefSeq.177416.18.NC_006570.CDS.415359.416726.fwd","Protein","glycine dehydrogenase subunit 1","Bacteria",177416,"177416.18","Francisella tularensis subsp. tularensis SCHU S4","FTT0409","gcvP1","RefSeq.9606.33.NC_000015.CDS.48729161.48805649.rev","Protein","centrosomal protein of 152 kDa isoform X7","Primates",9606,"9606.33","Homo sapiens",,"CEP152","HPI","physical association","two hybrid pooling approach","experimental","20711500;13779","intact","intact:EBI-2797446;imex:IM-13779-127",
"fig|177416.18.peg.212","Protein","Lysyl-tRNA synthetase (class II) (EC 6.1.1.6)","Bacteria",177416,"177416.18","Francisella tularensis subsp. tularensis SCHU S4","FTT0192","lysU","RefSeq.9606.33.NC_000005.CDS.179920317.180071702.rev","Protein","E3 ubiquitin-protein ligase RNF130 isoform X1","Primates",9606,"9606.33","Homo sapiens",,"RNF130","HPI","physical association","two hybrid pooling approach","experimental","20711500;13779","intact","intact:EBI-2806527;imex:IM-13779-1043",
"RefSeq.177416.18.NC_006570.CDS.1082897.1083403.rev","Protein","hypothetical protein","Bacteria",177416,"177416.18","Francisella tularensis subsp. tularensis SCHU S4","FTT1071c",,"RefSeq.9606.33.NC_000016.CDS.176717.177411.fwd","Protein","hemoglobin subunit alpha","Primates",9606,"9606.33","Homo sapiens",,"HBA1","HPI","physical association","two hybrid pooling approach","experimental","20711500;13779","intact","intact:EBI-2806355;imex:IM-13779-1021",
"RefSeq.177416.18.NC_006570.CDS.1183701.1185449.fwd","Protein","lipoprotein","Bacteria",177416,"177416.18","Francisella tularensis subsp. tularensis SCHU S4","FTT1170",,"RefSeq.9606.33.NC_000012.CDS.110708985.110742707.rev","Protein","serine/threonine-protein phosphatase PP1-gamma catalytic subunit isoform X2","Primates",9606,"9606.33","Homo sapiens",,"PPP1CC","HPI","physical association","two hybrid pooling approach","experimental","20711500;13779","intact","intact:EBI-2803491;imex:IM-13779-709",
"RefSeq.177416.18.NC_006570.CDS.1802117.1805989.rev","Protein","phosphoribosylformylglycinamidine synthase","Bacteria",177416,"177416.18","Francisella tularensis subsp. tularensis SCHU S4","FTT1720c","purL","RefSeq.9606.33.NC_000001.CDS.207496253.207639428.fwd","Protein","complement receptor type 1 isoform X1","Primates",9606,"9606.33","Homo sapiens",,"CR1","HPI","physical association","two hybrid pooling approach","experimental","20711500;13779","intact","intact:EBI-2807622;imex:IM-13779-1166",
"RefSeq.177416.18.NC_006570.CDS.321537.322943.fwd","Protein","glutamyl-tRNA synthetase","Bacteria",177416,"177416.18","Francisella tularensis subsp. tularensis SCHU S4","FTT0307","gltX","RefSeq.9606.33.NC_000009.CDS.121088327.121177186.fwd","Protein","centriolin isoform X4","Primates",9606,"9606.33","Homo sapiens",,"CNTRL","HPI","physical association","two hybrid pooling approach","experimental","20711500;13779","intact","intact:EBI-2796157;imex:IM-13779-9",
"RefSeq.177416.18.NC_006570.CDS.1674448.1675212.fwd","Protein","ABC transporter, membrane protein","Bacteria",177416,"177416.18","Francisella tularensis subsp. tularensis SCHU S4","FTT1609",,"RefSeq.9606.33.NC_000003.CDS.142724560.142806235.fwd","Protein","short transient receptor potential channel 1 isoform 2","Primates",9606,"9606.33","Homo sapiens",,"TRPC1","HPI","physical association","two hybrid pooling approach","experimental","20711500;13779","intact","intact:EBI-2800122;imex:IM-13779-378",
"RefSeq.177416.18.NC_006570.CDS.1802117.1805989.rev","Protein","phosphoribosylformylglycinamidine synthase","Bacteria",177416,"177416.18","Francisella tularensis subsp. tularensis SCHU S4","FTT1720c","purL","RefSeq.9606.33.NC_000019.CDS.38815613.38831772.rev","Protein","delta(3,5)-Delta(2,4)-dienoyl-CoA isomerase, mitochondrial precursor","Primates",9606,"9606.33","Homo sapiens",,"ECH1","HPI","physical association","two hybrid pooling approach","experimental","20711500;13779","intact","intact:EBI-2807163;imex:IM-13779-1113",
"RefSeq.177416.18.NC_006570.CDS.335152.337266.fwd","Protein","elongation factor G","Bacteria",177416,"177416.18","Francisella tularensis subsp. tularensis SCHU S4","FTT0323","fusA","RefSeq.9606.33.NC_000016.CDS.18809569.18926041.rev","Protein","serine/threonine-protein kinase SMG1 isoform X1","Primates",9606,"9606.33","Homo sapiens",,"SMG1","HPI","physical association","two hybrid pooling approach","experimental","20711500;13779","intact","intact:EBI-2801117;imex:IM-13779-488",
"RefSeq.177416.18.NC_006570.CDS.748995.750029.rev","Protein","glycerophosphoryl diester phosphodiesterase family protein","Bacteria",177416,"177416.18","Francisella tularensis subsp. tularensis SCHU S4","FTT0726c",,"RefSeq.9606.33.NC_000001.CDS.150220681.150235786.rev","Protein","acidic leucine-rich nuclear phosphoprotein 32 family member E isoform X2","Primates",9606,"9606.33","Homo sapiens",,"ANP32E","HPI","physical association","two hybrid pooling approach","experimental","20711500;13779","intact","intact:EBI-2809027;imex:IM-13779-1327",
"RefSeq.177416.18.NC_006570.CDS.1855330.1857150.rev","Protein","chitinase","Bacteria",177416,"177416.18","Francisella tularensis subsp. tularensis SCHU S4","FTT1768c",,"RefSeq.9606.33.NC_000006.CDS.130858136.130956485.rev","Protein","band 4.1-like protein 2 isoform X3","Primates",9606,"9606.33","Homo sapiens",,"EPB41L2","HPI","physical association","two hybrid pooling approach","experimental","20711500;13779","intact","intact:EBI-2807177;imex:IM-13779-1116",
"RefSeq.177416.18.NC_006570.CDS.1168800.1170584.rev","Protein","Type IV pilin multimeric outer membrane protein","Bacteria",177416,"177416.18","Francisella tularensis subsp. tularensis SCHU S4","FTT1156c","pilQ","RefSeq.9606.33.NC_000006.CDS.149218771.149409719.fwd","Protein","TGF-beta-activated kinase 1 and MAP3K7-binding protein 2 isoform b","Primates",9606,"9606.33","Homo sapiens",,"TAB2","HPI","physical association","two hybrid pooling approach","experimental","20711500;13779","intact","intact:EBI-2800617;imex:IM-13779-432",
"RefSeq.177416.18.NC_006570.CDS.236994.237650.rev","Protein","hypothetical protein","Bacteria",177416,"177416.18","Francisella tularensis subsp. tularensis SCHU S4","FTT0220c",,"RefSeq.9606.33.NC_000012.CDS.6943650.6945922.fwd","Protein","protein C10 isoform 2","Primates",9606,"9606.33","Homo sapiens",,"C12orf57","HPI","physical association","two hybrid pooling approach","experimental","20711500;13779","intact","intact:EBI-2808477;imex:IM-13779-1260",
"RefSeq.177416.18.NC_006570.CDS.700879.702294.rev","Protein","soluble pyridine nucleotide transhydrogenase","Bacteria",177416,"177416.18","Francisella tularensis subsp. tularensis SCHU S4","FTT0684c","sthA","RefSeq.9606.33.NC_000023.CDS.54809332.54815682.fwd","Protein","melanoma-associated antigen D2","Primates",9606,"9606.33","Homo sapiens",,"MAGED2","HPI","physical association","two hybrid pooling approach","experimental","20711500;13779","intact","intact:EBI-2805084;imex:IM-13779-879",
"RefSeq.177416.18.NC_006570.CDS.902373.904685.fwd","Protein","fusion protein PurC/PurD","Bacteria",177416,"177416.18","Francisella tularensis subsp. tularensis SCHU S4","FTT0894","purCD","RefSeq.9606.33.NC_000001.CDS.28987438.29115797.fwd","Protein","protein 4.1 isoform 2","Primates",9606,"9606.33","Homo sapiens",,"EPB41","HPI","physical association","two hybrid pooling approach","experimental","20711500;13779","intact","intact:EBI-2809552;imex:IM-13779-1374",
"RefSeq.177416.18.NC_006570.CDS.1802117.1805989.rev","Protein","phosphoribosylformylglycinamidine synthase","Bacteria",177416,"177416.18","Francisella tularensis subsp. tularensis SCHU S4","FTT1720c","purL","RefSeq.9606.33.NC_000018.CDS.45624665.45682519.fwd","Protein","urea transporter 2 isoform X2","Primates",9606,"9606.33","Homo sapiens",,"SLC14A2","HPI","physical association","two hybrid pooling approach","experimental","20711500;13779","intact","intact:EBI-2799966;imex:IM-13779-360",
"RefSeq.177416.18.NC_006570.CDS.1819745.1820749.rev","Protein","GTPase ObgE","Bacteria",177416,"177416.18","Francisella tularensis subsp. tularensis SCHU S4","FTT1731c","obgE","RefSeq.9606.33.NC_000003.CDS.32391907.32454254.fwd","Protein","CKLF-like MARVEL transmembrane domain-containing protein 7 isoform b","Primates",9606,"9606.33","Homo sapiens",,"CMTM7","HPI","physical association","two hybrid pooling approach","experimental","20711500;13779","intact","intact:EBI-2807949;imex:IM-13779-1207",
"RefSeq.177416.18.NC_006570.CDS.1802117.1805989.rev","Protein","phosphoribosylformylglycinamidine synthase","Bacteria",177416,"177416.18","Francisella tularensis subsp. tularensis SCHU S4","FTT1720c","purL","RefSeq.9606.33.NC_000002.CDS.46297912.46384660.fwd","Protein","endothelial PAS domain-containing protein 1","Primates",9606,"9606.33","Homo sapiens",,"EPAS1","HPI","physical association","two hybrid pooling approach","experimental","20711500;13779","intact","intact:EBI-2807013;imex:IM-13779-1093",
"RefSeq.177416.18.NC_006570.CDS.1262352.1263614.fwd","Protein","hypothetical protein","Bacteria",177416,"177416.18","Francisella tularensis subsp. tularensis SCHU S4","FTT1242",,"RefSeq.9606.33.NC_000015.CDS.22870028.22947285.rev","Protein","cytoplasmic FMR1-interacting protein 1 isoform X1","Primates",9606,"9606.33","Homo sapiens",,"CYFIP1","HPI","physical association","two hybrid pooling approach","experimental","20711500;13779","intact","intact:EBI-2807484;imex:IM-13779-1149",
"fig|177416.18.peg.80","Protein","Succinate dehydrogenase flavoprotein subunit (EC 1.3.5.1)","Bacteria",177416,"177416.18","Francisella tularensis subsp. tularensis SCHU S4","FTT0074","sdhA","RefSeq.9606.33.NC_000012.CDS.108623069.108631901.rev","Protein","P-selectin glycoprotein ligand 1 isoform 1 precursor","Primates",9606,"9606.33","Homo sapiens",,"SELPLG","HPI","physical association","two hybrid pooling approach","experimental","20711500;13779","intact","intact:EBI-2801299;imex:IM-13779-505",
"RefSeq.177416.18.NC_006570.CDS.1528572.1529720.fwd","Protein","galactokinase","Bacteria",177416,"177416.18","Francisella tularensis subsp. tularensis SCHU S4","FTT1476","galK","RefSeq.9606.33.NC_000006.CDS.31580709.31582417.rev","Protein","lymphotoxin-beta isoform a","Primates",9606,"9606.33","Homo sapiens",,"LTB","HPI","physical association","two hybrid pooling approach","experimental","20711500;13779","intact","intact:EBI-2800279;imex:IM-13779-397",
"RefSeq.177416.18.NC_006570.CDS.1130086.1131189.rev","Protein","queuine tRNA-ribosyltransferase","Bacteria",177416,"177416.18","Francisella tularensis subsp. tularensis SCHU S4","FTT1120c","tgt","RefSeq.9606.33.NC_000003.CDS.160400827.160433809.fwd","Protein","structural maintenance of chromosomes protein 4 isoform 2","Primates",9606,"9606.33","Homo sapiens",,"SMC4","HPI","physical association","two hybrid pooling approach","experimental","20711500;13779","intact","intact:EBI-2801138;imex:IM-13779-487",
"fig|177416.18.peg.125","Protein","Phosphopentomutase (EC 5.4.2.7)","Bacteria",177416,"177416.18","Francisella tularensis subsp. tularensis SCHU S4","FTT0113","deoB","RefSeq.9606.33.NC_000001.CDS.84554999.84574415.rev","Protein","di-N-acetylchitobiase precursor","Primates",9606,"9606.33","Homo sapiens",,"CTBS","HPI","physical association","two hybrid pooling approach","experimental","20711500;13779","intact","intact:EBI-2799082;imex:IM-13779-274",
"RefSeq.177416.18.NC_006570.CDS.1660712.1662169.fwd","Protein","hypothetical protein","Bacteria",177416,"177416.18","Francisella tularensis subsp. tularensis SCHU S4","FTT1597",,"RefSeq.9606.33.NC_000010.CDS.69088158.69104120.fwd","Protein","serglycin precursor","Primates",9606,"9606.33","Homo sapiens",,"SRGN","HPI","physical association","two hybrid pooling approach","experimental","20711500;13779","intact","intact:EBI-2800956;imex:IM-13779-470",
"fig|177416.18.peg.216","Protein","Glutamine synthetase type II, eukaryotic (EC 6.3.1.2)","Bacteria",177416,"177416.18","Francisella tularensis subsp. tularensis SCHU S4","FTT0196c","glnA","RefSeq.9606.33.NC_000001.CDS.151404802.151443638.rev","Protein","pogo transposable element with ZNF domain isoform X3","Primates",9606,"9606.33","Homo sapiens",,"POGZ","HPI","physical association","two hybrid pooling approach","experimental","20711500;13779","intact","intact:EBI-2803521;imex:IM-13779-710",
"RefSeq.177416.18.NC_006570.CDS.1470019.1470486.fwd","Protein","hypothetical protein","Bacteria",177416,"177416.18","Francisella tularensis subsp. tularensis SCHU S4","FTT1420",,"RefSeq.9606.33.NC_000012.CDS.124012145.124012930.fwd","Protein","zinc finger protein 664","Primates",9606,"9606.33","Homo sapiens",,"ZNF664","HPI","physical association","two hybrid pooling approach","experimental","20711500;13779","intact","intact:EBI-2799461;imex:IM-13779-310",
"RefSeq.177416.18.NC_006570.CDS.1089909.1090169.rev","Protein","hypothetical protein","Bacteria",177416,"177416.18","Francisella tularensis subsp. tularensis SCHU S4","FTT1079c",,"RefSeq.9606.33.NC_000020.CDS.16731703.16741005.fwd","Protein","U2 small nuclear ribonucleoprotein B''","Primates",9606,"9606.33","Homo sapiens",,"SNRPB2","HPI","physical association","two hybrid pooling approach","experimental","20711500;13779","intact","intact:EBI-2801492;imex:IM-13779-525",
"RefSeq.177416.18.NC_006570.CDS.894174.895823.fwd","Protein","DNA repair protein recN","Bacteria",177416,"177416.18","Francisella tularensis subsp. tularensis SCHU S4","FTT0886",,"RefSeq.9606.33.NC_000017.CDS.42315745.42348516.rev","Protein","signal transducer and activator of transcription 3 isoform X1","Primates",9606,"9606.33","Homo sapiens",,"STAT3","HPI","physical association","two hybrid pooling approach","experimental","20711500;13779","intact","intact:EBI-2800824;imex:IM-13779-453",
"RefSeq.177416.18.NC_006570.CDS.1835643.1836566.fwd","Protein","peptidase","Bacteria",177416,"177416.18","Francisella tularensis subsp. tularensis SCHU S4","FTT1746",,"RefSeq.9606.33.NC_000023.CDS.70424985.70433086.fwd","Protein","glycerophosphoinositol inositolphosphodiesterase GDPD2 isoform 2","Primates",9606,"9606.33","Homo sapiens",,"GDPD2","HPI","physical association","two hybrid pooling approach","experimental","20711500;13779","intact","intact:EBI-2798909;imex:IM-13779-261",
"fig|177416.18.peg.118","Protein","Probable Co/Zn/Cd efflux system membrane fusion protein","Bacteria",177416,"177416.18","Francisella tularensis subsp. tularensis SCHU S4","FTT0106c",,"RefSeq.9606.33.NC_000001.CDS.20662306.20717706.rev","Protein","kinesin-like protein KIF17 isoform X3","Primates",9606,"9606.33","Homo sapiens",,"KIF17","HPI","physical association","two hybrid pooling approach","experimental","20711500;13779","intact","intact:EBI-2805509;imex:IM-13779-925",
"RefSeq.177416.18.NC_006570.CDS.1421900.1422184.fwd","Protein","acyl carrier protein","Bacteria",177416,"177416.18","Francisella tularensis subsp. tularensis SCHU S4","FTT1376","acpP","RefSeq.9606.33.NC_000007.CDS.26192516.26200577.rev","Protein","heterogeneous nuclear ribonucleoproteins A2/B1 isoform X1","Primates",9606,"9606.33","Homo sapiens",,"HNRNPA2B1","HPI","physical association","two hybrid pooling approach","experimental","20711500;13779","intact","intact:EBI-2801623;imex:IM-13779-543",
"fig|177416.18.peg.18","Protein","Adenylosuccinate lyase (EC 4.3.2.2) @ SAICAR lyase (EC 4.3.2.2)","Bacteria",177416,"177416.18","Francisella tularensis subsp. tularensis SCHU S4","FTT0015","purB","RefSeq.9606.33.NC_000002.CDS.24203626.24328082.rev","Protein","intersectin-2 isoform 1","Primates",9606,"9606.33","Homo sapiens",,"ITSN2","HPI","physical association","two hybrid pooling approach","experimental","20711500;13779","intact","intact:EBI-2805721;imex:IM-13779-946",
"RefSeq.177416.18.NC_006570.CDS.1168800.1170584.rev","Protein","Type IV pilin multimeric outer membrane protein","Bacteria",177416,"177416.18","Francisella tularensis subsp. tularensis SCHU S4","FTT1156c","pilQ","RefSeq.9606.33.NC_000001.CDS.151404802.151443638.rev","Protein","pogo transposable element with ZNF domain isoform X3","Primates",9606,"9606.33","Homo sapiens",,"POGZ","HPI","physical association","two hybrid pooling approach","experimental","20711500;13779","intact","intact:EBI-2803528;imex:IM-13779-711",
"RefSeq.177416.18.NC_006570.CDS.654040.654966.fwd","Protein","SPFH domain-containing protein/band 7 family protein","Bacteria",177416,"177416.18","Francisella tularensis subsp. tularensis SCHU S4","FTT0634","hflC","RefSeq.9606.33.NC_000019.CDS.54107050.54115269.rev","Protein","TCF3 fusion partner","Primates",9606,"9606.33","Homo sapiens",,"TFPT","HPI","physical association","two hybrid pooling approach","experimental","20711500;13779","intact","intact:EBI-2800467;imex:IM-13779-418",
"fig|177416.18.peg.130","Protein","Peptide chain release factor 3","Bacteria",177416,"177416.18","Francisella tularensis subsp. tularensis SCHU S4","FTT0118","prfC","RefSeq.9606.33.NC_000002.CDS.37929278.38054877.fwd","Protein","regulator of microtubule dynamics protein 2 isoform X3","Primates",9606,"9606.33","Homo sapiens",,"RMDN2","HPI","physical association","two hybrid pooling approach","experimental","20711500;13779","intact","intact:EBI-2806920;imex:IM-13779-1083",
"RefSeq.177416.18.NC_006570.CDS.1582684.1584927.rev","Protein","isocitrate dehydrogenase","Bacteria",177416,"177416.18","Francisella tularensis subsp. tularensis SCHU S4","FTT1526c","idh","RefSeq.9606.33.NC_000022.CDS.43955578.43996383.fwd","Protein","sorting and assembly machinery component 50 homolog","Primates",9606,"9606.33","Homo sapiens",,"SAMM50","HPI","physical association","two hybrid pooling approach","experimental","20711500;13779","intact","intact:EBI-2797928;imex:IM-13779-171",
"RefSeq.177416.18.NC_006570.CDS.902373.904685.fwd","Protein","fusion protein PurC/PurD","Bacteria",177416,"177416.18","Francisella tularensis subsp. tularensis SCHU S4","FTT0894","purCD","RefSeq.9606.33.NC_000001.CDS.94173869.94247577.rev","Protein","rho GTPase-activating protein 29 isoform X3","Primates",9606,"9606.33","Homo sapiens",,"ARHGAP29","HPI","physical association","two hybrid pooling approach","experimental","20711500;13779","intact","intact:EBI-2801732;imex:IM-13779-552",
"RefSeq.177416.18.NC_006570.CDS.731244.732299.rev","Protein","L-threonine 3-dehydrogenase","Bacteria",177416,"177416.18","Francisella tularensis subsp. tularensis SCHU S4","FTT0713c","tdh","RefSeq.9606.33.NC_000017.CDS.27456644.27623392.fwd","Protein","kinase suppressor of Ras 1 isoform X7","Primates",9606,"9606.33","Homo sapiens",,"KSR1","HPI","physical association","two hybrid pooling approach","experimental","20711500;13779","intact","intact:EBI-2798742;imex:IM-13779-246",
"RefSeq.177416.18.NC_006570.CDS.741201.743426.rev","Protein","peroxidase/catalase","Bacteria",177416,"177416.18","Francisella tularensis subsp. tularensis SCHU S4","FTT0721c","katG","RefSeq.9606.33.NC_000006.CDS.32579091.32589742.rev","Protein","major histocompatibility complex, class II, DR beta 1 precursor","Primates",9606,"9606.33","Homo sapiens",,"HLA-DRB1","HPI","physical association","two hybrid pooling approach","experimental","20711500;13779","intact","intact:EBI-2806366;imex:IM-13779-1022",
"RefSeq.177416.18.NC_006570.CDS.1201510.1201941.rev","Protein","hypothetical protein","Bacteria",177416,"177416.18","Francisella tularensis subsp. tularensis SCHU S4","FTT1185c",,"RefSeq.9606.33.NC_000002.CDS.71068546.71078508.fwd","Protein","N-acetyl-D-glucosamine kinase","Primates",9606,"9606.33","Homo sapiens",,"NAGK","HPI","physical association","two hybrid pooling approach","experimental","20711500;13779","intact","intact:EBI-2796736;imex:IM-13779-60",
"RefSeq.177416.18.NC_006570.CDS.748995.750029.rev","Protein","glycerophosphoryl diester phosphodiesterase family protein","Bacteria",177416,"177416.18","Francisella tularensis subsp. tularensis SCHU S4","FTT0726c",,"RefSeq.9606.33.NC_000006.CDS.30185876.30199103.rev","Protein","tripartite motif-containing protein 26 isoform X1","Primates",9606,"9606.33","Homo sapiens",,"TRIM26","HPI","physical association","two hybrid pooling approach","experimental","20711500;13779","intact","intact:EBI-2802896;imex:IM-13779-655",
"fig|177416.18.peg.23","Protein","Aspartyl-tRNA(Asn) amidotransferase subunit A (EC 6.3.5.6) @ Glutamyl-tRNA(Gln) amidotransferase subunit A (EC 6.3.5.7)","Bacteria",177416,"177416.18","Francisella tularensis subsp. tularensis SCHU S4","FTT0020","gatA","RefSeq.9606.33.NC_000017.CDS.7225865.7234262.rev","Protein","segment polarity protein dishevelled homolog DVL-2","Primates",9606,"9606.33","Homo sapiens",,"DVL2","HPI","physical association","two hybrid pooling approach","experimental","20711500;13779","intact","intact:EBI-2796821;imex:IM-13779-67",
"RefSeq.177416.18.NC_006570.CDS.1168800.1170584.rev","Protein","Type IV pilin multimeric outer membrane protein","Bacteria",177416,"177416.18","Francisella tularensis subsp. tularensis SCHU S4","FTT1156c","pilQ","RefSeq.9606.33.NC_000001.CDS.15848068.15939427.fwd","Protein","msx2-interacting protein","Primates",9606,"9606.33","Homo sapiens",,"SPEN","HPI","physical association","two hybrid pooling approach","experimental","20711500;13779","intact","intact:EBI-2796371;imex:IM-13779-25",
"RefSeq.177416.18.NC_006570.CDS.1809580.1811109.rev","Protein","outer membrane protein tolC precursor","Bacteria",177416,"177416.18","Francisella tularensis subsp. tularensis SCHU S4","FTT1724c","tolC","RefSeq.9606.33.NC_000003.CDS.111845869.111974563.fwd","Protein","pleckstrin homology-like domain family B member 2 isoform b","Primates",9606,"9606.33","Homo sapiens",,"PHLDB2","HPI","physical association","two hybrid pooling approach","experimental","20711500;13779","intact","intact:EBI-2798495;imex:IM-13779-217",
"fig|177416.18.peg.185","Protein","Peptide chain release factor 1","Bacteria",177416,"177416.18","Francisella tularensis subsp. tularensis SCHU S4","FTT0168","prfA","RefSeq.9606.33.NC_000023.CDS.153504632.153508445.fwd","Protein","biglycan preproprotein","Primates",9606,"9606.33","Homo sapiens",,"BGN","HPI","physical association","two hybrid pooling approach","experimental","20711500;13779","intact","intact:EBI-2803781;imex:IM-13779-738",
"RefSeq.177416.18.NC_006570.CDS.1415006.1416997.rev","Protein","transketolase","Bacteria",177416,"177416.18","Francisella tularensis subsp. tularensis SCHU S4","FTT1369c","tktA","RefSeq.9606.33.NC_000016.CDS.74296915.74305733.fwd","Protein","26S proteasome non-ATPase regulatory subunit 7","Primates",9606,"9606.33","Homo sapiens",,"PSMD7","HPI","physical association","two hybrid pooling approach","experimental","20711500;13779","intact","intact:EBI-2803297;imex:IM-13779-689",
"RefSeq.177416.18.NC_006570.CDS.371289.372470.rev","Protein","FolC bifunctional protein","Bacteria",177416,"177416.18","Francisella tularensis subsp. tularensis SCHU S4","FTT0371c","folC","RefSeq.9606.33.NC_000019.CDS.32879162.32971874.rev","Protein","centrosomal protein of 89 kDa","Primates",9606,"9606.33","Homo sapiens",,"CEP89","HPI","physical association","two hybrid pooling approach","experimental","20711500;13779","intact","intact:EBI-2799211;imex:IM-13779-290",
"RefSeq.177416.18.NC_006570.CDS.1194341.1196158.fwd","Protein","GTP binding translational elongation factor Tu and G family protein","Bacteria",177416,"177416.18","Francisella tularensis subsp. tularensis SCHU S4","FTT1179","bipA","RefSeq.9606.33.NC_000014.CDS.64521505.64531897.fwd","Protein","zinc finger and BTB domain-containing protein 1 isoform X1","Primates",9606,"9606.33","Homo sapiens",,"ZBTB1","HPI","physical association","two hybrid pooling approach","experimental","20711500;13779","intact","intact:EBI-2799659;imex:IM-13779-329",
"RefSeq.177416.18.NC_006570.CDS.329238.330107.fwd","Protein","elongation factor Ts","Bacteria",177416,"177416.18","Francisella tularensis subsp. tularensis SCHU S4","FTT0314","tsf","RefSeq.9606.33.NC_000019.CDS.49949970.49961081.rev","Protein","sialic acid-binding Ig-like lectin 11 isoform 1 precursor","Primates",9606,"9606.33","Homo sapiens",,"SIGLEC11","HPI","physical association","two hybrid pooling approach","experimental","20711500;13779","intact","intact:EBI-2797048;imex:IM-13779-89",
"fig|177416.18.peg.83","Protein","Dihydrolipoamide succinyltransferase component (E2) of 2-oxoglutarate dehydrogenase complex (EC 2.3.1.61)","Bacteria",177416,"177416.18","Francisella tularensis subsp. tularensis SCHU S4","FTT0077","sucB","RefSeq.9606.33.NC_000022.CDS.41833271.41905660.fwd","Protein","sterol regulatory element-binding protein 2 isoform X2","Primates",9606,"9606.33","Homo sapiens",,"SREBF2","HPI","physical association","two hybrid pooling approach","experimental","20711500;13779","intact","intact:EBI-2800963;imex:IM-13779-472",
"fig|177416.18.peg.209","Protein","UDP-3-O-[3-hydroxymyristoyl] N-acetylglucosamine deacetylase (EC 3.5.1.108)","Bacteria",177416,"177416.18","Francisella tularensis subsp. tularensis SCHU S4","FTT0189","lpxC","RefSeq.9606.33.NC_000001.CDS.78025024.78135743.fwd","Protein","PDZ domain-containing protein GIPC2 isoform X1","Primates",9606,"9606.33","Homo sapiens",,"GIPC2","HPI","physical association","two hybrid pooling approach","experimental","20711500;13779","intact","intact:EBI-2806586;imex:IM-13779-1049",
"RefSeq.177416.18.NC_006570.CDS.554732.556504.rev","Protein","ribonucleotide-diphosphate reductase subunit alpha","Bacteria",177416,"177416.18","Francisella tularensis subsp. tularensis SCHU S4","FTT0534c","nrdA","RefSeq.9606.33.NC_000012.CDS.26954159.26964733.fwd","Protein","FGFR1 oncogene partner 2 isoform 2","Primates",9606,"9606.33","Homo sapiens",,"FGFR1OP2","HPI","physical association","two hybrid pooling approach","experimental","20711500;13779","intact","intact:EBI-2806819;imex:IM-13779-1075",
"fig|177416.18.peg.208","Protein","Cell division protein FtsZ (EC 3.4.24.-)","Bacteria",177416,"177416.18","Francisella tularensis subsp. tularensis SCHU S4","FTT0188","ftsZ","RefSeq.9606.33.NC_000012.CDS.2812761.2824193.fwd","Protein","integrin-alpha FG-GAP repeat-containing protein 2","Primates",9606,"9606.33","Homo sapiens",,"ITFG2","HPI","physical association","two hybrid pooling approach","experimental","20711500;13779","intact","intact:EBI-2805735;imex:IM-13779-947",
"RefSeq.177416.18.NC_006570.CDS.433016.433924.fwd","Protein","glycyl-tRNA synthetase subunit alpha","Bacteria",177416,"177416.18","Francisella tularensis subsp. tularensis SCHU S4","FTT0419","glyQ","RefSeq.9606.33.NC_000007.CDS.74689129.74758838.fwd","Protein","general transcription factor II-I isoform 4","Primates",9606,"9606.33","Homo sapiens",,"GTF2I","HPI","physical association","two hybrid pooling approach","experimental","20711500;13779","intact","intact:EBI-2806443;imex:IM-13779-1032",
"RefSeq.177416.18.NC_006570.CDS.1168800.1170584.rev","Protein","Type IV pilin multimeric outer membrane protein","Bacteria",177416,"177416.18","Francisella tularensis subsp. tularensis SCHU S4","FTT1156c","pilQ","RefSeq.9606.33.NC_000007.CDS.817457.843636.fwd","Protein","SUN domain-containing protein 1 isoform d","Primates",9606,"9606.33","Homo sapiens",,"SUN1","HPI","physical association","two hybrid pooling approach","experimental","20711500;13779","intact","intact:EBI-2796914;imex:IM-13779-77",
"RefSeq.177416.18.NC_006570.CDS.1243635.1246292.fwd","Protein","ribonuclease E","Bacteria",177416,"177416.18","Francisella tularensis subsp. tularensis SCHU S4","FTT1227","rne","RefSeq.9606.33.NC_000007.CDS.99546686.99548407.rev","Protein","protein FAM200A isoform X1","Primates",9606,"9606.33","Homo sapiens",,"FAM200A","HPI","physical association","two hybrid pooling approach","experimental","20711500;13779","intact","intact:EBI-2799176;imex:IM-13779-286",
"RefSeq.177416.18.NC_006570.CDS.1471194.1471814.fwd","Protein","oxidoreductase","Bacteria",177416,"177416.18","Francisella tularensis subsp. tularensis SCHU S4","FTT1422",,"RefSeq.9606.33.NC_000005.CDS.134525695.134579317.fwd","Protein","protein Jade-2 isoform 2","Primates",9606,"9606.33","Homo sapiens",,"JADE2","HPI","physical association","two hybrid pooling approach","experimental","20711500;13779","intact","intact:EBI-2805707;imex:IM-13779-943",
"RefSeq.177416.18.NC_006570.CDS.1527544.1528569.fwd","Protein","galactose-1-phosphate uridylyltransferase","Bacteria",177416,"177416.18","Francisella tularensis subsp. tularensis SCHU S4","FTT1475","galT","RefSeq.9606.33.NC_000013.CDS.45465037.45534731.fwd","Protein","conserved oligomeric Golgi complex subunit 3","Primates",9606,"9606.33","Homo sapiens",,"COG3","HPI","physical association","two hybrid pooling approach","experimental","20711500;13779","intact","intact:EBI-2807753;imex:IM-13779-1180",
"RefSeq.177416.18.NC_006570.CDS.1492812.1494074.fwd","Protein","transcription termination factor Rho","Bacteria",177416,"177416.18","Francisella tularensis subsp. tularensis SCHU S4","FTT1446","rho","RefSeq.9606.33.NC_000011.CDS.5696233.5709648.fwd","Protein","E3 ubiquitin-protein ligase TRIM22 isoform 2","Primates",9606,"9606.33","Homo sapiens",,"TRIM22","HPI","physical association","two hybrid pooling approach","experimental","20711500;13779","intact","intact:EBI-2800189;imex:IM-13779-386",
"RefSeq.177416.18.NC_006570.CDS.1194341.1196158.fwd","Protein","GTP binding translational elongation factor Tu and G family protein","Bacteria",177416,"177416.18","Francisella tularensis subsp. tularensis SCHU S4","FTT1179","bipA","RefSeq.9606.33.NC_000019.CDS.7117056.7293891.rev","Protein","insulin receptor isoform Long preproprotein","Primates",9606,"9606.33","Homo sapiens",,"INSR","HPI","physical association","two hybrid pooling approach","experimental","20711500;13779","intact","intact:EBI-2805844;imex:IM-13779-961",
"fig|177416.18.peg.160","Protein","DNA-directed RNA polymerase beta subunit (EC 2.7.7.6)","Bacteria",177416,"177416.18","Francisella tularensis subsp. tularensis SCHU S4","FTT0144","rpoB","RefSeq.9606.33.NC_000006.CDS.96521874.96553503.fwd","Protein","E3 UFM1-protein ligase 1","Primates",9606,"9606.33","Homo sapiens",,"UFL1","HPI","physical association","two hybrid pooling approach","experimental","20711500;13779","intact","intact:EBI-2798766;imex:IM-13779-249",
"fig|177416.18.peg.140","Protein","Oligopeptide transport ATP-binding protein OppF (TC 3.A.1.5.1)","Bacteria",177416,"177416.18","Francisella tularensis subsp. tularensis SCHU S4","FTT0126","oppF","RefSeq.9606.33.NC_000014.CDS.24143409.24146581.rev","Protein","proteasome activator complex subunit 2","Primates",9606,"9606.33","Homo sapiens",,"PSME2","HPI","physical association","two hybrid pooling approach","experimental","20711500;13779","intact","intact:EBI-2796484;imex:IM-13779-35",
"fig|177416.18.peg.160","Protein","DNA-directed RNA polymerase beta subunit (EC 2.7.7.6)","Bacteria",177416,"177416.18","Francisella tularensis subsp. tularensis SCHU S4","FTT0144","rpoB","RefSeq.9606.33.NC_000018.CDS.35337232.35340650.rev","Protein","zinc finger protein 24 isoform X1","Primates",9606,"9606.33","Homo sapiens",,"ZNF24","HPI","physical association","two hybrid pooling approach","experimental","20711500;13779","intact","intact:EBI-2799413;imex:IM-13779-309",
"fig|177416.18.peg.160","Protein","DNA-directed RNA polymerase beta subunit (EC 2.7.7.6)","Bacteria",177416,"177416.18","Francisella tularensis subsp. tularensis SCHU S4","FTT0144","rpoB","RefSeq.9606.33.NC_000012.CDS.7921413.7936034.rev","Protein","solute carrier family 2, facilitated glucose transporter member 3","Primates",9606,"9606.33","Homo sapiens",,"SLC2A3","HPI","physical association","two hybrid pooling approach","experimental","20711500;13779","intact","intact:EBI-2806429;imex:IM-13779-1027",
"RefSeq.177416.18.NC_006570.CDS.1216064.1218070.rev","Protein","excinuclease ABC subunit B","Bacteria",177416,"177416.18","Francisella tularensis subsp. tularensis SCHU S4","FTT1199c","uvrB","RefSeq.9606.33.NC_000014.CDS.103735154.103848484.rev","Protein","apoptosis-stimulating of p53 protein 1 isoform X1","Primates",9606,"9606.33","Homo sapiens",,"PPP1R13B","HPI","physical association","two hybrid pooling approach","experimental","20711500;13779","intact","intact:EBI-2808708;imex:IM-13779-1289",
"RefSeq.177416.18.NC_006570.CDS.332266.333060.fwd","Protein","phosphatidate cytidylyltransferase","Bacteria",177416,"177416.18","Francisella tularensis subsp. tularensis SCHU S4","FTT0318","cdsA","RefSeq.9606.33.NC_000002.CDS.26191250.26244596.rev","Protein","trifunctional enzyme subunit alpha, mitochondrial precursor","Primates",9606,"9606.33","Homo sapiens",,"HADHA","HPI","physical association","two hybrid pooling approach","experimental","20711500;13779","intact","intact:EBI-2807156;imex:IM-13779-1110",
"RefSeq.177416.18.NC_006570.CDS.654040.654966.fwd","Protein","SPFH domain-containing protein/band 7 family protein","Bacteria",177416,"177416.18","Francisella tularensis subsp. tularensis SCHU S4","FTT0634","hflC","RefSeq.9606.33.NC_000001.CDS.28236184.28237978.fwd","Protein","ATPase inhibitor, mitochondrial isoform 1 precursor","Primates",9606,"9606.33","Homo sapiens",,"ATPIF1","HPI","physical association","two hybrid pooling approach","experimental","20711500;13779","intact","intact:EBI-2808690;imex:IM-13779-1288",
"RefSeq.177416.18.NC_006570.CDS.641398.642714.fwd","Protein","trigger factor","Bacteria",177416,"177416.18","Francisella tularensis subsp. tularensis SCHU S4","FTT0623","tig","RefSeq.9606.33.NC_000013.CDS.110307904.110512191.fwd","Protein","collagen alpha-2(IV) chain preproprotein","Primates",9606,"9606.33","Homo sapiens",,"COL4A2","HPI","physical association","two hybrid pooling approach","experimental","20711500;13779","intact","intact:EBI-2807796;imex:IM-13779-1187",
"RefSeq.177416.18.NC_006570.CDS.829948.830550.rev","Protein","recombination protein RecR","Bacteria",177416,"177416.18","Francisella tularensis subsp. tularensis SCHU S4","FTT0809c","recR","RefSeq.9606.33.NC_000011.CDS.65616312.65636978.fwd","Protein","pecanex-like protein 3 isoform X2","Primates",9606,"9606.33","Homo sapiens",,"PCNXL3","HPI","physical association","two hybrid pooling approach","experimental","20711500;13779","intact","intact:EBI-2801990;imex:IM-13779-578",
"RefSeq.177416.18.NC_006570.CDS.1082897.1083403.rev","Protein","hypothetical protein","Bacteria",177416,"177416.18","Francisella tularensis subsp. tularensis SCHU S4","FTT1071c",,"RefSeq.9606.33.NC_000012.CDS.122986027.123034590.rev","Protein","membrane-associated phosphatidylinositol transfer protein 2 isoform X1","Primates",9606,"9606.33","Homo sapiens",,"PITPNM2","HPI","physical association","two hybrid pooling approach","experimental","20711500;13779","intact","intact:EBI-2803639;imex:IM-13779-723",
"RefSeq.177416.18.NC_006570.CDS.748995.750029.rev","Protein","glycerophosphoryl diester phosphodiesterase family protein","Bacteria",177416,"177416.18","Francisella tularensis subsp. tularensis SCHU S4","FTT0726c",,"RefSeq.9606.33.NC_000003.CDS.127692198.127822318.rev","Protein","monoglyceride lipase isoform X1","Primates",9606,"9606.33","Homo sapiens",,"MGLL","HPI","physical association","two hybrid pooling approach","experimental","20711500;13779","intact","intact:EBI-2797314;imex:IM-13779-116",
"RefSeq.177416.18.NC_006570.CDS.1764306.1765940.fwd","Protein","chaperonin GroEL","Bacteria",177416,"177416.18","Francisella tularensis subsp. tularensis SCHU S4","FTT1696","groEL","RefSeq.9606.33.NC_000002.CDS.190970703.191010003.rev","Protein","signal transducer and activator of transcription 1-alpha/beta isoform alpha","Primates",9606,"9606.33","Homo sapiens",,"STAT1","HPI","physical association","two hybrid pooling approach","experimental","20711500;13779","intact","intact:EBI-2800838;imex:IM-13779-456",
"RefSeq.177416.18.NC_006570.CDS.264050.266698.fwd","Protein","pyruvate phosphate dikinase","Bacteria",177416,"177416.18","Francisella tularensis subsp. tularensis SCHU S4","FTT0250","ppdK","RefSeq.9606.33.NC_000010.CDS.23439458.23440903.fwd","Protein","OTU domain-containing protein 1","Primates",9606,"9606.33","Homo sapiens",,"OTUD1","HPI","physical association","two hybrid pooling approach","experimental","20711500;13779","intact","intact:EBI-2798556;imex:IM-13779-224",
"RefSeq.177416.18.NC_006570.CDS.1587238.1589478.fwd","Protein","acyl-CoA dehydrogenase","Bacteria",177416,"177416.18","Francisella tularensis subsp. tularensis SCHU S4","FTT1529","fadE","RefSeq.9606.33.NC_000013.CDS.114281640.114304917.fwd","Protein","regulator of nonsense transcripts 3A isoform X1","Primates",9606,"9606.33","Homo sapiens",,"UPF3A","HPI","physical association","two hybrid pooling approach","experimental","20711500;13779","intact","intact:EBI-2801781;imex:IM-13779-558",
"RefSeq.177416.18.NC_006570.CDS.529426.530226.rev","Protein","hypothetical protein","Bacteria",177416,"177416.18","Francisella tularensis subsp. tularensis SCHU S4","FTT0509c",,"RefSeq.9606.33.NC_000023.CDS.47651842.47658963.rev","Protein","protein UXT isoform 1","Primates",9606,"9606.33","Homo sapiens",,"UXT","HPI","physical association","two hybrid pooling approach","experimental","20711500;13779","intact","intact:EBI-2799932;imex:IM-13779-355",
"RefSeq.177416.18.NC_006570.CDS.413780.414856.fwd","Protein","glycine cleavage system aminomethyltransferase T","Bacteria",177416,"177416.18","Francisella tularensis subsp. tularensis SCHU S4","FTT0407","gcvT","RefSeq.9606.33.NC_000011.CDS.65525154.65538566.fwd","Protein","N-terminal kinase-like protein isoform B","Primates",9606,"9606.33","Homo sapiens",,"SCYL1","HPI","physical association","two hybrid pooling approach","experimental","20711500;13779","intact","intact:EBI-2798581;imex:IM-13779-230",
"RefSeq.177416.18.NC_006570.CDS.1546379.1546774.rev","Protein","hypothetical protein","Bacteria",177416,"177416.18","Francisella tularensis subsp. tularensis SCHU S4","FTT1493c",,"RefSeq.9606.33.NC_000003.CDS.132681910.132722355.rev","Protein","nephrocystin-3","Primates",9606,"9606.33","Homo sapiens",,"NPHP3","HPI","physical association","two hybrid pooling approach","experimental","20711500;13779","intact","intact:EBI-2804260;imex:IM-13779-788",
"RefSeq.177416.18.NC_006570.CDS.901330.902373.fwd","Protein","phosphoribosylaminoimidazole synthetase","Bacteria",177416,"177416.18","Francisella tularensis subsp. tularensis SCHU S4","FTT0893","purM","RefSeq.9606.33.NC_000020.CDS.21303399.21389338.fwd","Protein","5'-3' exoribonuclease 2","Primates",9606,"9606.33","Homo sapiens",,"XRN2","HPI","physical association","two hybrid pooling approach","experimental","20711500;13779","intact","intact:EBI-2799714;imex:IM-13779-335",
"RefSeq.177416.18.NC_006570.CDS.1809580.1811109.rev","Protein","outer membrane protein tolC precursor","Bacteria",177416,"177416.18","Francisella tularensis subsp. tularensis SCHU S4","FTT1724c","tolC","RefSeq.9606.33.NC_000017.CDS.40628785.40645802.rev","Protein","SWI/SNF-related matrix-associated actin-dependent regulator of chromatin subfamily E member 1","Primates",9606,"9606.33","Homo sapiens",,"SMARCE1","HPI","physical association","two hybrid pooling approach","experimental","20711500;13779","intact","intact:EBI-2797033;imex:IM-13779-91",
"fig|177416.18.peg.82","Protein","2-oxoglutarate dehydrogenase E1 component (EC 1.2.4.2)","Bacteria",177416,"177416.18","Francisella tularensis subsp. tularensis SCHU S4","FTT0076","sucA","RefSeq.9606.33.NC_000016.CDS.66723722.66751591.rev","Protein","cytoplasmic dynein 1 light intermediate chain 2 isoform 1","Primates",9606,"9606.33","Homo sapiens",,"DYNC1LI2","HPI","physical association","two hybrid pooling approach","experimental","20711500;13779","intact","intact:EBI-2807385;imex:IM-13779-1138",
"fig|177416.18.peg.216","Protein","Glutamine synthetase type II, eukaryotic (EC 6.3.1.2)","Bacteria",177416,"177416.18","Francisella tularensis subsp. tularensis SCHU S4","FTT0196c","glnA","RefSeq.9606.33.NC_000009.CDS.137110648.137117965.rev","Protein","dipeptidyl peptidase 2 isoform X4","Primates",9606,"9606.33","Homo sapiens",,"DPP7","HPI","physical association","two hybrid pooling approach","experimental","20711500;13779","intact","intact:EBI-2807266;imex:IM-13779-1124",
"fig|177416.18.peg.133","Protein","ATP-dependent DNA helicase UvrD/PcrA (EC 3.6.4.12)","Bacteria",177416,"177416.18","Francisella tularensis subsp. tularensis SCHU S4","FTT0121","uvrD","RefSeq.9606.33.NC_000021.CDS.33543093.33576424.fwd","Protein","protein SON isoform H","Primates",9606,"9606.33","Homo sapiens",,"SON","HPI","physical association","two hybrid pooling approach","experimental","20711500;13779","intact","intact:EBI-2801060;imex:IM-13779-480",
"RefSeq.177416.18.NC_006570.CDS.594822.596195.fwd","Protein","L-serine dehydratase 1","Bacteria",177416,"177416.18","Francisella tularensis subsp. tularensis SCHU S4","FTT0577","sdaA","RefSeq.9606.33.NC_000021.CDS.33241923.33263500.fwd","Protein","interferon alpha/beta receptor 2 isoform a","Primates",9606,"9606.33","Homo sapiens",,"IFNAR2","HPI","physical association","two hybrid pooling approach","experimental","20711500;13779","intact","intact:EBI-2805858;imex:IM-13779-962",
"fig|177416.18.peg.18","Protein","Adenylosuccinate lyase (EC 4.3.2.2) @ SAICAR lyase (EC 4.3.2.2)","Bacteria",177416,"177416.18","Francisella tularensis subsp. tularensis SCHU S4","FTT0015","purB","RefSeq.9606.33.NC_000006.CDS.30185876.30199103.rev","Protein","tripartite motif-containing protein 26 isoform X1","Primates",9606,"9606.33","Homo sapiens",,"TRIM26","HPI","physical association","two hybrid pooling approach","experimental","20711500;13779","intact","intact:EBI-2802884;imex:IM-13779-652",
"RefSeq.177416.18.NC_006570.CDS.1415006.1416997.rev","Protein","transketolase","Bacteria",177416,"177416.18","Francisella tularensis subsp. tularensis SCHU S4","FTT1369c","tktA","RefSeq.9606.33.NC_000004.CDS.112644470.112657327.fwd","Protein","la-related protein 7 isoform 2","Primates",9606,"9606.33","Homo sapiens",,"LARP7","HPI","physical association","two hybrid pooling approach","experimental","20711500;13779","intact","intact:EBI-2805375;imex:IM-13779-907",
"fig|177416.18.peg.118","Protein","Probable Co/Zn/Cd efflux system membrane fusion protein","Bacteria",177416,"177416.18","Francisella tularensis subsp. tularensis SCHU S4","FTT0106c",,"RefSeq.9606.33.NC_000020.CDS.46350394.46358725.rev","Protein","solute carrier family 35 member C2 isoform d","Primates",9606,"9606.33","Homo sapiens",,"SLC35C2","HPI","physical association","two hybrid pooling approach","experimental","20711500;13779","intact","intact:EBI-2797935;imex:IM-13779-175",
"RefSeq.177416.18.NC_006570.CDS.1463095.1464792.fwd","Protein","prolyl-tRNA synthetase","Bacteria",177416,"177416.18","Francisella tularensis subsp. tularensis SCHU S4","FTT1412","proS","RefSeq.9606.33.NC_000009.CDS.136664764.136672286.fwd","Protein","epidermal growth factor-like protein 7 isoform X3","Primates",9606,"9606.33","Homo sapiens",,"EGFL7","HPI","physical association","two hybrid pooling approach","experimental","20711500;13779","intact","intact:EBI-2807090;imex:IM-13779-1102",
"RefSeq.177416.18.NC_006570.CDS.652971.654038.fwd","Protein","SPFH domain-containing protein/band 7 family protein","Bacteria",177416,"177416.18","Francisella tularensis subsp. tularensis SCHU S4","FTT0633","hflK","RefSeq.9606.33.NC_000022.CDS.46244814.46249336.rev","Protein","cysteine-rich DPF motif domain-containing protein 1 isoform X3","Primates",9606,"9606.33","Homo sapiens",,"CDPF1","HPI","physical association","two hybrid pooling approach","experimental","20711500;13779","intact","intact:EBI-2802779;imex:IM-13779-645",
"RefSeq.177416.18.NC_006570.CDS.448884.449744.fwd","Protein","carbon-nitrogen hydrolase family protein","Bacteria",177416,"177416.18","Francisella tularensis subsp. tularensis SCHU S4","FTT0435",,"RefSeq.9606.33.NC_000017.CDS.1650802.1684571.rev","Protein","pre-mRNA-processing-splicing factor 8","Primates",9606,"9606.33","Homo sapiens",,"PRPF8","HPI","physical association","two hybrid pooling approach","experimental","20711500;13779","intact","intact:EBI-2803373;imex:IM-13779-695",
"fig|177416.18.peg.80","Protein","Succinate dehydrogenase flavoprotein subunit (EC 1.3.5.1)","Bacteria",177416,"177416.18","Francisella tularensis subsp. tularensis SCHU S4","FTT0074","sdhA","RefSeq.9606.33.NC_000002.CDS.15167048.15561304.rev","Protein","neuroblastoma-amplified sequence","Primates",9606,"9606.33","Homo sapiens",,"NBAS","HPI","physical association","two hybrid pooling approach","experimental","20711500;13779","intact","intact:EBI-2804555;imex:IM-13779-821",
"RefSeq.177416.18.NC_006570.CDS.1105418.1108015.rev","Protein","alanyl-tRNA synthetase","Bacteria",177416,"177416.18","Francisella tularensis subsp. tularensis SCHU S4","FTT1096c","alaS","RefSeq.9606.33.NC_000003.CDS.70959247.71198381.rev","Protein","forkhead box protein P1 isoform X2","Primates",9606,"9606.33","Homo sapiens",,"FOXP1","HPI","physical association","two hybrid pooling approach","experimental","20711500;13779","intact","intact:EBI-2806736;imex:IM-13779-1067",
"RefSeq.177416.18.NC_006570.CDS.1595657.1597072.rev","Protein","putative nicotinate phosphoribosyltransferase","Bacteria",177416,"177416.18","Francisella tularensis subsp. tularensis SCHU S4","FTT1534c",,"RefSeq.9606.33.NC_000005.CDS.150402240.150412749.rev","Protein","HLA class II histocompatibility antigen gamma chain isoform a","Primates",9606,"9606.33","Homo sapiens",,"CD74","HPI","physical association","two hybrid pooling approach","experimental","20711500;13779","intact","intact:EBI-2806288;imex:IM-13779-1012",
"RefSeq.177416.18.NC_006570.CDS.898028.898468.rev","Protein","Type IV pili fiber building block protein","Bacteria",177416,"177416.18","Francisella tularensis subsp. tularensis SCHU S4","FTT0889c",,"RefSeq.9606.33.NC_000005.CDS.126777509.126836264.fwd","Protein","lamin-B1 isoform 1","Primates",9606,"9606.33","Homo sapiens",,"LMNB1","HPI","physical association","two hybrid pooling approach","experimental","20711500;13779","intact","intact:EBI-2805221;imex:IM-13779-894",
"RefSeq.177416.18.NC_006570.CDS.1725340.1726686.rev","Protein","dihydroorotase","Bacteria",177416,"177416.18","Francisella tularensis subsp. tularensis SCHU S4","FTT1660c","pyrC","RefSeq.9606.33.NC_000007.CDS.100681688.100688238.rev","Protein","PERQ amino acid-rich with GYF domain-containing protein 1 isoform X2","Primates",9606,"9606.33","Homo sapiens",,"GIGYF1","HPI","physical association","two hybrid pooling approach","experimental","20711500;13779","intact","intact:EBI-2796348;imex:IM-13779-23",
"RefSeq.177416.18.NC_006570.CDS.451253.452623.fwd","Protein","UDP-N-acetylmuramate:L-alanyl-gamma-D-glutamyl- me so-diaminopimelate ligase","Bacteria",177416,"177416.18","Francisella tularensis subsp. tularensis SCHU S4","FTT0438","mpl","RefSeq.9606.33.NC_000002.CDS.111898736.112039363.fwd","Protein","tyrosine-protein kinase Mer isoform X1","Primates",9606,"9606.33","Homo sapiens",,"MERTK","HPI","physical association","two hybrid pooling approach","experimental","20711500;13779","intact","intact:EBI-2804920;imex:IM-13779-862",
"RefSeq.177416.18.NC_006570.CDS.1147014.1148243.fwd","Protein","Type IV pili polytopic inner membrane protein","Bacteria",177416,"177416.18","Francisella tularensis subsp. tularensis SCHU S4","FTT1134","pilC","RefSeq.9606.33.NC_000019.CDS.5904891.5909142.fwd","Protein","vimentin-type intermediate filament-associated coiled-coil protein","Primates",9606,"9606.33","Homo sapiens",,"VMAC","HPI","physical association","two hybrid pooling approach","experimental","20711500;13779","intact","intact:EBI-2803131;imex:IM-13779-673",
"fig|177416.18.peg.18","Protein","Adenylosuccinate lyase (EC 4.3.2.2) @ SAICAR lyase (EC 4.3.2.2)","Bacteria",177416,"177416.18","Francisella tularensis subsp. tularensis SCHU S4","FTT0015","purB","RefSeq.9606.33.NC_000004.CDS.102510933.102616594.fwd","Protein","nuclear factor NF-kappa-B p105 subunit isoform X2","Primates",9606,"9606.33","Homo sapiens",,"NFKB1","HPI","physical association","two hybrid pooling approach","experimental","20711500;13779","intact","intact:EBI-2798610;imex:IM-13779-232",
"fig|177416.18.peg.80","Protein","Succinate dehydrogenase flavoprotein subunit (EC 1.3.5.1)","Bacteria",177416,"177416.18","Francisella tularensis subsp. tularensis SCHU S4","FTT0074","sdhA","RefSeq.9606.33.NC_000021.CDS.46235268.46285286.rev","Protein","germinal-center associated nuclear protein isoform X1","Primates",9606,"9606.33","Homo sapiens",,"MCM3AP","HPI","physical association","two hybrid pooling approach","experimental","20711500;13779","intact","intact:EBI-2804997;imex:IM-13779-869",
"RefSeq.177416.18.NC_006570.CDS.1357322.1358860.fwd","Protein","phosphoglyceromutase","Bacteria",177416,"177416.18","Francisella tularensis subsp. tularensis SCHU S4","FTT1329","gpmI","RefSeq.9606.33.NC_000012.CDS.56712538.56724521.rev","Protein","nascent polypeptide-associated complex subunit alpha isoform X3","Primates",9606,"9606.33","Homo sapiens",,"NACA","HPI","physical association","two hybrid pooling approach","experimental","20711500;13779","intact","intact:EBI-2804569;imex:IM-13779-822",
"RefSeq.177416.18.NC_006570.CDS.1855330.1857150.rev","Protein","chitinase","Bacteria",177416,"177416.18","Francisella tularensis subsp. tularensis SCHU S4","FTT1768c",,"RefSeq.9606.33.NC_000011.CDS.65128382.65133601.rev","Protein","E3 ubiquitin-protein ligase synoviolin isoform X1","Primates",9606,"9606.33","Homo sapiens",,"SYVN1","HPI","physical association","two hybrid pooling approach","experimental","20711500;13779","intact","intact:EBI-2800676;imex:IM-13779-437",
"RefSeq.177416.18.NC_006570.CDS.237887.239431.fwd","Protein","acid phosphatase (precursor)","Bacteria",177416,"177416.18","Francisella tularensis subsp. tularensis SCHU S4","FTT0221","acpA","RefSeq.9606.33.NC_000005.CDS.179920317.180071702.rev","Protein","E3 ubiquitin-protein ligase RNF130 isoform X1","Primates",9606,"9606.33","Homo sapiens",,"RNF130","HPI","physical association","two hybrid pooling approach","experimental","20711500;13779","intact","intact:EBI-2806534;imex:IM-13779-1041",
"RefSeq.177416.18.NC_006570.CDS.907390.909411.rev","Protein","oligopeptidase A","Bacteria",177416,"177416.18","Francisella tularensis subsp. tularensis SCHU S4","FTT0899c","prlC","RefSeq.9606.33.NC_000002.CDS.36849456.36966463.rev","Protein","striatin isoform X1","Primates",9606,"9606.33","Homo sapiens",,"STRN","HPI","physical association","two hybrid pooling approach","experimental","20711500;13779","intact","intact:EBI-2800774;imex:IM-13779-448",
"RefSeq.177416.18.NC_006570.CDS.788288.791008.fwd","Protein","preprotein translocase subunit SecA","Bacteria",177416,"177416.18","Francisella tularensis subsp. tularensis SCHU S4","FTT0769","secA","RefSeq.9606.33.NC_000006.CDS.30557187.30561366.fwd","Protein","proline-rich protein 3 isoform X1","Primates",9606,"9606.33","Homo sapiens",,"PRR3","HPI","physical association","two hybrid pooling approach","experimental","20711500;13779","intact","intact:EBI-2803335;imex:IM-13779-691",
"RefSeq.177416.18.NC_006570.CDS.782779.784863.fwd","Protein","glycyl-tRNA synthetase beta subunit","Bacteria",177416,"177416.18","Francisella tularensis subsp. tularensis SCHU S4","FTT0764","glyS","RefSeq.9606.33.NC_000011.CDS.60172158.60183205.rev","Protein","membrane-spanning 4-domains subfamily A member 6A isoform X3","Primates",9606,"9606.33","Homo sapiens",,"MS4A6A","HPI","physical association","two hybrid pooling approach","experimental","20711500;13779","intact","intact:EBI-2805128;imex:IM-13779-885",
"RefSeq.177416.18.NC_006570.CDS.1722515.1723066.rev","Protein","hypothetical protein","Bacteria",177416,"177416.18","Francisella tularensis subsp. tularensis SCHU S4","FTT1656c",,"RefSeq.9606.33.NC_000007.CDS.26192516.26200577.rev","Protein","heterogeneous nuclear ribonucleoproteins A2/B1 isoform X1","Primates",9606,"9606.33","Homo sapiens",,"HNRNPA2B1","HPI","physical association","two hybrid pooling approach","experimental","20711500;13779","intact","intact:EBI-2801630;imex:IM-13779-541",
"RefSeq.177416.18.NC_006570.CDS.938085.939380.fwd","Protein","glutamate-1-semialdehyde aminotransferase","Bacteria",177416,"177416.18","Francisella tularensis subsp. tularensis SCHU S4","FTT0927","hemL","RefSeq.9606.33.NC_000005.CDS.150402240.150412749.rev","Protein","HLA class II histocompatibility antigen gamma chain isoform a","Primates",9606,"9606.33","Homo sapiens",,"CD74","HPI","physical association","two hybrid pooling approach","experimental","20711500;13779","intact","intact:EBI-2796767;imex:IM-13779-62",
"RefSeq.177416.18.NC_006570.CDS.1442523.1443953.rev","Protein","ATP-dependent DNA helicase","Bacteria",177416,"177416.18","Francisella tularensis subsp. tularensis SCHU S4","FTT1395c",,"RefSeq.9606.33.NC_000016.CDS.288122.355119.rev","Protein","axin-1 isoform X4","Primates",9606,"9606.33","Homo sapiens",,"AXIN1","HPI","physical association","two hybrid pooling approach","experimental","20711500;13779","intact","intact:EBI-2808649;imex:IM-13779-1279",
"RefSeq.177416.18.NC_006570.CDS.416732.418177.fwd","Protein","glycine dehydrogenase subunit 2","Bacteria",177416,"177416.18","Francisella tularensis subsp. tularensis SCHU S4","FTT0410","gcvP2","RefSeq.9606.33.NC_000001.CDS.32621862.32650565.rev","Protein","protein archease isoform X1","Primates",9606,"9606.33","Homo sapiens",,"ZBTB8OS","HPI","physical association","two hybrid pooling approach","experimental","20711500;13779","intact","intact:EBI-2808834;imex:IM-13779-1301",
"RefSeq.177416.18.NC_006570.CDS.1168800.1170584.rev","Protein","Type IV pilin multimeric outer membrane protein","Bacteria",177416,"177416.18","Francisella tularensis subsp. tularensis SCHU S4","FTT1156c","pilQ","RefSeq.9606.33.NC_000005.CDS.129094767.129113001.fwd","Protein","isochorismatase domain-containing protein 1","Primates",9606,"9606.33","Homo sapiens",,"ISOC1","HPI","physical association","two hybrid pooling approach","experimental","20711500;13779","intact","intact:EBI-2805784;imex:IM-13779-955",
"RefSeq.177416.18.NC_006570.CDS.658005.659660.fwd","Protein","dihydroxy-acid dehydratase","Bacteria",177416,"177416.18","Francisella tularensis subsp. tularensis SCHU S4","FTT0640","ilvD","RefSeq.9606.33.NC_000022.CDS.37226673.37244148.rev","Protein","ras-related C3 botulinum toxin substrate 2","Primates",9606,"9606.33","Homo sapiens",,"RAC2","HPI","physical association","two hybrid pooling approach","experimental","20711500;13779","intact","intact:EBI-2801871;imex:IM-13779-569",
"RefSeq.177416.18.NC_006570.CDS.264050.266698.fwd","Protein","pyruvate phosphate dikinase","Bacteria",177416,"177416.18","Francisella tularensis subsp. tularensis SCHU S4","FTT0250","ppdK","RefSeq.9606.33.NC_000015.CDS.44711547.44716342.fwd","Protein","beta-2-microglobulin precursor","Primates",9606,"9606.33","Homo sapiens",,"B2M","HPI","physical association","two hybrid pooling approach","experimental","20711500;13779","intact","intact:EBI-2799253;imex:IM-13779-293",
"RefSeq.177416.18.NC_006570.CDS.1811118.1811738.rev","Protein","protein-L-isoaspartate O-methyltransferase","Bacteria",177416,"177416.18","Francisella tularensis subsp. tularensis SCHU S4","FTT1725c","pcm","RefSeq.9606.33.NC_000005.CDS.134525695.134579317.fwd","Protein","protein Jade-2 isoform 2","Primates",9606,"9606.33","Homo sapiens",,"JADE2","HPI","physical association","two hybrid pooling approach","experimental","20711500;13779","intact","intact:EBI-2805714;imex:IM-13779-948",
"fig|177416.18.peg.54","Protein","Transcription termination protein NusA","Bacteria",177416,"177416.18","Francisella tularensis subsp. tularensis SCHU S4","FTT0049","nusA","RefSeq.9606.33.NC_000007.CDS.127582014.127585182.rev","Protein","GRIP and coiled-coil domain-containing protein 1","Primates",9606,"9606.33","Homo sapiens",,"GCC1","HPI","physical association","two hybrid pooling approach","experimental","20711500;13779","intact","intact:EBI-2806643;imex:IM-13779-1055",
"RefSeq.177416.18.NC_006570.CDS.1438798.1442451.rev","Protein","exodeoxyribonuclease V beta chain","Bacteria",177416,"177416.18","Francisella tularensis subsp. tularensis SCHU S4","FTT1394c","recB","RefSeq.9606.33.NC_000001.CDS.85580985.85583042.fwd","Protein","protein CYR61 precursor","Primates",9606,"9606.33","Homo sapiens",,"CYR61","HPI","physical association","two hybrid pooling approach","experimental","20711500;13779","intact","intact:EBI-2807466;imex:IM-13779-1146",
"fig|177416.18.peg.160","Protein","DNA-directed RNA polymerase beta subunit (EC 2.7.7.6)","Bacteria",177416,"177416.18","Francisella tularensis subsp. tularensis SCHU S4","FTT0144","rpoB","RefSeq.9606.33.NC_000001.CDS.77565640.77639471.rev","Protein","ZZ-type zinc finger-containing protein 3 isoform X4","Primates",9606,"9606.33","Homo sapiens",,"ZZZ3","HPI","physical association","two hybrid pooling approach","experimental","20711500;13779","intact","intact:EBI-2799375;imex:IM-13779-305",
"RefSeq.177416.18.NC_006570.CDS.734051.736333.fwd","Protein","chitinase family 18 protein","Bacteria",177416,"177416.18","Francisella tularensis subsp. tularensis SCHU S4","FTT0715",,"RefSeq.9606.33.NC_000002.CDS.37231706.37248350.fwd","Protein","NADH dehydrogenase [ubiquinone] complex I, assembly factor 7 isoform 3","Primates",9606,"9606.33","Homo sapiens",,"NDUFAF7","HPI","physical association","two hybrid pooling approach","experimental","20711500;13779","intact","intact:EBI-2808321;imex:IM-13779-1242",
"fig|177416.18.peg.232","Protein","Zinc ABC transporter, substrate-binding protein ZnuA","Bacteria",177416,"177416.18","Francisella tularensis subsp. tularensis SCHU S4","FTT0209c",,"RefSeq.9606.33.NC_000011.CDS.124623084.124632238.fwd","Protein","transforming growth factor beta regulator 1 isoform X1","Primates",9606,"9606.33","Homo sapiens",,"TBRG1","HPI","physical association","two hybrid pooling approach","experimental","20711500;13779","intact","intact:EBI-2800562;imex:IM-13779-425",
"RefSeq.177416.18.NC_006570.CDS.948398.949339.rev","Protein","biotin synthase","Bacteria",177416,"177416.18","Francisella tularensis subsp. tularensis SCHU S4","FTT0937c","bioB","RefSeq.9606.33.NC_000004.CDS.102510933.102616594.fwd","Protein","nuclear factor NF-kappa-B p105 subunit isoform X2","Primates",9606,"9606.33","Homo sapiens",,"NFKB1","HPI","physical association","two hybrid pooling approach","experimental","20711500;13779","intact","intact:EBI-2804401;imex:IM-13779-802",
"RefSeq.177416.18.NC_006570.CDS.1744555.1745547.fwd","Protein","hypothetical protein","Bacteria",177416,"177416.18","Francisella tularensis subsp. tularensis SCHU S4","FTT1676",,"RefSeq.9606.33.NC_000009.CDS.13106965.13250315.rev","Protein","multiple PDZ domain protein isoform X4","Primates",9606,"9606.33","Homo sapiens",,"MPDZ","HPI","physical association","two hybrid pooling approach","experimental","20711500;13779","intact","intact:EBI-2804768;imex:IM-13779-846",
"RefSeq.177416.18.NC_006570.CDS.1802117.1805989.rev","Protein","phosphoribosylformylglycinamidine synthase","Bacteria",177416,"177416.18","Francisella tularensis subsp. tularensis SCHU S4","FTT1720c","purL","RefSeq.9606.33.NC_000010.CDS.42784395.42831096.fwd","Protein","ribosome biogenesis protein BMS1 homolog isoform X2","Primates",9606,"9606.33","Homo sapiens",,"BMS1","HPI","physical association","two hybrid pooling approach","experimental","20711500;13779","intact","intact:EBI-2808532;imex:IM-13779-1268",
"RefSeq.177416.18.NC_006570.CDS.652971.654038.fwd","Protein","SPFH domain-containing protein/band 7 family protein","Bacteria",177416,"177416.18","Francisella tularensis subsp. tularensis SCHU S4","FTT0633","hflK","RefSeq.9606.33.NC_000003.CDS.119294905.119416264.fwd","Protein","rho GTPase-activating protein 31 isoform X1","Primates",9606,"9606.33","Homo sapiens",,"ARHGAP31","HPI","physical association","two hybrid pooling approach","experimental","20711500;13779","intact","intact:EBI-2803143;imex:IM-13779-671",
"RefSeq.177416.18.NC_006570.CDS.1444610.1447849.rev","Protein","exodeoxyribonuclease V gamma chain","Bacteria",177416,"177416.18","Francisella tularensis subsp. tularensis SCHU S4","FTT1397c","recC","RefSeq.9606.33.NC_000006.CDS.118814824.118931723.rev","Protein","DNA helicase MCM9 isoform 1","Primates",9606,"9606.33","Homo sapiens",,"MCM9","HPI","physical association","two hybrid pooling approach","experimental","20711500;13779","intact","intact:EBI-2804982;imex:IM-13779-865",
"fig|177416.18.peg.118","Protein","Probable Co/Zn/Cd efflux system membrane fusion protein","Bacteria",177416,"177416.18","Francisella tularensis subsp. tularensis SCHU S4","FTT0106c",,"RefSeq.9606.33.NC_000008.CDS.43056347.43085282.fwd","Protein","protein farnesyltransferase/geranylgeranyltransferase type-1 subunit alpha","Primates",9606,"9606.33","Homo sapiens",,"FNTA","HPI","physical association","two hybrid pooling approach","experimental","20711500;13779","intact","intact:EBI-2798502;imex:IM-13779-222",
"RefSeq.177416.18.NC_006570.CDS.1415006.1416997.rev","Protein","transketolase","Bacteria",177416,"177416.18","Francisella tularensis subsp. tularensis SCHU S4","FTT1369c","tktA","RefSeq.9606.33.NC_000012.CDS.101280283.101386123.fwd","Protein","small subunit processome component 20 homolog","Primates",9606,"9606.33","Homo sapiens",,"UTP20","HPI","physical association","two hybrid pooling approach","experimental","20711500;13779","intact","intact:EBI-2799959;imex:IM-13779-359",
"RefSeq.177416.18.NC_006570.CDS.1546379.1546774.rev","Protein","hypothetical protein","Bacteria",177416,"177416.18","Francisella tularensis subsp. tularensis SCHU S4","FTT1493c",,"RefSeq.9606.33.NC_000015.CDS.75028319.75049235.fwd","Protein","phosphopantothenoylcysteine decarboxylase isoform d","Primates",9606,"9606.33","Homo sapiens",,"PPCDC","HPI","physical association","two hybrid pooling approach","experimental","20711500;13779","intact","intact:EBI-2807768;imex:IM-13779-1182",
"RefSeq.177416.18.NC_006570.CDS.1415006.1416997.rev","Protein","transketolase","Bacteria",177416,"177416.18","Francisella tularensis subsp. tularensis SCHU S4","FTT1369c","tktA","RefSeq.9606.33.NC_000001.CDS.183556118.183590329.rev","Protein","neutrophil cytosol factor 2 isoform X1","Primates",9606,"9606.33","Homo sapiens",,"NCF2","HPI","physical association","two hybrid pooling approach","experimental","20711500;13779","intact","intact:EBI-2804520;imex:IM-13779-816",
"RefSeq.177416.18.NC_006570.CDS.1835643.1836566.fwd","Protein","peptidase","Bacteria",177416,"177416.18","Francisella tularensis subsp. tularensis SCHU S4","FTT1746",,"RefSeq.9606.33.NC_000017.CDS.28906183.28950960.rev","Protein","PHD finger protein 12 isoform 1","Primates",9606,"9606.33","Homo sapiens",,"PHF12","HPI","physical association","two hybrid pooling approach","experimental","20711500;13779","intact","intact:EBI-2803757;imex:IM-13779-734",
"RefSeq.177416.18.NC_006570.CDS.1438798.1442451.rev","Protein","exodeoxyribonuclease V beta chain","Bacteria",177416,"177416.18","Francisella tularensis subsp. tularensis SCHU S4","FTT1394c","recB","RefSeq.9606.33.NC_000011.CDS.108227625.108365508.fwd","Protein","serine-protein kinase ATM isoform X2","Primates",9606,"9606.33","Homo sapiens",,"ATM","HPI","physical association","two hybrid pooling approach","experimental","20711500;13779","intact","intact:EBI-2808683;imex:IM-13779-1283",
"RefSeq.177416.18.NC_006570.CDS.734051.736333.fwd","Protein","chitinase family 18 protein","Bacteria",177416,"177416.18","Francisella tularensis subsp. tularensis SCHU S4","FTT0715",,"RefSeq.9606.33.NC_000022.CDS.31508285.31618418.fwd","Protein","protein SFI1 homolog isoform e","Primates",9606,"9606.33","Homo sapiens",,"SFI1","HPI","physical association","two hybrid pooling approach","experimental","20711500;13779","intact","intact:EBI-2803120;imex:IM-13779-670",
"RefSeq.177416.18.NC_006570.CDS.1415006.1416997.rev","Protein","transketolase","Bacteria",177416,"177416.18","Francisella tularensis subsp. tularensis SCHU S4","FTT1369c","tktA","RefSeq.9606.33.NC_000005.CDS.181256809.181260813.rev","Protein","tripartite motif-containing protein 52 isoform X1","Primates",9606,"9606.33","Homo sapiens",,"TRIM52","HPI","physical association","two hybrid pooling approach","experimental","20711500;13779","intact","intact:EBI-2800161;imex:IM-13779-382",
"RefSeq.177416.18.NC_006570.CDS.1802117.1805989.rev","Protein","phosphoribosylformylglycinamidine synthase","Bacteria",177416,"177416.18","Francisella tularensis subsp. tularensis SCHU S4","FTT1720c","purL","RefSeq.9606.33.NC_000014.CDS.55061172.55064627.fwd","Protein","MAPK-interacting and spindle-stabilizing protein-like isoform X1","Primates",9606,"9606.33","Homo sapiens",,"MAPK1IP1L","HPI","physical association","two hybrid pooling approach","experimental","20711500;13779","intact","intact:EBI-2807890;imex:IM-13779-1197",
"RefSeq.177416.18.NC_006570.CDS.673237.674220.fwd","Protein","lipoyl synthase","Bacteria",177416,"177416.18","Francisella tularensis subsp. tularensis SCHU S4","FTT0653","lipA","RefSeq.9606.33.NC_000016.CDS.21641534.21652598.rev","Protein","immunoglobulin superfamily member 6 precursor","Primates",9606,"9606.33","Homo sapiens",,"IGSF6","HPI","physical association","two hybrid pooling approach","experimental","20711500;13779","intact","intact:EBI-2802088;imex:IM-13779-586",
"fig|177416.18.peg.92","Protein","TyrA protein","Bacteria",177416,"177416.18","Francisella tularensis subsp. tularensis SCHU S4","FTT0086",,"RefSeq.9606.33.NC_000003.CDS.50318129.50320489.rev","Protein","hyaluronidase-2 isoform X1","Primates",9606,"9606.33","Homo sapiens",,"HYAL2","HPI","physical association","two hybrid pooling approach","experimental","20711500;13779","intact","intact:EBI-2806065;imex:IM-13779-984",
"RefSeq.177416.18.NC_006570.CDS.1662233.1665067.fwd","Protein","hypothetical protein","Bacteria",177416,"177416.18","Francisella tularensis subsp. tularensis SCHU S4","FTT1598",,"RefSeq.9606.33.NC_000005.CDS.134525695.134579317.fwd","Protein","protein Jade-2 isoform 2","Primates",9606,"9606.33","Homo sapiens",,"JADE2","HPI","physical association","two hybrid pooling approach","experimental","20711500;13779","intact","intact:EBI-2796164;imex:IM-13779-10",
"RefSeq.177416.18.NC_006570.CDS.927667.929340.fwd","Protein","hypothetical protein","Bacteria",177416,"177416.18","Francisella tularensis subsp. tularensis SCHU S4","FTT0918",,"RefSeq.9606.33.NC_000004.CDS.17614655.17623798.fwd","Protein","mediator of RNA polymerase II transcription subunit 28","Primates",9606,"9606.33","Homo sapiens",,"MED28","HPI","physical association","two hybrid pooling approach","experimental","20711500;13779","intact","intact:EBI-2796381;imex:IM-13779-28",
"RefSeq.177416.18.NC_006570.CDS.1802117.1805989.rev","Protein","phosphoribosylformylglycinamidine synthase","Bacteria",177416,"177416.18","Francisella tularensis subsp. tularensis SCHU S4","FTT1720c","purL","RefSeq.9606.33.NC_000017.CDS.81510690.81512354.rev","Protein","actin, cytoplasmic 2","Primates",9606,"9606.33","Homo sapiens",,"ACTG1","HPI","physical association","two hybrid pooling approach","experimental","20711500;13779","intact","intact:EBI-2809218;imex:IM-13779-1346",
"RefSeq.177416.18.NC_006570.CDS.894174.895823.fwd","Protein","DNA repair protein recN","Bacteria",177416,"177416.18","Francisella tularensis subsp. tularensis SCHU S4","FTT0886",,"RefSeq.9606.33.NC_000001.CDS.20652379.20661401.rev","Protein","dolichyl-diphosphooligosaccharide--protein glycosyltransferase 48 kDa subunit precursor","Primates",9606,"9606.33","Homo sapiens",,"DDOST","HPI","physical association","two hybrid pooling approach","experimental","20711500;13779","intact","intact:EBI-2804073;imex:IM-13779-768",
"RefSeq.177416.18.NC_006570.CDS.1802117.1805989.rev","Protein","phosphoribosylformylglycinamidine synthase","Bacteria",177416,"177416.18","Francisella tularensis subsp. tularensis SCHU S4","FTT1720c","purL","RefSeq.9606.33.NC_000006.CDS.158766914.158818093.rev","Protein","ezrin","Primates",9606,"9606.33","Homo sapiens",,"EZR","HPI","physical association","two hybrid pooling approach","experimental","20711500;13779","intact","intact:EBI-2806974;imex:IM-13779-1089",
"RefSeq.177416.18.NC_006570.CDS.1368817.1370361.rev","Protein","sulfate permease family protein","Bacteria",177416,"177416.18","Francisella tularensis subsp. tularensis SCHU S4","FTT1339c",,"RefSeq.9606.33.NC_000002.CDS.26034609.26135021.fwd","Protein","ras-related protein Rab-10","Primates",9606,"9606.33","Homo sapiens",,"RAB10","HPI","physical association","two hybrid pooling approach","experimental","20711500;13779","intact","intact:EBI-2801878;imex:IM-13779-567",
"RefSeq.177416.18.NC_006570.CDS.741201.743426.rev","Protein","peroxidase/catalase","Bacteria",177416,"177416.18","Francisella tularensis subsp. tularensis SCHU S4","FTT0721c","katG","RefSeq.9606.33.NC_000014.CDS.93183187.93184242.rev","Protein","modulator of apoptosis 1","Primates",9606,"9606.33","Homo sapiens",,"MOAP1","HPI","physical association","two hybrid pooling approach","experimental","20711500;13779","intact","intact:EBI-2804803;imex:IM-13779-848",
"RefSeq.177416.18.NC_006570.CDS.404586.408065.fwd","Protein","DNA polymerase III alpha subunit","Bacteria",177416,"177416.18","Francisella tularensis subsp. tularensis SCHU S4","FTT0402","dnaE","RefSeq.9606.33.NC_000008.CDS.58561790.58581740.fwd","Protein","syntenin-1 isoform X1","Primates",9606,"9606.33","Homo sapiens",,"SDCBP","HPI","physical association","two hybrid pooling approach","experimental","20711500;13779","intact","intact:EBI-2797907;imex:IM-13779-170",
"fig|177416.18.peg.225","Protein","IMP cyclohydrolase (EC 3.5.4.10) / Phosphoribosylaminoimidazolecarboxamide formyltransferase (EC 2.1.2.3)","Bacteria",177416,"177416.18","Francisella tularensis subsp. tularensis SCHU S4","FTT0203c","purH","RefSeq.9606.33.NC_000007.CDS.26192516.26200577.rev","Protein","heterogeneous nuclear ribonucleoproteins A2/B1 isoform X1","Primates",9606,"9606.33","Homo sapiens",,"HNRNPA2B1","HPI","physical association","two hybrid pooling approach","experimental","20711500;13779","intact","intact:EBI-2801605;imex:IM-13779-540",
"RefSeq.177416.18.NC_006570.CDS.731244.732299.rev","Protein","L-threonine 3-dehydrogenase","Bacteria",177416,"177416.18","Francisella tularensis subsp. tularensis SCHU S4","FTT0713c","tdh","RefSeq.9606.33.NC_000017.CDS.4945900.4948394.rev","Protein","profilin-1","Primates",9606,"9606.33","Homo sapiens",,"PFN1","HPI","physical association","two hybrid pooling approach","experimental","20711500;13779","intact","intact:EBI-2803395;imex:IM-13779-696",
"RefSeq.177416.18.NC_006570.CDS.396434.398659.fwd","Protein","DNA topoisomerase IV subunit A","Bacteria",177416,"177416.18","Francisella tularensis subsp. tularensis SCHU S4","FTT0396","parC","RefSeq.9606.33.NC_000015.CDS.90230484.90233885.rev","Protein","calcium and integrin-binding protein 1 isoform a","Primates",9606,"9606.33","Homo sapiens",,"CIB1","HPI","physical association","two hybrid pooling approach","experimental","20711500;13779","intact","intact:EBI-2799151;imex:IM-13779-284",
"RefSeq.177416.18.NC_006570.CDS.1566662.1567588.rev","Protein","heat shock protein, hsp40","Bacteria",177416,"177416.18","Francisella tularensis subsp. tularensis SCHU S4","FTT1512c","dnaJ1","RefSeq.9606.33.NC_000011.CDS.72224985.72238353.fwd","Protein","phosphatidylinositol 3,4,5-trisphosphate 5-phosphatase 2 isoform X1","Primates",9606,"9606.33","Homo sapiens",,"INPPL1","HPI","physical association","two hybrid pooling approach","experimental","20711500;13779","intact","intact:EBI-2801193;imex:IM-13779-495",
"RefSeq.177416.18.NC_006570.CDS.1595657.1597072.rev","Protein","putative nicotinate phosphoribosyltransferase","Bacteria",177416,"177416.18","Francisella tularensis subsp. tularensis SCHU S4","FTT1534c",,"RefSeq.9606.33.NC_000014.CDS.60144966.60165309.rev","Protein","dehydrogenase/reductase SDR family member 7 precursor","Primates",9606,"9606.33","Homo sapiens",,"DHRS7","HPI","physical association","two hybrid pooling approach","experimental","20711500;13779","intact","intact:EBI-2807322;imex:IM-13779-1129",
"RefSeq.177416.18.NC_006570.CDS.1023159.1024205.rev","Protein","Holliday junction DNA helicase RuvB","Bacteria",177416,"177416.18","Francisella tularensis subsp. tularensis SCHU S4","FTT1013c","ruvB","RefSeq.9606.33.NC_000017.CDS.78971576.78977191.rev","Protein","galectin-3-binding protein precursor","Primates",9606,"9606.33","Homo sapiens",,"LGALS3BP","HPI","physical association","two hybrid pooling approach","experimental","20711500;13779","intact","intact:EBI-2797346;imex:IM-13779-117",
"fig|177416.18.peg.93","Protein","Aconitate hydratase (EC 4.2.1.3)","Bacteria",177416,"177416.18","Francisella tularensis subsp. tularensis SCHU S4","FTT0087","acnA","RefSeq.9606.33.NC_000011.CDS.47273915.47329150.fwd","Protein","MAP kinase-activating death domain protein isoform X31","Primates",9606,"9606.33","Homo sapiens",,"MADD","HPI","physical association","two hybrid pooling approach","experimental","20711500;13779","intact","intact:EBI-2805104;imex:IM-13779-880",
"RefSeq.177416.18.NC_006570.CDS.1222294.1223376.rev","Protein","hypothetical protein","Bacteria",177416,"177416.18","Francisella tularensis subsp. tularensis SCHU S4","FTT1204c",,"RefSeq.9606.33.NC_000007.CDS.127582014.127585182.rev","Protein","GRIP and coiled-coil domain-containing protein 1","Primates",9606,"9606.33","Homo sapiens",,"GCC1","HPI","physical association","two hybrid pooling approach","experimental","20711500;13779","intact","intact:EBI-2796073;imex:IM-13779-2",
"RefSeq.177416.18.NC_006570.CDS.1243635.1246292.fwd","Protein","ribonuclease E","Bacteria",177416,"177416.18","Francisella tularensis subsp. tularensis SCHU S4","FTT1227","rne","RefSeq.9606.33.NC_000002.CDS.157415677.157444020.rev","Protein","cytohesin-interacting protein","Primates",9606,"9606.33","Homo sapiens",,"CYTIP","HPI","physical association","two hybrid pooling approach","experimental","20711500;13779","intact","intact:EBI-2803310;imex:IM-13779-688",
"RefSeq.177416.18.NC_006570.CDS.1855330.1857150.rev","Protein","chitinase","Bacteria",177416,"177416.18","Francisella tularensis subsp. tularensis SCHU S4","FTT1768c",,"RefSeq.9606.33.NC_000013.CDS.110150363.110307027.rev","Protein","collagen alpha-1(IV) chain isoform 1 preproprotein","Primates",9606,"9606.33","Homo sapiens",,"COL4A1","HPI","physical association","two hybrid pooling approach","experimental","20711500;13779","intact","intact:EBI-2799130;imex:IM-13779-282",
"fig|177416.18.peg.232","Protein","Zinc ABC transporter, substrate-binding protein ZnuA","Bacteria",177416,"177416.18","Francisella tularensis subsp. tularensis SCHU S4","FTT0209c",,"RefSeq.9606.33.NC_000001.CDS.27342310.27353852.fwd","Protein","synaptotagmin-like protein 1 isoform X2","Primates",9606,"9606.33","Homo sapiens",,"SYTL1","HPI","physical association","two hybrid pooling approach","experimental","20711500;13779","intact","intact:EBI-2802870;imex:IM-13779-649",
"fig|177416.18.peg.131","Protein","hypothetical protein","Bacteria",177416,"177416.18","Francisella tularensis subsp. tularensis SCHU S4","FTT0119",,"RefSeq.9606.33.NC_000016.CDS.57429170.57440928.rev","Protein","anamorsin","Primates",9606,"9606.33","Homo sapiens",,"CIAPIN1","HPI","physical association","two hybrid pooling approach","experimental","20711500;13779","intact","intact:EBI-2807670;imex:IM-13779-1169",
"RefSeq.177416.18.NC_006570.CDS.237887.239431.fwd","Protein","acid phosphatase (precursor)","Bacteria",177416,"177416.18","Francisella tularensis subsp. tularensis SCHU S4","FTT0221","acpA","RefSeq.9606.33.NC_000012.CDS.57694162.57720909.fwd","Protein","protein OS-9 isoform 8 precursor","Primates",9606,"9606.33","Homo sapiens",,"OS9","HPI","physical association","two hybrid pooling approach","experimental","20711500;13779","intact","intact:EBI-2797249;imex:IM-13779-107",
"RefSeq.177416.18.NC_006570.CDS.524741.526654.fwd","Protein","hypothetical protein","Bacteria",177416,"177416.18","Francisella tularensis subsp. tularensis SCHU S4","FTT0505",,"RefSeq.9606.33.NC_000009.CDS.27109591.27229232.fwd","Protein","angiopoietin-1 receptor isoform 3 precursor","Primates",9606,"9606.33","Homo sapiens",,"TEK","HPI","physical association","two hybrid pooling approach","experimental","20711500;13779","intact","intact:EBI-2796611;imex:IM-13779-47",
"RefSeq.177416.18.NC_006570.CDS.355152.357038.fwd","Protein","heat shock protein 90","Bacteria",177416,"177416.18","Francisella tularensis subsp. tularensis SCHU S4","FTT0356","htpG","RefSeq.9606.33.NC_000001.CDS.235168525.235326919.rev","Protein","AT-rich interactive domain-containing protein 4B isoform X1","Primates",9606,"9606.33","Homo sapiens",,"ARID4B","HPI","physical association","two hybrid pooling approach","experimental","20711500;13779","intact","intact:EBI-2808778;imex:IM-13779-1299",
"RefSeq.177416.18.NC_006570.CDS.700879.702294.rev","Protein","soluble pyridine nucleotide transhydrogenase","Bacteria",177416,"177416.18","Francisella tularensis subsp. tularensis SCHU S4","FTT0684c","sthA","RefSeq.9606.33.NC_000023.CDS.135287137.135341820.rev","Protein","zinc finger protein 75D isoform X2","Primates",9606,"9606.33","Homo sapiens",,"ZNF75D","HPI","physical association","two hybrid pooling approach","experimental","20711500;13779","intact","intact:EBI-2799406;imex:IM-13779-304",
"RefSeq.177416.18.NC_006570.CDS.481990.483735.rev","Protein","arginyl-tRNA synthetase","Bacteria",177416,"177416.18","Francisella tularensis subsp. tularensis SCHU S4","FTT0466c","argS","RefSeq.9606.33.NC_000007.CDS.143381245.143390682.fwd","Protein","zyxin isoform X2","Primates",9606,"9606.33","Homo sapiens",,"ZYX","HPI","physical association","two hybrid pooling approach","experimental","20711500;13779","intact","intact:EBI-2797554;imex:IM-13779-140",
"fig|177416.18.peg.23","Protein","Aspartyl-tRNA(Asn) amidotransferase subunit A (EC 6.3.5.6) @ Glutamyl-tRNA(Gln) amidotransferase subunit A (EC 6.3.5.7)","Bacteria",177416,"177416.18","Francisella tularensis subsp. tularensis SCHU S4","FTT0020","gatA","RefSeq.9606.33.NC_000002.CDS.71453999.71686492.fwd","Protein","dysferlin isoform 9","Primates",9606,"9606.33","Homo sapiens",,"DYSF","HPI","physical association","two hybrid pooling approach","experimental","20711500;13779","intact","intact:EBI-2807191;imex:IM-13779-1117",
"fig|177416.18.peg.24","Protein","Aspartyl-tRNA(Asn) amidotransferase subunit B (EC 6.3.5.6) @ Glutamyl-tRNA(Gln) amidotransferase subunit B (EC 6.3.5.7)","Bacteria",177416,"177416.18","Francisella tularensis subsp. tularensis SCHU S4","FTT0021","gatB","RefSeq.9606.33.NC_000002.CDS.55549911.55617285.rev","Protein","serine/threonine-protein phosphatase 4 regulatory subunit 3B isoform 1","Primates",9606,"9606.33","Homo sapiens",,"SMEK2","HPI","physical association","two hybrid pooling approach","experimental","20711500;13779","intact","intact:EBI-2801124;imex:IM-13779-486",
"RefSeq.177416.18.NC_006570.CDS.1468948.1469373.rev","Protein","N utilisation substance protein B","Bacteria",177416,"177416.18","Francisella tularensis subsp. tularensis SCHU S4","FTT1418c","nusB","RefSeq.9606.33.NC_000003.CDS.99833235.99931020.rev","Protein","filamin A-interacting protein 1-like isoform 1","Primates",9606,"9606.33","Homo sapiens",,"FILIP1L","HPI","physical association","two hybrid pooling approach","experimental","20711500;13779","intact","intact:EBI-2806773;imex:IM-13779-1070",
"RefSeq.177416.18.NC_006570.CDS.1325940.1326815.rev","Protein","hypothetical protein","Bacteria",177416,"177416.18","Francisella tularensis subsp. tularensis SCHU S4","FTT1303c",,"RefSeq.9606.33.NC_000001.CDS.152032662.152036915.rev","Protein","protein S100-A11","Primates",9606,"9606.33","Homo sapiens",,"S100A11","HPI","physical association","two hybrid pooling approach","experimental","20711500;13779","intact","intact:EBI-2797952;imex:IM-13779-174",
"RefSeq.177416.18.NC_006570.CDS.1811118.1811738.rev","Protein","protein-L-isoaspartate O-methyltransferase","Bacteria",177416,"177416.18","Francisella tularensis subsp. tularensis SCHU S4","FTT1725c","pcm","RefSeq.9606.33.NC_000002.CDS.152120574.152175642.rev","Protein","signal transducing adapter molecule 2","Primates",9606,"9606.33","Homo sapiens",,"STAM2","HPI","physical association","two hybrid pooling approach","experimental","20711500;13779","intact","intact:EBI-2800845;imex:IM-13779-459",
"RefSeq.177416.18.NC_006570.CDS.921719.924526.rev","Protein","isoleucyl-tRNA synthetase","Bacteria",177416,"177416.18","Francisella tularensis subsp. tularensis SCHU S4","FTT0915c","ileS","RefSeq.9606.33.NC_000004.CDS.1394512.1395852.fwd","Protein","cysteine-rich PAK1 inhibitor","Primates",9606,"9606.33","Homo sapiens",,"CRIPAK","HPI","physical association","two hybrid pooling approach","experimental","20711500;13779","intact","intact:EBI-2798133;imex:IM-13779-189",
"RefSeq.177416.18.NC_006570.CDS.652971.654038.fwd","Protein","SPFH domain-containing protein/band 7 family protein","Bacteria",177416,"177416.18","Francisella tularensis subsp. tularensis SCHU S4","FTT0633","hflK","RefSeq.9606.33.NC_000008.CDS.100704298.100721583.rev","Protein","polyadenylate-binding protein 1 isoform X1","Primates",9606,"9606.33","Homo sapiens",,"PABPC1","HPI","physical association","two hybrid pooling approach","experimental","20711500;13779","intact","intact:EBI-2804030;imex:IM-13779-760",
"RefSeq.177416.18.NC_006570.CDS.1145221.1146999.fwd","Protein","Type IV pili nucleotide binding protein, ABC transporter, ATP-binding protein","Bacteria",177416,"177416.18","Francisella tularensis subsp. tularensis SCHU S4","FTT1133","pilB","RefSeq.9606.33.NC_000005.CDS.151101448.151147901.rev","Protein","annexin A6 isoform 1","Primates",9606,"9606.33","Homo sapiens",,"ANXA6","HPI","physical association","two hybrid pooling approach","experimental","20711500;13779","intact","intact:EBI-2808944;imex:IM-13779-1316",
"RefSeq.177416.18.NC_006570.CDS.1415006.1416997.rev","Protein","transketolase","Bacteria",177416,"177416.18","Francisella tularensis subsp. tularensis SCHU S4","FTT1369c","tktA","RefSeq.9606.33.NC_000015.CDS.64156023.64162986.rev","Protein","peptidyl-prolyl cis-trans isomerase B precursor","Primates",9606,"9606.33","Homo sapiens",,"PPIB","HPI","physical association","two hybrid pooling approach","experimental","20711500;13779","intact","intact:EBI-2803471;imex:IM-13779-706",
"RefSeq.177416.18.NC_006570.CDS.964146.965471.fwd","Protein","ATP-dependent RNA helicase RhlE","Bacteria",177416,"177416.18","Francisella tularensis subsp. tularensis SCHU S4","FTT0952","rhlE","RefSeq.9606.33.NC_000008.CDS.73421372.73738301.rev","Protein","double-stranded RNA-binding protein Staufen homolog 2 isoform b","Primates",9606,"9606.33","Homo sapiens",,"STAU2","HPI","physical association","two hybrid pooling approach","experimental","20711500;13779","intact","intact:EBI-2800799;imex:IM-13779-454",
"fig|177416.18.peg.160","Protein","DNA-directed RNA polymerase beta subunit (EC 2.7.7.6)","Bacteria",177416,"177416.18","Francisella tularensis subsp. tularensis SCHU S4","FTT0144","rpoB","RefSeq.9606.33.NC_000011.CDS.113799240.113875501.rev","Protein","ubiquitin carboxyl-terminal hydrolase 28 isoform X1","Primates",9606,"9606.33","Homo sapiens",,"USP28","HPI","physical association","two hybrid pooling approach","experimental","20711500;13779","intact","intact:EBI-2796297;imex:IM-13779-19",
"RefSeq.177416.18.NC_006570.CDS.273192.275048.fwd","Protein","ribonuclease II family protein","Bacteria",177416,"177416.18","Francisella tularensis subsp. tularensis SCHU S4","FTT0257",,"RefSeq.9606.33.NC_000009.CDS.109020460.109119913.rev","Protein","transmembrane protein 245","Primates",9606,"9606.33","Homo sapiens",,"TMEM245","HPI","physical association","two hybrid pooling approach","experimental","20711500;13779","intact","intact:EBI-2808024;imex:IM-13779-1210",
"RefSeq.177416.18.NC_006570.CDS.413780.414856.fwd","Protein","glycine cleavage system aminomethyltransferase T","Bacteria",177416,"177416.18","Francisella tularensis subsp. tularensis SCHU S4","FTT0407","gcvT","RefSeq.9606.33.NC_000019.CDS.49086415.49108443.fwd","Protein","U1 small nuclear ribonucleoprotein 70 kDa isoform 2","Primates",9606,"9606.33","Homo sapiens",,"SNRNP70","HPI","physical association","two hybrid pooling approach","experimental","20711500;13779","intact","intact:EBI-2801506;imex:IM-13779-526",
"RefSeq.177416.18.NC_006570.CDS.869994.870701.fwd","Protein","ribonuclease PH","Bacteria",177416,"177416.18","Francisella tularensis subsp. tularensis SCHU S4","FTT0858","rph","RefSeq.9606.33.NC_000002.CDS.127706323.127770981.rev","Protein","pre-mRNA 3' end processing protein WDR33 isoform X1","Primates",9606,"9606.33","Homo sapiens",,"WDR33","HPI","physical association","two hybrid pooling approach","experimental","20711500;13779","intact","intact:EBI-2799806;imex:IM-13779-342",
"fig|177416.18.peg.216","Protein","Glutamine synthetase type II, eukaryotic (EC 6.3.1.2)","Bacteria",177416,"177416.18","Francisella tularensis subsp. tularensis SCHU S4","FTT0196c","glnA","RefSeq.9606.33.NC_000015.CDS.72199650.72230987.rev","Protein","pyruvate kinase PKM isoform c","Primates",9606,"9606.33","Homo sapiens",,"PKM","HPI","physical association","two hybrid pooling approach","experimental","20711500;13779","intact","intact:EBI-2798749;imex:IM-13779-248",
"RefSeq.177416.18.NC_006570.CDS.1802117.1805989.rev","Protein","phosphoribosylformylglycinamidine synthase","Bacteria",177416,"177416.18","Francisella tularensis subsp. tularensis SCHU S4","FTT1720c","purL","RefSeq.9606.33.NC_000018.CDS.12329565.12377082.rev","Protein","AFG3-like protein 2","Primates",9606,"9606.33","Homo sapiens",,"AFG3L2","HPI","physical association","two hybrid pooling approach","experimental","20711500;13779","intact","intact:EBI-2799335;imex:IM-13779-299",
"RefSeq.177416.18.NC_006570.CDS.1841688.1843784.fwd","Protein","phosphate acetyltransferase","Bacteria",177416,"177416.18","Francisella tularensis subsp. tularensis SCHU S4","FTT1754","pta","RefSeq.9606.33.NC_000002.CDS.71453999.71686492.fwd","Protein","dysferlin isoform 9","Primates",9606,"9606.33","Homo sapiens",,"DYSF","HPI","physical association","two hybrid pooling approach","experimental","20711500;13779","intact","intact:EBI-2807184;imex:IM-13779-1114",
"RefSeq.177416.18.NC_006570.CDS.1413967.1415013.rev","Protein","glyceraldehyde-3-phosphate dehydrogenase","Bacteria",177416,"177416.18","Francisella tularensis subsp. tularensis SCHU S4","FTT1368c","gapA","RefSeq.9606.33.NC_000001.CDS.32274330.32285716.fwd","Protein","tyrosine-protein kinase Lck isoform X2","Primates",9606,"9606.33","Homo sapiens",,"LCK","HPI","physical association","two hybrid pooling approach","experimental","20711500;13779","intact","intact:EBI-2805343;imex:IM-13779-908",
"fig|177416.18.peg.21","Protein","RND efflux system, membrane fusion protein","Bacteria",177416,"177416.18","Francisella tularensis subsp. tularensis SCHU S4","FTT0018",,"RefSeq.9606.33.NC_000020.CDS.34516459.34540624.fwd","Protein","dynein light chain roadblock-type 1 isoform a","Primates",9606,"9606.33","Homo sapiens",,"DYNLRB1","HPI","physical association","two hybrid pooling approach","experimental","20711500;13779","intact","intact:EBI-2807287;imex:IM-13779-1130",
"RefSeq.177416.18.NC_006570.CDS.620994.622472.rev","Protein","hypothetical protein","Bacteria",177416,"177416.18","Francisella tularensis subsp. tularensis SCHU S4","FTT0602c",,"RefSeq.9606.33.NC_000002.CDS.85539288.85543772.fwd","Protein","S-adenosylmethionine synthase isoform type-2","Primates",9606,"9606.33","Homo sapiens",,"MAT2A","HPI","physical association","two hybrid pooling approach","experimental","20711500;13779","intact","intact:EBI-2804901;imex:IM-13779-857",
"RefSeq.177416.18.NC_006570.CDS.280570.281886.fwd","Protein","ABC transporter, ATP-binding protein","Bacteria",177416,"177416.18","Francisella tularensis subsp. tularensis SCHU S4","FTT0266",,"RefSeq.9606.33.NC_000019.CDS.3094652.3121179.fwd","Protein","guanine nucleotide-binding protein subunit alpha-11","Primates",9606,"9606.33","Homo sapiens",,"GNA11","HPI","physical association","two hybrid pooling approach","experimental","20711500;13779","intact","intact:EBI-2798877;imex:IM-13779-259",
"RefSeq.177416.18.NC_006570.CDS.1855330.1857150.rev","Protein","chitinase","Bacteria",177416,"177416.18","Francisella tularensis subsp. tularensis SCHU S4","FTT1768c",,"RefSeq.9606.33.NC_000016.CDS.46660472.46689133.rev","Protein","vacuolar protein sorting-associated protein 35","Primates",9606,"9606.33","Homo sapiens",,"VPS35","HPI","physical association","two hybrid pooling approach","experimental","20711500;13779","intact","intact:EBI-2799848;imex:IM-13779-348",
"RefSeq.177416.18.NC_006570.CDS.717996.720077.fwd","Protein","polynucleotide phosphorylase/polyadenylase","Bacteria",177416,"177416.18","Francisella tularensis subsp. tularensis SCHU S4","FTT0699","pnp","RefSeq.9606.33.NC_000011.CDS.102349855.102378183.fwd","Protein","baculoviral IAP repeat-containing protein 2 isoform 1","Primates",9606,"9606.33","Homo sapiens",,"BIRC2","HPI","physical association","two hybrid pooling approach","experimental","20711500;13779","intact","intact:EBI-2808539;imex:IM-13779-1266",
"RefSeq.177416.18.NC_006570.CDS.317489.318646.rev","Protein","L-lactate dehydrogenase","Bacteria",177416,"177416.18","Francisella tularensis subsp. tularensis SCHU S4","FTT0303c","lldD","RefSeq.9606.33.NC_000006.CDS.30489532.30492581.fwd","Protein","HLA class I histocompatibility antigen, alpha chain E precursor","Primates",9606,"9606.33","Homo sapiens",,"HLA-E","HPI","physical association","two hybrid pooling approach","experimental","20711500;13779","intact","intact:EBI-2806246;imex:IM-13779-1007",
"fig|177416.18.peg.212","Protein","Lysyl-tRNA synthetase (class II) (EC 6.1.1.6)","Bacteria",177416,"177416.18","Francisella tularensis subsp. tularensis SCHU S4","FTT0192","lysU","RefSeq.9606.33.NC_000014.CDS.23559749.23567314.rev","Protein","AP-1 complex subunit gamma-like 2 isoform X4","Primates",9606,"9606.33","Homo sapiens",,"AP1G2","HPI","physical association","two hybrid pooling approach","experimental","20711500;13779","intact","intact:EBI-2808909;imex:IM-13779-1311",
"RefSeq.177416.18.NC_006570.CDS.652971.654038.fwd","Protein","SPFH domain-containing protein/band 7 family protein","Bacteria",177416,"177416.18","Francisella tularensis subsp. tularensis SCHU S4","FTT0633","hflK","RefSeq.9606.33.NC_000002.CDS.203016385.203226203.fwd","Protein","neurobeachin-like protein 1 isoform X3","Primates",9606,"9606.33","Homo sapiens",,"NBEAL1","HPI","physical association","two hybrid pooling approach","experimental","20711500;13779","intact","intact:EBI-2809106;imex:IM-13779-1335",
"RefSeq.177416.18.NC_006570.CDS.1837780.1838229.fwd","Protein","preprotein translocase subunit SecB","Bacteria",177416,"177416.18","Francisella tularensis subsp. tularensis SCHU S4","FTT1749","secB1","RefSeq.9606.33.NC_000001.CDS.154272724.154275701.fwd","Protein","HCLS1-associated protein X-1 isoform b","Primates",9606,"9606.33","Homo sapiens",,"HAX1","HPI","physical association","two hybrid pooling approach","experimental","20711500;13779","intact","intact:EBI-2806387;imex:IM-13779-1026",
"RefSeq.177416.18.NC_006570.CDS.530402.532819.fwd","Protein","DNA gyrase subunit B","Bacteria",177416,"177416.18","Francisella tularensis subsp. tularensis SCHU S4","FTT0510","gyrB","RefSeq.9606.33.NC_000012.CDS.53006484.53040223.fwd","Protein","eukaryotic translation initiation factor 4B isoform 2","Primates",9606,"9606.33","Homo sapiens",,"EIF4B","HPI","physical association","two hybrid pooling approach","experimental","20711500;13779","intact","intact:EBI-2797379;imex:IM-13779-121",
"RefSeq.177416.18.NC_006570.CDS.1183701.1185449.fwd","Protein","lipoprotein","Bacteria",177416,"177416.18","Francisella tularensis subsp. tularensis SCHU S4","FTT1170",,"RefSeq.9606.33.NC_000018.CDS.23503619.23531704.fwd","Protein","uncharacterized protein C18orf8 isoform X1","Primates",9606,"9606.33","Homo sapiens",,"C18orf8","HPI","physical association","two hybrid pooling approach","experimental","20711500;13779","intact","intact:EBI-2804861;imex:IM-13779-853",
"RefSeq.177416.18.NC_006570.CDS.1213065.1214348.rev","Protein","major facilitator transporter","Bacteria",177416,"177416.18","Francisella tularensis subsp. tularensis SCHU S4","FTT1196c",,"RefSeq.9606.33.NC_000022.CDS.41622005.41663815.fwd","Protein","X-ray repair cross-complementing protein 6 isoform 2","Primates",9606,"9606.33","Homo sapiens",,"XRCC6","HPI","physical association","two hybrid pooling approach","experimental","20711500;13779","intact","intact:EBI-2805429;imex:IM-13779-914",
"fig|177416.18.peg.24","Protein","Aspartyl-tRNA(Asn) amidotransferase subunit B (EC 6.3.5.6) @ Glutamyl-tRNA(Gln) amidotransferase subunit B (EC 6.3.5.7)","Bacteria",177416,"177416.18","Francisella tularensis subsp. tularensis SCHU S4","FTT0021","gatB","RefSeq.9606.33.NC_000019.CDS.35269102.35279256.fwd","Protein","upstream stimulatory factor 2 isoform 2","Primates",9606,"9606.33","Homo sapiens",,"USF2","HPI","physical association","two hybrid pooling approach","experimental","20711500;13779","intact","intact:EBI-2797622;imex:IM-13779-143",
"fig|177416.18.peg.232","Protein","Zinc ABC transporter, substrate-binding protein ZnuA","Bacteria",177416,"177416.18","Francisella tularensis subsp. tularensis SCHU S4","FTT0209c",,"RefSeq.9606.33.NC_000005.CDS.218356.263443.fwd","Protein","succinate dehydrogenase [ubiquinone] flavoprotein subunit, mitochondrial isoform X2","Primates",9606,"9606.33","Homo sapiens",,"SDHA","HPI","physical association","two hybrid pooling approach","experimental","20711500;13779","intact","intact:EBI-2807315;imex:IM-13779-1131",
"fig|177416.18.peg.54","Protein","Transcription termination protein NusA","Bacteria",177416,"177416.18","Francisella tularensis subsp. tularensis SCHU S4","FTT0049","nusA","RefSeq.9606.33.NC_000016.CDS.79585908.79599902.rev","Protein","transcription factor Maf isoform X1","Primates",9606,"9606.33","Homo sapiens",,"MAF","HPI","physical association","two hybrid pooling approach","experimental","20711500;13779","intact","intact:EBI-2805097;imex:IM-13779-881",
"RefSeq.177416.18.NC_006570.CDS.594822.596195.fwd","Protein","L-serine dehydratase 1","Bacteria",177416,"177416.18","Francisella tularensis subsp. tularensis SCHU S4","FTT0577","sdaA","RefSeq.9606.33.NC_000002.CDS.105361283.105399096.rev","Protein","four and a half LIM domains protein 2 isoform X2","Primates",9606,"9606.33","Homo sapiens",,"FHL2","HPI","physical association","two hybrid pooling approach","experimental","20711500;13779","intact","intact:EBI-2806808;imex:IM-13779-1072",
"RefSeq.177416.18.NC_006570.CDS.1368817.1370361.rev","Protein","sulfate permease family protein","Bacteria",177416,"177416.18","Francisella tularensis subsp. tularensis SCHU S4","FTT1339c",,"RefSeq.9606.33.NC_000002.CDS.188974490.189011774.fwd","Protein","collagen alpha-1(III) chain preproprotein","Primates",9606,"9606.33","Homo sapiens",,"COL3A1","HPI","physical association","two hybrid pooling approach","experimental","20711500;13779","intact","intact:EBI-2807834;imex:IM-13779-1189",
"RefSeq.177416.18.NC_006570.CDS.902373.904685.fwd","Protein","fusion protein PurC/PurD","Bacteria",177416,"177416.18","Francisella tularensis subsp. tularensis SCHU S4","FTT0894","purCD","RefSeq.9606.33.NC_000022.CDS.36141200.36160891.rev","Protein","apolipoprotein L3 isoform 1","Primates",9606,"9606.33","Homo sapiens",,"APOL3","HPI","physical association","two hybrid pooling approach","experimental","20711500;13779","intact","intact:EBI-2808870;imex:IM-13779-1307",
"RefSeq.177416.18.NC_006570.CDS.1218072.1219520.rev","Protein","exodeoxyribonuclease I","Bacteria",177416,"177416.18","Francisella tularensis subsp. tularensis SCHU S4","FTT1200c","sbcB","RefSeq.9606.33.NC_000017.CDS.55265485.55320879.fwd","Protein","hepatic leukemia factor","Primates",9606,"9606.33","Homo sapiens",,"HLF","HPI","physical association","two hybrid pooling approach","experimental","20711500;13779","intact","intact:EBI-2806222;imex:IM-13779-1001",
"RefSeq.177416.18.NC_006570.CDS.1482144.1483067.rev","Protein","ABC transporter, ATP-binding protein","Bacteria",177416,"177416.18","Francisella tularensis subsp. tularensis SCHU S4","FTT1435c","yagD","RefSeq.9606.33.NC_000009.CDS.13106965.13250315.rev","Protein","multiple PDZ domain protein isoform X4","Primates",9606,"9606.33","Homo sapiens",,"MPDZ","HPI","physical association","two hybrid pooling approach","experimental","20711500;13779","intact","intact:EBI-2798707;imex:IM-13779-244",
"RefSeq.177416.18.NC_006570.CDS.1527544.1528569.fwd","Protein","galactose-1-phosphate uridylyltransferase","Bacteria",177416,"177416.18","Francisella tularensis subsp. tularensis SCHU S4","FTT1475","galT","RefSeq.9606.33.NC_000017.CDS.7225865.7234262.rev","Protein","segment polarity protein dishevelled homolog DVL-2","Primates",9606,"9606.33","Homo sapiens",,"DVL2","HPI","physical association","two hybrid pooling approach","experimental","20711500;13779","intact","intact:EBI-2797406;imex:IM-13779-123",
"RefSeq.177416.18.NC_006570.CDS.446268.447677.fwd","Protein","putative arginine decarboxylase","Bacteria",177416,"177416.18","Francisella tularensis subsp. tularensis SCHU S4","FTT0432","speA","RefSeq.9606.33.NC_000007.CDS.10957907.11169490.fwd","Protein","PHD finger protein 14 isoform X3","Primates",9606,"9606.33","Homo sapiens",,"PHF14","HPI","physical association","two hybrid pooling approach","experimental","20711500;13779","intact","intact:EBI-2803750;imex:IM-13779-735",
"RefSeq.177416.18.NC_006570.CDS.1802117.1805989.rev","Protein","phosphoribosylformylglycinamidine synthase","Bacteria",177416,"177416.18","Francisella tularensis subsp. tularensis SCHU S4","FTT1720c","purL","RefSeq.9606.33.NC_000001.CDS.160796188.160827816.fwd","Protein","T-lymphocyte surface antigen Ly-9 isoform d precursor","Primates",9606,"9606.33","Homo sapiens",,"LY9","HPI","physical association","two hybrid pooling approach","experimental","20711500;13779","intact","intact:EBI-2805153;imex:IM-13779-887",
"RefSeq.177416.18.NC_006570.CDS.612866.613738.rev","Protein","hypothetical protein","Bacteria",177416,"177416.18","Francisella tularensis subsp. tularensis SCHU S4","FTT0594c",,"RefSeq.9606.33.NC_000006.CDS.34878590.34887957.rev","Protein","transcription initiation factor TFIID subunit 11 isoform 1","Primates",9606,"9606.33","Homo sapiens",,"TAF11","HPI","physical association","two hybrid pooling approach","experimental","20711500;13779","intact","intact:EBI-2800610;imex:IM-13779-434",
"RefSeq.177416.18.NC_006570.CDS.433016.433924.fwd","Protein","glycyl-tRNA synthetase subunit alpha","Bacteria",177416,"177416.18","Francisella tularensis subsp. tularensis SCHU S4","FTT0419","glyQ","RefSeq.9606.33.NC_000005.CDS.81420504.81751042.rev","Protein","single-stranded DNA-binding protein 2 isoform 1","Primates",9606,"9606.33","Homo sapiens",,"SSBP2","HPI","physical association","two hybrid pooling approach","experimental","20711500;13779","intact","intact:EBI-2800899;imex:IM-13779-465",
"RefSeq.177416.18.NC_006570.CDS.1595657.1597072.rev","Protein","putative nicotinate phosphoribosyltransferase","Bacteria",177416,"177416.18","Francisella tularensis subsp. tularensis SCHU S4","FTT1534c",,"RefSeq.9606.33.NC_000023.CDS.12976262.12976811.fwd","Protein","thymosin beta-4","Primates",9606,"9606.33","Homo sapiens",,"TMSB4X","HPI","physical association","two hybrid pooling approach","experimental","20711500;13779","intact","intact:EBI-2799994;imex:IM-13779-364",
"RefSeq.177416.18.NC_006570.CDS.1699487.1701988.fwd","Protein","cell division protein","Bacteria",177416,"177416.18","Francisella tularensis subsp. tularensis SCHU S4","FTT1635","ftsK","RefSeq.9606.33.NC_000004.CDS.77605866.77611039.fwd","Protein","C-X-C motif chemokine 13 isoform X1","Primates",9606,"9606.33","Homo sapiens",,"CXCL13","HPI","physical association","two hybrid pooling approach","experimental","20711500;13779","intact","intact:EBI-2807491;imex:IM-13779-1151",
"RefSeq.177416.18.NC_006570.CDS.1438798.1442451.rev","Protein","exodeoxyribonuclease V beta chain","Bacteria",177416,"177416.18","Francisella tularensis subsp. tularensis SCHU S4","FTT1394c","recB","RefSeq.9606.33.NC_000010.CDS.14521190.14774663.rev","Protein","protein FAM107B isoform b","Primates",9606,"9606.33","Homo sapiens",,"FAM107B","HPI","physical association","two hybrid pooling approach","experimental","20711500;13779","intact","intact:EBI-2806967;imex:IM-13779-1087",
"RefSeq.177416.18.NC_006570.CDS.1532920.1534332.rev","Protein","dihydrolipoamide dehydrogenase","Bacteria",177416,"177416.18","Francisella tularensis subsp. tularensis SCHU S4","FTT1483c","lpd","RefSeq.9606.33.NC_000016.CDS.24729842.24823807.fwd","Protein","trinucleotide repeat-containing gene 6A protein isoform X6","Primates",9606,"9606.33","Homo sapiens",,"TNRC6A","HPI","physical association","two hybrid pooling approach","experimental","20711500;13779","intact","intact:EBI-2800247;imex:IM-13779-393",
"RefSeq.177416.18.NC_006570.CDS.1463095.1464792.fwd","Protein","prolyl-tRNA synthetase","Bacteria",177416,"177416.18","Francisella tularensis subsp. tularensis SCHU S4","FTT1412","proS","RefSeq.9606.33.NC_000008.CDS.30385093.30566302.fwd","Protein","RNA-binding protein with multiple splicing isoform X10","Primates",9606,"9606.33","Homo sapiens",,"RBPMS","HPI","physical association","two hybrid pooling approach","experimental","20711500;13779","intact","intact:EBI-2801795;imex:IM-13779-559",
"RefSeq.177416.18.NC_006570.CDS.1601863.1603293.rev","Protein","hypothetical protein","Bacteria",177416,"177416.18","Francisella tularensis subsp. tularensis SCHU S4","FTT1539c",,"RefSeq.9606.33.NC_000019.CDS.14433522.14471784.fwd","Protein","serine/threonine-protein kinase N1 isoform 2","Primates",9606,"9606.33","Homo sapiens",,"PKN1","HPI","physical association","two hybrid pooling approach","experimental","20711500;13779","intact","intact:EBI-2803617;imex:IM-13779-720",
"RefSeq.177416.18.NC_006570.CDS.1577491.1581759.rev","Protein","ATp-dependent helicase","Bacteria",177416,"177416.18","Francisella tularensis subsp. tularensis SCHU S4","FTT1524c","hrpA","RefSeq.9606.33.NC_000004.CDS.40056406.40154237.fwd","Protein","NEDD4-binding protein 2 isoform X2","Primates",9606,"9606.33","Homo sapiens",,"N4BP2","HPI","physical association","two hybrid pooling approach","experimental","20711500;13779","intact","intact:EBI-2804580;imex:IM-13779-823",
"RefSeq.177416.18.NC_006570.CDS.1463095.1464792.fwd","Protein","prolyl-tRNA synthetase","Bacteria",177416,"177416.18","Francisella tularensis subsp. tularensis SCHU S4","FTT1412","proS","RefSeq.9606.33.NC_000012.CDS.9067823.9115849.rev","Protein","alpha-2-macroglobulin precursor","Primates",9606,"9606.33","Homo sapiens",,"A2M","HPI","physical association","two hybrid pooling approach","experimental","20711500;13779","intact","intact:EBI-2809466;imex:IM-13779-1365",
"RefSeq.177416.18.NC_006570.CDS.654040.654966.fwd","Protein","SPFH domain-containing protein/band 7 family protein","Bacteria",177416,"177416.18","Francisella tularensis subsp. tularensis SCHU S4","FTT0634","hflC","RefSeq.9606.33.NC_000019.CDS.37185227.37207111.rev","Protein","zinc finger protein 585B","Primates",9606,"9606.33","Homo sapiens",,"ZNF585B","HPI","physical association","two hybrid pooling approach","experimental","20711500;13779","intact","intact:EBI-2799689;imex:IM-13779-333",
"RefSeq.177416.18.NC_006570.CDS.907390.909411.rev","Protein","oligopeptidase A","Bacteria",177416,"177416.18","Francisella tularensis subsp. tularensis SCHU S4","FTT0899c","prlC","RefSeq.9606.33.NC_000003.CDS.47588209.47781797.rev","Protein","SWI/SNF complex subunit SMARCC1","Primates",9606,"9606.33","Homo sapiens",,"SMARCC1","HPI","physical association","two hybrid pooling approach","experimental","20711500;13779","intact","intact:EBI-2796632;imex:IM-13779-49",
"RefSeq.177416.18.NC_006570.CDS.712511.714610.fwd","Protein","hypothetical protein","Bacteria",177416,"177416.18","Francisella tularensis subsp. tularensis SCHU S4","FTT0694",,"RefSeq.9606.33.NC_000008.CDS.58561790.58581740.fwd","Protein","syntenin-1 isoform X1","Primates",9606,"9606.33","Homo sapiens",,"SDCBP","HPI","physical association","two hybrid pooling approach","experimental","20711500;13779","intact","intact:EBI-2797914;imex:IM-13779-173",
"RefSeq.177416.18.NC_006570.CDS.1577491.1581759.rev","Protein","ATp-dependent helicase","Bacteria",177416,"177416.18","Francisella tularensis subsp. tularensis SCHU S4","FTT1524c","hrpA","RefSeq.9606.33.NC_000001.CDS.175160169.175160630.rev","Protein","uncharacterized protein KIAA0040 isoform X2","Primates",9606,"9606.33","Homo sapiens",,"KIAA0040","HPI","physical association","two hybrid pooling approach","experimental","20711500;13779","intact","intact:EBI-2805679;imex:IM-13779-941",
"RefSeq.177416.18.NC_006570.CDS.1260817.1262070.fwd","Protein","serine hydroxymethyltransferase","Bacteria",177416,"177416.18","Francisella tularensis subsp. tularensis SCHU S4","FTT1241","glyA","RefSeq.9606.33.NC_000001.CDS.207321766.207359669.fwd","Protein","complement decay-accelerating factor isoform 6 precursor","Primates",9606,"9606.33","Homo sapiens",,"CD55","HPI","physical association","two hybrid pooling approach","experimental","20711500;13779","intact","intact:EBI-2807434;imex:IM-13779-1144",
"RefSeq.177416.18.NC_006570.CDS.236994.237650.rev","Protein","hypothetical protein","Bacteria",177416,"177416.18","Francisella tularensis subsp. tularensis SCHU S4","FTT0220c",,"RefSeq.9606.33.NC_000001.CDS.145849446.145858990.rev","Protein","E3 SUMO-protein ligase PIAS3","Primates",9606,"9606.33","Homo sapiens",,"PIAS3","HPI","physical association","two hybrid pooling approach","experimental","20711500;13779","intact","intact:EBI-2803715;imex:IM-13779-729",
"fig|177416.18.peg.82","Protein","2-oxoglutarate dehydrogenase E1 component (EC 1.2.4.2)","Bacteria",177416,"177416.18","Francisella tularensis subsp. tularensis SCHU S4","FTT0076","sucA","RefSeq.9606.33.NC_000005.CDS.151101448.151147901.rev","Protein","annexin A6 isoform 1","Primates",9606,"9606.33","Homo sapiens",,"ANXA6","HPI","physical association","two hybrid pooling approach","experimental","20711500;13779","intact","intact:EBI-2808937;imex:IM-13779-1313",
"fig|177416.18.peg.82","Protein","2-oxoglutarate dehydrogenase E1 component (EC 1.2.4.2)","Bacteria",177416,"177416.18","Francisella tularensis subsp. tularensis SCHU S4","FTT0076","sucA","RefSeq.9606.33.NC_000022.CDS.20708047.20858809.rev","Protein","phosphatidylinositol 4-kinase alpha isoform X2","Primates",9606,"9606.33","Homo sapiens",,"PI4KA","HPI","physical association","two hybrid pooling approach","experimental","20711500;13779","intact","intact:EBI-2803722;imex:IM-13779-731",
"RefSeq.177416.18.NC_006570.CDS.1577491.1581759.rev","Protein","ATp-dependent helicase","Bacteria",177416,"177416.18","Francisella tularensis subsp. tularensis SCHU S4","FTT1524c","hrpA","RefSeq.9606.33.NC_000011.CDS.75266163.75351607.rev","Protein","beta-arrestin-1 isoform A","Primates",9606,"9606.33","Homo sapiens",,"ARRB1","HPI","physical association","two hybrid pooling approach","experimental","20711500;13779","intact","intact:EBI-2808757;imex:IM-13779-1295",
"RefSeq.177416.18.NC_006570.CDS.588853.590307.fwd","Protein","proton-dependent oligopeptide transport (POT) family protein","Bacteria",177416,"177416.18","Francisella tularensis subsp. tularensis SCHU S4","FTT0572",,"RefSeq.9606.33.NC_000022.CDS.41833271.41905660.fwd","Protein","sterol regulatory element-binding protein 2 isoform X2","Primates",9606,"9606.33","Homo sapiens",,"SREBF2","HPI","physical association","two hybrid pooling approach","experimental","20711500;13779","intact","intact:EBI-2800973;imex:IM-13779-473",
"RefSeq.177416.18.NC_006570.CDS.902373.904685.fwd","Protein","fusion protein PurC/PurD","Bacteria",177416,"177416.18","Francisella tularensis subsp. tularensis SCHU S4","FTT0894","purCD","RefSeq.9606.33.NC_000002.CDS.151270693.151282948.rev","Protein","N-myc-interactor isoform X1","Primates",9606,"9606.33","Homo sapiens",,"NMI","HPI","physical association","two hybrid pooling approach","experimental","20711500;13779","intact","intact:EBI-2798599;imex:IM-13779-231",
"RefSeq.177416.18.NC_006570.CDS.382015.383364.rev","Protein","glutamate dehydrogenase","Bacteria",177416,"177416.18","Francisella tularensis subsp. tularensis SCHU S4","FTT0380c","gdh","RefSeq.9606.33.NC_000003.CDS.146516045.146536552.rev","Protein","phospholipid scramblase 1 isoform X1","Primates",9606,"9606.33","Homo sapiens",,"PLSCR1","HPI","physical association","two hybrid pooling approach","experimental","20711500;13779","intact","intact:EBI-2798447;imex:IM-13779-213",
"RefSeq.177416.18.NC_006570.CDS.1068127.1069524.rev","Protein","replicative DNA helicase","Bacteria",177416,"177416.18","Francisella tularensis subsp. tularensis SCHU S4","FTT1059c","dnaB","RefSeq.9606.33.NC_000017.CDS.9917228.10198390.rev","Protein","growth arrest-specific protein 7 isoform c","Primates",9606,"9606.33","Homo sapiens",,"GAS7","HPI","physical association","two hybrid pooling approach","experimental","20711500;13779","intact","intact:EBI-2806689;imex:IM-13779-1062",
"fig|177416.18.peg.148","Protein","Glycerol-3-phosphate dehydrogenase (EC 1.1.5.3)","Bacteria",177416,"177416.18","Francisella tularensis subsp. tularensis SCHU S4","FTT0132","glpA","RefSeq.9606.33.NC_000004.CDS.17577466.17607589.fwd","Protein","cytosol aminopeptidase","Primates",9606,"9606.33","Homo sapiens",,"LAP3","HPI","physical association","two hybrid pooling approach","experimental","20711500;13779","intact","intact:EBI-2796835;imex:IM-13779-70",
"fig|177416.18.peg.160","Protein","DNA-directed RNA polymerase beta subunit (EC 2.7.7.6)","Bacteria",177416,"177416.18","Francisella tularensis subsp. tularensis SCHU S4","FTT0144","rpoB","RefSeq.9606.33.NC_000018.CDS.2656076.2802635.fwd","Protein","structural maintenance of chromosomes flexible hinge domain-containing protein 1 isoform X1","Primates",9606,"9606.33","Homo sapiens",,"SMCHD1","HPI","physical association","two hybrid pooling approach","experimental","20711500;13779","intact","intact:EBI-2801916;imex:IM-13779-576",
"RefSeq.177416.18.NC_006570.CDS.404586.408065.fwd","Protein","DNA polymerase III alpha subunit","Bacteria",177416,"177416.18","Francisella tularensis subsp. tularensis SCHU S4","FTT0402","dnaE","RefSeq.9606.33.NC_000009.CDS.92297836.92324161.rev","Protein","nucleolar protein 8 isoform X1","Primates",9606,"9606.33","Homo sapiens",,"NOL8","HPI","physical association","two hybrid pooling approach","experimental","20711500;13779","intact","intact:EBI-2804355;imex:IM-13779-798",
"RefSeq.177416.18.NC_006570.CDS.1038723.1040057.fwd","Protein","D-alanyl-D-alanine carboxypeptidase (penicillin binding protein) family protein","Bacteria",177416,"177416.18","Francisella tularensis subsp. tularensis SCHU S4","FTT1029","dacD","RefSeq.9606.33.NC_000013.CDS.53028837.53050771.fwd","Protein","olfactomedin-4 precursor","Primates",9606,"9606.33","Homo sapiens",,"OLFM4","HPI","physical association","two hybrid pooling approach","experimental","20711500;13779","intact","intact:EBI-2804153;imex:IM-13779-775",
"RefSeq.177416.18.NC_006570.CDS.486449.487870.fwd","Protein","peptidyl-prolyl cis-trans isomerase (PPIase)","Bacteria",177416,"177416.18","Francisella tularensis subsp. tularensis SCHU S4","FTT0468","surA","RefSeq.9606.33.NC_000002.CDS.74530007.74532985.fwd","Protein","serine protease HTRA2, mitochondrial isoform 2","Primates",9606,"9606.33","Homo sapiens",,"HTRA2","HPI","physical association","two hybrid pooling approach","experimental","20711500;13779","intact","intact:EBI-2798827;imex:IM-13779-256",
"RefSeq.177416.18.NC_006570.CDS.654040.654966.fwd","Protein","SPFH domain-containing protein/band 7 family protein","Bacteria",177416,"177416.18","Francisella tularensis subsp. tularensis SCHU S4","FTT0634","hflC","RefSeq.9606.33.NC_000007.CDS.44104666.44114261.fwd","Protein","adipocyte enhancer-binding protein 1 isoform X1","Primates",9606,"9606.33","Homo sapiens",,"AEBP1","HPI","physical association","two hybrid pooling approach","experimental","20711500;13779","intact","intact:EBI-2796207;imex:IM-13779-13",
"RefSeq.177416.18.NC_006570.CDS.1262352.1263614.fwd","Protein","hypothetical protein","Bacteria",177416,"177416.18","Francisella tularensis subsp. tularensis SCHU S4","FTT1242",,"RefSeq.9606.33.NC_000005.CDS.38869045.38944233.fwd","Protein","oncostatin-M-specific receptor subunit beta isoform X2","Primates",9606,"9606.33","Homo sapiens",,"OSMR","HPI","physical association","two hybrid pooling approach","experimental","20711500;13779","intact","intact:EBI-2804086;imex:IM-13779-767",
"fig|177416.18.peg.212","Protein","Lysyl-tRNA synthetase (class II) (EC 6.1.1.6)","Bacteria",177416,"177416.18","Francisella tularensis subsp. tularensis SCHU S4","FTT0192","lysU","RefSeq.9606.33.NC_000016.CDS.11679195.11742730.rev","Protein","thioredoxin domain-containing protein 11 isoform X1","Primates",9606,"9606.33","Homo sapiens",,"TXNDC11","HPI","physical association","two hybrid pooling approach","experimental","20711500;13779","intact","intact:EBI-2796254;imex:IM-13779-15",
"RefSeq.177416.18.NC_006570.CDS.700057.700875.rev","Protein","Type IV pili leader peptidase and methylase.","Bacteria",177416,"177416.18","Francisella tularensis subsp. tularensis SCHU S4","FTT0683c","pilD","RefSeq.9606.33.NC_000023.CDS.154348849.154371245.rev","Protein","filamin-A isoform 2","Primates",9606,"9606.33","Homo sapiens",,"FLNA","HPI","physical association","two hybrid pooling approach","experimental","20711500;13779","intact","intact:EBI-2806755;imex:IM-13779-1069",
"RefSeq.177416.18.NC_006570.CDS.894174.895823.fwd","Protein","DNA repair protein recN","Bacteria",177416,"177416.18","Francisella tularensis subsp. tularensis SCHU S4","FTT0886",,"RefSeq.9606.33.NC_000001.CDS.31576399.31586979.fwd","Protein","tubulointerstitial nephritis antigen-like isoform X3","Primates",9606,"9606.33","Homo sapiens",,"TINAGL1","HPI","physical association","two hybrid pooling approach","experimental","20711500;13779","intact","intact:EBI-2800394;imex:IM-13779-409",
"RefSeq.177416.18.NC_006570.CDS.1216064.1218070.rev","Protein","excinuclease ABC subunit B","Bacteria",177416,"177416.18","Francisella tularensis subsp. tularensis SCHU S4","FTT1199c","uvrB","RefSeq.9606.33.NW_003315917.CDS.878457.917372.fwd","Protein","beta-glucuronidase-like protein SMA4","Primates",9606,"9606.33","Homo sapiens",,"LOC100653061","HPI","physical association","two hybrid pooling approach","experimental","20711500;13779","intact","intact:EBI-2796800;imex:IM-13779-65",
"RefSeq.177416.18.NC_006570.CDS.1415006.1416997.rev","Protein","transketolase","Bacteria",177416,"177416.18","Francisella tularensis subsp. tularensis SCHU S4","FTT1369c","tktA","RefSeq.9606.33.NC_000001.CDS.235168525.235326919.rev","Protein","AT-rich interactive domain-containing protein 4B isoform X1","Primates",9606,"9606.33","Homo sapiens",,"ARID4B","HPI","physical association","two hybrid pooling approach","experimental","20711500;13779","intact","intact:EBI-2808771;imex:IM-13779-1296",
"RefSeq.177416.18.NC_006570.CDS.902373.904685.fwd","Protein","fusion protein PurC/PurD","Bacteria",177416,"177416.18","Francisella tularensis subsp. tularensis SCHU S4","FTT0894","purCD","RefSeq.9606.33.NC_000022.CDS.29789013.29832325.rev","Protein","activating signal cointegrator 1 complex subunit 2 isoform X2","Primates",9606,"9606.33","Homo sapiens",,"ASCC2","HPI","physical association","two hybrid pooling approach","experimental","20711500;13779","intact","intact:EBI-2808722;imex:IM-13779-1290",
"RefSeq.177416.18.NC_006570.CDS.971902.972885.fwd","Protein","hypothetical protein","Bacteria",177416,"177416.18","Francisella tularensis subsp. tularensis SCHU S4","FTT0960",,"RefSeq.9606.33.NC_000007.CDS.150993804.151014169.fwd","Protein","nitric oxide synthase, endothelial isoform 1","Primates",9606,"9606.33","Homo sapiens",,"NOS3","HPI","physical association","two hybrid pooling approach","experimental","20711500;13779","intact","intact:EBI-2804348;imex:IM-13779-794",
"RefSeq.177416.18.NC_006570.CDS.1592260.1593447.fwd","Protein","acetyl-CoA acetyltransferase","Bacteria",177416,"177416.18","Francisella tularensis subsp. tularensis SCHU S4","FTT1531","fadA","RefSeq.9606.33.NC_000017.CDS.64499923.64506119.rev","Protein","probable ATP-dependent RNA helicase DDX5 isoform X1","Primates",9606,"9606.33","Homo sapiens",,"DDX5","HPI","physical association","two hybrid pooling approach","experimental","20711500;13779","intact","intact:EBI-2807364;imex:IM-13779-1136",
"RefSeq.177416.18.NC_006570.CDS.921719.924526.rev","Protein","isoleucyl-tRNA synthetase","Bacteria",177416,"177416.18","Francisella tularensis subsp. tularensis SCHU S4","FTT0915c","ileS","RefSeq.9606.33.NC_000017.CDS.4710722.4721039.fwd","Protein","beta-arrestin-2 isoform 2","Primates",9606,"9606.33","Homo sapiens",,"ARRB2","HPI","physical association","two hybrid pooling approach","experimental","20711500;13779","intact","intact:EBI-2808736;imex:IM-13779-1293",
"fig|177416.18.peg.208","Protein","Cell division protein FtsZ (EC 3.4.24.-)","Bacteria",177416,"177416.18","Francisella tularensis subsp. tularensis SCHU S4","FTT0188","ftsZ","RefSeq.9606.33.NC_000012.CDS.69239647.69262559.fwd","Protein","cleavage and polyadenylation specificity factor subunit 6 isoform 1","Primates",9606,"9606.33","Homo sapiens",,"CPSF6","HPI","physical association","two hybrid pooling approach","experimental","20711500;13779","intact","intact:EBI-2807656;imex:IM-13779-1167",
"fig|177416.18.peg.121","Protein","Lipid A export permease/ATP-binding protein MsbA","Bacteria",177416,"177416.18","Francisella tularensis subsp. tularensis SCHU S4","FTT0109","valA","RefSeq.9606.33.NC_000015.CDS.84982163.85137903.fwd","Protein","high affinity cAMP-specific and IBMX-insensitive 3',5'-cyclic phosphodiesterase 8A isoform 2","Primates",9606,"9606.33","Homo sapiens",,"PDE8A","HPI","physical association","two hybrid pooling approach","experimental","20711500;13779","intact","intact:EBI-2803859;imex:IM-13779-744",
"RefSeq.177416.18.NC_006570.CDS.283223.285109.fwd","Protein","Sodium/hydrogen exchanger (antiporter) family protein","Bacteria",177416,"177416.18","Francisella tularensis subsp. tularensis SCHU S4","FTT0268",,"RefSeq.9606.33.NC_000006.CDS.31639131.31651763.rev","Protein","large proline-rich protein BAG6 isoform a","Primates",9606,"9606.33","Homo sapiens",,"BAG6","HPI","physical association","two hybrid pooling approach","experimental","20711500;13779","intact","intact:EBI-2808570;imex:IM-13779-1270",
"RefSeq.177416.18.NC_006570.CDS.329238.330107.fwd","Protein","elongation factor Ts","Bacteria",177416,"177416.18","Francisella tularensis subsp. tularensis SCHU S4","FTT0314","tsf","RefSeq.9606.33.NC_000008.CDS.100704298.100721583.rev","Protein","polyadenylate-binding protein 1 isoform X1","Primates",9606,"9606.33","Homo sapiens",,"PABPC1","HPI","physical association","two hybrid pooling approach","experimental","20711500;13779","intact","intact:EBI-2798542;imex:IM-13779-225",
"RefSeq.177416.18.NC_006570.CDS.1730263.1733547.fwd","Protein","carbamoyl phosphate synthase large subunit","Bacteria",177416,"177416.18","Francisella tularensis subsp. tularensis SCHU S4","FTT1664","carB","RefSeq.9606.33.NC_000014.CDS.21385613.21431816.rev","Protein","chromodomain-helicase-DNA-binding protein 8 isoform 2","Primates",9606,"9606.33","Homo sapiens",,"CHD8","HPI","physical association","two hybrid pooling approach","experimental","20711500;13779","intact","intact:EBI-2808047;imex:IM-13779-1213",
"RefSeq.177416.18.NC_006570.CDS.1560296.1560874.fwd","Protein","hypothetical protein","Bacteria",177416,"177416.18","Francisella tularensis subsp. tularensis SCHU S4","FTT1506",,"RefSeq.9606.33.NC_000014.CDS.21477279.21496606.fwd","Protein","TOX high mobility group box family member 4 isoform 2","Primates",9606,"9606.33","Homo sapiens",,"TOX4","HPI","physical association","two hybrid pooling approach","experimental","20711500;13779","intact","intact:EBI-2800222;imex:IM-13779-388",
"RefSeq.177416.18.NC_006570.CDS.1207486.1208646.fwd","Protein","aminoacylase","Bacteria",177416,"177416.18","Francisella tularensis subsp. tularensis SCHU S4","FTT1191",,"RefSeq.9606.33.NC_000014.CDS.50118344.50231283.rev","Protein","son of sevenless homolog 2","Primates",9606,"9606.33","Homo sapiens",,"SOS2","HPI","physical association","two hybrid pooling approach","experimental","20711500;13779","intact","intact:EBI-2801036;imex:IM-13779-477",
"RefSeq.177416.18.NC_006570.CDS.1026714.1028561.rev","Protein","1-deoxy-D-xylulose-5-phosphate synthase","Bacteria",177416,"177416.18","Francisella tularensis subsp. tularensis SCHU S4","FTT1018c","dxs","RefSeq.9606.33.NC_000019.CDS.39414087.39425294.fwd","Protein","pleckstrin homology domain-containing family G member 2 isoform X5","Primates",9606,"9606.33","Homo sapiens",,"PLEKHG2","HPI","physical association","two hybrid pooling approach","experimental","20711500;13779","intact","intact:EBI-2797210;imex:IM-13779-105",
"fig|177416.18.peg.212","Protein","Lysyl-tRNA synthetase (class II) (EC 6.1.1.6)","Bacteria",177416,"177416.18","Francisella tularensis subsp. tularensis SCHU S4","FTT0192","lysU","RefSeq.9606.33.NC_000008.CDS.58561790.58581740.fwd","Protein","syntenin-1 isoform X1","Primates",9606,"9606.33","Homo sapiens",,"SDCBP","HPI","physical association","two hybrid pooling approach","experimental","20711500;13779","intact","intact:EBI-2801330;imex:IM-13779-511",
"RefSeq.177416.18.NC_006570.CDS.1577491.1581759.rev","Protein","ATp-dependent helicase","Bacteria",177416,"177416.18","Francisella tularensis subsp. tularensis SCHU S4","FTT1524c","hrpA","RefSeq.9606.33.NC_000011.CDS.62575094.62591599.rev","Protein","speckle targeted PIP5K1A-regulated poly(A) polymerase","Primates",9606,"9606.33","Homo sapiens",,"TUT1","HPI","physical association","two hybrid pooling approach","experimental","20711500;13779","intact","intact:EBI-2809260;imex:IM-13779-1351",
"RefSeq.177416.18.NC_006570.CDS.1243635.1246292.fwd","Protein","ribonuclease E","Bacteria",177416,"177416.18","Francisella tularensis subsp. tularensis SCHU S4","FTT1227","rne","RefSeq.9606.33.NC_000015.CDS.48992244.49046299.rev","Protein","selenocysteine insertion sequence-binding protein 2-like isoform 1","Primates",9606,"9606.33","Homo sapiens",,"SECISBP2L","HPI","physical association","two hybrid pooling approach","experimental","20711500;13779","intact","intact:EBI-2805653;imex:IM-13779-939",
"RefSeq.177416.18.NC_006570.CDS.1122309.1123187.rev","Protein","RNA polymerase factor sigma-32","Bacteria",177416,"177416.18","Francisella tularensis subsp. tularensis SCHU S4","FTT1112c","rpoH","RefSeq.9606.33.NC_000007.CDS.108564191.108569569.rev","Protein","THAP domain-containing protein 5 isoform 1","Primates",9606,"9606.33","Homo sapiens",,"THAP5","HPI","physical association","two hybrid pooling approach","experimental","20711500;13779","intact","intact:EBI-2802311;imex:IM-13779-608",
"RefSeq.177416.18.NC_006570.CDS.1730263.1733547.fwd","Protein","carbamoyl phosphate synthase large subunit","Bacteria",177416,"177416.18","Francisella tularensis subsp. tularensis SCHU S4","FTT1664","carB","RefSeq.9606.33.NC_000020.CDS.51391396.51562629.rev","Protein","nuclear factor of activated T-cells, cytoplasmic 2 isoform E","Primates",9606,"9606.33","Homo sapiens",,"NFATC2","HPI","physical association","two hybrid pooling approach","experimental","20711500;13779","intact","intact:EBI-2798634;imex:IM-13779-235",
"RefSeq.177416.18.NC_006570.CDS.1674448.1675212.fwd","Protein","ABC transporter, membrane protein","Bacteria",177416,"177416.18","Francisella tularensis subsp. tularensis SCHU S4","FTT1609",,"RefSeq.9606.33.NC_000006.CDS.163415194.163570710.fwd","Protein","protein quaking isoform X3","Primates",9606,"9606.33","Homo sapiens",,"QKI","HPI","physical association","two hybrid pooling approach","experimental","20711500;13779","intact","intact:EBI-2801885;imex:IM-13779-572",
"RefSeq.177416.18.NC_006570.CDS.1358875.1360155.fwd","Protein","seryl-tRNA synthetase","Bacteria",177416,"177416.18","Francisella tularensis subsp. tularensis SCHU S4","FTT1330","serS","RefSeq.9606.33.NC_000008.CDS.100704298.100721583.rev","Protein","polyadenylate-binding protein 1 isoform X1","Primates",9606,"9606.33","Homo sapiens",,"PABPC1","HPI","physical association","two hybrid pooling approach","experimental","20711500;13779","intact","intact:EBI-2804023;imex:IM-13779-762",
"RefSeq.177416.18.NC_006570.CDS.902373.904685.fwd","Protein","fusion protein PurC/PurD","Bacteria",177416,"177416.18","Francisella tularensis subsp. tularensis SCHU S4","FTT0894","purCD","RefSeq.9606.33.NC_000016.CDS.58520958.58599337.rev","Protein","CCR4-NOT transcription complex subunit 1 isoform a","Primates",9606,"9606.33","Homo sapiens",,"CNOT1","HPI","physical association","two hybrid pooling approach","experimental","20711500;13779","intact","intact:EBI-2807862;imex:IM-13779-1193",
"RefSeq.177416.18.NC_006570.CDS.1262352.1263614.fwd","Protein","hypothetical protein","Bacteria",177416,"177416.18","Francisella tularensis subsp. tularensis SCHU S4","FTT1242",,"RefSeq.9606.33.NC_000014.CDS.49893737.49894264.fwd","Protein","ADP-ribosylation factor 6","Primates",9606,"9606.33","Homo sapiens",,"ARF6","HPI","physical association","two hybrid pooling approach","experimental","20711500;13779","intact","intact:EBI-2802824;imex:IM-13779-650",
"RefSeq.177416.18.NC_006570.CDS.1802117.1805989.rev","Protein","phosphoribosylformylglycinamidine synthase","Bacteria",177416,"177416.18","Francisella tularensis subsp. tularensis SCHU S4","FTT1720c","purL","RefSeq.9606.33.NC_000022.CDS.20708047.20858809.rev","Protein","phosphatidylinositol 4-kinase alpha isoform X2","Primates",9606,"9606.33","Homo sapiens",,"PI4KA","HPI","physical association","two hybrid pooling approach","experimental","20711500;13779","intact","intact:EBI-2803736;imex:IM-13779-732",
"RefSeq.177416.18.NC_006570.CDS.1617909.1618772.rev","Protein","signal peptidase I","Bacteria",177416,"177416.18","Francisella tularensis subsp. tularensis SCHU S4","FTT1556c","lepB","RefSeq.9606.33.NC_000014.CDS.24233200.24238778.fwd","Protein","GMP reductase 2 isoform 1","Primates",9606,"9606.33","Homo sapiens",,"GMPR2","HPI","physical association","two hybrid pooling approach","experimental","20711500;13779","intact","intact:EBI-2806541;imex:IM-13779-1045",
"RefSeq.177416.18.NC_006570.CDS.902373.904685.fwd","Protein","fusion protein PurC/PurD","Bacteria",177416,"177416.18","Francisella tularensis subsp. tularensis SCHU S4","FTT0894","purCD","RefSeq.9606.33.NC_000013.CDS.45337386.45341069.rev","Protein","translationally-controlled tumor protein isoform 2","Primates",9606,"9606.33","Homo sapiens",,"TPT1","HPI","physical association","two hybrid pooling approach","experimental","20711500;13779","intact","intact:EBI-2800527;imex:IM-13779-426",
"RefSeq.177416.18.NC_006570.CDS.1218072.1219520.rev","Protein","exodeoxyribonuclease I","Bacteria",177416,"177416.18","Francisella tularensis subsp. tularensis SCHU S4","FTT1200c","sbcB","RefSeq.9606.33.NC_000005.CDS.140647909.140662329.fwd","Protein","protein Red","Primates",9606,"9606.33","Homo sapiens",,"IK","HPI","physical association","two hybrid pooling approach","experimental","20711500;13779","intact","intact:EBI-2801788;imex:IM-13779-556",
"RefSeq.177416.18.NC_006570.CDS.236994.237650.rev","Protein","hypothetical protein","Bacteria",177416,"177416.18","Francisella tularensis subsp. tularensis SCHU S4","FTT0220c",,"RefSeq.9606.33.NC_000019.CDS.34995332.35026141.fwd","Protein","GRAM domain-containing protein 1A isoform X5","Primates",9606,"9606.33","Homo sapiens",,"GRAMD1A","HPI","physical association","two hybrid pooling approach","experimental","20711500;13779","intact","intact:EBI-2797386;imex:IM-13779-122",
"RefSeq.177416.18.NC_006570.CDS.1616315.1617223.rev","Protein","tRNA pseudouridine synthetase B","Bacteria",177416,"177416.18","Francisella tularensis subsp. tularensis SCHU S4","FTT1554c","truB","RefSeq.9606.33.NC_000019.CDS.47130823.47209213.fwd","Protein","SUMO-activating enzyme subunit 1 isoform X1","Primates",9606,"9606.33","Homo sapiens",,"SAE1","HPI","physical association","two hybrid pooling approach","experimental","20711500;13779","intact","intact:EBI-2796083;imex:IM-13779-5",
"RefSeq.177416.18.NC_006570.CDS.1232644.1233435.rev","Protein","haloacid dehalogenase-like hydrolase family protein","Bacteria",177416,"177416.18","Francisella tularensis subsp. tularensis SCHU S4","FTT1214c",,"RefSeq.9606.33.NC_000017.CDS.56891700.56913988.rev","Protein","E3 ubiquitin/ISG15 ligase TRIM25","Primates",9606,"9606.33","Homo sapiens",,"TRIM25","HPI","physical association","two hybrid pooling approach","experimental","20711500;13779","intact","intact:EBI-2800171;imex:IM-13779-385",
"fig|177416.18.peg.23","Protein","Aspartyl-tRNA(Asn) amidotransferase subunit A (EC 6.3.5.6) @ Glutamyl-tRNA(Gln) amidotransferase subunit A (EC 6.3.5.7)","Bacteria",177416,"177416.18","Francisella tularensis subsp. tularensis SCHU S4","FTT0020","gatA","RefSeq.9606.33.NC_000004.CDS.41935485.41954199.fwd","Protein","transmembrane protein 33 isoform X1","Primates",9606,"9606.33","Homo sapiens",,"TMEM33","HPI","physical association","two hybrid pooling approach","experimental","20711500;13779","intact","intact:EBI-2800309;imex:IM-13779-399",
"RefSeq.177416.18.NC_006570.CDS.1194341.1196158.fwd","Protein","GTP binding translational elongation factor Tu and G family protein","Bacteria",177416,"177416.18","Francisella tularensis subsp. tularensis SCHU S4","FTT1179","bipA","RefSeq.9606.33.NC_000022.CDS.41367533.41395960.fwd","Protein","thyrotroph embryonic factor isoform 2","Primates",9606,"9606.33","Homo sapiens",,"TEF","HPI","physical association","two hybrid pooling approach","experimental","20711500;13779","intact","intact:EBI-2800513;imex:IM-13779-423",
"RefSeq.177416.18.NC_006570.CDS.827817.829940.fwd","Protein","guanosine-3',5'-bis(diphosphate) 3'-pyrophosphohydrolase/(p)ppGpp synthase","Bacteria",177416,"177416.18","Francisella tularensis subsp. tularensis SCHU S4","FTT0808","spoT","RefSeq.9606.33.NC_000003.CDS.146516045.146536552.rev","Protein","phospholipid scramblase 1 isoform X1","Primates",9606,"9606.33","Homo sapiens",,"PLSCR1","HPI","physical association","two hybrid pooling approach","experimental","20711500;13779","intact","intact:EBI-2798462;imex:IM-13779-218",
"RefSeq.177416.18.NC_006570.CDS.1640165.1640710.fwd","Protein","hypothetical protein","Bacteria",177416,"177416.18","Francisella tularensis subsp. tularensis SCHU S4","FTT1576",,"RefSeq.9606.33.NC_000009.CDS.93124908.93134217.rev","Protein","ninjurin-1","Primates",9606,"9606.33","Homo sapiens",,"NINJ1","HPI","physical association","two hybrid pooling approach","experimental","20711500;13779","intact","intact:EBI-2802118;imex:IM-13779-590",
"RefSeq.177416.18.NC_006570.CDS.1802117.1805989.rev","Protein","phosphoribosylformylglycinamidine synthase","Bacteria",177416,"177416.18","Francisella tularensis subsp. tularensis SCHU S4","FTT1720c","purL","RefSeq.9606.33.NC_000001.CDS.235112064.235128715.rev","Protein","mitochondrial import receptor subunit TOM20 homolog","Primates",9606,"9606.33","Homo sapiens",,"TOMM20","HPI","physical association","two hybrid pooling approach","experimental","20711500;13779","intact","intact:EBI-2797668;imex:IM-13779-150",
"RefSeq.177416.18.NC_006570.CDS.239438.240214.rev","Protein","hydrolase subunit","Bacteria",177416,"177416.18","Francisella tularensis subsp. tularensis SCHU S4","FTT0222c","ybgK","RefSeq.9606.33.NC_000002.CDS.27079066.27086015.fwd","Protein","EMILIN-1 isoform X1","Primates",9606,"9606.33","Homo sapiens",,"EMILIN1","HPI","physical association","two hybrid pooling approach","experimental","20711500;13779","intact","intact:EBI-2796527;imex:IM-13779-43",
"RefSeq.177416.18.NC_006570.CDS.1520763.1521788.rev","Protein","quinolinate synthetase","Bacteria",177416,"177416.18","Francisella tularensis subsp. tularensis SCHU S4","FTT1469c","nadA","RefSeq.9606.33.NC_000001.CDS.225777941.225789359.fwd","Protein","signal recognition particle 9 kDa protein isoform 2","Primates",9606,"9606.33","Homo sapiens",,"SRP9","HPI","physical association","two hybrid pooling approach","experimental","20711500;13779","intact","intact:EBI-2800949;imex:IM-13779-471",
"RefSeq.177416.18.NC_006570.CDS.321537.322943.fwd","Protein","glutamyl-tRNA synthetase","Bacteria",177416,"177416.18","Francisella tularensis subsp. tularensis SCHU S4","FTT0307","gltX","RefSeq.9606.33.NC_000002.CDS.208237079.208251551.rev","Protein","isocitrate dehydrogenase [NADP] cytoplasmic","Primates",9606,"9606.33","Homo sapiens",,"IDH1","HPI","physical association","two hybrid pooling approach","experimental","20711500;13779","intact","intact:EBI-2806021;imex:IM-13779-982",
"RefSeq.177416.18.NC_006570.CDS.898028.898468.rev","Protein","Type IV pili fiber building block protein","Bacteria",177416,"177416.18","Francisella tularensis subsp. tularensis SCHU S4","FTT0889c",,"RefSeq.9606.33.NC_000014.CDS.94111683.94116527.fwd","Protein","interferon alpha-inducible protein 27, mitochondrial isoform 2","Primates",9606,"9606.33","Homo sapiens",,"IFI27","HPI","physical association","two hybrid pooling approach","experimental","20711500;13779","intact","intact:EBI-2805959;imex:IM-13779-975",
"RefSeq.177416.18.NC_006570.CDS.731244.732299.rev","Protein","L-threonine 3-dehydrogenase","Bacteria",177416,"177416.18","Francisella tularensis subsp. tularensis SCHU S4","FTT0713c","tdh","RefSeq.9606.33.NC_000002.CDS.101272974.101308588.rev","Protein","E3 ubiquitin-protein ligase RNF149 isoform X2","Primates",9606,"9606.33","Homo sapiens",,"RNF149","HPI","physical association","two hybrid pooling approach","experimental","20711500;13779","intact","intact:EBI-2801685;imex:IM-13779-547",
"fig|177416.18.peg.30","Protein","Orn/DAP/Arg decarboxylase family protein","Bacteria",177416,"177416.18","Francisella tularensis subsp. tularensis SCHU S4","FTT0027c","lysA","RefSeq.9606.33.NC_000014.CDS.93183187.93184242.rev","Protein","modulator of apoptosis 1","Primates",9606,"9606.33","Homo sapiens",,"MOAP1","HPI","physical association","two hybrid pooling approach","experimental","20711500;13779","intact","intact:EBI-2804796;imex:IM-13779-850",
"RefSeq.177416.18.NC_006570.CDS.1368817.1370361.rev","Protein","sulfate permease family protein","Bacteria",177416,"177416.18","Francisella tularensis subsp. tularensis SCHU S4","FTT1339c",,"RefSeq.9606.33.NC_000008.CDS.58561790.58581740.fwd","Protein","syntenin-1 isoform X1","Primates",9606,"9606.33","Homo sapiens",,"SDCBP","HPI","physical association","two hybrid pooling approach","experimental","20711500;13779","intact","intact:EBI-2797069;imex:IM-13779-90",
"RefSeq.177416.18.NC_006570.CDS.1870564.1872243.rev","Protein","putative ABC transporter ATP-binding protein","Bacteria",177416,"177416.18","Francisella tularensis subsp. tularensis SCHU S4","FTT1782c","yjjK","RefSeq.9606.33.NC_000008.CDS.53715964.53841690.rev","Protein","V-type proton ATPase subunit H isoform 1","Primates",9606,"9606.33","Homo sapiens",,"ATP6V1H","HPI","physical association","two hybrid pooling approach","experimental","20711500;13779","intact","intact:EBI-2799925;imex:IM-13779-356",
"RefSeq.177416.18.NC_006570.CDS.1536259.1538940.rev","Protein","pyruvate dehydrogenase subunit E1","Bacteria",177416,"177416.18","Francisella tularensis subsp. tularensis SCHU S4","FTT1485c","aceE","RefSeq.9606.33.NC_000010.CDS.73376095.73400856.rev","Protein","annexin A7 isoform 2","Primates",9606,"9606.33","Homo sapiens",,"ANXA7","HPI","physical association","two hybrid pooling approach","experimental","20711500;13779","intact","intact:EBI-2808930;imex:IM-13779-1315",
"fig|177416.18.peg.80","Protein","Succinate dehydrogenase flavoprotein subunit (EC 1.3.5.1)","Bacteria",177416,"177416.18","Francisella tularensis subsp. tularensis SCHU S4","FTT0074","sdhA","RefSeq.9606.33.NC_000001.CDS.24902122.24964571.rev","Protein","runt-related transcription factor 3 isoform 1","Primates",9606,"9606.33","Homo sapiens",,"RUNX3","HPI","physical association","two hybrid pooling approach","experimental","20711500;13779","intact","intact:EBI-2801485;imex:IM-13779-527",
"RefSeq.177416.18.NC_006570.CDS.1194341.1196158.fwd","Protein","GTP binding translational elongation factor Tu and G family protein","Bacteria",177416,"177416.18","Francisella tularensis subsp. tularensis SCHU S4","FTT1179","bipA","RefSeq.9606.33.NC_000012.CDS.30630860.30695647.rev","Protein","importin-8 isoform X1","Primates",9606,"9606.33","Homo sapiens",,"IPO8","HPI","physical association","two hybrid pooling approach","experimental","20711500;13779","intact","intact:EBI-2805837;imex:IM-13779-959",
"RefSeq.177416.18.NC_006570.CDS.734051.736333.fwd","Protein","chitinase family 18 protein","Bacteria",177416,"177416.18","Francisella tularensis subsp. tularensis SCHU S4","FTT0715",,"RefSeq.9606.33.NC_000009.CDS.136977579.136980855.fwd","Protein","prostaglandin-H2 D-isomerase precursor","Primates",9606,"9606.33","Homo sapiens",,"PTGDS","HPI","physical association","two hybrid pooling approach","experimental","20711500;13779","intact","intact:EBI-2798376;imex:IM-13779-208",
"RefSeq.177416.18.NC_006570.CDS.1216064.1218070.rev","Protein","excinuclease ABC subunit B","Bacteria",177416,"177416.18","Francisella tularensis subsp. tularensis SCHU S4","FTT1199c","uvrB","RefSeq.9606.33.NC_000010.CDS.50806729.50859940.rev","Protein","APOBEC1 complementation factor isoform X1","Primates",9606,"9606.33","Homo sapiens",,"A1CF","HPI","physical association","two hybrid pooling approach","experimental","20711500;13779","intact","intact:EBI-2809502;imex:IM-13779-1367",
"RefSeq.177416.18.NC_006570.CDS.369757.370818.rev","Protein","hypothetical protein","Bacteria",177416,"177416.18","Francisella tularensis subsp. tularensis SCHU S4","FTT0369c",,"RefSeq.9606.33.NC_000009.CDS.13106965.13250315.rev","Protein","multiple PDZ domain protein isoform X4","Primates",9606,"9606.33","Homo sapiens",,"MPDZ","HPI","physical association","two hybrid pooling approach","experimental","20711500;13779","intact","intact:EBI-2804761;imex:IM-13779-841",
"RefSeq.177416.18.NC_006570.CDS.1534346.1536241.rev","Protein","dihydrolipoamide acetyltransferase","Bacteria",177416,"177416.18","Francisella tularensis subsp. tularensis SCHU S4","FTT1484c","aceF","RefSeq.9606.33.NC_000017.CDS.82101682.82201944.rev","Protein","coiled-coil domain-containing protein 57","Primates",9606,"9606.33","Homo sapiens",,"CCDC57","HPI","physical association","two hybrid pooling approach","experimental","20711500;13779","intact","intact:EBI-2808283;imex:IM-13779-1240",
"RefSeq.177416.18.NC_006570.CDS.1130086.1131189.rev","Protein","queuine tRNA-ribosyltransferase","Bacteria",177416,"177416.18","Francisella tularensis subsp. tularensis SCHU S4","FTT1120c","tgt","RefSeq.9606.33.NC_000015.CDS.75639614.75640168.rev","Protein","U3 small nucleolar ribonucleoprotein protein IMP3","Primates",9606,"9606.33","Homo sapiens",,"IMP3","HPI","physical association","two hybrid pooling approach","experimental","20711500;13779","intact","intact:EBI-2798799;imex:IM-13779-251",
"fig|177416.18.peg.148","Protein","Glycerol-3-phosphate dehydrogenase (EC 1.1.5.3)","Bacteria",177416,"177416.18","Francisella tularensis subsp. tularensis SCHU S4","FTT0132","glpA","RefSeq.9606.33.NC_000001.CDS.31576399.31586979.fwd","Protein","tubulointerstitial nephritis antigen-like isoform X3","Primates",9606,"9606.33","Homo sapiens",,"TINAGL1","HPI","physical association","two hybrid pooling approach","experimental","20711500;13779","intact","intact:EBI-2800387;imex:IM-13779-408",
"RefSeq.177416.18.NC_006570.CDS.1527544.1528569.fwd","Protein","galactose-1-phosphate uridylyltransferase","Bacteria",177416,"177416.18","Francisella tularensis subsp. tularensis SCHU S4","FTT1475","galT","RefSeq.9606.33.NC_000004.CDS.2231927.2240946.rev","Protein","HAUS augmin-like complex subunit 3","Primates",9606,"9606.33","Homo sapiens",,"HAUS3","HPI","physical association","two hybrid pooling approach","experimental","20711500;13779","intact","intact:EBI-2799199;imex:IM-13779-289",
"RefSeq.177416.18.NC_006570.CDS.1015114.1016127.rev","Protein","phenylalanyl-tRNA synthetase subunit alpha","Bacteria",177416,"177416.18","Francisella tularensis subsp. tularensis SCHU S4","FTT1003c","pheS","RefSeq.9606.33.NC_000017.CDS.55265485.55320879.fwd","Protein","hepatic leukemia factor","Primates",9606,"9606.33","Homo sapiens",,"HLF","HPI","physical association","two hybrid pooling approach","experimental","20711500;13779","intact","intact:EBI-2806204;imex:IM-13779-1000",
"fig|177416.18.peg.160","Protein","DNA-directed RNA polymerase beta subunit (EC 2.7.7.6)","Bacteria",177416,"177416.18","Francisella tularensis subsp. tularensis SCHU S4","FTT0144","rpoB","RefSeq.9606.33.NC_000014.CDS.60245848.60292482.fwd","Protein","protein phosphatase 1A isoform 3","Primates",9606,"9606.33","Homo sapiens",,"PPM1A","HPI","physical association","two hybrid pooling approach","experimental","20711500;13779","intact","intact:EBI-2803446;imex:IM-13779-703",
"RefSeq.177416.18.NC_006570.CDS.1178914.1180107.rev","Protein","aspartate aminotransferase","Bacteria",177416,"177416.18","Francisella tularensis subsp. tularensis SCHU S4","FTT1165c","aspC2","RefSeq.9606.33.NC_000002.CDS.46297912.46384660.fwd","Protein","endothelial PAS domain-containing protein 1","Primates",9606,"9606.33","Homo sapiens",,"EPAS1","HPI","physical association","two hybrid pooling approach","experimental","20711500;13779","intact","intact:EBI-2807006;imex:IM-13779-1091",
"RefSeq.177416.18.NC_006570.CDS.1809580.1811109.rev","Protein","outer membrane protein tolC precursor","Bacteria",177416,"177416.18","Francisella tularensis subsp. tularensis SCHU S4","FTT1724c","tolC","RefSeq.9606.33.NC_000002.CDS.24203626.24328082.rev","Protein","intersectin-2 isoform 1","Primates",9606,"9606.33","Homo sapiens",,"ITSN2","HPI","physical association","two hybrid pooling approach","experimental","20711500;13779","intact","intact:EBI-2798788;imex:IM-13779-252",
"fig|177416.18.peg.24","Protein","Aspartyl-tRNA(Asn) amidotransferase subunit B (EC 6.3.5.6) @ Glutamyl-tRNA(Gln) amidotransferase subunit B (EC 6.3.5.7)","Bacteria",177416,"177416.18","Francisella tularensis subsp. tularensis SCHU S4","FTT0021","gatB","RefSeq.9606.33.NC_000014.CDS.90397231.90404717.fwd","Protein","calmodulin","Primates",9606,"9606.33","Homo sapiens",,"CALM1","HPI","physical association","two hybrid pooling approach","experimental","20711500;13779","intact","intact:EBI-2808420;imex:IM-13779-1255",
"RefSeq.177416.18.NC_006570.CDS.264050.266698.fwd","Protein","pyruvate phosphate dikinase","Bacteria",177416,"177416.18","Francisella tularensis subsp. tularensis SCHU S4","FTT0250","ppdK","RefSeq.9606.33.NC_000007.CDS.100574252.100586100.rev","Protein","leucine-rich repeat and calponin homology domain-containing protein 4 isoform 2","Primates",9606,"9606.33","Homo sapiens",,"LRCH4","HPI","physical association","two hybrid pooling approach","experimental","20711500;13779","intact","intact:EBI-2805169;imex:IM-13779-889",
"RefSeq.177416.18.NC_006570.CDS.1444610.1447849.rev","Protein","exodeoxyribonuclease V gamma chain","Bacteria",177416,"177416.18","Francisella tularensis subsp. tularensis SCHU S4","FTT1397c","recC","RefSeq.9606.33.NC_000017.CDS.48051119.48059641.fwd","Protein","nuclear factor erythroid 2-related factor 1 isoform X4","Primates",9606,"9606.33","Homo sapiens",,"NFE2L1","HPI","physical association","two hybrid pooling approach","experimental","20711500;13779","intact","intact:EBI-2804446;imex:IM-13779-805",
"RefSeq.177416.18.NC_006570.CDS.717996.720077.fwd","Protein","polynucleotide phosphorylase/polyadenylase","Bacteria",177416,"177416.18","Francisella tularensis subsp. tularensis SCHU S4","FTT0699","pnp","RefSeq.9606.33.NC_000004.CDS.119136526.119186200.fwd","Protein","myozenin-2","Primates",9606,"9606.33","Homo sapiens",,"MYOZ2","HPI","physical association","two hybrid pooling approach","experimental","20711500;13779","intact","intact:EBI-2804602;imex:IM-13779-824",
"RefSeq.177416.18.NC_006570.CDS.237887.239431.fwd","Protein","acid phosphatase (precursor)","Bacteria",177416,"177416.18","Francisella tularensis subsp. tularensis SCHU S4","FTT0221","acpA","RefSeq.9606.33.NC_000008.CDS.143559336.143562904.fwd","Protein","gasdermin-D","Primates",9606,"9606.33","Homo sapiens",,"GSDMD","HPI","physical association","two hybrid pooling approach","experimental","20711500;13779","intact","intact:EBI-2798870;imex:IM-13779-257",
"RefSeq.177416.18.NC_006570.CDS.329238.330107.fwd","Protein","elongation factor Ts","Bacteria",177416,"177416.18","Francisella tularensis subsp. tularensis SCHU S4","FTT0314","tsf","RefSeq.9606.33.NC_000010.CDS.180013.252470.fwd","Protein","zinc finger MYND domain-containing protein 11 isoform d","Primates",9606,"9606.33","Homo sapiens",,"ZMYND11","HPI","physical association","two hybrid pooling approach","experimental","20711500;13779","intact","intact:EBI-2799571;imex:IM-13779-320",
"RefSeq.177416.18.NC_006570.CDS.748995.750029.rev","Protein","glycerophosphoryl diester phosphodiesterase family protein","Bacteria",177416,"177416.18","Francisella tularensis subsp. tularensis SCHU S4","FTT0726c",,"RefSeq.9606.33.NC_000011.CDS.108227625.108365508.fwd","Protein","serine-protein kinase ATM isoform X2","Primates",9606,"9606.33","Homo sapiens",,"ATM","HPI","physical association","two hybrid pooling approach","experimental","20711500;13779","intact","intact:EBI-2808676;imex:IM-13779-1285",
"RefSeq.177416.18.NC_006570.CDS.416732.418177.fwd","Protein","glycine dehydrogenase subunit 2","Bacteria",177416,"177416.18","Francisella tularensis subsp. tularensis SCHU S4","FTT0410","gcvP2","RefSeq.9606.33.NC_000017.CDS.4937741.4939910.rev","Protein","mitochondrial 2-oxoglutarate/malate carrier protein isoform 1","Primates",9606,"9606.33","Homo sapiens",,"SLC25A11","HPI","physical association","two hybrid pooling approach","experimental","20711500;13779","intact","intact:EBI-2805146;imex:IM-13779-886",
"RefSeq.177416.18.NC_006570.CDS.1566662.1567588.rev","Protein","heat shock protein, hsp40","Bacteria",177416,"177416.18","Francisella tularensis subsp. tularensis SCHU S4","FTT1512c","dnaJ1","RefSeq.9606.33.NC_000002.CDS.135741930.135782887.fwd","Protein","UBX domain-containing protein 4","Primates",9606,"9606.33","Homo sapiens",,"UBXN4","HPI","physical association","two hybrid pooling approach","experimental","20711500;13779","intact","intact:EBI-2799980;imex:IM-13779-361",
"RefSeq.177416.18.NC_006570.CDS.807652.809046.fwd","Protein","sugar transferase family protein","Bacteria",177416,"177416.18","Francisella tularensis subsp. tularensis SCHU S4","FTT0790",,"RefSeq.9606.33.NC_000019.CDS.4839192.4861394.rev","Protein","perilipin-3 isoform 1","Primates",9606,"9606.33","Homo sapiens",,"PLIN3","HPI","physical association","two hybrid pooling approach","experimental","20711500;13779","intact","intact:EBI-2805114;imex:IM-13779-882",
"RefSeq.177416.18.NC_006570.CDS.869994.870701.fwd","Protein","ribonuclease PH","Bacteria",177416,"177416.18","Francisella tularensis subsp. tularensis SCHU S4","FTT0858","rph","RefSeq.9606.33.NC_000020.CDS.47622248.47653417.fwd","Protein","nuclear receptor coactivator 3 isoform b","Primates",9606,"9606.33","Homo sapiens",,"NCOA3","HPI","physical association","two hybrid pooling approach","experimental","20711500;13779","intact","intact:EBI-2804499;imex:IM-13779-815",
"RefSeq.177416.18.NC_006570.CDS.1444610.1447849.rev","Protein","exodeoxyribonuclease V gamma chain","Bacteria",177416,"177416.18","Francisella tularensis subsp. tularensis SCHU S4","FTT1397c","recC","RefSeq.9606.33.NC_000022.CDS.50275704.50301462.rev","Protein","plexin-B2 isoform X2","Primates",9606,"9606.33","Homo sapiens",,"PLXNB2","HPI","physical association","two hybrid pooling approach","experimental","20711500;13779","intact","intact:EBI-2803553;imex:IM-13779-714",
"RefSeq.177416.18.NC_006570.CDS.1802117.1805989.rev","Protein","phosphoribosylformylglycinamidine synthase","Bacteria",177416,"177416.18","Francisella tularensis subsp. tularensis SCHU S4","FTT1720c","purL","RefSeq.9606.33.NC_000013.CDS.24421119.24512978.rev","Protein","poly [ADP-ribose] polymerase 4 isoform X2","Primates",9606,"9606.33","Homo sapiens",,"PARP4","HPI","physical association","two hybrid pooling approach","experimental","20711500;13779","intact","intact:EBI-2803950;imex:IM-13779-755",
"fig|177416.18.peg.123","Protein","DNA polymerase I (EC 2.7.7.7)","Bacteria",177416,"177416.18","Francisella tularensis subsp. tularensis SCHU S4","FTT0111","polA","RefSeq.9606.33.NC_000005.CDS.75374043.75511207.rev","Protein","collagen type IV alpha-3-binding protein isoform X2","Primates",9606,"9606.33","Homo sapiens",,"COL4A3BP","HPI","physical association","two hybrid pooling approach","experimental","20711500;13779","intact","intact:EBI-2808441;imex:IM-13779-1257",
"RefSeq.177416.18.NC_006570.CDS.658005.659660.fwd","Protein","dihydroxy-acid dehydratase","Bacteria",177416,"177416.18","Francisella tularensis subsp. tularensis SCHU S4","FTT0640","ilvD","RefSeq.9606.33.NC_000004.CDS.55858324.55904495.fwd","Protein","exocyst complex component 1 isoform X1","Primates",9606,"9606.33","Homo sapiens",,"EXOC1","HPI","physical association","two hybrid pooling approach","experimental","20711500;13779","intact","intact:EBI-2806981;imex:IM-13779-1088",
"RefSeq.177416.18.NC_006570.CDS.1546379.1546774.rev","Protein","hypothetical protein","Bacteria",177416,"177416.18","Francisella tularensis subsp. tularensis SCHU S4","FTT1493c",,"RefSeq.9606.33.NC_000012.CDS.79775929.79934931.rev","Protein","protein phosphatase 1 regulatory subunit 12A isoform X1","Primates",9606,"9606.33","Homo sapiens",,"PPP1R12A","HPI","physical association","two hybrid pooling approach","experimental","20711500;13779","intact","intact:EBI-2804595;imex:IM-13779-825",
"RefSeq.177416.18.NC_006570.CDS.1730263.1733547.fwd","Protein","carbamoyl phosphate synthase large subunit","Bacteria",177416,"177416.18","Francisella tularensis subsp. tularensis SCHU S4","FTT1664","carB","RefSeq.9606.33.NC_000017.CDS.42125783.42131617.rev","Protein","ras-related protein Rab-5C isoform b","Primates",9606,"9606.33","Homo sapiens",,"RAB5C","HPI","physical association","two hybrid pooling approach","experimental","20711500;13779","intact","intact:EBI-2798293;imex:IM-13779-203",
"RefSeq.177416.18.NC_006570.CDS.390379.392217.fwd","Protein","glucosamine--fructose-6-phosphate aminotransferase","Bacteria",177416,"177416.18","Francisella tularensis subsp. tularensis SCHU S4","FTT0388","glmS","RefSeq.9606.33.NC_000019.CDS.17352362.17377288.rev","Protein","plasmalemma vesicle-associated protein","Primates",9606,"9606.33","Homo sapiens",,"PLVAP","HPI","physical association","two hybrid pooling approach","experimental","20711500;13779","intact","intact:EBI-2803580;imex:IM-13779-716",
"RefSeq.177416.18.NC_006570.CDS.1415006.1416997.rev","Protein","transketolase","Bacteria",177416,"177416.18","Francisella tularensis subsp. tularensis SCHU S4","FTT1369c","tktA","RefSeq.9606.33.NC_000020.CDS.45891326.45898450.fwd","Protein","lysosomal protective protein isoform c precursor","Primates",9606,"9606.33","Homo sapiens",,"CTSA","HPI","physical association","two hybrid pooling approach","experimental","20711500;13779","intact","intact:EBI-2798433;imex:IM-13779-212",
"RefSeq.177416.18.NC_006570.CDS.1327750.1329084.rev","Protein","UDP-N-acetylglucosamine 1-carboxyvinyltransferase","Bacteria",177416,"177416.18","Francisella tularensis subsp. tularensis SCHU S4","FTT1305c","murA","RefSeq.9606.33.NC_000022.CDS.31439880.31488718.rev","Protein","eukaryotic translation initiation factor 4E transporter isoform X2","Primates",9606,"9606.33","Homo sapiens",,"EIF4ENIF1","HPI","physical association","two hybrid pooling approach","experimental","20711500;13779","intact","intact:EBI-2809545;imex:IM-13779-1373",
"RefSeq.177416.18.NC_006570.CDS.1444610.1447849.rev","Protein","exodeoxyribonuclease V gamma chain","Bacteria",177416,"177416.18","Francisella tularensis subsp. tularensis SCHU S4","FTT1397c","recC","RefSeq.9606.33.NC_000001.CDS.2556665.2563273.fwd","Protein","tumor necrosis factor receptor superfamily member 14 isoform 1 precursor","Primates",9606,"9606.33","Homo sapiens",,"TNFRSF14","HPI","physical association","two hybrid pooling approach","experimental","20711500;13779","intact","intact:EBI-2800265;imex:IM-13779-396",
"RefSeq.177416.18.NC_006570.CDS.371289.372470.rev","Protein","FolC bifunctional protein","Bacteria",177416,"177416.18","Francisella tularensis subsp. tularensis SCHU S4","FTT0371c","folC","RefSeq.9606.33.NC_000011.CDS.3001114.3057367.rev","Protein","cysteine--tRNA ligase, cytoplasmic isoform c","Primates",9606,"9606.33","Homo sapiens",,"CARS","HPI","physical association","two hybrid pooling approach","experimental","20711500;13779","intact","intact:EBI-2800729;imex:IM-13779-446",
"RefSeq.177416.18.NC_006570.CDS.1764306.1765940.fwd","Protein","chaperonin GroEL","Bacteria",177416,"177416.18","Francisella tularensis subsp. tularensis SCHU S4","FTT1696","groEL","RefSeq.9606.33.NC_000009.CDS.110366539.110579543.rev","Protein","sushi, von Willebrand factor type A, EGF and pentraxin domain-containing protein 1 precursor","Primates",9606,"9606.33","Homo sapiens",,"SVEP1","HPI","physical association","two hybrid pooling approach","experimental","20711500;13779","intact","intact:EBI-2798121;imex:IM-13779-187",
"RefSeq.177416.18.NC_006570.CDS.319466.319843.fwd","Protein","MutT/nudix family protein","Bacteria",177416,"177416.18","Francisella tularensis subsp. tularensis SCHU S4","FTT0305",,"RefSeq.9606.33.NC_000002.CDS.70809097.70820523.rev","Protein","C-type lectin domain family 4 member F isoform X3","Primates",9606,"9606.33","Homo sapiens",,"CLEC4F","HPI","physical association","two hybrid pooling approach","experimental","20711500;13779","intact","intact:EBI-2807914;imex:IM-13779-1202",
"RefSeq.177416.18.NC_006570.CDS.748995.750029.rev","Protein","glycerophosphoryl diester phosphodiesterase family protein","Bacteria",177416,"177416.18","Francisella tularensis subsp. tularensis SCHU S4","FTT0726c",,"RefSeq.9606.33.NC_000006.CDS.166929588.166956182.rev","Protein","ribonuclease T2 precursor","Primates",9606,"9606.33","Homo sapiens",,"RNASET2","HPI","physical association","two hybrid pooling approach","experimental","20711500;13779","intact","intact:EBI-2801667;imex:IM-13779-546",
"RefSeq.177416.18.NC_006570.CDS.894174.895823.fwd","Protein","DNA repair protein recN","Bacteria",177416,"177416.18","Francisella tularensis subsp. tularensis SCHU S4","FTT0886",,"RefSeq.9606.33.NC_000002.CDS.25379319.25652660.rev","Protein","dystrobrevin beta isoform X2","Primates",9606,"9606.33","Homo sapiens",,"DTNB","HPI","physical association","two hybrid pooling approach","experimental","20711500;13779","intact","intact:EBI-2797417;imex:IM-13779-126",
"fig|177416.18.peg.211","Protein","Peptide chain release factor 2 @ programmed frameshift-containing","Bacteria",177416,"177416.18","Francisella tularensis subsp. tularensis SCHU S4","FTT0191","prfB","RefSeq.9606.33.NC_000013.CDS.46553397.46750650.fwd","Protein","leucine-rich repeat and calponin homology domain-containing protein 1 isoform 3","Primates",9606,"9606.33","Homo sapiens",,"LRCH1","HPI","physical association","two hybrid pooling approach","experimental","20711500;13779","intact","intact:EBI-2797332;imex:IM-13779-114",
"RefSeq.177416.18.NC_006570.CDS.413780.414856.fwd","Protein","glycine cleavage system aminomethyltransferase T","Bacteria",177416,"177416.18","Francisella tularensis subsp. tularensis SCHU S4","FTT0407","gcvT","RefSeq.9606.33.NC_000020.CDS.34393812.34507794.fwd","Protein","E3 ubiquitin-protein ligase Itchy homolog isoform 2","Primates",9606,"9606.33","Homo sapiens",,"ITCH","HPI","physical association","two hybrid pooling approach","experimental","20711500;13779","intact","intact:EBI-2805742;imex:IM-13779-950",
"RefSeq.177416.18.NC_006570.CDS.1653624.1654763.fwd","Protein","lipoprotein","Bacteria",177416,"177416.18","Francisella tularensis subsp. tularensis SCHU S4","FTT1591",,"RefSeq.9606.33.NC_000001.CDS.78025024.78135743.fwd","Protein","PDZ domain-containing protein GIPC2 isoform X1","Primates",9606,"9606.33","Homo sapiens",,"GIPC2","HPI","physical association","two hybrid pooling approach","experimental","20711500;13779","intact","intact:EBI-2806596;imex:IM-13779-1048",
"fig|177416.18.peg.160","Protein","DNA-directed RNA polymerase beta subunit (EC 2.7.7.6)","Bacteria",177416,"177416.18","Francisella tularensis subsp. tularensis SCHU S4","FTT0144","rpoB","RefSeq.9606.33.NC_000012.CDS.9595274.9607839.rev","Protein","killer cell lectin-like receptor subfamily B member 1","Primates",9606,"9606.33","Homo sapiens",,"KLRB1","HPI","physical association","two hybrid pooling approach","experimental","20711500;13779","intact","intact:EBI-2805470;imex:IM-13779-918",
"fig|177416.18.peg.23","Protein","Aspartyl-tRNA(Asn) amidotransferase subunit A (EC 6.3.5.6) @ Glutamyl-tRNA(Gln) amidotransferase subunit A (EC 6.3.5.7)","Bacteria",177416,"177416.18","Francisella tularensis subsp. tularensis SCHU S4","FTT0020","gatA","RefSeq.9606.33.NC_000003.CDS.129440331.129520265.fwd","Protein","intraflagellar transport protein 122 homolog isoform 4","Primates",9606,"9606.33","Homo sapiens",,"IFT122","HPI","physical association","two hybrid pooling approach","experimental","20711500;13779","intact","intact:EBI-2806001;imex:IM-13779-981",
"RefSeq.177416.18.NC_006570.CDS.1340478.1342100.rev","Protein","glucose-6-phosphate isomerase","Bacteria",177416,"177416.18","Francisella tularensis subsp. tularensis SCHU S4","FTT1315c","pgi","RefSeq.9606.33.NC_000017.CDS.67078252.67218804.rev","Protein","probable helicase with zinc finger domain isoform X1","Primates",9606,"9606.33","Homo sapiens",,"HELZ","HPI","physical association","two hybrid pooling approach","experimental","20711500;13779","intact","intact:EBI-2806334;imex:IM-13779-1018",
"RefSeq.177416.18.NC_006570.CDS.1730263.1733547.fwd","Protein","carbamoyl phosphate synthase large subunit","Bacteria",177416,"177416.18","Francisella tularensis subsp. tularensis SCHU S4","FTT1664","carB","RefSeq.9606.33.NC_000017.CDS.47650245.47682404.fwd","Protein","importin subunit beta-1 isoform 1","Primates",9606,"9606.33","Homo sapiens",,"KPNB1","HPI","physical association","two hybrid pooling approach","experimental","20711500;13779","intact","intact:EBI-2805872;imex:IM-13779-965",
"RefSeq.177416.18.NC_006570.CDS.902373.904685.fwd","Protein","fusion protein PurC/PurD","Bacteria",177416,"177416.18","Francisella tularensis subsp. tularensis SCHU S4","FTT0894","purCD","RefSeq.9606.33.NC_000016.CDS.67529823.67546463.fwd","Protein","protein FAM65A isoform 3","Primates",9606,"9606.33","Homo sapiens",,"FAM65A","HPI","physical association","two hybrid pooling approach","experimental","20711500;13779","intact","intact:EBI-2806938;imex:IM-13779-1085",
"RefSeq.177416.18.NC_006570.CDS.317489.318646.rev","Protein","L-lactate dehydrogenase","Bacteria",177416,"177416.18","Francisella tularensis subsp. tularensis SCHU S4","FTT0303c","lldD","RefSeq.9606.33.NC_000013.CDS.72783470.73015919.fwd","Protein","progesterone-induced-blocking factor 1","Primates",9606,"9606.33","Homo sapiens",,"PIBF1","HPI","physical association","two hybrid pooling approach","experimental","20711500;13779","intact","intact:EBI-2798469;imex:IM-13779-216",
"RefSeq.177416.18.NC_006570.CDS.371289.372470.rev","Protein","FolC bifunctional protein","Bacteria",177416,"177416.18","Francisella tularensis subsp. tularensis SCHU S4","FTT0371c","folC","RefSeq.9606.33.NC_000018.CDS.11851512.11852111.fwd","Protein","charged multivesicular body protein 1b","Primates",9606,"9606.33","Homo sapiens",,"CHMP1B","HPI","physical association","two hybrid pooling approach","experimental","20711500;13779","intact","intact:EBI-2808040;imex:IM-13779-1214",
"fig|177416.18.peg.153","Protein","Translation elongation factor Tu","Bacteria",177416,"177416.18","Francisella tularensis subsp. tularensis SCHU S4","FTT0137","tufA","RefSeq.9606.33.NC_000016.CDS.30185210.30188964.fwd","Protein","coronin-1A isoform X1","Primates",9606,"9606.33","Homo sapiens",,"CORO1A","HPI","physical association","two hybrid pooling approach","experimental","20711500;13779","intact","intact:EBI-2807718;imex:IM-13779-1177",
"RefSeq.177416.18.NC_006570.CDS.1168800.1170584.rev","Protein","Type IV pilin multimeric outer membrane protein","Bacteria",177416,"177416.18","Francisella tularensis subsp. tularensis SCHU S4","FTT1156c","pilQ","RefSeq.9606.33.NC_000017.CDS.5000247.5024151.fwd","Protein","kinesin-like protein KIF1C isoform X1","Primates",9606,"9606.33","Homo sapiens",,"KIF1C","HPI","physical association","two hybrid pooling approach","experimental","20711500;13779","intact","intact:EBI-2805495;imex:IM-13779-924",
"RefSeq.177416.18.NC_006570.CDS.264050.266698.fwd","Protein","pyruvate phosphate dikinase","Bacteria",177416,"177416.18","Francisella tularensis subsp. tularensis SCHU S4","FTT0250","ppdK","RefSeq.9606.33.NC_000013.CDS.113820864.113863920.rev","Protein","growth arrest-specific protein 6 precursor","Primates",9606,"9606.33","Homo sapiens",,"GAS6","HPI","physical association","two hybrid pooling approach","experimental","20711500;13779","intact","intact:EBI-2802817;imex:IM-13779-646",
"RefSeq.177416.18.NC_006570.CDS.902373.904685.fwd","Protein","fusion protein PurC/PurD","Bacteria",177416,"177416.18","Francisella tularensis subsp. tularensis SCHU S4","FTT0894","purCD","RefSeq.9606.33.NC_000019.CDS.17352362.17377288.rev","Protein","plasmalemma vesicle-associated protein","Primates",9606,"9606.33","Homo sapiens",,"PLVAP","HPI","physical association","two hybrid pooling approach","experimental","20711500;13779","intact","intact:EBI-2803569;imex:IM-13779-715",
"RefSeq.177416.18.NC_006570.CDS.894174.895823.fwd","Protein","DNA repair protein recN","Bacteria",177416,"177416.18","Francisella tularensis subsp. tularensis SCHU S4","FTT0886",,"RefSeq.9606.33.NC_000004.CDS.102510933.102616594.fwd","Protein","nuclear factor NF-kappa-B p105 subunit isoform X2","Primates",9606,"9606.33","Homo sapiens",,"NFKB1","HPI","physical association","two hybrid pooling approach","experimental","20711500;13779","intact","intact:EBI-2798617;imex:IM-13779-234",
"RefSeq.177416.18.NC_006570.CDS.658005.659660.fwd","Protein","dihydroxy-acid dehydratase","Bacteria",177416,"177416.18","Francisella tularensis subsp. tularensis SCHU S4","FTT0640","ilvD","RefSeq.9606.33.NC_000007.CDS.112206717.112342729.fwd","Protein","zinc finger protein 277","Primates",9606,"9606.33","Homo sapiens",,"ZNF277","HPI","physical association","two hybrid pooling approach","experimental","20711500;13779","intact","intact:EBI-2799519;imex:IM-13779-317",
"fig|177416.18.peg.161","Protein","DNA-directed RNA polymerase beta' subunit (EC 2.7.7.6)","Bacteria",177416,"177416.18","Francisella tularensis subsp. tularensis SCHU S4","FTT0145","rpoC","RefSeq.9606.33.NC_000005.CDS.126777509.126836264.fwd","Protein","lamin-B1 isoform 1","Primates",9606,"9606.33","Homo sapiens",,"LMNB1","HPI","physical association","two hybrid pooling approach","experimental","20711500;13779","intact","intact:EBI-2797339;imex:IM-13779-119",
"RefSeq.177416.18.NC_006570.CDS.594822.596195.fwd","Protein","L-serine dehydratase 1","Bacteria",177416,"177416.18","Francisella tularensis subsp. tularensis SCHU S4","FTT0577","sdaA","RefSeq.9606.33.NC_000005.CDS.171387949.171410565.fwd","Protein","nucleophosmin isoform 2","Primates",9606,"9606.33","Homo sapiens",,"NPM1","HPI","physical association","two hybrid pooling approach","experimental","20711500;13779","intact","intact:EBI-2804242;imex:IM-13779-787",
"fig|177416.18.peg.24","Protein","Aspartyl-tRNA(Asn) amidotransferase subunit B (EC 6.3.5.6) @ Glutamyl-tRNA(Gln) amidotransferase subunit B (EC 6.3.5.7)","Bacteria",177416,"177416.18","Francisella tularensis subsp. tularensis SCHU S4","FTT0021","gatB","RefSeq.9606.33.NC_000012.CDS.57096572.57108278.rev","Protein","signal transducer and activator of transcription 6 isoform X2","Primates",9606,"9606.33","Homo sapiens",,"STAT6","HPI","physical association","two hybrid pooling approach","experimental","20711500;13779","intact","intact:EBI-2797802;imex:IM-13779-160",
"RefSeq.177416.18.NC_006570.CDS.1463095.1464792.fwd","Protein","prolyl-tRNA synthetase","Bacteria",177416,"177416.18","Francisella tularensis subsp. tularensis SCHU S4","FTT1412","proS","RefSeq.9606.33.NC_000011.CDS.34439014.34471433.fwd","Protein","catalase","Primates",9606,"9606.33","Homo sapiens",,"CAT","HPI","physical association","two hybrid pooling approach","experimental","20711500;13779","intact","intact:EBI-2808356;imex:IM-13779-1246",
"RefSeq.177416.18.NC_006570.CDS.1038723.1040057.fwd","Protein","D-alanyl-D-alanine carboxypeptidase (penicillin binding protein) family protein","Bacteria",177416,"177416.18","Francisella tularensis subsp. tularensis SCHU S4","FTT1029","dacD","RefSeq.9606.33.NC_000019.CDS.57701635.57708971.rev","Protein","zinc finger protein 154","Primates",9606,"9606.33","Homo sapiens",,"ZNF154","HPI","physical association","two hybrid pooling approach","experimental","20711500;13779","intact","intact:EBI-2809350;imex:IM-13779-1354",
"RefSeq.177416.18.NC_006570.CDS.727628.728998.fwd","Protein","phosphopyruvate hydratase","Bacteria",177416,"177416.18","Francisella tularensis subsp. tularensis SCHU S4","FTT0709","eno","RefSeq.9606.33.NC_000011.CDS.58527454.58578046.rev","Protein","leupaxin isoform 1","Primates",9606,"9606.33","Homo sapiens",,"LPXN","HPI","physical association","two hybrid pooling approach","experimental","20711500;13779","intact","intact:EBI-2805204;imex:IM-13779-893",
"RefSeq.177416.18.NC_006570.CDS.741201.743426.rev","Protein","peroxidase/catalase","Bacteria",177416,"177416.18","Francisella tularensis subsp. tularensis SCHU S4","FTT0721c","katG","RefSeq.9606.33.NC_000001.CDS.22078479.22091517.fwd","Protein","cell division control protein 42 homolog isoform 1 precursor","Primates",9606,"9606.33","Homo sapiens",,"CDC42","HPI","physical association","two hybrid pooling approach","experimental","20711500;13779","intact","intact:EBI-2808150;imex:IM-13779-1227",
"RefSeq.177416.18.NC_006570.CDS.675747.676283.fwd","Protein","Holliday junction resolvase","Bacteria",177416,"177416.18","Francisella tularensis subsp. tularensis SCHU S4","FTT0656","ruvC","RefSeq.9606.33.NC_000012.CDS.76048429.76074255.rev","Protein","nucleosome assembly protein 1-like 1 isoform X2","Primates",9606,"9606.33","Homo sapiens",,"NAP1L1","HPI","physical association","two hybrid pooling approach","experimental","20711500;13779","intact","intact:EBI-2804311;imex:IM-13779-790",
"RefSeq.177416.18.NC_006570.CDS.1841688.1843784.fwd","Protein","phosphate acetyltransferase","Bacteria",177416,"177416.18","Francisella tularensis subsp. tularensis SCHU S4","FTT1754","pta","RefSeq.9606.33.NC_000015.CDS.84782676.84802393.fwd","Protein","zinc finger protein 592 isoform X1","Primates",9606,"9606.33","Homo sapiens",,"ZNF592","HPI","physical association","two hybrid pooling approach","experimental","20711500;13779","intact","intact:EBI-2796842;imex:IM-13779-72",
"RefSeq.177416.18.NC_006570.CDS.894174.895823.fwd","Protein","DNA repair protein recN","Bacteria",177416,"177416.18","Francisella tularensis subsp. tularensis SCHU S4","FTT0886",,"RefSeq.9606.33.NC_000016.CDS.11679195.11742730.rev","Protein","thioredoxin domain-containing protein 11 isoform X1","Primates",9606,"9606.33","Homo sapiens",,"TXNDC11","HPI","physical association","two hybrid pooling approach","experimental","20711500;13779","intact","intact:EBI-2800025;imex:IM-13779-368",
"RefSeq.177416.18.NC_006570.CDS.741201.743426.rev","Protein","peroxidase/catalase","Bacteria",177416,"177416.18","Francisella tularensis subsp. tularensis SCHU S4","FTT0721c","katG","RefSeq.9606.33.NC_000003.CDS.14145941.14178568.rev","Protein","DNA repair protein complementing XP-C cells","Primates",9606,"9606.33","Homo sapiens",,"XPC","HPI","physical association","two hybrid pooling approach","experimental","20711500;13779","intact","intact:EBI-2799732;imex:IM-13779-336",
"RefSeq.177416.18.NC_006570.CDS.727628.728998.fwd","Protein","phosphopyruvate hydratase","Bacteria",177416,"177416.18","Francisella tularensis subsp. tularensis SCHU S4","FTT0709","eno","RefSeq.9606.33.NC_000001.CDS.206905019.206921854.rev","Protein","fas apoptotic inhibitory molecule 3 isoform a precursor","Primates",9606,"9606.33","Homo sapiens",,"FAIM3","HPI","physical association","two hybrid pooling approach","experimental","20711500;13779","intact","intact:EBI-2809267;imex:IM-13779-1350",
"RefSeq.177416.18.NC_006570.CDS.553229.554461.rev","Protein","bifunctional gluaredoxin/ribonucleoside-diphosphate reductase subunit beta","Bacteria",177416,"177416.18","Francisella tularensis subsp. tularensis SCHU S4","FTT0532c","nrdB","RefSeq.9606.33.NC_000010.CDS.14878889.14902512.fwd","Protein","histone-lysine N-methyltransferase SUV39H2 isoform 3","Primates",9606,"9606.33","Homo sapiens",,"SUV39H2","HPI","physical association","two hybrid pooling approach","experimental","20711500;13779","intact","intact:EBI-2800736;imex:IM-13779-444",
"RefSeq.177416.18.NC_006570.CDS.907390.909411.rev","Protein","oligopeptidase A","Bacteria",177416,"177416.18","Francisella tularensis subsp. tularensis SCHU S4","FTT0899c","prlC","RefSeq.9606.33.NC_000016.CDS.89268478.89317019.rev","Protein","ankyrin repeat domain-containing protein 11 isoform X1","Primates",9606,"9606.33","Homo sapiens",,"ANKRD11","HPI","physical association","two hybrid pooling approach","experimental","20711500;13779","intact","intact:EBI-2808995;imex:IM-13779-1323",
"fig|177416.18.peg.7","Protein","Proline/betaine transporter","Bacteria",177416,"177416.18","Francisella tularensis subsp. tularensis SCHU S4","FTT0006",,"RefSeq.9606.33.NC_000019.CDS.33132170.33175572.fwd","Protein","WD repeat-containing protein 88","Primates",9606,"9606.33","Homo sapiens",,"WDR88","HPI","physical association","two hybrid pooling approach","experimental","20711500;13779","intact","intact:EBI-2799781;imex:IM-13779-339",
"RefSeq.177416.18.NC_006570.CDS.1592260.1593447.fwd","Protein","acetyl-CoA acetyltransferase","Bacteria",177416,"177416.18","Francisella tularensis subsp. tularensis SCHU S4","FTT1531","fadA","RefSeq.9606.33.NC_000011.CDS.119067824.119081623.fwd","Protein","vacuolar protein sorting-associated protein 11 homolog isoform 1","Primates",9606,"9606.33","Homo sapiens",,"VPS11","HPI","physical association","two hybrid pooling approach","experimental","20711500;13779","intact","intact:EBI-2799869;imex:IM-13779-350",
"RefSeq.177416.18.NC_006570.CDS.1699487.1701988.fwd","Protein","cell division protein","Bacteria",177416,"177416.18","Francisella tularensis subsp. tularensis SCHU S4","FTT1635","ftsK","RefSeq.9606.33.NC_000006.CDS.152697903.152722253.fwd","Protein","myc target protein 1 isoform X1","Primates",9606,"9606.33","Homo sapiens",,"MYCT1","HPI","physical association","two hybrid pooling approach","experimental","20711500;13779","intact","intact:EBI-2804641;imex:IM-13779-828",
"RefSeq.177416.18.NC_006570.CDS.1216064.1218070.rev","Protein","excinuclease ABC subunit B","Bacteria",177416,"177416.18","Francisella tularensis subsp. tularensis SCHU S4","FTT1199c","uvrB","RefSeq.9606.33.NC_000012.CDS.95659086.95790309.rev","Protein","netrin-4 isoform X1","Primates",9606,"9606.33","Homo sapiens",,"NTN4","HPI","physical association","two hybrid pooling approach","experimental","20711500;13779","intact","intact:EBI-2804460;imex:IM-13779-808",
"RefSeq.177416.18.NC_006570.CDS.869994.870701.fwd","Protein","ribonuclease PH","Bacteria",177416,"177416.18","Francisella tularensis subsp. tularensis SCHU S4","FTT0858","rph","RefSeq.9606.33.NC_000002.CDS.20033205.20051520.rev","Protein","lysosomal-associated transmembrane protein 4A","Primates",9606,"9606.33","Homo sapiens",,"LAPTM4A","HPI","physical association","two hybrid pooling approach","experimental","20711500;13779","intact","intact:EBI-2805393;imex:IM-13779-910",
"RefSeq.177416.18.NC_006570.CDS.422414.424336.rev","Protein","glycogen branching enzyme","Bacteria",177416,"177416.18","Francisella tularensis subsp. tularensis SCHU S4","FTT0413c","glgB","RefSeq.9606.33.NC_000018.CDS.5393473.5489183.rev","Protein","band 4.1-like protein 3 isoform X8","Primates",9606,"9606.33","Homo sapiens",,"EPB41L3","HPI","physical association","two hybrid pooling approach","experimental","20711500;13779","intact","intact:EBI-2807170;imex:IM-13779-1111",
"RefSeq.177416.18.NC_006570.CDS.1089909.1090169.rev","Protein","hypothetical protein","Bacteria",177416,"177416.18","Francisella tularensis subsp. tularensis SCHU S4","FTT1079c",,"RefSeq.9606.33.NC_000007.CDS.137880476.138001705.rev","Protein","cyclic AMP-responsive element-binding protein 3-like protein 2 isoform 1","Primates",9606,"9606.33","Homo sapiens",,"CREB3L2","HPI","physical association","two hybrid pooling approach","experimental","20711500;13779","intact","intact:EBI-2807615;imex:IM-13779-1163",
"RefSeq.177416.18.NC_006570.CDS.390379.392217.fwd","Protein","glucosamine--fructose-6-phosphate aminotransferase","Bacteria",177416,"177416.18","Francisella tularensis subsp. tularensis SCHU S4","FTT0388","glmS","RefSeq.9606.33.NC_000001.CDS.58782075.58783070.rev","Protein","transcription factor AP-1","Primates",9606,"9606.33","Homo sapiens",,"JUN","HPI","physical association","two hybrid pooling approach","experimental","20711500;13779","intact","intact:EBI-2805693;imex:IM-13779-942",
"RefSeq.177416.18.NC_006570.CDS.654040.654966.fwd","Protein","SPFH domain-containing protein/band 7 family protein","Bacteria",177416,"177416.18","Francisella tularensis subsp. tularensis SCHU S4","FTT0634","hflC","RefSeq.9606.33.NC_000014.CDS.75278983.75281424.fwd","Protein","proto-oncogene c-Fos","Primates",9606,"9606.33","Homo sapiens",,"FOS","HPI","physical association","two hybrid pooling approach","experimental","20711500;13779","intact","intact:EBI-2796807;imex:IM-13779-66",
"RefSeq.177416.18.NC_006570.CDS.1471194.1471814.fwd","Protein","oxidoreductase","Bacteria",177416,"177416.18","Francisella tularensis subsp. tularensis SCHU S4","FTT1422",,"RefSeq.9606.33.NC_000010.CDS.133362868.133373333.rev","Protein","enoyl-CoA hydratase, mitochondrial","Primates",9606,"9606.33","Homo sapiens",,"ECHS1","HPI","physical association","two hybrid pooling approach","experimental","20711500;13779","intact","intact:EBI-2807136;imex:IM-13779-1109",
"RefSeq.177416.18.NC_006570.CDS.644647.646971.fwd","Protein","DNA-binding, ATP-dependent protease La","Bacteria",177416,"177416.18","Francisella tularensis subsp. tularensis SCHU S4","FTT0626","lon","RefSeq.9606.33.NC_000012.CDS.57823602.57846435.rev","Protein","carboxy-terminal domain RNA polymerase II polypeptide A small phosphatase 2 isoform X1","Primates",9606,"9606.33","Homo sapiens",,"CTDSP2","HPI","physical association","two hybrid pooling approach","experimental","20711500;13779","intact","intact:EBI-2802981;imex:IM-13779-660",
"RefSeq.177416.18.NC_006570.CDS.545583.546809.fwd","Protein","hypothetical protein","Bacteria",177416,"177416.18","Francisella tularensis subsp. tularensis SCHU S4","FTT0523",,"RefSeq.9606.33.NC_000017.CDS.3663748.3668526.rev","Protein","tax1-binding protein 3 isoform 1","Primates",9606,"9606.33","Homo sapiens",,"TAX1BP3","HPI","physical association","two hybrid pooling approach","experimental","20711500;13779","intact","intact:EBI-2797636;imex:IM-13779-146",
"RefSeq.177416.18.NC_006570.CDS.1468948.1469373.rev","Protein","N utilisation substance protein B","Bacteria",177416,"177416.18","Francisella tularensis subsp. tularensis SCHU S4","FTT1418c","nusB","RefSeq.9606.33.NC_000019.CDS.4361600.4400368.rev","Protein","endophilin-A2 isoform 1","Primates",9606,"9606.33","Homo sapiens",,"SH3GL1","HPI","physical association","two hybrid pooling approach","experimental","20711500;13779","intact","intact:EBI-2801222;imex:IM-13779-499",
"RefSeq.177416.18.NC_006570.CDS.1089909.1090169.rev","Protein","hypothetical protein","Bacteria",177416,"177416.18","Francisella tularensis subsp. tularensis SCHU S4","FTT1079c",,"RefSeq.9606.33.NC_000006.CDS.52677103.52686049.fwd","Protein","transmembrane protein 14A","Primates",9606,"9606.33","Homo sapiens",,"TMEM14A","HPI","physical association","two hybrid pooling approach","experimental","20711500;13779","intact","intact:EBI-2800357;imex:IM-13779-405",
"RefSeq.177416.18.NC_006570.CDS.1468948.1469373.rev","Protein","N utilisation substance protein B","Bacteria",177416,"177416.18","Francisella tularensis subsp. tularensis SCHU S4","FTT1418c","nusB","RefSeq.9606.33.NC_000005.CDS.141923942.141949376.fwd","Protein","death ligand signal enhancer isoform X3","Primates",9606,"9606.33","Homo sapiens",,"KIAA0141","HPI","physical association","two hybrid pooling approach","experimental","20711500;13779","intact","intact:EBI-2805666;imex:IM-13779-940",
"RefSeq.177416.18.NC_006570.CDS.629193.630257.fwd","Protein","DNA/RNA endonuclease family protein","Bacteria",177416,"177416.18","Francisella tularensis subsp. tularensis SCHU S4","FTT0610",,"RefSeq.9606.33.NC_000008.CDS.123253325.123255946.rev","Protein","zinc fingers and homeoboxes protein 1","Primates",9606,"9606.33","Homo sapiens",,"ZHX1","HPI","physical association","two hybrid pooling approach","experimental","20711500;13779","intact","intact:EBI-2799585;imex:IM-13779-323",
"RefSeq.177416.18.NC_006570.CDS.741201.743426.rev","Protein","peroxidase/catalase","Bacteria",177416,"177416.18","Francisella tularensis subsp. tularensis SCHU S4","FTT0721c","katG","RefSeq.9606.33.NC_000019.CDS.35902594.35904160.fwd","Protein","hematopoietic cell signal transducer isoform 2 precursor","Primates",9606,"9606.33","Homo sapiens",,"HCST","HPI","physical association","two hybrid pooling approach","experimental","20711500;13779","intact","intact:EBI-2801934;imex:IM-13779-574",
"RefSeq.177416.18.NC_006570.CDS.652971.654038.fwd","Protein","SPFH domain-containing protein/band 7 family protein","Bacteria",177416,"177416.18","Francisella tularensis subsp. tularensis SCHU S4","FTT0633","hflK","RefSeq.9606.33.NC_000004.CDS.102510933.102616594.fwd","Protein","nuclear factor NF-kappa-B p105 subunit isoform X2","Primates",9606,"9606.33","Homo sapiens",,"NFKB1","HPI","physical association","two hybrid pooling approach","experimental","20711500;13779","intact","intact:EBI-2804390;imex:IM-13779-800",
"RefSeq.177416.18.NC_006570.CDS.894174.895823.fwd","Protein","DNA repair protein recN","Bacteria",177416,"177416.18","Francisella tularensis subsp. tularensis SCHU S4","FTT0886",,"RefSeq.9606.33.NC_000008.CDS.85107296.85145511.fwd","Protein","leucine-rich repeat and coiled-coil domain-containing protein 1 isoform X1","Primates",9606,"9606.33","Homo sapiens",,"LRRCC1","HPI","physical association","two hybrid pooling approach","experimental","20711500;13779","intact","intact:EBI-2802228;imex:IM-13779-599",
"RefSeq.177416.18.NC_006570.CDS.530402.532819.fwd","Protein","DNA gyrase subunit B","Bacteria",177416,"177416.18","Francisella tularensis subsp. tularensis SCHU S4","FTT0510","gyrB","RefSeq.9606.33.NC_000003.CDS.65330853.66038308.rev","Protein","membrane-associated guanylate kinase, WW and PDZ domain-containing protein 1 isoform X20","Primates",9606,"9606.33","Homo sapiens",,"MAGI1","HPI","physical association","two hybrid pooling approach","experimental","20711500;13779","intact","intact:EBI-2805070;imex:IM-13779-875",
"RefSeq.177416.18.NC_006570.CDS.1415006.1416997.rev","Protein","transketolase","Bacteria",177416,"177416.18","Francisella tularensis subsp. tularensis SCHU S4","FTT1369c","tktA","RefSeq.9606.33.NC_000011.CDS.95790699.95831256.fwd","Protein","centrosomal protein of 57 kDa isoform X1","Primates",9606,"9606.33","Homo sapiens",,"CEP57","HPI","physical association","two hybrid pooling approach","experimental","20711500;13779","intact","intact:EBI-2808111;imex:IM-13779-1221",
"RefSeq.177416.18.NC_006570.CDS.1802117.1805989.rev","Protein","phosphoribosylformylglycinamidine synthase","Bacteria",177416,"177416.18","Francisella tularensis subsp. tularensis SCHU S4","FTT1720c","purL","RefSeq.9606.33.NC_000005.CDS.177483644.177496512.rev","Protein","PDZ and LIM domain protein 7 isoform X1","Primates",9606,"9606.33","Homo sapiens",,"PDLIM7","HPI","physical association","two hybrid pooling approach","experimental","20711500;13779","intact","intact:EBI-2803838;imex:IM-13779-746",
"RefSeq.177416.18.NC_006570.CDS.1577491.1581759.rev","Protein","ATp-dependent helicase","Bacteria",177416,"177416.18","Francisella tularensis subsp. tularensis SCHU S4","FTT1524c","hrpA","RefSeq.9606.33.NC_000023.CDS.37840575.37847510.rev","Protein","dynein light chain Tctex-type 3","Primates",9606,"9606.33","Homo sapiens",,"DYNLT3","HPI","physical association","two hybrid pooling approach","experimental","20711500;13779","intact","intact:EBI-2807210;imex:IM-13779-1118",
"RefSeq.177416.18.NC_006570.CDS.1089909.1090169.rev","Protein","hypothetical protein","Bacteria",177416,"177416.18","Francisella tularensis subsp. tularensis SCHU S4","FTT1079c",,"RefSeq.9606.33.NC_000011.CDS.57673091.57700031.fwd","Protein","palmitoyltransferase ZDHHC5 isoform X1","Primates",9606,"9606.33","Homo sapiens",,"ZDHHC5","HPI","physical association","two hybrid pooling approach","experimental","20711500;13779","intact","intact:EBI-2799642;imex:IM-13779-326",
"RefSeq.177416.18.NC_006570.CDS.372485.373393.rev","Protein","Acetyl-CoA carboxylase beta subunit","Bacteria",177416,"177416.18","Francisella tularensis subsp. tularensis SCHU S4","FTT0372c","accD","RefSeq.9606.33.NC_000012.CDS.57694162.57720909.fwd","Protein","protein OS-9 isoform 8 precursor","Primates",9606,"9606.33","Homo sapiens",,"OS9","HPI","physical association","two hybrid pooling approach","experimental","20711500;13779","intact","intact:EBI-2804110;imex:IM-13779-773",
"fig|177416.18.peg.160","Protein","DNA-directed RNA polymerase beta subunit (EC 2.7.7.6)","Bacteria",177416,"177416.18","Francisella tularensis subsp. tularensis SCHU S4","FTT0144","rpoB","RefSeq.9606.33.NC_000004.CDS.15605723.15656255.rev","Protein","F-box/LRR-repeat protein 5 isoform X1","Primates",9606,"9606.33","Homo sapiens",,"FBXL5","HPI","physical association","two hybrid pooling approach","experimental","20711500;13779","intact","intact:EBI-2806872;imex:IM-13779-1077",
"RefSeq.177416.18.NC_006570.CDS.1431224.1433260.rev","Protein","DNA ligase","Bacteria",177416,"177416.18","Francisella tularensis subsp. tularensis SCHU S4","FTT1387c","ligN","RefSeq.9606.33.NC_000020.CDS.36777774.36839414.rev","Protein","protein SOGA1 isoform 2","Primates",9606,"9606.33","Homo sapiens",,"SOGA1","HPI","physical association","two hybrid pooling approach","experimental","20711500;13779","intact","intact:EBI-2807569;imex:IM-13779-1158",
"RefSeq.177416.18.NC_006570.CDS.819628.820734.rev","Protein","carbohydrate/purine kinase pfkB family protein","Bacteria",177416,"177416.18","Francisella tularensis subsp. tularensis SCHU S4","FTT0801c",,"RefSeq.9606.33.NC_000011.CDS.47355227.47378353.rev","Protein","transcription factor PU.1 isoform 1","Primates",9606,"9606.33","Homo sapiens",,"SPI1","HPI","physical association","two hybrid pooling approach","experimental","20711500;13779","intact","intact:EBI-2796094;imex:IM-13779-6",
"RefSeq.177416.18.NC_006570.CDS.502365.503252.rev","Protein","hypothetical protein","Bacteria",177416,"177416.18","Francisella tularensis subsp. tularensis SCHU S4","FTT0483c",,"RefSeq.9606.33.NC_000017.CDS.29574702.29589378.rev","Protein","ARF GTPase-activating protein GIT1 isoform X1","Primates",9606,"9606.33","Homo sapiens",,"GIT1","HPI","physical association","two hybrid pooling approach","experimental","20711500;13779","intact","intact:EBI-2806575;imex:IM-13779-1047",
"fig|177416.18.peg.32","Protein","Siderophore synthetase superfamily, group B","Bacteria",177416,"177416.18","Francisella tularensis subsp. tularensis SCHU S4","FTT0029c",,"RefSeq.9606.33.NC_000017.CDS.28758270.28766667.rev","Protein","protein FAM222B isoform 2","Primates",9606,"9606.33","Homo sapiens",,"FAM222B","HPI","physical association","two hybrid pooling approach","experimental","20711500;13779","intact","intact:EBI-2807649;imex:IM-13779-1168",
"RefSeq.177416.18.NC_006570.CDS.669625.670254.rev","Protein","Iron-sulfur cluster-binding protein","Bacteria",177416,"177416.18","Francisella tularensis subsp. tularensis SCHU S4","FTT0649c","rnfB","RefSeq.9606.33.NC_000001.CDS.94173869.94247577.rev","Protein","rho GTPase-activating protein 29 isoform X3","Primates",9606,"9606.33","Homo sapiens",,"ARHGAP29","HPI","physical association","two hybrid pooling approach","experimental","20711500;13779","intact","intact:EBI-2801725;imex:IM-13779-551",
"RefSeq.177416.18.NC_006570.CDS.924619.925539.rev","Protein","riboflavin biosynthesis protein RibF","Bacteria",177416,"177416.18","Francisella tularensis subsp. tularensis SCHU S4","FTT0916c","ribF","RefSeq.9606.33.NC_000017.CDS.37687280.37744884.rev","Protein","hepatocyte nuclear factor 1-beta isoform X1","Primates",9606,"9606.33","Homo sapiens",,"HNF1B","HPI","physical association","two hybrid pooling approach","experimental","20711500;13779","intact","intact:EBI-2798838;imex:IM-13779-255",
"RefSeq.177416.18.NC_006570.CDS.734051.736333.fwd","Protein","chitinase family 18 protein","Bacteria",177416,"177416.18","Francisella tularensis subsp. tularensis SCHU S4","FTT0715",,"RefSeq.9606.33.NC_000011.CDS.75266163.75351607.rev","Protein","beta-arrestin-1 isoform A","Primates",9606,"9606.33","Homo sapiens",,"ARRB1","HPI","physical association","two hybrid pooling approach","experimental","20711500;13779","intact","intact:EBI-2808750;imex:IM-13779-1294",
"RefSeq.177416.18.NC_006570.CDS.1401488.1405075.rev","Protein","hypothetical protein","Bacteria",177416,"177416.18","Francisella tularensis subsp. tularensis SCHU S4","FTT1360c","pdpD","RefSeq.9606.33.NC_000019.CDS.40441490.40442080.rev","Protein","SERTA domain-containing protein 3 isoform X1","Primates",9606,"9606.33","Homo sapiens",,"SERTAD3","HPI","physical association","two hybrid pooling approach","experimental","20711500;13779","intact","intact:EBI-2800916;imex:IM-13779-468",
"fig|177416.18.peg.208","Protein","Cell division protein FtsZ (EC 3.4.24.-)","Bacteria",177416,"177416.18","Francisella tularensis subsp. tularensis SCHU S4","FTT0188","ftsZ","RefSeq.9606.33.NC_000023.CDS.153907729.153926202.rev","Protein","rho GTPase-activating protein 4 isoform 1","Primates",9606,"9606.33","Homo sapiens",,"ARHGAP4","HPI","physical association","two hybrid pooling approach","experimental","20711500;13779","intact","intact:EBI-2796459;imex:IM-13779-34",
"RefSeq.177416.18.NC_006570.CDS.1442523.1443953.rev","Protein","ATP-dependent DNA helicase","Bacteria",177416,"177416.18","Francisella tularensis subsp. tularensis SCHU S4","FTT1395c",,"RefSeq.9606.33.NC_000011.CDS.64727302.64745283.rev","Protein","RAS guanyl-releasing protein 2 isoform X4","Primates",9606,"9606.33","Homo sapiens",,"RASGRP2","HPI","physical association","two hybrid pooling approach","experimental","20711500;13779","intact","intact:EBI-2806477;imex:IM-13779-1036",
"RefSeq.177416.18.NC_006570.CDS.835101.837005.fwd","Protein","threonyl-tRNA synthetase","Bacteria",177416,"177416.18","Francisella tularensis subsp. tularensis SCHU S4","FTT0817","thrS","RefSeq.9606.33.NC_000014.CDS.101964692.102050563.fwd","Protein","cytoplasmic dynein 1 heavy chain 1","Primates",9606,"9606.33","Homo sapiens",,"DYNC1H1","HPI","physical association","two hybrid pooling approach","experimental","20711500;13779","intact","intact:EBI-2807224;imex:IM-13779-1121",
"RefSeq.177416.18.NC_006570.CDS.1640165.1640710.fwd","Protein","hypothetical protein","Bacteria",177416,"177416.18","Francisella tularensis subsp. tularensis SCHU S4","FTT1576",,"RefSeq.9606.33.NC_000002.CDS.218262725.218263717.fwd","Protein","G-protein coupled bile acid receptor 1 isoform X1","Primates",9606,"9606.33","Homo sapiens",,"GPBAR1","HPI","physical association","two hybrid pooling approach","experimental","20711500;13779","intact","intact:EBI-2806516;imex:IM-13779-1040",
"fig|177416.18.peg.133","Protein","ATP-dependent DNA helicase UvrD/PcrA (EC 3.6.4.12)","Bacteria",177416,"177416.18","Francisella tularensis subsp. tularensis SCHU S4","FTT0121","uvrD","RefSeq.9606.33.NC_000011.CDS.66284637.66288985.rev","Protein","protein YIF1A isoform 1","Primates",9606,"9606.33","Homo sapiens",,"YIF1A","HPI","physical association","two hybrid pooling approach","experimental","20711500;13779","intact","intact:EBI-2799700;imex:IM-13779-331",
"fig|177416.18.peg.208","Protein","Cell division protein FtsZ (EC 3.4.24.-)","Bacteria",177416,"177416.18","Francisella tularensis subsp. tularensis SCHU S4","FTT0188","ftsZ","RefSeq.9606.33.NC_000023.CDS.65588598.65739893.fwd","Protein","moesin isoform X2","Primates",9606,"9606.33","Homo sapiens",,"MSN","HPI","physical association","two hybrid pooling approach","experimental","20711500;13779","intact","intact:EBI-2804789;imex:IM-13779-845",
"RefSeq.177416.18.NC_006570.CDS.1730263.1733547.fwd","Protein","carbamoyl phosphate synthase large subunit","Bacteria",177416,"177416.18","Francisella tularensis subsp. tularensis SCHU S4","FTT1664","carB","RefSeq.9606.33.NC_000006.CDS.87590169.87667123.fwd","Protein","origin recognition complex subunit 3 isoform X2","Primates",9606,"9606.33","Homo sapiens",,"ORC3","HPI","physical association","two hybrid pooling approach","experimental","20711500;13779","intact","intact:EBI-2804139;imex:IM-13779-772",
"RefSeq.177416.18.NC_006570.CDS.1183701.1185449.fwd","Protein","lipoprotein","Bacteria",177416,"177416.18","Francisella tularensis subsp. tularensis SCHU S4","FTT1170",,"RefSeq.9606.33.NC_000005.CDS.75374043.75511207.rev","Protein","collagen type IV alpha-3-binding protein isoform X2","Primates",9606,"9606.33","Homo sapiens",,"COL4A3BP","HPI","physical association","two hybrid pooling approach","experimental","20711500;13779","intact","intact:EBI-2808448;imex:IM-13779-1259",
"RefSeq.177416.18.NC_006570.CDS.1802117.1805989.rev","Protein","phosphoribosylformylglycinamidine synthase","Bacteria",177416,"177416.18","Francisella tularensis subsp. tularensis SCHU S4","FTT1720c","purL","RefSeq.9606.33.NC_000015.CDS.50182428.50236096.fwd","Protein","very long-chain acyl-CoA synthetase isoform 2","Primates",9606,"9606.33","Homo sapiens",,"SLC27A2","HPI","physical association","two hybrid pooling approach","experimental","20711500;13779","intact","intact:EBI-2801433;imex:IM-13779-520",
"RefSeq.177416.18.NC_006570.CDS.1730263.1733547.fwd","Protein","carbamoyl phosphate synthase large subunit","Bacteria",177416,"177416.18","Francisella tularensis subsp. tularensis SCHU S4","FTT1664","carB","RefSeq.9606.33.NC_000003.CDS.142724560.142806235.fwd","Protein","short transient receptor potential channel 1 isoform 2","Primates",9606,"9606.33","Homo sapiens",,"TRPC1","HPI","physical association","two hybrid pooling approach","experimental","20711500;13779","intact","intact:EBI-2800129;imex:IM-13779-381",
"RefSeq.177416.18.NC_006570.CDS.1862587.1863777.rev","Protein","tryptophan synthase subunit beta","Bacteria",177416,"177416.18","Francisella tularensis subsp. tularensis SCHU S4","FTT1773c","trpB","RefSeq.9606.33.NC_000008.CDS.18535743.19084958.rev","Protein","PH and SEC7 domain-containing protein 3 isoform X1","Primates",9606,"9606.33","Homo sapiens",,"PSD3","HPI","physical association","two hybrid pooling approach","experimental","20711500;13779","intact","intact:EBI-2798402;imex:IM-13779-211",
"fig|177416.18.peg.212","Protein","Lysyl-tRNA synthetase (class II) (EC 6.1.1.6)","Bacteria",177416,"177416.18","Francisella tularensis subsp. tularensis SCHU S4","FTT0192","lysU","RefSeq.9606.33.NC_000019.CDS.48720798.48740282.rev","Protein","ras-interacting protein 1 isoform X1","Primates",9606,"9606.33","Homo sapiens",,"RASIP1","HPI","physical association","two hybrid pooling approach","experimental","20711500;13779","intact","intact:EBI-2797128;imex:IM-13779-97",
"RefSeq.177416.18.NC_006570.CDS.869994.870701.fwd","Protein","ribonuclease PH","Bacteria",177416,"177416.18","Francisella tularensis subsp. tularensis SCHU S4","FTT0858","rph","RefSeq.9606.33.NC_000012.CDS.131711230.131799488.fwd","Protein","splicing factor, suppressor of white-apricot homolog isoform X1","Primates",9606,"9606.33","Homo sapiens",,"SFSWAP","HPI","physical association","two hybrid pooling approach","experimental","20711500;13779","intact","intact:EBI-2801250;imex:IM-13779-500",
"fig|177416.18.peg.160","Protein","DNA-directed RNA polymerase beta subunit (EC 2.7.7.6)","Bacteria",177416,"177416.18","Francisella tularensis subsp. tularensis SCHU S4","FTT0144","rpoB","RefSeq.9606.33.NC_000004.CDS.6640863.6641246.fwd","Protein","MORF4 family-associated protein 1 isoform b","Primates",9606,"9606.33","Homo sapiens",,"MRFAP1","HPI","physical association","two hybrid pooling approach","experimental","20711500;13779","intact","intact:EBI-2804775;imex:IM-13779-844",
"RefSeq.177416.18.NC_006570.CDS.553229.554461.rev","Protein","bifunctional gluaredoxin/ribonucleoside-diphosphate reductase subunit beta","Bacteria",177416,"177416.18","Francisella tularensis subsp. tularensis SCHU S4","FTT0532c","nrdB","RefSeq.9606.33.NC_000003.CDS.100365564.100400949.rev","Protein","mitochondrial import receptor subunit TOM70","Primates",9606,"9606.33","Homo sapiens",,"TOMM70A","HPI","physical association","two hybrid pooling approach","experimental","20711500;13779","intact","intact:EBI-2800240;imex:IM-13779-391",
"RefSeq.177416.18.NC_006570.CDS.1809580.1811109.rev","Protein","outer membrane protein tolC precursor","Bacteria",177416,"177416.18","Francisella tularensis subsp. tularensis SCHU S4","FTT1724c","tolC","RefSeq.9606.33.NC_000006.CDS.33416650.33418185.rev","Protein","protein CutA isoform 1","Primates",9606,"9606.33","Homo sapiens",,"CUTA","HPI","physical association","two hybrid pooling approach","experimental","20711500;13779","intact","intact:EBI-2807516;imex:IM-13779-1153",
"RefSeq.177416.18.NC_006570.CDS.700879.702294.rev","Protein","soluble pyridine nucleotide transhydrogenase","Bacteria",177416,"177416.18","Francisella tularensis subsp. tularensis SCHU S4","FTT0684c","sthA","RefSeq.9606.33.NC_000014.CDS.67590080.67600203.rev","Protein","phosphatidylinositol N-acetylglucosaminyltransferase subunit H","Primates",9606,"9606.33","Homo sapiens",,"PIGH","HPI","physical association","two hybrid pooling approach","experimental","20711500;13779","intact","intact:EBI-2803673;imex:IM-13779-728",
"fig|177416.18.peg.208","Protein","Cell division protein FtsZ (EC 3.4.24.-)","Bacteria",177416,"177416.18","Francisella tularensis subsp. tularensis SCHU S4","FTT0188","ftsZ","RefSeq.9606.33.NC_000003.CDS.146516045.146536552.rev","Protein","phospholipid scramblase 1 isoform X1","Primates",9606,"9606.33","Homo sapiens",,"PLSCR1","HPI","physical association","two hybrid pooling approach","experimental","20711500;13779","intact","intact:EBI-2797189;imex:IM-13779-104",
"fig|177416.18.peg.232","Protein","Zinc ABC transporter, substrate-binding protein ZnuA","Bacteria",177416,"177416.18","Francisella tularensis subsp. tularensis SCHU S4","FTT0209c",,"RefSeq.9606.33.NC_000017.CDS.75722428.75757555.fwd","Protein","integrin beta-4 isoform X7","Primates",9606,"9606.33","Homo sapiens",,"ITGB4","HPI","physical association","two hybrid pooling approach","experimental","20711500;13779","intact","intact:EBI-2797353;imex:IM-13779-120",
"RefSeq.177416.18.NC_006570.CDS.1534346.1536241.rev","Protein","dihydrolipoamide acetyltransferase","Bacteria",177416,"177416.18","Francisella tularensis subsp. tularensis SCHU S4","FTT1484c","aceF","RefSeq.9606.33.NC_000006.CDS.118465405.118652781.rev","Protein","centrosomal protein of 85 kDa-like isoform X2","Primates",9606,"9606.33","Homo sapiens",,"CEP85L","HPI","physical association","two hybrid pooling approach","experimental","20711500;13779","intact","intact:EBI-2808082;imex:IM-13779-1219",
"RefSeq.177416.18.NC_006570.CDS.1802117.1805989.rev","Protein","phosphoribosylformylglycinamidine synthase","Bacteria",177416,"177416.18","Francisella tularensis subsp. tularensis SCHU S4","FTT1720c","purL","RefSeq.9606.33.NC_000002.CDS.84906018.84906423.fwd","Protein","thymosin beta-10","Primates",9606,"9606.33","Homo sapiens",,"TMSB10","HPI","physical association","two hybrid pooling approach","experimental","20711500;13779","intact","intact:EBI-2800004;imex:IM-13779-365",
"fig|177416.18.peg.83","Protein","Dihydrolipoamide succinyltransferase component (E2) of 2-oxoglutarate dehydrogenase complex (EC 2.3.1.61)","Bacteria",177416,"177416.18","Francisella tularensis subsp. tularensis SCHU S4","FTT0077","sucB","RefSeq.9606.33.NC_000001.CDS.145671244.145688021.rev","Protein","Na(+)/H(+) exchange regulatory cofactor NHE-RF3 isoform X2","Primates",9606,"9606.33","Homo sapiens",,"PDZK1","HPI","physical association","two hybrid pooling approach","experimental","20711500;13779","intact","intact:EBI-2803831;imex:IM-13779-741",
"RefSeq.177416.18.NC_006570.CDS.894174.895823.fwd","Protein","DNA repair protein recN","Bacteria",177416,"177416.18","Francisella tularensis subsp. tularensis SCHU S4","FTT0886",,"RefSeq.9606.33.NC_000005.CDS.132557325.132642364.fwd","Protein","DNA repair protein RAD50","Primates",9606,"9606.33","Homo sapiens",,"RAD50","HPI","physical association","two hybrid pooling approach","experimental","20711500;13779","intact","intact:EBI-2801864;imex:IM-13779-566",
"RefSeq.177416.18.NC_006570.CDS.1802117.1805989.rev","Protein","phosphoribosylformylglycinamidine synthase","Bacteria",177416,"177416.18","Francisella tularensis subsp. tularensis SCHU S4","FTT1720c","purL","RefSeq.9606.33.NC_000005.CDS.76403546.76707313.fwd","Protein","ras GTPase-activating-like protein IQGAP2 isoform 1","Primates",9606,"9606.33","Homo sapiens",,"IQGAP2","HPI","physical association","two hybrid pooling approach","experimental","20711500;13779","intact","intact:EBI-2805812;imex:IM-13779-956",
"fig|177416.18.peg.216","Protein","Glutamine synthetase type II, eukaryotic (EC 6.3.1.2)","Bacteria",177416,"177416.18","Francisella tularensis subsp. tularensis SCHU S4","FTT0196c","glnA","RefSeq.9606.33.NC_000009.CDS.27109591.27229232.fwd","Protein","angiopoietin-1 receptor isoform 3 precursor","Primates",9606,"9606.33","Homo sapiens",,"TEK","HPI","physical association","two hybrid pooling approach","experimental","20711500;13779","intact","intact:EBI-2800408;imex:IM-13779-412",
"RefSeq.177416.18.NC_006570.CDS.1325940.1326815.rev","Protein","hypothetical protein","Bacteria",177416,"177416.18","Francisella tularensis subsp. tularensis SCHU S4","FTT1303c",,"RefSeq.9606.33.NC_000009.CDS.72901208.72953000.rev","Protein","retinal dehydrogenase 1","Primates",9606,"9606.33","Homo sapiens",,"ALDH1A1","HPI","physical association","two hybrid pooling approach","experimental","20711500;13779","intact","intact:EBI-2809127;imex:IM-13779-1333",
"RefSeq.177416.18.NC_006570.CDS.1470019.1470486.fwd","Protein","hypothetical protein","Bacteria",177416,"177416.18","Francisella tularensis subsp. tularensis SCHU S4","FTT1420",,"RefSeq.9606.33.NC_000002.CDS.174348497.174395622.rev","Protein","corepressor interacting with RBPJ 1","Primates",9606,"9606.33","Homo sapiens",,"CIR1","HPI","physical association","two hybrid pooling approach","experimental","20711500;13779","intact","intact:EBI-2808003;imex:IM-13779-1209",
"RefSeq.177416.18.NC_006570.CDS.1415006.1416997.rev","Protein","transketolase","Bacteria",177416,"177416.18","Francisella tularensis subsp. tularensis SCHU S4","FTT1369c","tktA","RefSeq.9606.33.NC_000001.CDS.161663242.161677553.fwd","Protein","low affinity immunoglobulin gamma Fc region receptor II-b isoform 5","Primates",9606,"9606.33","Homo sapiens",,"FCGR2B","HPI","physical association","two hybrid pooling approach","experimental","20711500;13779","intact","intact:EBI-2806865;imex:IM-13779-1079",
"RefSeq.177416.18.NC_006570.CDS.1071333.1072259.fwd","Protein","coproporphyrinogen III oxidase","Bacteria",177416,"177416.18","Francisella tularensis subsp. tularensis SCHU S4","FTT1063","hemF","RefSeq.9606.33.NC_000011.CDS.60172158.60183205.rev","Protein","membrane-spanning 4-domains subfamily A member 6A isoform X3","Primates",9606,"9606.33","Homo sapiens",,"MS4A6A","HPI","physical association","two hybrid pooling approach","experimental","20711500;13779","intact","intact:EBI-2805135;imex:IM-13779-884",
"fig|177416.18.peg.205","Protein","D-alanine--D-alanine ligase (EC 6.3.2.4)","Bacteria",177416,"177416.18","Francisella tularensis subsp. tularensis SCHU S4","FTT0185","ddlB","RefSeq.9606.33.NC_000001.CDS.27872572.27885922.fwd","Protein","protein THEMIS2 isoform X1","Primates",9606,"9606.33","Homo sapiens",,"THEMIS2","HPI","physical association","two hybrid pooling approach","experimental","20711500;13779","intact","intact:EBI-2806046;imex:IM-13779-983",
"RefSeq.177416.18.NC_006570.CDS.1293445.1294611.fwd","Protein","membrane-bound lytic murein transglycosylase A (MLT) family protein","Bacteria",177416,"177416.18","Francisella tularensis subsp. tularensis SCHU S4","FTT1271","mltA","RefSeq.9606.33.NC_000015.CDS.64387864.64455064.fwd","Protein","activating signal cointegrator 1","Primates",9606,"9606.33","Homo sapiens",,"TRIP4","HPI","physical association","two hybrid pooling approach","experimental","20711500;13779","intact","intact:EBI-2800136;imex:IM-13779-379",
"RefSeq.177416.18.NC_006570.CDS.1415006.1416997.rev","Protein","transketolase","Bacteria",177416,"177416.18","Francisella tularensis subsp. tularensis SCHU S4","FTT1369c","tktA","RefSeq.9606.33.NC_000019.CDS.49446382.49451574.rev","Protein","PIH1 domain-containing protein 1","Primates",9606,"9606.33","Homo sapiens",,"PIH1D1","HPI","physical association","two hybrid pooling approach","experimental","20711500;13779","intact","intact:EBI-2803666;imex:IM-13779-725",
"RefSeq.177416.18.NC_006570.CDS.335152.337266.fwd","Protein","elongation factor G","Bacteria",177416,"177416.18","Francisella tularensis subsp. tularensis SCHU S4","FTT0323","fusA","RefSeq.9606.33.NC_000016.CDS.75647883.75656611.fwd","Protein","telomeric repeat-binding factor 2-interacting protein 1","Primates",9606,"9606.33","Homo sapiens",,"TERF2IP","HPI","physical association","two hybrid pooling approach","experimental","20711500;13779","intact","intact:EBI-2800520;imex:IM-13779-421",
"RefSeq.177416.18.NC_006570.CDS.1122309.1123187.rev","Protein","RNA polymerase factor sigma-32","Bacteria",177416,"177416.18","Francisella tularensis subsp. tularensis SCHU S4","FTT1112c","rpoH","RefSeq.9606.33.NC_000020.CDS.43458034.43461063.fwd","Protein","serine/arginine-rich splicing factor 6","Primates",9606,"9606.33","Homo sapiens",,"SRSF6","HPI","physical association","two hybrid pooling approach","experimental","20711500;13779","intact","intact:EBI-2797059;imex:IM-13779-92",
"fig|177416.18.peg.23","Protein","Aspartyl-tRNA(Asn) amidotransferase subunit A (EC 6.3.5.6) @ Glutamyl-tRNA(Gln) amidotransferase subunit A (EC 6.3.5.7)","Bacteria",177416,"177416.18","Francisella tularensis subsp. tularensis SCHU S4","FTT0020","gatA","RefSeq.9606.33.NC_000011.CDS.6614546.6619400.rev","Protein","tripeptidyl-peptidase 1 preproprotein","Primates",9606,"9606.33","Homo sapiens",,"TPP1","HPI","physical association","two hybrid pooling approach","experimental","20711500;13779","intact","intact:EBI-2800212;imex:IM-13779-389",
"RefSeq.177416.18.NC_006570.CDS.894174.895823.fwd","Protein","DNA repair protein recN","Bacteria",177416,"177416.18","Francisella tularensis subsp. tularensis SCHU S4","FTT0886",,"RefSeq.9606.33.NC_000013.CDS.72783470.73015919.fwd","Protein","progesterone-induced-blocking factor 1","Primates",9606,"9606.33","Homo sapiens",,"PIBF1","HPI","physical association","two hybrid pooling approach","experimental","20711500;13779","intact","intact:EBI-2798476;imex:IM-13779-219",
"RefSeq.177416.18.NC_006570.CDS.1837780.1838229.fwd","Protein","preprotein translocase subunit SecB","Bacteria",177416,"177416.18","Francisella tularensis subsp. tularensis SCHU S4","FTT1749","secB1","RefSeq.9606.33.NC_000004.CDS.109560338.109687592.fwd","Protein","calcium uniporter regulatory subunit MCUb, mitochondrial","Primates",9606,"9606.33","Homo sapiens",,"CCDC109B","HPI","physical association","two hybrid pooling approach","experimental","20711500;13779","intact","intact:EBI-2808484;imex:IM-13779-1261",
"RefSeq.177416.18.NC_006570.CDS.321537.322943.fwd","Protein","glutamyl-tRNA synthetase","Bacteria",177416,"177416.18","Francisella tularensis subsp. tularensis SCHU S4","FTT0307","gltX","RefSeq.9606.33.NC_000019.CDS.11597628.11617889.fwd","Protein","zinc finger protein 627 isoform 1","Primates",9606,"9606.33","Homo sapiens",,"ZNF627","HPI","physical association","two hybrid pooling approach","experimental","20711500;13779","intact","intact:EBI-2797569;imex:IM-13779-138",
"RefSeq.177416.18.NC_006570.CDS.1802117.1805989.rev","Protein","phosphoribosylformylglycinamidine synthase","Bacteria",177416,"177416.18","Francisella tularensis subsp. tularensis SCHU S4","FTT1720c","purL","RefSeq.9606.33.NC_000006.CDS.137198031.137219327.rev","Protein","interferon gamma receptor 1 precursor","Primates",9606,"9606.33","Homo sapiens",,"IFNGR1","HPI","physical association","two hybrid pooling approach","experimental","20711500;13779","intact","intact:EBI-2805851;imex:IM-13779-960",
"fig|177416.18.peg.80","Protein","Succinate dehydrogenase flavoprotein subunit (EC 1.3.5.1)","Bacteria",177416,"177416.18","Francisella tularensis subsp. tularensis SCHU S4","FTT0074","sdhA","RefSeq.9606.33.NC_000013.CDS.30461357.30463680.rev","Protein","high mobility group protein B1 isoform X1","Primates",9606,"9606.33","Homo sapiens",,"HMGB1","HPI","physical association","two hybrid pooling approach","experimental","20711500;13779","intact","intact:EBI-2806176;imex:IM-13779-999",
"RefSeq.177416.18.NC_006570.CDS.1744555.1745547.fwd","Protein","hypothetical protein","Bacteria",177416,"177416.18","Francisella tularensis subsp. tularensis SCHU S4","FTT1676",,"RefSeq.9606.33.NC_000001.CDS.32274330.32285716.fwd","Protein","tyrosine-protein kinase Lck isoform X2","Primates",9606,"9606.33","Homo sapiens",,"LCK","HPI","physical association","two hybrid pooling approach","experimental","20711500;13779","intact","intact:EBI-2805350;imex:IM-13779-906",
"RefSeq.177416.18.NC_006570.CDS.1438798.1442451.rev","Protein","exodeoxyribonuclease V beta chain","Bacteria",177416,"177416.18","Francisella tularensis subsp. tularensis SCHU S4","FTT1394c","recB","RefSeq.9606.33.NC_000013.CDS.100089121.100530166.fwd","Protein","propionyl-CoA carboxylase alpha chain, mitochondrial isoform b","Primates",9606,"9606.33","Homo sapiens",,"PCCA","HPI","physical association","two hybrid pooling approach","experimental","20711500;13779","intact","intact:EBI-2803943;imex:IM-13779-753",
"RefSeq.177416.18.NC_006570.CDS.1438798.1442451.rev","Protein","exodeoxyribonuclease V beta chain","Bacteria",177416,"177416.18","Francisella tularensis subsp. tularensis SCHU S4","FTT1394c","recB","RefSeq.9606.33.NC_000013.CDS.19965226.20086014.fwd","Protein","zinc finger MYM-type protein 2 isoform X2","Primates",9606,"9606.33","Homo sapiens",,"ZMYM2","HPI","physical association","two hybrid pooling approach","experimental","20711500;13779","intact","intact:EBI-2797597;imex:IM-13779-142",
"RefSeq.177416.18.NC_006570.CDS.821971.822834.fwd","Protein","asparaginase","Bacteria",177416,"177416.18","Francisella tularensis subsp. tularensis SCHU S4","FTT0803","ans","RefSeq.9606.33.NC_000003.CDS.186783611.186789269.fwd","Protein","eukaryotic initiation factor 4A-II","Primates",9606,"9606.33","Homo sapiens",,"EIF4A2","HPI","physical association","two hybrid pooling approach","experimental","20711500;13779","intact","intact:EBI-2805973;imex:IM-13779-976",
"RefSeq.177416.18.NC_006570.CDS.734051.736333.fwd","Protein","chitinase family 18 protein","Bacteria",177416,"177416.18","Francisella tularensis subsp. tularensis SCHU S4","FTT0715",,"RefSeq.9606.33.NC_000010.CDS.28533580.28619606.fwd","Protein","WW domain-containing adapter protein with coiled-coil isoform 3","Primates",9606,"9606.33","Homo sapiens",,"WAC","HPI","physical association","two hybrid pooling approach","experimental","20711500;13779","intact","intact:EBI-2796879;imex:IM-13779-74",
"RefSeq.177416.18.NC_006570.CDS.1802117.1805989.rev","Protein","phosphoribosylformylglycinamidine synthase","Bacteria",177416,"177416.18","Francisella tularensis subsp. tularensis SCHU S4","FTT1720c","purL","RefSeq.9606.33.NC_000005.CDS.55102683.55110182.fwd","Protein","granzyme A precursor","Primates",9606,"9606.33","Homo sapiens",,"GZMA","HPI","physical association","two hybrid pooling approach","experimental","20711500;13779","intact","intact:EBI-2806509;imex:IM-13779-1042",
"RefSeq.177416.18.NC_006570.CDS.1368817.1370361.rev","Protein","sulfate permease family protein","Bacteria",177416,"177416.18","Francisella tularensis subsp. tularensis SCHU S4","FTT1339c",,"RefSeq.9606.33.NC_000003.CDS.14145941.14178568.rev","Protein","DNA repair protein complementing XP-C cells","Primates",9606,"9606.33","Homo sapiens",,"XPC","HPI","physical association","two hybrid pooling approach","experimental","20711500;13779","intact","intact:EBI-2799739;imex:IM-13779-337",
"RefSeq.177416.18.NC_006570.CDS.1730263.1733547.fwd","Protein","carbamoyl phosphate synthase large subunit","Bacteria",177416,"177416.18","Francisella tularensis subsp. tularensis SCHU S4","FTT1664","carB","RefSeq.9606.33.NC_000008.CDS.132867001.133134794.fwd","Protein","thyroglobulin isoform X2","Primates",9606,"9606.33","Homo sapiens",,"TG","HPI","physical association","two hybrid pooling approach","experimental","20711500;13779","intact","intact:EBI-2800439;imex:IM-13779-413",
"RefSeq.177416.18.NC_006570.CDS.1463095.1464792.fwd","Protein","prolyl-tRNA synthetase","Bacteria",177416,"177416.18","Francisella tularensis subsp. tularensis SCHU S4","FTT1412","proS","RefSeq.9606.33.NC_000022.CDS.35381174.35393598.fwd","Protein","heme oxygenase 1","Primates",9606,"9606.33","Homo sapiens",,"HMOX1","HPI","physical association","two hybrid pooling approach","experimental","20711500;13779","intact","intact:EBI-2806155;imex:IM-13779-997",
"RefSeq.177416.18.NC_006570.CDS.1809580.1811109.rev","Protein","outer membrane protein tolC precursor","Bacteria",177416,"177416.18","Francisella tularensis subsp. tularensis SCHU S4","FTT1724c","tolC","RefSeq.9606.33.NC_000002.CDS.25379319.25652660.rev","Protein","dystrobrevin beta isoform X2","Primates",9606,"9606.33","Homo sapiens",,"DTNB","HPI","physical association","two hybrid pooling approach","experimental","20711500;13779","intact","intact:EBI-2807248;imex:IM-13779-1123",
"fig|177416.18.peg.185","Protein","Peptide chain release factor 1","Bacteria",177416,"177416.18","Francisella tularensis subsp. tularensis SCHU S4","FTT0168","prfA","RefSeq.9606.33.NC_000023.CDS.55718328.55758343.fwd","Protein","ras-related GTP-binding protein B short isoform","Primates",9606,"9606.33","Homo sapiens",,"RRAGB","HPI","physical association","two hybrid pooling approach","experimental","20711500;13779","intact","intact:EBI-2801574;imex:IM-13779-536",
"fig|177416.18.peg.80","Protein","Succinate dehydrogenase flavoprotein subunit (EC 1.3.5.1)","Bacteria",177416,"177416.18","Francisella tularensis subsp. tularensis SCHU S4","FTT0074","sdhA","RefSeq.9606.33.NC_000009.CDS.101421809.101430887.rev","Protein","fructose-bisphosphate aldolase B","Primates",9606,"9606.33","Homo sapiens",,"ALDOB","HPI","physical association","two hybrid pooling approach","experimental","20711500;13779","intact","intact:EBI-2809072;imex:IM-13779-1329",
"RefSeq.177416.18.NC_006570.CDS.964146.965471.fwd","Protein","ATP-dependent RNA helicase RhlE","Bacteria",177416,"177416.18","Francisella tularensis subsp. tularensis SCHU S4","FTT0952","rhlE","RefSeq.9606.33.NC_000001.CDS.25885723.25904676.rev","Protein","stathmin isoform b","Primates",9606,"9606.33","Homo sapiens",,"STMN1","HPI","physical association","two hybrid pooling approach","experimental","20711500;13779","intact","intact:EBI-2800781;imex:IM-13779-451",
"RefSeq.177416.18.NC_006570.CDS.1218072.1219520.rev","Protein","exodeoxyribonuclease I","Bacteria",177416,"177416.18","Francisella tularensis subsp. tularensis SCHU S4","FTT1200c","sbcB","RefSeq.9606.33.NC_000016.CDS.89268478.89317019.rev","Protein","ankyrin repeat domain-containing protein 11 isoform X1","Primates",9606,"9606.33","Homo sapiens",,"ANKRD11","HPI","physical association","two hybrid pooling approach","experimental","20711500;13779","intact","intact:EBI-2809002;imex:IM-13779-1322",
"RefSeq.177416.18.NC_006570.CDS.335152.337266.fwd","Protein","elongation factor G","Bacteria",177416,"177416.18","Francisella tularensis subsp. tularensis SCHU S4","FTT0323","fusA","RefSeq.9606.33.NC_000018.CDS.56603027.56638440.rev","Protein","thioredoxin-like protein 1","Primates",9606,"9606.33","Homo sapiens",,"TXNL1","HPI","physical association","two hybrid pooling approach","experimental","20711500;13779","intact","intact:EBI-2800011;imex:IM-13779-367",
"RefSeq.177416.18.NC_006570.CDS.1802117.1805989.rev","Protein","phosphoribosylformylglycinamidine synthase","Bacteria",177416,"177416.18","Francisella tularensis subsp. tularensis SCHU S4","FTT1720c","purL","RefSeq.9606.33.NC_000019.CDS.45485708.45496825.rev","Protein","reticulon-2 isoform A","Primates",9606,"9606.33","Homo sapiens",,"RTN2","HPI","physical association","two hybrid pooling approach","experimental","20711500;13779","intact","intact:EBI-2801520;imex:IM-13779-529",
"RefSeq.177416.18.NC_006570.CDS.273192.275048.fwd","Protein","ribonuclease II family protein","Bacteria",177416,"177416.18","Francisella tularensis subsp. tularensis SCHU S4","FTT0257",,"RefSeq.9606.33.NC_000018.CDS.12785823.12884141.rev","Protein","tyrosine-protein phosphatase non-receptor type 2 isoform 4","Primates",9606,"9606.33","Homo sapiens",,"PTPN2","HPI","physical association","two hybrid pooling approach","experimental","20711500;13779","intact","intact:EBI-2803235;imex:IM-13779-679",
"fig|177416.18.peg.185","Protein","Peptide chain release factor 1","Bacteria",177416,"177416.18","Francisella tularensis subsp. tularensis SCHU S4","FTT0168","prfA","RefSeq.9606.33.NC_000018.CDS.32018864.32087969.fwd","Protein","E3 ubiquitin-protein ligase RNF125 isoform X3","Primates",9606,"9606.33","Homo sapiens",,"RNF125","HPI","physical association","two hybrid pooling approach","experimental","20711500;13779","intact","intact:EBI-2801707;imex:IM-13779-550",
"fig|177416.18.peg.54","Protein","Transcription termination protein NusA","Bacteria",177416,"177416.18","Francisella tularensis subsp. tularensis SCHU S4","FTT0049","nusA","RefSeq.9606.33.NC_000006.CDS.127289869.127342371.rev","Protein","ethylmalonyl-CoA decarboxylase isoform 5","Primates",9606,"9606.33","Homo sapiens",,"ECHDC1","HPI","physical association","two hybrid pooling approach","experimental","20711500;13779","intact","intact:EBI-2807143;imex:IM-13779-1112",
"RefSeq.177416.18.NC_006570.CDS.964146.965471.fwd","Protein","ATP-dependent RNA helicase RhlE","Bacteria",177416,"177416.18","Francisella tularensis subsp. tularensis SCHU S4","FTT0952","rhlE","RefSeq.9606.33.NC_000011.CDS.65525154.65538566.fwd","Protein","N-terminal kinase-like protein isoform B","Primates",9606,"9606.33","Homo sapiens",,"SCYL1","HPI","physical association","two hybrid pooling approach","experimental","20711500;13779","intact","intact:EBI-2804221;imex:IM-13779-783",
"RefSeq.177416.18.NC_006570.CDS.1733689.1734609.fwd","Protein","aspartate carbamoyltransferase","Bacteria",177416,"177416.18","Francisella tularensis subsp. tularensis SCHU S4","FTT1665","pyrB","RefSeq.9606.33.NW_015148969.CDS.10731.67428.fwd","Protein","SH3 and multiple ankyrin repeat domains protein 3","Primates",9606,"9606.33","Homo sapiens",,"SHANK3","HPI","physical association","two hybrid pooling approach","experimental","20711500;13779","intact","intact:EBI-2801204;imex:IM-13779-497",
"RefSeq.177416.18.NC_006570.CDS.1438798.1442451.rev","Protein","exodeoxyribonuclease V beta chain","Bacteria",177416,"177416.18","Francisella tularensis subsp. tularensis SCHU S4","FTT1394c","recB","RefSeq.9606.33.NC_000006.CDS.33076042.33086238.fwd","Protein","HLA class II histocompatibility antigen, DP beta 1 chain precursor","Primates",9606,"9606.33","Homo sapiens",,"HLA-DPB1","HPI","physical association","two hybrid pooling approach","experimental","20711500;13779","intact","intact:EBI-2802625;imex:IM-13779-629",
"RefSeq.177416.18.NC_006570.CDS.1595657.1597072.rev","Protein","putative nicotinate phosphoribosyltransferase","Bacteria",177416,"177416.18","Francisella tularensis subsp. tularensis SCHU S4","FTT1534c",,"RefSeq.9606.33.NC_000017.CDS.63917309.63918776.rev","Protein","somatotropin isoform 1 precursor","Primates",9606,"9606.33","Homo sapiens",,"GH1","HPI","physical association","two hybrid pooling approach","experimental","20711500;13779","intact","intact:EBI-2801067;imex:IM-13779-483",
"fig|177416.18.peg.160","Protein","DNA-directed RNA polymerase beta subunit (EC 2.7.7.6)","Bacteria",177416,"177416.18","Francisella tularensis subsp. tularensis SCHU S4","FTT0144","rpoB","RefSeq.9606.33.NC_000003.CDS.46203246.46204313.rev","Protein","C-C chemokine receptor type 1","Primates",9606,"9606.33","Homo sapiens",,"CCR1","HPI","physical association","two hybrid pooling approach","experimental","20711500;13779","intact","intact:EBI-2808276;imex:IM-13779-1238",
"RefSeq.177416.18.NC_006570.CDS.1415006.1416997.rev","Protein","transketolase","Bacteria",177416,"177416.18","Francisella tularensis subsp. tularensis SCHU S4","FTT1369c","tktA","RefSeq.9606.33.NC_000020.CDS.24949506.24959712.fwd","Protein","cystatin-F precursor","Primates",9606,"9606.33","Homo sapiens",,"CST7","HPI","physical association","two hybrid pooling approach","experimental","20711500;13779","intact","intact:EBI-2807445;imex:IM-13779-1145",
"RefSeq.177416.18.NC_006570.CDS.1413967.1415013.rev","Protein","glyceraldehyde-3-phosphate dehydrogenase","Bacteria",177416,"177416.18","Francisella tularensis subsp. tularensis SCHU S4","FTT1368c","gapA","RefSeq.9606.33.NC_000003.CDS.184155636.184171598.fwd","Protein","segment polarity protein dishevelled homolog DVL-3 isoform X1","Primates",9606,"9606.33","Homo sapiens",,"DVL3","HPI","physical association","two hybrid pooling approach","experimental","20711500;13779","intact","intact:EBI-2796538;imex:IM-13779-41",
"RefSeq.177416.18.NC_006570.CDS.652971.654038.fwd","Protein","SPFH domain-containing protein/band 7 family protein","Bacteria",177416,"177416.18","Francisella tularensis subsp. tularensis SCHU S4","FTT0633","hflK","RefSeq.9606.33.NC_000011.CDS.926022.1010625.fwd","Protein","AP-2 complex subunit alpha-2 isoform 2","Primates",9606,"9606.33","Homo sapiens",,"AP2A2","HPI","physical association","two hybrid pooling approach","experimental","20711500;13779","intact","intact:EBI-2808895;imex:IM-13779-1308",
"RefSeq.177416.18.NC_006570.CDS.970830.971618.rev","Protein","exodeoxyribonuclease III","Bacteria",177416,"177416.18","Francisella tularensis subsp. tularensis SCHU S4","FTT0959c","xthA","RefSeq.9606.33.NC_000012.CDS.7189934.7210223.fwd","Protein","peroxisomal biogenesis factor 5 isoform X5","Primates",9606,"9606.33","Homo sapiens",,"PEX5","HPI","physical association","two hybrid pooling approach","experimental","20711500;13779","intact","intact:EBI-2797238;imex:IM-13779-108",
"RefSeq.177416.18.NC_006570.CDS.1660712.1662169.fwd","Protein","hypothetical protein","Bacteria",177416,"177416.18","Francisella tularensis subsp. tularensis SCHU S4","FTT1597",,"RefSeq.9606.33.NC_000005.CDS.150402240.150412749.rev","Protein","HLA class II histocompatibility antigen gamma chain isoform a","Primates",9606,"9606.33","Homo sapiens",,"CD74","HPI","physical association","two hybrid pooling approach","experimental","20711500;13779","intact","intact:EBI-2806295;imex:IM-13779-1013",
"RefSeq.177416.18.NC_006570.CDS.1161754.1165827.rev","Protein","bifunctional proline dehydrogenase/pyrroline-5-carboxylate dehydrogenase","Bacteria",177416,"177416.18","Francisella tularensis subsp. tularensis SCHU S4","FTT1150c","putA","RefSeq.9606.33.NC_000014.CDS.24143409.24146581.rev","Protein","proteasome activator complex subunit 2","Primates",9606,"9606.33","Homo sapiens",,"PSME2","HPI","physical association","two hybrid pooling approach","experimental","20711500;13779","intact","intact:EBI-2803262;imex:IM-13779-682",
"fig|177416.18.peg.54","Protein","Transcription termination protein NusA","Bacteria",177416,"177416.18","Francisella tularensis subsp. tularensis SCHU S4","FTT0049","nusA","RefSeq.9606.33.NC_000022.CDS.41367533.41395960.fwd","Protein","thyrotroph embryonic factor isoform 2","Primates",9606,"9606.33","Homo sapiens",,"TEF","HPI","physical association","two hybrid pooling approach","experimental","20711500;13779","intact","intact:EBI-2797704;imex:IM-13779-154",
"RefSeq.177416.18.NC_006570.CDS.1431224.1433260.rev","Protein","DNA ligase","Bacteria",177416,"177416.18","Francisella tularensis subsp. tularensis SCHU S4","FTT1387c","ligN","RefSeq.9606.33.NC_000015.CDS.41417116.41480687.fwd","Protein","RNA polymerase-associated protein RTF1 homolog","Primates",9606,"9606.33","Homo sapiens",,"RTF1","HPI","physical association","two hybrid pooling approach","experimental","20711500;13779","intact","intact:EBI-2801546;imex:IM-13779-530",
"fig|177416.18.peg.77","Protein","Citrate synthase (si) (EC 2.3.3.1)","Bacteria",177416,"177416.18","Francisella tularensis subsp. tularensis SCHU S4","FTT0071c","gltA","RefSeq.9606.33.NC_000019.CDS.49453332.49470467.fwd","Protein","aldehyde dehydrogenase family 16 member A1 isoform 2","Primates",9606,"9606.33","Homo sapiens",,"ALDH16A1","HPI","physical association","two hybrid pooling approach","experimental","20711500;13779","intact","intact:EBI-2809509;imex:IM-13779-1369",
"RefSeq.177416.18.NC_006570.CDS.1444610.1447849.rev","Protein","exodeoxyribonuclease V gamma chain","Bacteria",177416,"177416.18","Francisella tularensis subsp. tularensis SCHU S4","FTT1397c","recC","RefSeq.9606.33.NC_000010.CDS.87051751.87094769.rev","Protein","glutamate dehydrogenase 1, mitochondrial precursor","Primates",9606,"9606.33","Homo sapiens",,"GLUD1","HPI","physical association","two hybrid pooling approach","experimental","20711500;13779","intact","intact:EBI-2807336;imex:IM-13779-1133",
"fig|177416.18.peg.232","Protein","Zinc ABC transporter, substrate-binding protein ZnuA","Bacteria",177416,"177416.18","Francisella tularensis subsp. tularensis SCHU S4","FTT0209c",,"RefSeq.9606.33.NC_000001.CDS.8861360.8874908.rev","Protein","alpha-enolase isoform X1","Primates",9606,"9606.33","Homo sapiens",,"ENO1","HPI","physical association","two hybrid pooling approach","experimental","20711500;13779","intact","intact:EBI-2807034;imex:IM-13779-1094",
"RefSeq.177416.18.NC_006570.CDS.1319515.1320531.rev","Protein","glucose kinase","Bacteria",177416,"177416.18","Francisella tularensis subsp. tularensis SCHU S4","FTT1295c","glk","RefSeq.9606.33.NC_000019.CDS.3976554.3985380.rev","Protein","elongation factor 2","Primates",9606,"9606.33","Homo sapiens",,"EEF2","HPI","physical association","two hybrid pooling approach","experimental","20711500;13779","intact","intact:EBI-2807108;imex:IM-13779-1105",
"RefSeq.177416.18.NC_006570.CDS.1232644.1233435.rev","Protein","haloacid dehalogenase-like hydrolase family protein","Bacteria",177416,"177416.18","Francisella tularensis subsp. tularensis SCHU S4","FTT1214c",,"RefSeq.9606.33.NC_000003.CDS.139357863.139389550.rev","Protein","coatomer subunit beta'","Primates",9606,"9606.33","Homo sapiens",,"COPB2","HPI","physical association","two hybrid pooling approach","experimental","20711500;13779","intact","intact:EBI-2807725;imex:IM-13779-1175",
"fig|177416.18.peg.52","Protein","Uroporphyrinogen III decarboxylase (EC 4.1.1.37)","Bacteria",177416,"177416.18","Francisella tularensis subsp. tularensis SCHU S4","FTT0047","hemE","RefSeq.9606.33.NC_000019.CDS.36141012.36149839.fwd","Protein","calpain small subunit 1 isoform 1","Primates",9606,"9606.33","Homo sapiens",,"CAPNS1","HPI","physical association","two hybrid pooling approach","experimental","20711500;13779","intact","intact:EBI-2797424;imex:IM-13779-125",
"RefSeq.177416.18.NC_006570.CDS.927667.929340.fwd","Protein","hypothetical protein","Bacteria",177416,"177416.18","Francisella tularensis subsp. tularensis SCHU S4","FTT0918",,"RefSeq.9606.33.NC_000003.CDS.133601250.133661127.rev","Protein","DNA topoisomerase 2-binding protein 1","Primates",9606,"9606.33","Homo sapiens",,"TOPBP1","HPI","physical association","two hybrid pooling approach","experimental","20711500;13779","intact","intact:EBI-2800229;imex:IM-13779-390",
"RefSeq.177416.18.NC_006570.CDS.938085.939380.fwd","Protein","glutamate-1-semialdehyde aminotransferase","Bacteria",177416,"177416.18","Francisella tularensis subsp. tularensis SCHU S4","FTT0927","hemL","RefSeq.9606.33.NC_000019.CDS.48620515.48629773.fwd","Protein","sphingosine kinase 2 isoform b","Primates",9606,"9606.33","Homo sapiens",,"SPHK2","HPI","physical association","two hybrid pooling approach","experimental","20711500;13779","intact","intact:EBI-2797836;imex:IM-13779-165",
"RefSeq.177416.18.NC_006570.CDS.1243635.1246292.fwd","Protein","ribonuclease E","Bacteria",177416,"177416.18","Francisella tularensis subsp. tularensis SCHU S4","FTT1227","rne","RefSeq.9606.33.NC_000010.CDS.110567817.110604302.fwd","Protein","structural maintenance of chromosomes protein 3","Primates",9606,"9606.33","Homo sapiens",,"SMC3","HPI","physical association","two hybrid pooling approach","experimental","20711500;13779","intact","intact:EBI-2797843;imex:IM-13779-164",
"RefSeq.177416.18.NC_006570.CDS.1216064.1218070.rev","Protein","excinuclease ABC subunit B","Bacteria",177416,"177416.18","Francisella tularensis subsp. tularensis SCHU S4","FTT1199c","uvrB","RefSeq.9606.33.NC_000003.CDS.149520805.149657306.rev","Protein","WW domain-containing transcription regulator protein 1 isoform X1","Primates",9606,"9606.33","Homo sapiens",,"WWTR1","HPI","physical association","two hybrid pooling approach","experimental","20711500;13779","intact","intact:EBI-2799746;imex:IM-13779-340",
"RefSeq.177416.18.NC_006570.CDS.731244.732299.rev","Protein","L-threonine 3-dehydrogenase","Bacteria",177416,"177416.18","Francisella tularensis subsp. tularensis SCHU S4","FTT0713c","tdh","RefSeq.9606.33.NC_000002.CDS.241373108.241494125.fwd","Protein","FERM, RhoGEF and pleckstrin domain-containing protein 2 isoform a","Primates",9606,"9606.33","Homo sapiens",,"FARP2","HPI","physical association","two hybrid pooling approach","experimental","20711500;13779","intact","intact:EBI-2806894;imex:IM-13779-1080",
"RefSeq.177416.18.NC_006570.CDS.1444610.1447849.rev","Protein","exodeoxyribonuclease V gamma chain","Bacteria",177416,"177416.18","Francisella tularensis subsp. tularensis SCHU S4","FTT1397c","recC","RefSeq.9606.33.NC_000012.CDS.131711230.131799488.fwd","Protein","splicing factor, suppressor of white-apricot homolog isoform X1","Primates",9606,"9606.33","Homo sapiens",,"SFSWAP","HPI","physical association","two hybrid pooling approach","experimental","20711500;13779","intact","intact:EBI-2801257;imex:IM-13779-503",
"RefSeq.177416.18.NC_006570.CDS.1857772.1860351.rev","Protein","ClpB protein","Bacteria",177416,"177416.18","Francisella tularensis subsp. tularensis SCHU S4","FTT1769c","clpB","RefSeq.9606.33.NC_000003.CDS.49360209.49375589.rev","Protein","transforming protein RhoA isoform X1","Primates",9606,"9606.33","Homo sapiens",,"RHOA","HPI","physical association","two hybrid pooling approach","experimental","20711500;13779","intact","intact:EBI-2801714;imex:IM-13779-549",
"fig|177416.18.peg.212","Protein","Lysyl-tRNA synthetase (class II) (EC 6.1.1.6)","Bacteria",177416,"177416.18","Francisella tularensis subsp. tularensis SCHU S4","FTT0192","lysU","RefSeq.9606.33.NC_000009.CDS.121088327.121177186.fwd","Protein","centriolin isoform X4","Primates",9606,"9606.33","Homo sapiens",,"CNTRL","HPI","physical association","two hybrid pooling approach","experimental","20711500;13779","intact","intact:EBI-2797135;imex:IM-13779-99",
"RefSeq.177416.18.NC_006570.CDS.1122309.1123187.rev","Protein","RNA polymerase factor sigma-32","Bacteria",177416,"177416.18","Francisella tularensis subsp. tularensis SCHU S4","FTT1112c","rpoH","RefSeq.9606.33.NC_000007.CDS.88206478.88226914.rev","Protein","sorcin isoform B","Primates",9606,"9606.33","Homo sapiens",,"SRI","HPI","physical association","two hybrid pooling approach","experimental","20711500;13779","intact","intact:EBI-2801053;imex:IM-13779-482",
"RefSeq.177416.18.NC_006570.CDS.321537.322943.fwd","Protein","glutamyl-tRNA synthetase","Bacteria",177416,"177416.18","Francisella tularensis subsp. tularensis SCHU S4","FTT0307","gltX","RefSeq.9606.33.NC_000020.CDS.50935132.50958523.rev","Protein","dolichol-phosphate mannosyltransferase subunit 1 isoform X1","Primates",9606,"9606.33","Homo sapiens",,"DPM1","HPI","physical association","two hybrid pooling approach","experimental","20711500;13779","intact","intact:EBI-2796549;imex:IM-13779-44",
"fig|177416.18.peg.80","Protein","Succinate dehydrogenase flavoprotein subunit (EC 1.3.5.1)","Bacteria",177416,"177416.18","Francisella tularensis subsp. tularensis SCHU S4","FTT0074","sdhA","RefSeq.9606.33.NC_000012.CDS.110492005.110502051.rev","Protein","vacuolar protein sorting-associated protein 29 isoform 2","Primates",9606,"9606.33","Homo sapiens",,"VPS29","HPI","physical association","two hybrid pooling approach","experimental","20711500;13779","intact","intact:EBI-2799855;imex:IM-13779-347",
"RefSeq.177416.18.NC_006570.CDS.1216064.1218070.rev","Protein","excinuclease ABC subunit B","Bacteria",177416,"177416.18","Francisella tularensis subsp. tularensis SCHU S4","FTT1199c","uvrB","RefSeq.9606.33.NC_000014.CDS.55137374.55145394.fwd","Protein","galectin-3 isoform 2","Primates",9606,"9606.33","Homo sapiens",,"LGALS3","HPI","physical association","two hybrid pooling approach","experimental","20711500;13779","intact","intact:EBI-2805318;imex:IM-13779-903",
"RefSeq.177416.18.NC_006570.CDS.1105418.1108015.rev","Protein","alanyl-tRNA synthetase","Bacteria",177416,"177416.18","Francisella tularensis subsp. tularensis SCHU S4","FTT1096c","alaS","RefSeq.9606.33.NC_000016.CDS.19527882.19551271.fwd","Protein","centriolar coiled-coil protein of 110 kDa isoform X2","Primates",9606,"9606.33","Homo sapiens",,"CCP110","HPI","physical association","two hybrid pooling approach","experimental","20711500;13779","intact","intact:EBI-2808125;imex:IM-13779-1222",
"fig|177416.18.peg.153","Protein","Translation elongation factor Tu","Bacteria",177416,"177416.18","Francisella tularensis subsp. tularensis SCHU S4","FTT0137","tufA","RefSeq.9606.33.NC_000003.CDS.57757652.57927388.fwd","Protein","sarcolemmal membrane-associated protein isoform c","Primates",9606,"9606.33","Homo sapiens",,"SLMAP","HPI","physical association","two hybrid pooling approach","experimental","20711500;13779","intact","intact:EBI-2801145;imex:IM-13779-492",
"RefSeq.177416.18.NC_006570.CDS.1520763.1521788.rev","Protein","quinolinate synthetase","Bacteria",177416,"177416.18","Francisella tularensis subsp. tularensis SCHU S4","FTT1469c","nadA","RefSeq.9606.33.NC_000005.CDS.135571853.135578814.rev","Protein","C-X-C motif chemokine 14 precursor","Primates",9606,"9606.33","Homo sapiens",,"CXCL14","HPI","physical association","two hybrid pooling approach","experimental","20711500;13779","intact","intact:EBI-2798081;imex:IM-13779-185",
"fig|177416.18.peg.212","Protein","Lysyl-tRNA synthetase (class II) (EC 6.1.1.6)","Bacteria",177416,"177416.18","Francisella tularensis subsp. tularensis SCHU S4","FTT0192","lysU","RefSeq.9606.33.NC_000005.CDS.150402240.150412749.rev","Protein","HLA class II histocompatibility antigen gamma chain isoform a","Primates",9606,"9606.33","Homo sapiens",,"CD74","HPI","physical association","two hybrid pooling approach","experimental","20711500;13779","intact","intact:EBI-2806267;imex:IM-13779-1009",
"fig|177416.18.peg.171","Protein","Isopenicillin N synthase","Bacteria",177416,"177416.18","Francisella tularensis subsp. tularensis SCHU S4","FTT0155",,"RefSeq.9606.33.NC_000001.CDS.16563943.16592021.rev","Protein","neuroblastoma breakpoint family member 1","Primates",9606,"9606.33","Homo sapiens",,"NBPF1","HPI","physical association","two hybrid pooling approach","experimental","20711500;13779","intact","intact:EBI-2804537;imex:IM-13779-818",
"RefSeq.177416.18.NC_006570.CDS.1802117.1805989.rev","Protein","phosphoribosylformylglycinamidine synthase","Bacteria",177416,"177416.18","Francisella tularensis subsp. tularensis SCHU S4","FTT1720c","purL","RefSeq.9606.33.NC_000015.CDS.78438338.78498143.fwd","Protein","iron-responsive element-binding protein 2","Primates",9606,"9606.33","Homo sapiens",,"IREB2","HPI","physical association","two hybrid pooling approach","experimental","20711500;13779","intact","intact:EBI-2805805;imex:IM-13779-957",
"fig|177416.18.peg.140","Protein","Oligopeptide transport ATP-binding protein OppF (TC 3.A.1.5.1)","Bacteria",177416,"177416.18","Francisella tularensis subsp. tularensis SCHU S4","FTT0126","oppF","RefSeq.9606.33.NC_000019.CDS.45485708.45496825.rev","Protein","reticulon-2 isoform A","Primates",9606,"9606.33","Homo sapiens",,"RTN2","HPI","physical association","two hybrid pooling approach","experimental","20711500;13779","intact","intact:EBI-2797959;imex:IM-13779-176",
"RefSeq.177416.18.NC_006570.CDS.1038723.1040057.fwd","Protein","D-alanyl-D-alanine carboxypeptidase (penicillin binding protein) family protein","Bacteria",177416,"177416.18","Francisella tularensis subsp. tularensis SCHU S4","FTT1029","dacD","RefSeq.9606.33.NC_000007.CDS.80646741.80674147.fwd","Protein","platelet glycoprotein 4 isoform 3","Primates",9606,"9606.33","Homo sapiens",,"CD36","HPI","physical association","two hybrid pooling approach","experimental","20711500;13779","intact","intact:EBI-2808227;imex:IM-13779-1233",
"RefSeq.177416.18.NC_006570.CDS.321537.322943.fwd","Protein","glutamyl-tRNA synthetase","Bacteria",177416,"177416.18","Francisella tularensis subsp. tularensis SCHU S4","FTT0307","gltX","RefSeq.9606.33.NC_000007.CDS.94395032.94430393.fwd","Protein","collagen alpha-2(I) chain precursor","Primates",9606,"9606.33","Homo sapiens",,"COL1A2","HPI","physical association","two hybrid pooling approach","experimental","20711500;13779","intact","intact:EBI-2807848;imex:IM-13779-1192",
"RefSeq.177416.18.NC_006570.CDS.321537.322943.fwd","Protein","glutamyl-tRNA synthetase","Bacteria",177416,"177416.18","Francisella tularensis subsp. tularensis SCHU S4","FTT0307","gltX","RefSeq.9606.33.NC_000017.CDS.64499923.64506119.rev","Protein","probable ATP-dependent RNA helicase DDX5 isoform X1","Primates",9606,"9606.33","Homo sapiens",,"DDX5","HPI","physical association","two hybrid pooling approach","experimental","20711500;13779","intact","intact:EBI-2807357;imex:IM-13779-1134",
"RefSeq.177416.18.NC_006570.CDS.1763981.1764268.fwd","Protein","co-chaperonin GroES","Bacteria",177416,"177416.18","Francisella tularensis subsp. tularensis SCHU S4","FTT1695","groES","RefSeq.9606.33.NC_000001.CDS.228097115.228098013.fwd","Protein","ADP-ribosylation factor 1","Primates",9606,"9606.33","Homo sapiens",,"ARF1","HPI","physical association","two hybrid pooling approach","experimental","20711500;13779","intact","intact:EBI-2808818;imex:IM-13779-1303",
"RefSeq.177416.18.NC_006570.CDS.788288.791008.fwd","Protein","preprotein translocase subunit SecA","Bacteria",177416,"177416.18","Francisella tularensis subsp. tularensis SCHU S4","FTT0769","secA","RefSeq.9606.33.NC_000016.CDS.31713433.31759376.fwd","Protein","putative protein ZNF720","Primates",9606,"9606.33","Homo sapiens",,"ZNF720","HPI","physical association","two hybrid pooling approach","experimental","20711500;13779","intact","intact:EBI-2796272;imex:IM-13779-17",
"RefSeq.177416.18.NC_006570.CDS.741201.743426.rev","Protein","peroxidase/catalase","Bacteria",177416,"177416.18","Francisella tularensis subsp. tularensis SCHU S4","FTT0721c","katG","RefSeq.9606.33.NC_000019.CDS.41331052.41353044.rev","Protein","transforming growth factor beta-1 isoform X1","Primates",9606,"9606.33","Homo sapiens",,"TGFB1","HPI","physical association","two hybrid pooling approach","experimental","20711500;13779","intact","intact:EBI-2800460;imex:IM-13779-415",
"RefSeq.177416.18.NC_006570.CDS.705162.706529.rev","Protein","ATP-dependent protease ATP-binding subunit HslU","Bacteria",177416,"177416.18","Francisella tularensis subsp. tularensis SCHU S4","FTT0687c","hslU","RefSeq.9606.33.NC_000019.CDS.48469508.48479210.fwd","Protein","cytohesin-2 isoform 2","Primates",9606,"9606.33","Homo sapiens",,"CYTH2","HPI","physical association","two hybrid pooling approach","experimental","20711500;13779","intact","intact:EBI-2807473;imex:IM-13779-1148",
"RefSeq.177416.18.NC_006570.CDS.1194341.1196158.fwd","Protein","GTP binding translational elongation factor Tu and G family protein","Bacteria",177416,"177416.18","Francisella tularensis subsp. tularensis SCHU S4","FTT1179","bipA","RefSeq.9606.33.NC_000014.CDS.69879679.70030258.fwd","Protein","SPARC-related modular calcium-binding protein 1 isoform 2 precursor","Primates",9606,"9606.33","Homo sapiens",,"SMOC1","HPI","physical association","two hybrid pooling approach","experimental","20711500;13779","intact","intact:EBI-2801110;imex:IM-13779-485",
"RefSeq.177416.18.NC_006570.CDS.1262352.1263614.fwd","Protein","hypothetical protein","Bacteria",177416,"177416.18","Francisella tularensis subsp. tularensis SCHU S4","FTT1242",,"RefSeq.9606.33.NC_000001.CDS.154272724.154275701.fwd","Protein","HCLS1-associated protein X-1 isoform b","Primates",9606,"9606.33","Homo sapiens",,"HAX1","HPI","physical association","two hybrid pooling approach","experimental","20711500;13779","intact","intact:EBI-2806394;imex:IM-13779-1024",
"RefSeq.177416.18.NC_006570.CDS.553229.554461.rev","Protein","bifunctional gluaredoxin/ribonucleoside-diphosphate reductase subunit beta","Bacteria",177416,"177416.18","Francisella tularensis subsp. tularensis SCHU S4","FTT0532c","nrdB","RefSeq.9606.33.NC_000009.CDS.101421809.101430887.rev","Protein","fructose-bisphosphate aldolase B","Primates",9606,"9606.33","Homo sapiens",,"ALDOB","HPI","physical association","two hybrid pooling approach","experimental","20711500;13779","intact","intact:EBI-2809079;imex:IM-13779-1332",
"RefSeq.177416.18.NC_006570.CDS.1595657.1597072.rev","Protein","putative nicotinate phosphoribosyltransferase","Bacteria",177416,"177416.18","Francisella tularensis subsp. tularensis SCHU S4","FTT1534c",,"RefSeq.9606.33.NC_000004.CDS.82819074.82891151.rev","Protein","protein transport protein Sec31A isoform 5","Primates",9606,"9606.33","Homo sapiens",,"SEC31A","HPI","physical association","two hybrid pooling approach","experimental","20711500;13779","intact","intact:EBI-2801361;imex:IM-13779-515",
"fig|177416.18.peg.160","Protein","DNA-directed RNA polymerase beta subunit (EC 2.7.7.6)","Bacteria",177416,"177416.18","Francisella tularensis subsp. tularensis SCHU S4","FTT0144","rpoB","RefSeq.9606.33.NC_000001.CDS.145849446.145858990.rev","Protein","E3 SUMO-protein ligase PIAS3","Primates",9606,"9606.33","Homo sapiens",,"PIAS3","HPI","physical association","two hybrid pooling approach","experimental","20711500;13779","intact","intact:EBI-2803708;imex:IM-13779-727",
"RefSeq.177416.18.NC_006570.CDS.1218072.1219520.rev","Protein","exodeoxyribonuclease I","Bacteria",177416,"177416.18","Francisella tularensis subsp. tularensis SCHU S4","FTT1200c","sbcB","RefSeq.9606.33.NC_000011.CDS.130069978.130143448.fwd","Protein","amyloid-like protein 2 isoform 4 precursor","Primates",9606,"9606.33","Homo sapiens",,"APLP2","HPI","physical association","two hybrid pooling approach","experimental","20711500;13779","intact","intact:EBI-2799275;imex:IM-13779-296",
"RefSeq.177416.18.NC_006570.CDS.644647.646971.fwd","Protein","DNA-binding, ATP-dependent protease La","Bacteria",177416,"177416.18","Francisella tularensis subsp. tularensis SCHU S4","FTT0626","lon","RefSeq.9606.33.NC_000012.CDS.66137960.66169951.rev","Protein","protein lifeguard 4 isoform a","Primates",9606,"9606.33","Homo sapiens",,"TMBIM4","HPI","physical association","two hybrid pooling approach","experimental","20711500;13779","intact","intact:EBI-2800338;imex:IM-13779-402",
"fig|177416.18.peg.185","Protein","Peptide chain release factor 1","Bacteria",177416,"177416.18","Francisella tularensis subsp. tularensis SCHU S4","FTT0168","prfA","RefSeq.9606.33.NC_000017.CDS.82023644.82030805.fwd","Protein","leucine-rich repeat-containing protein 45","Primates",9606,"9606.33","Homo sapiens",,"LRRC45","HPI","physical association","two hybrid pooling approach","experimental","20711500;13779","intact","intact:EBI-2805180;imex:IM-13779-888",
"RefSeq.177416.18.NC_006570.CDS.1857772.1860351.rev","Protein","ClpB protein","Bacteria",177416,"177416.18","Francisella tularensis subsp. tularensis SCHU S4","FTT1769c","clpB","RefSeq.9606.33.NC_000004.CDS.55952131.56024603.fwd","Protein","centrosomal protein of 135 kDa isoform X1","Primates",9606,"9606.33","Homo sapiens",,"CEP135","HPI","physical association","two hybrid pooling approach","experimental","20711500;13779","intact","intact:EBI-2799123;imex:IM-13779-279",
"fig|177416.18.peg.160","Protein","DNA-directed RNA polymerase beta subunit (EC 2.7.7.6)","Bacteria",177416,"177416.18","Francisella tularensis subsp. tularensis SCHU S4","FTT0144","rpoB","RefSeq.9606.33.NC_000011.CDS.83157440.83184894.fwd","Protein","pre-mRNA cleavage complex 2 protein Pcf11","Primates",9606,"9606.33","Homo sapiens",,"PCF11","HPI","physical association","two hybrid pooling approach","experimental","20711500;13779","intact","intact:EBI-2803909;imex:IM-13779-749",
"RefSeq.177416.18.NC_006570.CDS.741201.743426.rev","Protein","peroxidase/catalase","Bacteria",177416,"177416.18","Francisella tularensis subsp. tularensis SCHU S4","FTT0721c","katG","RefSeq.9606.33.NC_000004.CDS.119136526.119186200.fwd","Protein","myozenin-2","Primates",9606,"9606.33","Homo sapiens",,"MYOZ2","HPI","physical association","two hybrid pooling approach","experimental","20711500;13779","intact","intact:EBI-2798682;imex:IM-13779-240",
"RefSeq.177416.18.NC_006570.CDS.654040.654966.fwd","Protein","SPFH domain-containing protein/band 7 family protein","Bacteria",177416,"177416.18","Francisella tularensis subsp. tularensis SCHU S4","FTT0634","hflC","RefSeq.9606.33.NC_000001.CDS.228211784.228378795.fwd","Protein","obscurin isoform X6","Primates",9606,"9606.33","Homo sapiens",,"OBSCN","HPI","physical association","two hybrid pooling approach","experimental","20711500;13779","intact","intact:EBI-2804167;imex:IM-13779-777",
"RefSeq.177416.18.NC_006570.CDS.1358875.1360155.fwd","Protein","seryl-tRNA synthetase","Bacteria",177416,"177416.18","Francisella tularensis subsp. tularensis SCHU S4","FTT1330","serS","RefSeq.9606.33.NC_000006.CDS.33621603.33695780.fwd","Protein","inositol 1,4,5-trisphosphate receptor type 3","Primates",9606,"9606.33","Homo sapiens",,"ITPR3","HPI","physical association","two hybrid pooling approach","experimental","20711500;13779","intact","intact:EBI-2796506;imex:IM-13779-37",
"RefSeq.177416.18.NC_006570.CDS.763904.765892.fwd","Protein","lipoprotein","Bacteria",177416,"177416.18","Francisella tularensis subsp. tularensis SCHU S4","FTT0742",,"RefSeq.9606.33.NC_000002.CDS.196764563.196799611.rev","Protein","general transcription factor 3C polypeptide 3 isoform 1","Primates",9606,"9606.33","Homo sapiens",,"GTF3C3","HPI","physical association","two hybrid pooling approach","experimental","20711500;13779","intact","intact:EBI-2796946;imex:IM-13779-79",
"RefSeq.177416.18.NC_006570.CDS.317489.318646.rev","Protein","L-lactate dehydrogenase","Bacteria",177416,"177416.18","Francisella tularensis subsp. tularensis SCHU S4","FTT0303c","lldD","RefSeq.9606.33.NC_000004.CDS.48499422.48634410.rev","Protein","protein furry homolog-like isoform X4","Primates",9606,"9606.33","Homo sapiens",,"FRYL","HPI","physical association","two hybrid pooling approach","experimental","20711500;13779","intact","intact:EBI-2806729;imex:IM-13779-1064",
"RefSeq.177416.18.NC_006570.CDS.896395.896769.rev","Protein","hypothetical protein","Bacteria",177416,"177416.18","Francisella tularensis subsp. tularensis SCHU S4","FTT0887c",,"RefSeq.9606.33.NC_000001.CDS.232399127.232515339.rev","Protein","signal-induced proliferation-associated 1-like protein 2 isoform X1","Primates",9606,"9606.33","Homo sapiens",,"SIPA1L2","HPI","physical association","two hybrid pooling approach","experimental","20711500;13779","intact","intact:EBI-2797170;imex:IM-13779-101",
"fig|177416.18.peg.93","Protein","Aconitate hydratase (EC 4.2.1.3)","Bacteria",177416,"177416.18","Francisella tularensis subsp. tularensis SCHU S4","FTT0087","acnA","RefSeq.9606.33.NC_000001.CDS.182384405.182388737.rev","Protein","glutamine synthetase","Primates",9606,"9606.33","Homo sapiens",,"GLUL","HPI","physical association","two hybrid pooling approach","experimental","20711500;13779","intact","intact:EBI-2806558;imex:IM-13779-1044",
"RefSeq.177416.18.NC_006570.CDS.1802117.1805989.rev","Protein","phosphoribosylformylglycinamidine synthase","Bacteria",177416,"177416.18","Francisella tularensis subsp. tularensis SCHU S4","FTT1720c","purL","RefSeq.9606.33.NC_000004.CDS.110476415.110561558.fwd","Protein","glutamyl aminopeptidase","Primates",9606,"9606.33","Homo sapiens",,"ENPEP","HPI","physical association","two hybrid pooling approach","experimental","20711500;13779","intact","intact:EBI-2809058;imex:IM-13779-1325",
"fig|177416.18.peg.211","Protein","Peptide chain release factor 2 @ programmed frameshift-containing","Bacteria",177416,"177416.18","Francisella tularensis subsp. tularensis SCHU S4","FTT0191","prfB","RefSeq.9606.33.NC_000016.CDS.288122.355119.rev","Protein","axin-1 isoform X4","Primates",9606,"9606.33","Homo sapiens",,"AXIN1","HPI","physical association","two hybrid pooling approach","experimental","20711500;13779","intact","intact:EBI-2808642;imex:IM-13779-1281",
"RefSeq.177416.18.NC_006570.CDS.503406.504125.fwd","Protein","hypothetical protein","Bacteria",177416,"177416.18","Francisella tularensis subsp. tularensis SCHU S4","FTT0484",,"RefSeq.9606.33.NC_000002.CDS.111898736.112039363.fwd","Protein","tyrosine-protein kinase Mer isoform X1","Primates",9606,"9606.33","Homo sapiens",,"MERTK","HPI","physical association","two hybrid pooling approach","experimental","20711500;13779","intact","intact:EBI-2804927;imex:IM-13779-860",
"RefSeq.177416.18.NC_006570.CDS.734051.736333.fwd","Protein","chitinase family 18 protein","Bacteria",177416,"177416.18","Francisella tularensis subsp. tularensis SCHU S4","FTT0715",,"RefSeq.9606.33.NC_000022.CDS.29328821.29367243.rev","Protein","AP-1 complex subunit beta-1 isoform a","Primates",9606,"9606.33","Homo sapiens",,"AP1B1","HPI","physical association","two hybrid pooling approach","experimental","20711500;13779","intact","intact:EBI-2808923;imex:IM-13779-1312",
"RefSeq.177416.18.NC_006570.CDS.1463095.1464792.fwd","Protein","prolyl-tRNA synthetase","Bacteria",177416,"177416.18","Francisella tularensis subsp. tularensis SCHU S4","FTT1412","proS","RefSeq.9606.33.NC_000007.CDS.74689129.74758838.fwd","Protein","general transcription factor II-I isoform 4","Primates",9606,"9606.33","Homo sapiens",,"GTF2I","HPI","physical association","two hybrid pooling approach","experimental","20711500;13779","intact","intact:EBI-2806436;imex:IM-13779-1034",
"RefSeq.177416.18.NC_006570.CDS.1468948.1469373.rev","Protein","N utilisation substance protein B","Bacteria",177416,"177416.18","Francisella tularensis subsp. tularensis SCHU S4","FTT1418c","nusB","RefSeq.9606.33.NC_000012.CDS.31980956.31992535.fwd","Protein","uncharacterized protein KIAA1551 isoform X1","Primates",9606,"9606.33","Homo sapiens",,"KIAA1551","HPI","physical association","two hybrid pooling approach","experimental","20711500;13779","intact","intact:EBI-2807928;imex:IM-13779-1203",
"RefSeq.177416.18.NC_006570.CDS.851170.851991.fwd","Protein","CDP-alcohol phosphatidyltransferase","Bacteria",177416,"177416.18","Francisella tularensis subsp. tularensis SCHU S4","FTT0835",,"RefSeq.9606.33.NC_000015.CDS.44711547.44716342.fwd","Protein","beta-2-microglobulin precursor","Primates",9606,"9606.33","Homo sapiens",,"B2M","HPI","physical association","two hybrid pooling approach","experimental","20711500;13779","intact","intact:EBI-2808604;imex:IM-13779-1274",
"RefSeq.177416.18.NC_006570.CDS.1468948.1469373.rev","Protein","N utilisation substance protein B","Bacteria",177416,"177416.18","Francisella tularensis subsp. tularensis SCHU S4","FTT1418c","nusB","RefSeq.9606.33.NC_000014.CDS.81476972.81533744.rev","Protein","protein sel-1 homolog 1 isoform 1 precursor","Primates",9606,"9606.33","Homo sapiens",,"SEL1L","HPI","physical association","two hybrid pooling approach","experimental","20711500;13779","intact","intact:EBI-2801306;imex:IM-13779-508",
"RefSeq.177416.18.NC_006570.CDS.829948.830550.rev","Protein","recombination protein RecR","Bacteria",177416,"177416.18","Francisella tularensis subsp. tularensis SCHU S4","FTT0809c","recR","RefSeq.9606.33.NC_000001.CDS.46678461.46718087.rev","Protein","EF-hand calcium-binding domain-containing protein 14","Primates",9606,"9606.33","Homo sapiens",,"EFCAB14","HPI","physical association","two hybrid pooling approach","experimental","20711500;13779","intact","intact:EBI-2805640;imex:IM-13779-938",
"RefSeq.177416.18.NC_006570.CDS.907390.909411.rev","Protein","oligopeptidase A","Bacteria",177416,"177416.18","Francisella tularensis subsp. tularensis SCHU S4","FTT0899c","prlC","RefSeq.9606.33.NC_000004.CDS.70688678.70690117.fwd","Protein","something about silencing protein 10","Primates",9606,"9606.33","Homo sapiens",,"UTP3","HPI","physical association","two hybrid pooling approach","experimental","20711500;13779","intact","intact:EBI-2796261;imex:IM-13779-18",
"RefSeq.177416.18.NC_006570.CDS.1194341.1196158.fwd","Protein","GTP binding translational elongation factor Tu and G family protein","Bacteria",177416,"177416.18","Francisella tularensis subsp. tularensis SCHU S4","FTT1179","bipA","RefSeq.9606.33.NC_000001.CDS.40738844.40770828.fwd","Protein","nuclear transcription factor Y subunit gamma isoform 4","Primates",9606,"9606.33","Homo sapiens",,"NFYC","HPI","physical association","two hybrid pooling approach","experimental","20711500;13779","intact","intact:EBI-2804376;imex:IM-13779-799",
"RefSeq.177416.18.NC_006570.CDS.964146.965471.fwd","Protein","ATP-dependent RNA helicase RhlE","Bacteria",177416,"177416.18","Francisella tularensis subsp. tularensis SCHU S4","FTT0952","rhlE","RefSeq.9606.33.NC_000009.CDS.33442043.33447530.rev","Protein","aquaporin-3","Primates",9606,"9606.33","Homo sapiens",,"AQP3","HPI","physical association","two hybrid pooling approach","experimental","20711500;13779","intact","intact:EBI-2808863;imex:IM-13779-1304",
"RefSeq.177416.18.NC_006570.CDS.734051.736333.fwd","Protein","chitinase family 18 protein","Bacteria",177416,"177416.18","Francisella tularensis subsp. tularensis SCHU S4","FTT0715",,"RefSeq.9606.33.NC_000001.CDS.226064352.226071479.fwd","Protein","histone H3.3","Primates",9606,"9606.33","Homo sapiens",,"H3F3A","HPI","physical association","two hybrid pooling approach","experimental","20711500;13779","intact","intact:EBI-2806415;imex:IM-13779-1031",
"RefSeq.177416.18.NC_006570.CDS.422414.424336.rev","Protein","glycogen branching enzyme","Bacteria",177416,"177416.18","Francisella tularensis subsp. tularensis SCHU S4","FTT0413c","glgB","RefSeq.9606.33.NC_000010.CDS.73785879.73801776.fwd","Protein","zinc finger SWIM domain-containing protein 8 isoform 3","Primates",9606,"9606.33","Homo sapiens",,"ZSWIM8","HPI","physical association","two hybrid pooling approach","experimental","20711500;13779","intact","intact:EBI-2805594;imex:IM-13779-935",
"fig|177416.18.peg.30","Protein","Orn/DAP/Arg decarboxylase family protein","Bacteria",177416,"177416.18","Francisella tularensis subsp. tularensis SCHU S4","FTT0027c","lysA","RefSeq.9606.33.NC_000001.CDS.26239784.26277293.fwd","Protein","centrosomal protein of 85 kDa isoform 2","Primates",9606,"9606.33","Homo sapiens",,"CEP85","HPI","physical association","two hybrid pooling approach","experimental","20711500;13779","intact","intact:EBI-2808305;imex:IM-13779-1243",
"RefSeq.177416.18.NC_006570.CDS.1122309.1123187.rev","Protein","RNA polymerase factor sigma-32","Bacteria",177416,"177416.18","Francisella tularensis subsp. tularensis SCHU S4","FTT1112c","rpoH","RefSeq.9606.33.NC_000017.CDS.7572842.7578486.fwd","Protein","eukaryotic initiation factor 4A-I isoform 1","Primates",9606,"9606.33","Homo sapiens",,"EIF4A1","HPI","physical association","two hybrid pooling approach","experimental","20711500;13779","intact","intact:EBI-2805980;imex:IM-13779-978",
"fig|177416.18.peg.216","Protein","Glutamine synthetase type II, eukaryotic (EC 6.3.1.2)","Bacteria",177416,"177416.18","Francisella tularensis subsp. tularensis SCHU S4","FTT0196c","glnA","RefSeq.9606.33.NC_000012.CDS.15621317.15732763.rev","Protein","epidermal growth factor receptor kinase substrate 8 isoform X3","Primates",9606,"9606.33","Homo sapiens",,"EPS8","HPI","physical association","two hybrid pooling approach","experimental","20711500;13779","intact","intact:EBI-2798963;imex:IM-13779-266",
"RefSeq.177416.18.NC_006570.CDS.501331.502146.rev","Protein","lipoprotein","Bacteria",177416,"177416.18","Francisella tularensis subsp. tularensis SCHU S4","FTT0482c",,"RefSeq.9606.33.NC_000011.CDS.82824906.82900402.rev","Protein","lysosomal Pro-X carboxypeptidase isoform 2 preproprotein","Primates",9606,"9606.33","Homo sapiens",,"PRCP","HPI","physical association","two hybrid pooling approach","experimental","20711500;13779","intact","intact:EBI-2803889;imex:IM-13779-748",
"RefSeq.177416.18.NC_006570.CDS.970830.971618.rev","Protein","exodeoxyribonuclease III","Bacteria",177416,"177416.18","Francisella tularensis subsp. tularensis SCHU S4","FTT0959c","xthA","RefSeq.9606.33.NC_000011.CDS.60462375.60468468.fwd","Protein","B-lymphocyte antigen CD20","Primates",9606,"9606.33","Homo sapiens",,"MS4A1","HPI","physical association","two hybrid pooling approach","experimental","20711500;13779","intact","intact:EBI-2808241;imex:IM-13779-1236",
"RefSeq.177416.18.NC_006570.CDS.741201.743426.rev","Protein","peroxidase/catalase","Bacteria",177416,"177416.18","Francisella tularensis subsp. tularensis SCHU S4","FTT0721c","katG","RefSeq.9606.33.NC_000001.CDS.108746738.108808877.fwd","Protein","syntaxin-binding protein 3","Primates",9606,"9606.33","Homo sapiens",,"STXBP3","HPI","physical association","two hybrid pooling approach","experimental","20711500;13779","intact","intact:EBI-2803014;imex:IM-13779-665",
"fig|177416.18.peg.160","Protein","DNA-directed RNA polymerase beta subunit (EC 2.7.7.6)","Bacteria",177416,"177416.18","Francisella tularensis subsp. tularensis SCHU S4","FTT0144","rpoB","RefSeq.9606.33.NC_000010.CDS.17809466.17910465.fwd","Protein","macrophage mannose receptor 1 precursor","Primates",9606,"9606.33","Homo sapiens",,"MRC1","HPI","physical association","two hybrid pooling approach","experimental","20711500;13779","intact","intact:EBI-2809444;imex:IM-13779-1366",
"RefSeq.177416.18.NC_006570.CDS.1699487.1701988.fwd","Protein","cell division protein","Bacteria",177416,"177416.18","Francisella tularensis subsp. tularensis SCHU S4","FTT1635","ftsK","RefSeq.9606.33.NC_000011.CDS.64234834.64238377.fwd","Protein","vascular endothelial growth factor B isoform VEGFB-167 precursor","Primates",9606,"9606.33","Homo sapiens",,"VEGFB","HPI","physical association","two hybrid pooling approach","experimental","20711500;13779","intact","intact:EBI-2799903;imex:IM-13779-354",
"RefSeq.177416.18.NC_006570.CDS.1130086.1131189.rev","Protein","queuine tRNA-ribosyltransferase","Bacteria",177416,"177416.18","Francisella tularensis subsp. tularensis SCHU S4","FTT1120c","tgt","RefSeq.9606.33.NC_000009.CDS.136376356.136398428.rev","Protein","snRNA-activating protein complex subunit 4","Primates",9606,"9606.33","Homo sapiens",,"SNAPC4","HPI","physical association","two hybrid pooling approach","experimental","20711500;13779","intact","intact:EBI-2801090;imex:IM-13779-484",
"fig|177416.18.peg.80","Protein","Succinate dehydrogenase flavoprotein subunit (EC 1.3.5.1)","Bacteria",177416,"177416.18","Francisella tularensis subsp. tularensis SCHU S4","FTT0074","sdhA","RefSeq.9606.33.NC_000015.CDS.41838914.41847860.fwd","Protein","cytosolic phospholipase A2 beta","Primates",9606,"9606.33","Homo sapiens",,"PLA2G4B","HPI","physical association","two hybrid pooling approach","experimental","20711500;13779","intact","intact:EBI-2804052;imex:IM-13779-763",
"RefSeq.177416.18.NC_006570.CDS.1105418.1108015.rev","Protein","alanyl-tRNA synthetase","Bacteria",177416,"177416.18","Francisella tularensis subsp. tularensis SCHU S4","FTT1096c","alaS","RefSeq.9606.33.NC_000003.CDS.136338254.136630898.rev","Protein","cohesin subunit SA-1","Primates",9606,"9606.33","Homo sapiens",,"STAG1","HPI","physical association","two hybrid pooling approach","experimental","20711500;13779","intact","intact:EBI-2800863;imex:IM-13779-460",
"RefSeq.177416.18.NC_006570.CDS.280570.281886.fwd","Protein","ABC transporter, ATP-binding protein","Bacteria",177416,"177416.18","Francisella tularensis subsp. tularensis SCHU S4","FTT0266",,"RefSeq.9606.33.NC_000002.CDS.86720668.86773411.fwd","Protein","protein RMD5 homolog A","Primates",9606,"9606.33","Homo sapiens",,"RMND5A","HPI","physical association","two hybrid pooling approach","experimental","20711500;13779","intact","intact:EBI-2798002;imex:IM-13779-180",
"fig|177416.18.peg.92","Protein","TyrA protein","Bacteria",177416,"177416.18","Francisella tularensis subsp. tularensis SCHU S4","FTT0086",,"RefSeq.9606.33.NC_000016.CDS.21597256.21655432.fwd","Protein","methyltransferase-like protein 9 isoform 4","Primates",9606,"9606.33","Homo sapiens",,"METTL9","HPI","physical association","two hybrid pooling approach","experimental","20711500;13779","intact","intact:EBI-2804887;imex:IM-13779-856",
"RefSeq.177416.18.NC_006570.CDS.303853.304809.fwd","Protein","methanol dehydrogenase regulatory protein","Bacteria",177416,"177416.18","Francisella tularensis subsp. tularensis SCHU S4","FTT0290","moxR","RefSeq.9606.33.NC_000006.CDS.144291829.144850997.fwd","Protein","utrophin isoform X1","Primates",9606,"9606.33","Homo sapiens",,"UTRN","HPI","physical association","two hybrid pooling approach","experimental","20711500;13779","intact","intact:EBI-2796589;imex:IM-13779-45",
"RefSeq.177416.18.NC_006570.CDS.1243635.1246292.fwd","Protein","ribonuclease E","Bacteria",177416,"177416.18","Francisella tularensis subsp. tularensis SCHU S4","FTT1227","rne","RefSeq.9606.33.NC_000006.CDS.143428463.143450658.rev","Protein","tRNA-specific adenosine deaminase 2 isoform X2","Primates",9606,"9606.33","Homo sapiens",,"ADAT2","HPI","physical association","two hybrid pooling approach","experimental","20711500;13779","intact","intact:EBI-2809211;imex:IM-13779-1345",
"RefSeq.177416.18.NC_006570.CDS.907390.909411.rev","Protein","oligopeptidase A","Bacteria",177416,"177416.18","Francisella tularensis subsp. tularensis SCHU S4","FTT0899c","prlC","RefSeq.9606.33.NC_000016.CDS.4805236.4847331.rev","Protein","putative oxidoreductase GLYR1 isoform X4","Primates",9606,"9606.33","Homo sapiens",,"GLYR1","HPI","physical association","two hybrid pooling approach","experimental","20711500;13779","intact","intact:EBI-2804304;imex:IM-13779-792",
"RefSeq.177416.18.NC_006570.CDS.1444610.1447849.rev","Protein","exodeoxyribonuclease V gamma chain","Bacteria",177416,"177416.18","Francisella tularensis subsp. tularensis SCHU S4","FTT1397c","recC","RefSeq.9606.33.NC_000015.CDS.34981359.34983434.rev","Protein","zinc finger protein 770 isoform X1","Primates",9606,"9606.33","Homo sapiens",,"ZNF770","HPI","physical association","two hybrid pooling approach","experimental","20711500;13779","intact","intact:EBI-2799420;imex:IM-13779-308",
"RefSeq.177416.18.NC_006570.CDS.1812058.1813389.fwd","Protein","protease yegQ","Bacteria",177416,"177416.18","Francisella tularensis subsp. tularensis SCHU S4","FTT1726","yegQ","RefSeq.9606.33.NC_000003.CDS.142724560.142806235.fwd","Protein","short transient receptor potential channel 1 isoform 2","Primates",9606,"9606.33","Homo sapiens",,"TRPC1","HPI","physical association","two hybrid pooling approach","experimental","20711500;13779","intact","intact:EBI-2797650;imex:IM-13779-149",
"RefSeq.177416.18.NC_006570.CDS.938085.939380.fwd","Protein","glutamate-1-semialdehyde aminotransferase","Bacteria",177416,"177416.18","Francisella tularensis subsp. tularensis SCHU S4","FTT0927","hemL","RefSeq.9606.33.NC_000016.CDS.680526.682489.fwd","Protein","E3 ubiquitin-protein ligase CHIP isoform a","Primates",9606,"9606.33","Homo sapiens",,"STUB1","HPI","physical association","two hybrid pooling approach","experimental","20711500;13779","intact","intact:EBI-2797795;imex:IM-13779-161",
"RefSeq.177416.18.NC_006570.CDS.1802117.1805989.rev","Protein","phosphoribosylformylglycinamidine synthase","Bacteria",177416,"177416.18","Francisella tularensis subsp. tularensis SCHU S4","FTT1720c","purL","RefSeq.9606.33.NC_000013.CDS.48077139.48095078.rev","Protein","mediator of RNA polymerase II transcription subunit 4 isoform 1","Primates",9606,"9606.33","Homo sapiens",,"MED4","HPI","physical association","two hybrid pooling approach","experimental","20711500;13779","intact","intact:EBI-2804950;imex:IM-13779-861",
"RefSeq.177416.18.NC_006570.CDS.1340478.1342100.rev","Protein","glucose-6-phosphate isomerase","Bacteria",177416,"177416.18","Francisella tularensis subsp. tularensis SCHU S4","FTT1315c","pgi","RefSeq.9606.33.NC_000010.CDS.112950757.113165972.fwd","Protein","transcription factor 7-like 2 isoform X17","Primates",9606,"9606.33","Homo sapiens",,"TCF7L2","HPI","physical association","two hybrid pooling approach","experimental","20711500;13779","intact","intact:EBI-2797697;imex:IM-13779-151",
"RefSeq.177416.18.NC_006570.CDS.894174.895823.fwd","Protein","DNA repair protein recN","Bacteria",177416,"177416.18","Francisella tularensis subsp. tularensis SCHU S4","FTT0886",,"RefSeq.9606.33.NC_000001.CDS.32274330.32285716.fwd","Protein","tyrosine-protein kinase Lck isoform X2","Primates",9606,"9606.33","Homo sapiens",,"LCK","HPI","physical association","two hybrid pooling approach","experimental","20711500;13779","intact","intact:EBI-2805336;imex:IM-13779-904",
"RefSeq.177416.18.NC_006570.CDS.259569.260353.fwd","Protein","transposase","Bacteria",177416,"177416.18","Francisella tularensis subsp. tularensis SCHU S4","FTT0247","isftu1","RefSeq.9606.33.NC_000009.CDS.113460257.113596953.fwd","Protein","regulator of G-protein signaling 3 isoform 6","Primates",9606,"9606.33","Homo sapiens",,"RGS3","HPI","physical association","two hybrid pooling approach","experimental","20711500;13779","intact","intact:EBI-2801746;imex:IM-13779-553",
"RefSeq.177416.18.NC_006570.CDS.1814786.1816213.fwd","Protein","Na+/H+ antiporter","Bacteria",177416,"177416.18","Francisella tularensis subsp. tularensis SCHU S4","FTT1728","nhaD","RefSeq.9606.33.NC_000007.CDS.76302713.76304173.fwd","Protein","heat shock protein beta-1","Primates",9606,"9606.33","Homo sapiens",,"HSPB1","HPI","physical association","two hybrid pooling approach","experimental","20711500;13779","intact","intact:EBI-2806106;imex:IM-13779-990",
"RefSeq.177416.18.NC_006570.CDS.1105418.1108015.rev","Protein","alanyl-tRNA synthetase","Bacteria",177416,"177416.18","Francisella tularensis subsp. tularensis SCHU S4","FTT1096c","alaS","RefSeq.9606.33.NC_000016.CDS.2756365.2770867.fwd","Protein","serine/arginine repetitive matrix protein 2 isoform X1","Primates",9606,"9606.33","Homo sapiens",,"SRRM2","HPI","physical association","two hybrid pooling approach","experimental","20711500;13779","intact","intact:EBI-2800935;imex:IM-13779-469",
"RefSeq.177416.18.NC_006570.CDS.696601.697692.rev","Protein","GTP-dependent nucleic acid-binding protein EngD","Bacteria",177416,"177416.18","Francisella tularensis subsp. tularensis SCHU S4","FTT0679c",,"RefSeq.9606.33.NC_000011.CDS.66052385.66068745.fwd","Protein","splicing factor 3B subunit 2 isoform X2","Primates",9606,"9606.33","Homo sapiens",,"SF3B2","HPI","physical association","two hybrid pooling approach","experimental","20711500;13779","intact","intact:EBI-2801274;imex:IM-13779-506",
"RefSeq.177416.18.NC_006570.CDS.1431224.1433260.rev","Protein","DNA ligase","Bacteria",177416,"177416.18","Francisella tularensis subsp. tularensis SCHU S4","FTT1387c","ligN","RefSeq.9606.33.NC_000006.CDS.32579091.32589742.rev","Protein","major histocompatibility complex, class II, DR beta 1 precursor","Primates",9606,"9606.33","Homo sapiens",,"HLA-DRB1","HPI","physical association","two hybrid pooling approach","experimental","20711500;13779","intact","intact:EBI-2806380;imex:IM-13779-1023",
"RefSeq.177416.18.NC_006570.CDS.1413967.1415013.rev","Protein","glyceraldehyde-3-phosphate dehydrogenase","Bacteria",177416,"177416.18","Francisella tularensis subsp. tularensis SCHU S4","FTT1368c","gapA","RefSeq.9606.33.NC_000008.CDS.58561790.58581740.fwd","Protein","syntenin-1 isoform X1","Primates",9606,"9606.33","Homo sapiens",,"SDCBP","HPI","physical association","two hybrid pooling approach","experimental","20711500;13779","intact","intact:EBI-2801337;imex:IM-13779-510",
"RefSeq.177416.18.NC_006570.CDS.431479.432942.fwd","Protein","4-alpha-glucanotransferase","Bacteria",177416,"177416.18","Francisella tularensis subsp. tularensis SCHU S4","FTT0418","malQ","RefSeq.9606.33.NC_000012.CDS.52007020.52015199.fwd","Protein","general receptor for phosphoinositides 1-associated scaffold protein isoform 1","Primates",9606,"9606.33","Homo sapiens",,"GRASP","HPI","physical association","two hybrid pooling approach","experimental","20711500;13779","intact","intact:EBI-2806502;imex:IM-13779-1037",
"RefSeq.177416.18.NC_006570.CDS.1566662.1567588.rev","Protein","heat shock protein, hsp40","Bacteria",177416,"177416.18","Francisella tularensis subsp. tularensis SCHU S4","FTT1512c","dnaJ1","RefSeq.9606.33.NC_000019.CDS.34735038.34742097.fwd","Protein","zinc finger protein 181 isoform X4","Primates",9606,"9606.33","Homo sapiens",,"ZNF181","HPI","physical association","two hybrid pooling approach","experimental","20711500;13779","intact","intact:EBI-2799538;imex:IM-13779-319",
"RefSeq.177416.18.NC_006570.CDS.1421900.1422184.fwd","Protein","acyl carrier protein","Bacteria",177416,"177416.18","Francisella tularensis subsp. tularensis SCHU S4","FTT1376","acpP","RefSeq.9606.33.NC_000006.CDS.33420265.33451906.fwd","Protein","ras/Rap GTPase-activating protein SynGAP","Primates",9606,"9606.33","Homo sapiens",,"SYNGAP1","HPI","physical association","two hybrid pooling approach","experimental","20711500;13779","intact","intact:EBI-2800695;imex:IM-13779-440",
"RefSeq.177416.18.NC_006570.CDS.1802117.1805989.rev","Protein","phosphoribosylformylglycinamidine synthase","Bacteria",177416,"177416.18","Francisella tularensis subsp. tularensis SCHU S4","FTT1720c","purL","RefSeq.9606.33.NC_000009.CDS.114337054.114398536.rev","Protein","AT-hook-containing transcription factor isoform X8","Primates",9606,"9606.33","Homo sapiens",,"AKNA","HPI","physical association","two hybrid pooling approach","experimental","20711500;13779","intact","intact:EBI-2809141;imex:IM-13779-1338",
"RefSeq.177416.18.NC_006570.CDS.927667.929340.fwd","Protein","hypothetical protein","Bacteria",177416,"177416.18","Francisella tularensis subsp. tularensis SCHU S4","FTT0918",,"RefSeq.9606.33.NC_000001.CDS.149851114.149851506.fwd","Protein","histone H2A type 2-A","Primates",9606,"9606.33","Homo sapiens",,"HIST2H2AA4","HPI","physical association","two hybrid pooling approach","experimental","20711500;13779","intact","intact:EBI-2806422;imex:IM-13779-1029",
"RefSeq.177416.18.NC_006570.CDS.1218072.1219520.rev","Protein","exodeoxyribonuclease I","Bacteria",177416,"177416.18","Francisella tularensis subsp. tularensis SCHU S4","FTT1200c","sbcB","RefSeq.9606.33.NC_000002.CDS.197392303.197434999.rev","Protein","splicing factor 3B subunit 1 isoform 1","Primates",9606,"9606.33","Homo sapiens",,"SF3B1","HPI","physical association","two hybrid pooling approach","experimental","20711500;13779","intact","intact:EBI-2801281;imex:IM-13779-504",
"fig|177416.18.peg.23","Protein","Aspartyl-tRNA(Asn) amidotransferase subunit A (EC 6.3.5.6) @ Glutamyl-tRNA(Gln) amidotransferase subunit A (EC 6.3.5.7)","Bacteria",177416,"177416.18","Francisella tularensis subsp. tularensis SCHU S4","FTT0020","gatA","RefSeq.9606.33.NC_000023.CDS.118495972.118685807.fwd","Protein","dedicator of cytokinesis protein 11","Primates",9606,"9606.33","Homo sapiens",,"DOCK11","HPI","physical association","two hybrid pooling approach","experimental","20711500;13779","intact","intact:EBI-2796571;imex:IM-13779-42",
"fig|177416.18.peg.23","Protein","Aspartyl-tRNA(Asn) amidotransferase subunit A (EC 6.3.5.6) @ Glutamyl-tRNA(Gln) amidotransferase subunit A (EC 6.3.5.7)","Bacteria",177416,"177416.18","Francisella tularensis subsp. tularensis SCHU S4","FTT0020","gatA","RefSeq.9606.33.NC_000009.CDS.137039772.137045989.rev","Protein","neural proliferation differentiation and control protein 1 precursor","Primates",9606,"9606.33","Homo sapiens",,"NPDC1","HPI","physical association","two hybrid pooling approach","experimental","20711500;13779","intact","intact:EBI-2804285;imex:IM-13779-789",
"RefSeq.177416.18.NC_006570.CDS.237887.239431.fwd","Protein","acid phosphatase (precursor)","Bacteria",177416,"177416.18","Francisella tularensis subsp. tularensis SCHU S4","FTT0221","acpA","RefSeq.9606.33.NC_000002.CDS.27381599.27409422.rev","Protein","protein phosphatase 1G","Primates",9606,"9606.33","Homo sapiens",,"PPM1G","HPI","physical association","two hybrid pooling approach","experimental","20711500;13779","intact","intact:EBI-2803439;imex:IM-13779-702",
"RefSeq.177416.18.NC_006570.CDS.1442523.1443953.rev","Protein","ATP-dependent DNA helicase","Bacteria",177416,"177416.18","Francisella tularensis subsp. tularensis SCHU S4","FTT1395c",,"RefSeq.9606.33.NC_000012.CDS.47663505.47702840.rev","Protein","RNA polymerase II-associated protein 3 isoform 1","Primates",9606,"9606.33","Homo sapiens",,"RPAP3","HPI","physical association","two hybrid pooling approach","experimental","20711500;13779","intact","intact:EBI-2801581;imex:IM-13779-534",
"RefSeq.177416.18.NC_006570.CDS.1802117.1805989.rev","Protein","phosphoribosylformylglycinamidine synthase","Bacteria",177416,"177416.18","Francisella tularensis subsp. tularensis SCHU S4","FTT1720c","purL","RefSeq.9606.33.NC_000003.CDS.93874245.93973749.rev","Protein","vitamin K-dependent protein S isoform X1","Primates",9606,"9606.33","Homo sapiens",,"PROS1","HPI","physical association","two hybrid pooling approach","experimental","20711500;13779","intact","intact:EBI-2803388;imex:IM-13779-697",
"RefSeq.177416.18.NC_006570.CDS.970830.971618.rev","Protein","exodeoxyribonuclease III","Bacteria",177416,"177416.18","Francisella tularensis subsp. tularensis SCHU S4","FTT0959c","xthA","RefSeq.9606.33.NC_000004.CDS.6923390.7030392.fwd","Protein","TBC1 domain family member 14 isoform X5","Primates",9606,"9606.33","Homo sapiens",,"TBC1D14","HPI","physical association","two hybrid pooling approach","experimental","20711500;13779","intact","intact:EBI-2800576;imex:IM-13779-428",
"fig|177416.18.peg.160","Protein","DNA-directed RNA polymerase beta subunit (EC 2.7.7.6)","Bacteria",177416,"177416.18","Francisella tularensis subsp. tularensis SCHU S4","FTT0144","rpoB","RefSeq.9606.33.NC_000022.CDS.41367533.41395960.fwd","Protein","thyrotroph embryonic factor isoform 2","Primates",9606,"9606.33","Homo sapiens",,"TEF","HPI","physical association","two hybrid pooling approach","experimental","20711500;13779","intact","intact:EBI-2796964;imex:IM-13779-82",
"RefSeq.177416.18.NC_006570.CDS.741201.743426.rev","Protein","peroxidase/catalase","Bacteria",177416,"177416.18","Francisella tularensis subsp. tularensis SCHU S4","FTT0721c","katG","RefSeq.9606.33.NC_000001.CDS.209760040.209782148.fwd","Protein","TRAF3-interacting JNK-activating modulator isoform X1","Primates",9606,"9606.33","Homo sapiens",,"TRAF3IP3","HPI","physical association","two hybrid pooling approach","experimental","20711500;13779","intact","intact:EBI-2800624;imex:IM-13779-435",
"RefSeq.177416.18.NC_006570.CDS.1327750.1329084.rev","Protein","UDP-N-acetylglucosamine 1-carboxyvinyltransferase","Bacteria",177416,"177416.18","Francisella tularensis subsp. tularensis SCHU S4","FTT1305c","murA","RefSeq.9606.33.NC_000012.CDS.54280808.54284313.fwd","Protein","heterogeneous nuclear ribonucleoprotein A1 isoform a","Primates",9606,"9606.33","Homo sapiens",,"HNRNPA1","HPI","physical association","two hybrid pooling approach","experimental","20711500;13779","intact","intact:EBI-2801647;imex:IM-13779-542",
"RefSeq.177416.18.NC_006570.CDS.419168.422380.rev","Protein","pullulonase","Bacteria",177416,"177416.18","Francisella tularensis subsp. tularensis SCHU S4","FTT0412c","pulB","RefSeq.9606.33.NC_000015.CDS.89785349.89806583.rev","Protein","aminopeptidase N isoform X1","Primates",9606,"9606.33","Homo sapiens",,"ANPEP","HPI","physical association","two hybrid pooling approach","experimental","20711500;13779","intact","intact:EBI-2809046;imex:IM-13779-1328",
"RefSeq.177416.18.NC_006570.CDS.700879.702294.rev","Protein","soluble pyridine nucleotide transhydrogenase","Bacteria",177416,"177416.18","Francisella tularensis subsp. tularensis SCHU S4","FTT0684c","sthA","RefSeq.9606.33.NC_000011.CDS.67289461.67302332.fwd","Protein","ankyrin repeat domain-containing protein 13D","Primates",9606,"9606.33","Homo sapiens",,"ANKRD13D","HPI","physical association","two hybrid pooling approach","experimental","20711500;13779","intact","intact:EBI-2809034;imex:IM-13779-1326",
"RefSeq.177416.18.NC_006570.CDS.748995.750029.rev","Protein","glycerophosphoryl diester phosphodiesterase family protein","Bacteria",177416,"177416.18","Francisella tularensis subsp. tularensis SCHU S4","FTT0726c",,"RefSeq.9606.33.NC_000006.CDS.149749728.149810628.fwd","Protein","protein-L-isoaspartate(D-aspartate) O-methyltransferase isoform 5","Primates",9606,"9606.33","Homo sapiens",,"PCMT1","HPI","physical association","two hybrid pooling approach","experimental","20711500;13779","intact","intact:EBI-2803659;imex:IM-13779-724",
"fig|177416.18.peg.160","Protein","DNA-directed RNA polymerase beta subunit (EC 2.7.7.6)","Bacteria",177416,"177416.18","Francisella tularensis subsp. tularensis SCHU S4","FTT0144","rpoB","RefSeq.9606.33.NC_000003.CDS.9810007.9835489.fwd","Protein","tubulin monoglycylase TTLL3","Primates",9606,"9606.33","Homo sapiens",,"TTLL3","HPI","physical association","two hybrid pooling approach","experimental","20711500;13779","intact","intact:EBI-2802646;imex:IM-13779-634",
"RefSeq.177416.18.NC_006570.CDS.1415006.1416997.rev","Protein","transketolase","Bacteria",177416,"177416.18","Francisella tularensis subsp. tularensis SCHU S4","FTT1369c","tktA","RefSeq.9606.33.NC_000004.CDS.24527924.24584393.rev","Protein","putative pre-mRNA-splicing factor ATP-dependent RNA helicase DHX15","Primates",9606,"9606.33","Homo sapiens",,"DHX15","HPI","physical association","two hybrid pooling approach","experimental","20711500;13779","intact","intact:EBI-2799093;imex:IM-13779-278",
"fig|177416.18.peg.161","Protein","DNA-directed RNA polymerase beta' subunit (EC 2.7.7.6)","Bacteria",177416,"177416.18","Francisella tularensis subsp. tularensis SCHU S4","FTT0145","rpoC","RefSeq.9606.33.NC_000017.CDS.16032296.16194569.rev","Protein","nuclear receptor corepressor 1 isoform X2","Primates",9606,"9606.33","Homo sapiens",,"NCOR1","HPI","physical association","two hybrid pooling approach","experimental","20711500;13779","intact","intact:EBI-2804485;imex:IM-13779-814",
"RefSeq.177416.18.NC_006570.CDS.448884.449744.fwd","Protein","carbon-nitrogen hydrolase family protein","Bacteria",177416,"177416.18","Francisella tularensis subsp. tularensis SCHU S4","FTT0435",,"RefSeq.9606.33.NC_000001.CDS.23310454.23341008.rev","Protein","heterogeneous nuclear ribonucleoprotein R isoform X1","Primates",9606,"9606.33","Homo sapiens",,"HNRNPR","HPI","physical association","two hybrid pooling approach","experimental","20711500;13779","intact","intact:EBI-2806137;imex:IM-13779-994",
"RefSeq.177416.18.NC_006570.CDS.1566662.1567588.rev","Protein","heat shock protein, hsp40","Bacteria",177416,"177416.18","Francisella tularensis subsp. tularensis SCHU S4","FTT1512c","dnaJ1","RefSeq.9606.33.NC_000022.CDS.20708047.20858809.rev","Protein","phosphatidylinositol 4-kinase alpha isoform X2","Primates",9606,"9606.33","Homo sapiens",,"PI4KA","HPI","physical association","two hybrid pooling approach","experimental","20711500;13779","intact","intact:EBI-2803729;imex:IM-13779-730",
"RefSeq.177416.18.NC_006570.CDS.617635.618663.fwd","Protein","SIS domain-containing protein","Bacteria",177416,"177416.18","Francisella tularensis subsp. tularensis SCHU S4","FTT0599",,"RefSeq.9606.33.NC_000002.CDS.32023471.32039456.rev","Protein","protein dpy-30 homolog isoform X2","Primates",9606,"9606.33","Homo sapiens",,"DPY30","HPI","physical association","two hybrid pooling approach","experimental","20711500;13779","intact","intact:EBI-2799064;imex:IM-13779-273",
"RefSeq.177416.18.NC_006570.CDS.1444610.1447849.rev","Protein","exodeoxyribonuclease V gamma chain","Bacteria",177416,"177416.18","Francisella tularensis subsp. tularensis SCHU S4","FTT1397c","recC","RefSeq.9606.33.NC_000011.CDS.8694096.8776226.rev","Protein","suppression of tumorigenicity 5 protein isoform X4","Primates",9606,"9606.33","Homo sapiens",,"ST5","HPI","physical association","two hybrid pooling approach","experimental","20711500;13779","intact","intact:EBI-2800881;imex:IM-13779-464",
"RefSeq.177416.18.NC_006570.CDS.658005.659660.fwd","Protein","dihydroxy-acid dehydratase","Bacteria",177416,"177416.18","Francisella tularensis subsp. tularensis SCHU S4","FTT0640","ilvD","RefSeq.9606.33.NC_000016.CDS.31472189.31477576.fwd","Protein","transforming growth factor beta-1-induced transcript 1 protein isoform 1","Primates",9606,"9606.33","Homo sapiens",,"TGFB1I1","HPI","physical association","two hybrid pooling approach","experimental","20711500;13779","intact","intact:EBI-2800453;imex:IM-13779-414",
"RefSeq.177416.18.NC_006570.CDS.1059981.1061393.rev","Protein","sulfate adenylate transferase subunit 1","Bacteria",177416,"177416.18","Francisella tularensis subsp. tularensis SCHU S4","FTT1050c","cysN","RefSeq.9606.33.NC_000013.CDS.114235085.114272443.fwd","Protein","cell division cycle protein 16 homolog isoform X3","Primates",9606,"9606.33","Homo sapiens",,"CDC16","HPI","physical association","two hybrid pooling approach","experimental","20711500;13779","intact","intact:EBI-2808171;imex:IM-13779-1230",
"RefSeq.177416.18.NC_006570.CDS.1587238.1589478.fwd","Protein","acyl-CoA dehydrogenase","Bacteria",177416,"177416.18","Francisella tularensis subsp. tularensis SCHU S4","FTT1529","fadE","RefSeq.9606.33.NC_000002.CDS.171785237.171894214.rev","Protein","calcium-binding mitochondrial carrier protein Aralar1 isoform X2","Primates",9606,"9606.33","Homo sapiens",,"SLC25A12","HPI","physical association","two hybrid pooling approach","experimental","20711500;13779","intact","intact:EBI-2802072;imex:IM-13779-587",
"RefSeq.177416.18.NC_006570.CDS.1194341.1196158.fwd","Protein","GTP binding translational elongation factor Tu and G family protein","Bacteria",177416,"177416.18","Francisella tularensis subsp. tularensis SCHU S4","FTT1179","bipA","RefSeq.9606.33.NC_000002.CDS.88027784.88028563.rev","Protein","lysine-rich coiled-coil protein 1","Primates",9606,"9606.33","Homo sapiens",,"KRCC1","HPI","physical association","two hybrid pooling approach","experimental","20711500;13779","intact","intact:EBI-2805439;imex:IM-13779-917",
"RefSeq.177416.18.NC_006570.CDS.748995.750029.rev","Protein","glycerophosphoryl diester phosphodiesterase family protein","Bacteria",177416,"177416.18","Francisella tularensis subsp. tularensis SCHU S4","FTT0726c",,"RefSeq.9606.33.NC_000002.CDS.47783234.47806860.fwd","Protein","DNA mismatch repair protein Msh6 isoform 2","Primates",9606,"9606.33","Homo sapiens",,"MSH6","HPI","physical association","two hybrid pooling approach","experimental","20711500;13779","intact","intact:EBI-2804751;imex:IM-13779-843",
"RefSeq.177416.18.NC_006570.CDS.1640165.1640710.fwd","Protein","hypothetical protein","Bacteria",177416,"177416.18","Francisella tularensis subsp. tularensis SCHU S4","FTT1576",,"RefSeq.9606.33.NC_000019.CDS.47745560.47757005.fwd","Protein","glioma tumor suppressor candidate region gene 2 protein","Primates",9606,"9606.33","Homo sapiens",,"GLTSCR2","HPI","physical association","two hybrid pooling approach","experimental","20711500;13779","intact","intact:EBI-2806460;imex:IM-13779-1033",
"RefSeq.177416.18.NC_006570.CDS.1660712.1662169.fwd","Protein","hypothetical protein","Bacteria",177416,"177416.18","Francisella tularensis subsp. tularensis SCHU S4","FTT1597",,"RefSeq.9606.33.NC_000019.CDS.1986488.2015703.rev","Protein","BTB/POZ domain-containing protein 2","Primates",9606,"9606.33","Homo sapiens",,"BTBD2","HPI","physical association","two hybrid pooling approach","experimental","20711500;13779","intact","intact:EBI-2799239;imex:IM-13779-292",
"RefSeq.177416.18.NC_006570.CDS.1464938.1466068.fwd","Protein","aminotransferase","Bacteria",177416,"177416.18","Francisella tularensis subsp. tularensis SCHU S4","FTT1413",,"RefSeq.9606.33.NC_000008.CDS.123253325.123255946.rev","Protein","zinc fingers and homeoboxes protein 1","Primates",9606,"9606.33","Homo sapiens",,"ZHX1","HPI","physical association","two hybrid pooling approach","experimental","20711500;13779","intact","intact:EBI-2799598;imex:IM-13779-322",
"fig|177416.18.peg.161","Protein","DNA-directed RNA polymerase beta' subunit (EC 2.7.7.6)","Bacteria",177416,"177416.18","Francisella tularensis subsp. tularensis SCHU S4","FTT0145","rpoC","RefSeq.9606.33.NC_000013.CDS.112485993.112587980.rev","Protein","gamma-tubulin complex component 3 isoform 1","Primates",9606,"9606.33","Homo sapiens",,"TUBGCP3","HPI","physical association","two hybrid pooling approach","experimental","20711500;13779","intact","intact:EBI-2806636;imex:IM-13779-1054",
"RefSeq.177416.18.NC_006570.CDS.1415006.1416997.rev","Protein","transketolase","Bacteria",177416,"177416.18","Francisella tularensis subsp. tularensis SCHU S4","FTT1369c","tktA","RefSeq.9606.33.NC_000001.CDS.89007724.89020721.rev","Protein","guanylate-binding protein 3","Primates",9606,"9606.33","Homo sapiens",,"GBP3","HPI","physical association","two hybrid pooling approach","experimental","20711500;13779","intact","intact:EBI-2798928;imex:IM-13779-264",
"fig|177416.18.peg.160","Protein","DNA-directed RNA polymerase beta subunit (EC 2.7.7.6)","Bacteria",177416,"177416.18","Francisella tularensis subsp. tularensis SCHU S4","FTT0144","rpoB","RefSeq.9606.33.NC_000002.CDS.85539288.85543772.fwd","Protein","S-adenosylmethionine synthase isoform type-2","Primates",9606,"9606.33","Homo sapiens",,"MAT2A","HPI","physical association","two hybrid pooling approach","experimental","20711500;13779","intact","intact:EBI-2798714;imex:IM-13779-243",
"RefSeq.177416.18.NC_006570.CDS.741201.743426.rev","Protein","peroxidase/catalase","Bacteria",177416,"177416.18","Francisella tularensis subsp. tularensis SCHU S4","FTT0721c","katG","RefSeq.9606.33.NC_000004.CDS.168507577.168926385.fwd","Protein","palladin isoform X8","Primates",9606,"9606.33","Homo sapiens",,"PALLD","HPI","physical association","two hybrid pooling approach","experimental","20711500;13779","intact","intact:EBI-2803988;imex:IM-13779-757",
"RefSeq.177416.18.NC_006570.CDS.1802117.1805989.rev","Protein","phosphoribosylformylglycinamidine synthase","Bacteria",177416,"177416.18","Francisella tularensis subsp. tularensis SCHU S4","FTT1720c","purL","RefSeq.9606.33.NC_000019.CDS.57769843.57779796.fwd","Protein","zinc finger protein 586 isoform a","Primates",9606,"9606.33","Homo sapiens",,"ZNF586","HPI","physical association","two hybrid pooling approach","experimental","20711500;13779","intact","intact:EBI-2799483;imex:IM-13779-311",
"fig|177416.18.peg.130","Protein","Peptide chain release factor 3","Bacteria",177416,"177416.18","Francisella tularensis subsp. tularensis SCHU S4","FTT0118","prfC","RefSeq.9606.33.NC_000006.CDS.33065316.33073570.rev","Protein","HLA class II histocompatibility antigen, DP alpha 1 chain isoform X1","Primates",9606,"9606.33","Homo sapiens",,"HLA-DPA1","HPI","physical association","two hybrid pooling approach","experimental","20711500;13779","intact","intact:EBI-2802850;imex:IM-13779-651",
"RefSeq.177416.18.NC_006570.CDS.333520.334116.fwd","Protein","phosphatidylglycerophosphate synthetase","Bacteria",177416,"177416.18","Francisella tularensis subsp. tularensis SCHU S4","FTT0320","pgsA","RefSeq.9606.33.NC_000020.CDS.47622248.47653417.fwd","Protein","nuclear receptor coactivator 3 isoform b","Primates",9606,"9606.33","Homo sapiens",,"NCOA3","HPI","physical association","two hybrid pooling approach","experimental","20711500;13779","intact","intact:EBI-2798645;imex:IM-13779-236",
"RefSeq.177416.18.NC_006570.CDS.530402.532819.fwd","Protein","DNA gyrase subunit B","Bacteria",177416,"177416.18","Francisella tularensis subsp. tularensis SCHU S4","FTT0510","gyrB","RefSeq.9606.33.NC_000002.CDS.74530007.74532985.fwd","Protein","serine protease HTRA2, mitochondrial isoform 2","Primates",9606,"9606.33","Homo sapiens",,"HTRA2","HPI","physical association","two hybrid pooling approach","experimental","20711500;13779","intact","intact:EBI-2806085;imex:IM-13779-987",
"RefSeq.177416.18.NC_006570.CDS.818684.819346.fwd","Protein","haloacid dehalogenase-like hydrolase family protein","Bacteria",177416,"177416.18","Francisella tularensis subsp. tularensis SCHU S4","FTT0800",,"RefSeq.9606.33.NC_000007.CDS.127582014.127585182.rev","Protein","GRIP and coiled-coil domain-containing protein 1","Primates",9606,"9606.33","Homo sapiens",,"GCC1","HPI","physical association","two hybrid pooling approach","experimental","20711500;13779","intact","intact:EBI-2806650;imex:IM-13779-1057",
"RefSeq.177416.18.NC_006570.CDS.1463095.1464792.fwd","Protein","prolyl-tRNA synthetase","Bacteria",177416,"177416.18","Francisella tularensis subsp. tularensis SCHU S4","FTT1412","proS","RefSeq.9606.33.NC_000005.CDS.52788354.52952451.fwd","Protein","integrin alpha-1 precursor","Primates",9606,"9606.33","Homo sapiens",,"ITGA1","HPI","physical association","two hybrid pooling approach","experimental","20711500;13779","intact","intact:EBI-2805777;imex:IM-13779-954",
"fig|177416.18.peg.24","Protein","Aspartyl-tRNA(Asn) amidotransferase subunit B (EC 6.3.5.6) @ Glutamyl-tRNA(Gln) amidotransferase subunit B (EC 6.3.5.7)","Bacteria",177416,"177416.18","Francisella tularensis subsp. tularensis SCHU S4","FTT0021","gatB","RefSeq.9606.33.NC_000002.CDS.27326675.27356331.rev","Protein","general transcription factor 3C polypeptide 2 isoform X2","Primates",9606,"9606.33","Homo sapiens",,"GTF3C2","HPI","physical association","two hybrid pooling approach","experimental","20711500;13779","intact","intact:EBI-2800481;imex:IM-13779-419",
"fig|177416.18.peg.153","Protein","Translation elongation factor Tu","Bacteria",177416,"177416.18","Francisella tularensis subsp. tularensis SCHU S4","FTT0137","tufA","RefSeq.9606.33.NC_000005.CDS.150402240.150412749.rev","Protein","HLA class II histocompatibility antigen gamma chain isoform a","Primates",9606,"9606.33","Homo sapiens",,"CD74","HPI","physical association","two hybrid pooling approach","experimental","20711500;13779","intact","intact:EBI-2806320;imex:IM-13779-1015",
"RefSeq.177416.18.NC_006570.CDS.422414.424336.rev","Protein","glycogen branching enzyme","Bacteria",177416,"177416.18","Francisella tularensis subsp. tularensis SCHU S4","FTT0413c","glgB","RefSeq.9606.33.NC_000006.CDS.75602525.75715594.fwd","Protein","sentrin-specific protease 6 isoform X2","Primates",9606,"9606.33","Homo sapiens",,"SENP6","HPI","physical association","two hybrid pooling approach","experimental","20711500;13779","intact","intact:EBI-2797900;imex:IM-13779-172",
"RefSeq.177416.18.NC_006570.CDS.1614025.1616322.rev","Protein","ribonuclease R","Bacteria",177416,"177416.18","Francisella tularensis subsp. tularensis SCHU S4","FTT1553c","rnr","RefSeq.9606.33.NC_000004.CDS.112644470.112657327.fwd","Protein","la-related protein 7 isoform 2","Primates",9606,"9606.33","Homo sapiens",,"LARP7","HPI","physical association","two hybrid pooling approach","experimental","20711500;13779","intact","intact:EBI-2805382;imex:IM-13779-912",
"RefSeq.177416.18.NC_006570.CDS.1589551.1592247.fwd","Protein","fusion product of 3-hydroxacyl-CoA dehydrogenase and acyl-CoA-binding protein","Bacteria",177416,"177416.18","Francisella tularensis subsp. tularensis SCHU S4","FTT1530","fadB/acbP","RefSeq.9606.33.NC_000001.CDS.35269047.35419677.fwd","Protein","zinc finger MYM-type protein 4","Primates",9606,"9606.33","Homo sapiens",,"ZMYM4","HPI","physical association","two hybrid pooling approach","experimental","20711500;13779","intact","intact:EBI-2799554;imex:IM-13779-318",
"RefSeq.177416.18.NC_006570.CDS.1463095.1464792.fwd","Protein","prolyl-tRNA synthetase","Bacteria",177416,"177416.18","Francisella tularensis subsp. tularensis SCHU S4","FTT1412","proS","RefSeq.9606.33.NC_000001.CDS.87332016.87344796.fwd","Protein","LIM domain transcription factor LMO4","Primates",9606,"9606.33","Homo sapiens",,"LMO4","HPI","physical association","two hybrid pooling approach","experimental","20711500;13779","intact","intact:EBI-2798721;imex:IM-13779-245",
"RefSeq.177416.18.NC_006570.CDS.1243635.1246292.fwd","Protein","ribonuclease E","Bacteria",177416,"177416.18","Francisella tularensis subsp. tularensis SCHU S4","FTT1227","rne","RefSeq.9606.33.NC_000002.CDS.241316468.241350174.fwd","Protein","septin-2 isoform X3","Primates",9606,"9606.33","Homo sapiens",,"SEPT2","HPI","physical association","two hybrid pooling approach","experimental","20711500;13779","intact","intact:EBI-2797889;imex:IM-13779-169",
"RefSeq.177416.18.NC_006570.CDS.1812058.1813389.fwd","Protein","protease yegQ","Bacteria",177416,"177416.18","Francisella tularensis subsp. tularensis SCHU S4","FTT1726","yegQ","RefSeq.9606.33.NC_000007.CDS.55019278.55205617.fwd","Protein","epidermal growth factor receptor isoform a precursor","Primates",9606,"9606.33","Homo sapiens",,"EGFR","HPI","physical association","two hybrid pooling approach","experimental","20711500;13779","intact","intact:EBI-2807083;imex:IM-13779-1103",
"RefSeq.177416.18.NC_006570.CDS.1194341.1196158.fwd","Protein","GTP binding translational elongation factor Tu and G family protein","Bacteria",177416,"177416.18","Francisella tularensis subsp. tularensis SCHU S4","FTT1179","bipA","RefSeq.9606.33.NC_000001.CDS.51617111.51787789.fwd","Protein","oxysterol-binding protein-related protein 9 isoform b","Primates",9606,"9606.33","Homo sapiens",,"OSBPL9","HPI","physical association","two hybrid pooling approach","experimental","20711500;13779","intact","intact:EBI-2804093;imex:IM-13779-769",
"RefSeq.177416.18.NC_006570.CDS.1566662.1567588.rev","Protein","heat shock protein, hsp40","Bacteria",177416,"177416.18","Francisella tularensis subsp. tularensis SCHU S4","FTT1512c","dnaJ1","RefSeq.9606.33.NC_000005.CDS.150402240.150412749.rev","Protein","HLA class II histocompatibility antigen gamma chain isoform a","Primates",9606,"9606.33","Homo sapiens",,"CD74","HPI","physical association","two hybrid pooling approach","experimental","20711500;13779","intact","intact:EBI-2806281;imex:IM-13779-1010",
"RefSeq.177416.18.NC_006570.CDS.1431224.1433260.rev","Protein","DNA ligase","Bacteria",177416,"177416.18","Francisella tularensis subsp. tularensis SCHU S4","FTT1387c","ligN","RefSeq.9606.33.NC_000020.CDS.59864311.59922413.rev","Protein","synaptonemal complex protein 2 isoform X2","Primates",9606,"9606.33","Homo sapiens",,"SYCP2","HPI","physical association","two hybrid pooling approach","experimental","20711500;13779","intact","intact:EBI-2800712;imex:IM-13779-443",
"RefSeq.177416.18.NC_006570.CDS.585870.586520.fwd","Protein","hypothetical protein","Bacteria",177416,"177416.18","Francisella tularensis subsp. tularensis SCHU S4","FTT0568",,"RefSeq.9606.33.NC_000012.CDS.109932978.109996224.rev","Protein","ARF GTPase-activating protein GIT2 isoform 6","Primates",9606,"9606.33","Homo sapiens",,"GIT2","HPI","physical association","two hybrid pooling approach","experimental","20711500;13779","intact","intact:EBI-2806565;imex:IM-13779-1046",
"fig|177416.18.peg.212","Protein","Lysyl-tRNA synthetase (class II) (EC 6.1.1.6)","Bacteria",177416,"177416.18","Francisella tularensis subsp. tularensis SCHU S4","FTT0192","lysU","RefSeq.9606.33.NC_000009.CDS.36840529.37034031.rev","Protein","paired box protein Pax-5 isoform 4","Primates",9606,"9606.33","Homo sapiens",,"PAX5","HPI","physical association","two hybrid pooling approach","experimental","20711500;13779","intact","intact:EBI-2809229;imex:IM-13779-1348",
"RefSeq.177416.18.NC_006570.CDS.731244.732299.rev","Protein","L-threonine 3-dehydrogenase","Bacteria",177416,"177416.18","Francisella tularensis subsp. tularensis SCHU S4","FTT0713c","tdh","RefSeq.9606.33.NC_000004.CDS.53377839.53459528.fwd","Protein","pre-mRNA 3'-end-processing factor FIP1 isoform X12","Primates",9606,"9606.33","Homo sapiens",,"FIP1L1","HPI","physical association","two hybrid pooling approach","experimental","20711500;13779","intact","intact:EBI-2806766;imex:IM-13779-1068",
"RefSeq.177416.18.NC_006570.CDS.1812058.1813389.fwd","Protein","protease yegQ","Bacteria",177416,"177416.18","Francisella tularensis subsp. tularensis SCHU S4","FTT1726","yegQ","RefSeq.9606.33.NC_000005.CDS.150402240.150412749.rev","Protein","HLA class II histocompatibility antigen gamma chain isoform a","Primates",9606,"9606.33","Homo sapiens",,"CD74","HPI","physical association","two hybrid pooling approach","experimental","20711500;13779","intact","intact:EBI-2806302;imex:IM-13779-1014",
"RefSeq.177416.18.NC_006570.CDS.1802117.1805989.rev","Protein","phosphoribosylformylglycinamidine synthase","Bacteria",177416,"177416.18","Francisella tularensis subsp. tularensis SCHU S4","FTT1720c","purL","RefSeq.9606.33.NC_000013.CDS.114235085.114272443.fwd","Protein","cell division cycle protein 16 homolog isoform X3","Primates",9606,"9606.33","Homo sapiens",,"CDC16","HPI","physical association","two hybrid pooling approach","experimental","20711500;13779","intact","intact:EBI-2808182;imex:IM-13779-1228",
"RefSeq.177416.18.NC_006570.CDS.1802117.1805989.rev","Protein","phosphoribosylformylglycinamidine synthase","Bacteria",177416,"177416.18","Francisella tularensis subsp. tularensis SCHU S4","FTT1720c","purL","RefSeq.9606.33.NC_000019.CDS.35904569.35908228.rev","Protein","TYRO protein tyrosine kinase-binding protein isoform 1 precursor","Primates",9606,"9606.33","Homo sapiens",,"TYROBP","HPI","physical association","two hybrid pooling approach","experimental","20711500;13779","intact","intact:EBI-2799987;imex:IM-13779-363",
"RefSeq.177416.18.NC_006570.CDS.422414.424336.rev","Protein","glycogen branching enzyme","Bacteria",177416,"177416.18","Francisella tularensis subsp. tularensis SCHU S4","FTT0413c","glgB","RefSeq.9606.33.NC_000019.CDS.39406887.39408699.fwd","Protein","tristetraprolin","Primates",9606,"9606.33","Homo sapiens",,"ZFP36","HPI","physical association","two hybrid pooling approach","experimental","20711500;13779","intact","intact:EBI-2800056;imex:IM-13779-373",
"RefSeq.177416.18.NC_006570.CDS.1438798.1442451.rev","Protein","exodeoxyribonuclease V beta chain","Bacteria",177416,"177416.18","Francisella tularensis subsp. tularensis SCHU S4","FTT1394c","recB","RefSeq.9606.33.NC_000014.CDS.64521505.64531897.fwd","Protein","zinc finger and BTB domain-containing protein 1 isoform X1","Primates",9606,"9606.33","Homo sapiens",,"ZBTB1","HPI","physical association","two hybrid pooling approach","experimental","20711500;13779","intact","intact:EBI-2799666;imex:IM-13779-332",
"RefSeq.177416.18.NC_006570.CDS.1030281.1031828.rev","Protein","amino acid permease","Bacteria",177416,"177416.18","Francisella tularensis subsp. tularensis SCHU S4","FTT1020c",,"RefSeq.9606.33.NC_000019.CDS.53140308.53153747.rev","Protein","zinc finger protein 347 isoform X2","Primates",9606,"9606.33","Homo sapiens",,"ZNF347","HPI","physical association","two hybrid pooling approach","experimental","20711500;13779","intact","intact:EBI-2799502;imex:IM-13779-314",
"RefSeq.177416.18.NC_006570.CDS.1015114.1016127.rev","Protein","phenylalanyl-tRNA synthetase subunit alpha","Bacteria",177416,"177416.18","Francisella tularensis subsp. tularensis SCHU S4","FTT1003c","pheS","RefSeq.9606.33.NC_000002.CDS.85599076.85601948.rev","Protein","transmembrane protein 150A precursor","Primates",9606,"9606.33","Homo sapiens",,"TMEM150A","HPI","physical association","two hybrid pooling approach","experimental","20711500;13779","intact","intact:EBI-2799353;imex:IM-13779-302",
"fig|177416.18.peg.148","Protein","Glycerol-3-phosphate dehydrogenase (EC 1.1.5.3)","Bacteria",177416,"177416.18","Francisella tularensis subsp. tularensis SCHU S4","FTT0132","glpA","RefSeq.9606.33.NC_000022.CDS.32475003.32498530.fwd","Protein","F-box only protein 7 isoform 1","Primates",9606,"9606.33","Homo sapiens",,"FBXO7","HPI","physical association","two hybrid pooling approach","experimental","20711500;13779","intact","intact:EBI-2806879;imex:IM-13779-1081",
"RefSeq.177416.18.NC_006570.CDS.1087317.1088591.fwd","Protein","transcription regulator","Bacteria",177416,"177416.18","Francisella tularensis subsp. tularensis SCHU S4","FTT1076","hipA","RefSeq.9606.33.NC_000019.CDS.14724186.14776756.rev","Protein","EGF-like module-containing mucin-like hormone receptor-like 2 isoform X3","Primates",9606,"9606.33","Homo sapiens",,"ADGRE2","HPI","physical association","two hybrid pooling approach","experimental","20711500;13779","intact","intact:EBI-2809531;imex:IM-13779-1372",
"RefSeq.177416.18.NC_006570.CDS.1730263.1733547.fwd","Protein","carbamoyl phosphate synthase large subunit","Bacteria",177416,"177416.18","Francisella tularensis subsp. tularensis SCHU S4","FTT1664","carB","RefSeq.9606.33.NC_000017.CDS.63698552.63699298.rev","Protein","LIM domain-containing protein 2 isoform X1","Primates",9606,"9606.33","Homo sapiens",,"LIMD2","HPI","physical association","two hybrid pooling approach","experimental","20711500;13779","intact","intact:EBI-2805297;imex:IM-13779-901",
"RefSeq.177416.18.NC_006570.CDS.1857772.1860351.rev","Protein","ClpB protein","Bacteria",177416,"177416.18","Francisella tularensis subsp. tularensis SCHU S4","FTT1769c","clpB","RefSeq.9606.33.NC_000021.CDS.37087258.37201574.fwd","Protein","E3 ubiquitin-protein ligase TTC3","Primates",9606,"9606.33","Homo sapiens",,"TTC3","HPI","physical association","two hybrid pooling approach","experimental","20711500;13779","intact","intact:EBI-2800063;imex:IM-13779-371",
"RefSeq.177416.18.NC_006570.CDS.967478.968839.rev","Protein","glutathione reductase","Bacteria",177416,"177416.18","Francisella tularensis subsp. tularensis SCHU S4","FTT0955c","gor","RefSeq.9606.33.NC_000015.CDS.60347630.60397913.rev","Protein","annexin A2 isoform 1","Primates",9606,"9606.33","Homo sapiens",,"ANXA2","HPI","physical association","two hybrid pooling approach","experimental","20711500;13779","intact","intact:EBI-2808959;imex:IM-13779-1318",
"RefSeq.177416.18.NC_006570.CDS.317489.318646.rev","Protein","L-lactate dehydrogenase","Bacteria",177416,"177416.18","Francisella tularensis subsp. tularensis SCHU S4","FTT0303c","lldD","RefSeq.9606.33.NC_000011.CDS.3001114.3057367.rev","Protein","cysteine--tRNA ligase, cytoplasmic isoform c","Primates",9606,"9606.33","Homo sapiens",,"CARS","HPI","physical association","two hybrid pooling approach","experimental","20711500;13779","intact","intact:EBI-2797762;imex:IM-13779-157",
"fig|177416.18.peg.185","Protein","Peptide chain release factor 1","Bacteria",177416,"177416.18","Francisella tularensis subsp. tularensis SCHU S4","FTT0168","prfA","RefSeq.9606.33.NC_000006.CDS.43076489.43160881.fwd","Protein","inactive tyrosine-protein kinase 7 isoform c precursor","Primates",9606,"9606.33","Homo sapiens",,"PTK7","HPI","physical association","two hybrid pooling approach","experimental","20711500;13779","intact","intact:EBI-2803242;imex:IM-13779-683",
"RefSeq.177416.18.NC_006570.CDS.644647.646971.fwd","Protein","DNA-binding, ATP-dependent protease La","Bacteria",177416,"177416.18","Francisella tularensis subsp. tularensis SCHU S4","FTT0626","lon","RefSeq.9606.33.NC_000012.CDS.123472538.123533482.rev","Protein","RILP-like protein 1 isoform X1","Primates",9606,"9606.33","Homo sapiens",,"RILPL1","HPI","physical association","two hybrid pooling approach","experimental","20711500;13779","intact","intact:EBI-2797116;imex:IM-13779-98",
"RefSeq.177416.18.NC_006570.CDS.1601863.1603293.rev","Protein","hypothetical protein","Bacteria",177416,"177416.18","Francisella tularensis subsp. tularensis SCHU S4","FTT1539c",,"RefSeq.9606.33.NC_000006.CDS.36028158.36108447.fwd","Protein","mitogen-activated protein kinase 14 isoform 1","Primates",9606,"9606.33","Homo sapiens",,"MAPK14","HPI","physical association","two hybrid pooling approach","experimental","20711500;13779","intact","intact:EBI-2804817;imex:IM-13779-849",
"RefSeq.177416.18.NC_006570.CDS.387934.388977.fwd","Protein","bifunctional nicotinamide mononucleotide adenylyltransferase/ADP-ribose pyrophosphatase","Bacteria",177416,"177416.18","Francisella tularensis subsp. tularensis SCHU S4","FTT0386","nadM","RefSeq.9606.33.NC_000002.CDS.85539288.85543772.fwd","Protein","S-adenosylmethionine synthase isoform type-2","Primates",9606,"9606.33","Homo sapiens",,"MAT2A","HPI","physical association","two hybrid pooling approach","experimental","20711500;13779","intact","intact:EBI-2804894;imex:IM-13779-859",
"RefSeq.177416.18.NC_006570.CDS.1030281.1031828.rev","Protein","amino acid permease","Bacteria",177416,"177416.18","Francisella tularensis subsp. tularensis SCHU S4","FTT1020c",,"RefSeq.9606.33.NC_000023.CDS.15244506.15269874.rev","Protein","ankyrin repeat and SOCS box protein 9 isoform 1","Primates",9606,"9606.33","Homo sapiens",,"ASB9","HPI","physical association","two hybrid pooling approach","experimental","20711500;13779","intact","intact:EBI-2808729;imex:IM-13779-1291",
"RefSeq.177416.18.NC_006570.CDS.335152.337266.fwd","Protein","elongation factor G","Bacteria",177416,"177416.18","Francisella tularensis subsp. tularensis SCHU S4","FTT0323","fusA","RefSeq.9606.33.NC_000016.CDS.31713433.31759376.fwd","Protein","putative protein ZNF720","Primates",9606,"9606.33","Homo sapiens",,"ZNF720","HPI","physical association","two hybrid pooling approach","experimental","20711500;13779","intact","intact:EBI-2802707;imex:IM-13779-636",
"RefSeq.177416.18.NC_006570.CDS.1536259.1538940.rev","Protein","pyruvate dehydrogenase subunit E1","Bacteria",177416,"177416.18","Francisella tularensis subsp. tularensis SCHU S4","FTT1485c","aceE","RefSeq.9606.33.NC_000002.CDS.197392303.197434999.rev","Protein","splicing factor 3B subunit 1 isoform 1","Primates",9606,"9606.33","Homo sapiens",,"SF3B1","HPI","physical association","two hybrid pooling approach","experimental","20711500;13779","intact","intact:EBI-2801288;imex:IM-13779-507",
"RefSeq.177416.18.NC_006570.CDS.1122309.1123187.rev","Protein","RNA polymerase factor sigma-32","Bacteria",177416,"177416.18","Francisella tularensis subsp. tularensis SCHU S4","FTT1112c","rpoH","RefSeq.9606.33.NC_000002.CDS.213284484.214410315.fwd","Protein","sperm-associated antigen 16 protein isoform X7","Primates",9606,"9606.33","Homo sapiens",,"SPAG16","HPI","physical association","two hybrid pooling approach","experimental","20711500;13779","intact","intact:EBI-2801008;imex:IM-13779-476",
"RefSeq.177416.18.NC_006570.CDS.1030281.1031828.rev","Protein","amino acid permease","Bacteria",177416,"177416.18","Francisella tularensis subsp. tularensis SCHU S4","FTT1020c",,"RefSeq.9606.33.NC_000003.CDS.52495414.52524356.fwd","Protein","stabilin-1 isoform X3","Primates",9606,"9606.33","Homo sapiens",,"STAB1","HPI","physical association","two hybrid pooling approach","experimental","20711500;13779","intact","intact:EBI-2797812;imex:IM-13779-162",
"RefSeq.177416.18.NC_006570.CDS.1293445.1294611.fwd","Protein","membrane-bound lytic murein transglycosylase A (MLT) family protein","Bacteria",177416,"177416.18","Francisella tularensis subsp. tularensis SCHU S4","FTT1271","mltA","RefSeq.9606.33.NC_000004.CDS.102510933.102616594.fwd","Protein","nuclear factor NF-kappa-B p105 subunit isoform X2","Primates",9606,"9606.33","Homo sapiens",,"NFKB1","HPI","physical association","two hybrid pooling approach","experimental","20711500;13779","intact","intact:EBI-2804408;imex:IM-13779-803",
"fig|177416.18.peg.153","Protein","Translation elongation factor Tu","Bacteria",177416,"177416.18","Francisella tularensis subsp. tularensis SCHU S4","FTT0137","tufA","RefSeq.9606.33.NC_000005.CDS.150004853.150052192.fwd","Protein","HMG domain-containing protein 3 isoform X2","Primates",9606,"9606.33","Homo sapiens",,"HMGXB3","HPI","physical association","two hybrid pooling approach","experimental","20711500;13779","intact","intact:EBI-2802966;imex:IM-13779-661",
"fig|177416.18.peg.92","Protein","TyrA protein","Bacteria",177416,"177416.18","Francisella tularensis subsp. tularensis SCHU S4","FTT0086",,"RefSeq.9606.33.NC_000012.CDS.76048429.76074255.rev","Protein","nucleosome assembly protein 1-like 1 isoform X2","Primates",9606,"9606.33","Homo sapiens",,"NAP1L1","HPI","physical association","two hybrid pooling approach","experimental","20711500;13779","intact","intact:EBI-2804318;imex:IM-13779-793",
"RefSeq.177416.18.NC_006570.CDS.501331.502146.rev","Protein","lipoprotein","Bacteria",177416,"177416.18","Francisella tularensis subsp. tularensis SCHU S4","FTT0482c",,"RefSeq.9606.33.NC_000012.CDS.123584637.123596729.fwd","Protein","transmembrane emp24 domain-containing protein 2 precursor","Primates",9606,"9606.33","Homo sapiens",,"TMED2","HPI","physical association","two hybrid pooling approach","experimental","20711500;13779","intact","intact:EBI-2800316;imex:IM-13779-401",
"RefSeq.177416.18.NC_006570.CDS.371289.372470.rev","Protein","FolC bifunctional protein","Bacteria",177416,"177416.18","Francisella tularensis subsp. tularensis SCHU S4","FTT0371c","folC","RefSeq.9606.33.NC_000013.CDS.113297435.113322421.fwd","Protein","lysosome-associated membrane glycoprotein 1 isoform X2","Primates",9606,"9606.33","Homo sapiens",,"LAMP1","HPI","physical association","two hybrid pooling approach","experimental","20711500;13779","intact","intact:EBI-2805415;imex:IM-13779-911",
"RefSeq.177416.18.NC_006570.CDS.1528572.1529720.fwd","Protein","galactokinase","Bacteria",177416,"177416.18","Francisella tularensis subsp. tularensis SCHU S4","FTT1476","galK","RefSeq.9606.33.NC_000015.CDS.44711547.44716342.fwd","Protein","beta-2-microglobulin precursor","Primates",9606,"9606.33","Homo sapiens",,"B2M","HPI","physical association","two hybrid pooling approach","experimental","20711500;13779","intact","intact:EBI-2797478;imex:IM-13779-131",
"RefSeq.177416.18.NC_006570.CDS.894174.895823.fwd","Protein","DNA repair protein recN","Bacteria",177416,"177416.18","Francisella tularensis subsp. tularensis SCHU S4","FTT0886",,"RefSeq.9606.33.NC_000017.CDS.9917228.10198390.rev","Protein","growth arrest-specific protein 7 isoform c","Primates",9606,"9606.33","Homo sapiens",,"GAS7","HPI","physical association","two hybrid pooling approach","experimental","20711500;13779","intact","intact:EBI-2798935;imex:IM-13779-263",
"RefSeq.177416.18.NC_006570.CDS.317489.318646.rev","Protein","L-lactate dehydrogenase","Bacteria",177416,"177416.18","Francisella tularensis subsp. tularensis SCHU S4","FTT0303c","lldD","RefSeq.9606.33.NC_000011.CDS.46744023.46821231.rev","Protein","cytoskeleton-associated protein 5 isoform a","Primates",9606,"9606.33","Homo sapiens",,"CKAP5","HPI","physical association","two hybrid pooling approach","experimental","20711500;13779","intact","intact:EBI-2807971;imex:IM-13779-1208",
"RefSeq.177416.18.NC_006570.CDS.570847.572343.fwd","Protein","aldehyde dehydrogenase","Bacteria",177416,"177416.18","Francisella tularensis subsp. tularensis SCHU S4","FTT0552",,"RefSeq.9606.33.NC_000019.CDS.47673575.47702415.fwd","Protein","glioma tumor suppressor candidate region gene 1 protein isoform X4","Primates",9606,"9606.33","Homo sapiens",,"GLTSCR1","HPI","physical association","two hybrid pooling approach","experimental","20711500;13779","intact","intact:EBI-2806467;imex:IM-13779-1038",
"RefSeq.177416.18.NC_006570.CDS.1089909.1090169.rev","Protein","hypothetical protein","Bacteria",177416,"177416.18","Francisella tularensis subsp. tularensis SCHU S4","FTT1079c",,"RefSeq.9606.33.NC_000009.CDS.137619029.137834953.fwd","Protein","histone-lysine N-methyltransferase EHMT1 isoform 1","Primates",9606,"9606.33","Homo sapiens",,"EHMT1","HPI","physical association","two hybrid pooling approach","experimental","20711500;13779","intact","intact:EBI-2807076;imex:IM-13779-1099",
"RefSeq.177416.18.NC_006570.CDS.335152.337266.fwd","Protein","elongation factor G","Bacteria",177416,"177416.18","Francisella tularensis subsp. tularensis SCHU S4","FTT0323","fusA","RefSeq.9606.33.NC_000005.CDS.151663571.151676188.rev","Protein","SPARC precursor","Primates",9606,"9606.33","Homo sapiens",,"SPARC","HPI","physical association","two hybrid pooling approach","experimental","20711500;13779","intact","intact:EBI-2800980;imex:IM-13779-474",
"RefSeq.177416.18.NC_006570.CDS.312389.315148.fwd","Protein","valyl-tRNA synthetase","Bacteria",177416,"177416.18","Francisella tularensis subsp. tularensis SCHU S4","FTT0299","valS","RefSeq.9606.33.NC_000006.CDS.11185162.11306003.rev","Protein","enhancer of filamentation 1 isoform 3","Primates",9606,"9606.33","Homo sapiens",,"NEDD9","HPI","physical association","two hybrid pooling approach","experimental","20711500;13779","intact","intact:EBI-2808363;imex:IM-13779-1248",
"RefSeq.177416.18.NC_006570.CDS.1415006.1416997.rev","Protein","transketolase","Bacteria",177416,"177416.18","Francisella tularensis subsp. tularensis SCHU S4","FTT1369c","tktA","RefSeq.9606.33.NC_000005.CDS.181236977.181243800.rev","Protein","guanine nucleotide-binding protein subunit beta-2-like 1","Primates",9606,"9606.33","Homo sapiens",,"GNB2L1","HPI","physical association","two hybrid pooling approach","experimental","20711500;13779","intact","intact:EBI-2806657;imex:IM-13779-1056",
"RefSeq.177416.18.NC_006570.CDS.371289.372470.rev","Protein","FolC bifunctional protein","Bacteria",177416,"177416.18","Francisella tularensis subsp. tularensis SCHU S4","FTT0371c","folC","RefSeq.9606.33.NC_000006.CDS.26405564.26413692.fwd","Protein","butyrophilin subfamily 3 member A1 isoform X4","Primates",9606,"9606.33","Homo sapiens",,"BTN3A1","HPI","physical association","two hybrid pooling approach","experimental","20711500;13779","intact","intact:EBI-2809320;imex:IM-13779-1355",
"fig|177416.18.peg.225","Protein","IMP cyclohydrolase (EC 3.5.4.10) / Phosphoribosylaminoimidazolecarboxamide formyltransferase (EC 2.1.2.3)","Bacteria",177416,"177416.18","Francisella tularensis subsp. tularensis SCHU S4","FTT0203c","purH","RefSeq.9606.33.NC_000003.CDS.126343727.126357106.rev","Protein","Krueppel-like factor 15 isoform X2","Primates",9606,"9606.33","Homo sapiens",,"KLF15","HPI","physical association","two hybrid pooling approach","experimental","20711500;13779","intact","intact:EBI-2796404;imex:IM-13779-30",
"RefSeq.177416.18.NC_006570.CDS.835101.837005.fwd","Protein","threonyl-tRNA synthetase","Bacteria",177416,"177416.18","Francisella tularensis subsp. tularensis SCHU S4","FTT0817","thrS","RefSeq.9606.33.NC_000017.CDS.81189769.81220056.rev","Protein","centrosomal protein of 131 kDa isoform X1","Primates",9606,"9606.33","Homo sapiens",,"CEP131","HPI","physical association","two hybrid pooling approach","experimental","20711500;13779","intact","intact:EBI-2796120;imex:IM-13779-8",
"RefSeq.177416.18.NC_006570.CDS.692008.692976.fwd","Protein","ribose-phosphate pyrophosphokinase","Bacteria",177416,"177416.18","Francisella tularensis subsp. tularensis SCHU S4","FTT0674","prsA","RefSeq.9606.33.NC_000013.CDS.106543996.106567919.rev","Protein","arginine and glutamate-rich protein 1","Primates",9606,"9606.33","Homo sapiens",,"ARGLU1","HPI","physical association","two hybrid pooling approach","experimental","20711500;13779","intact","intact:EBI-2808791;imex:IM-13779-1297",
"RefSeq.177416.18.NC_006570.CDS.1802117.1805989.rev","Protein","phosphoribosylformylglycinamidine synthase","Bacteria",177416,"177416.18","Francisella tularensis subsp. tularensis SCHU S4","FTT1720c","purL","RefSeq.9606.33.NC_000004.CDS.119298779.119304445.rev","Protein","uncharacterized protein C4orf3 isoform 1","Primates",9606,"9606.33","Homo sapiens",,"C4orf3","HPI","physical association","two hybrid pooling approach","experimental","20711500;13779","intact","intact:EBI-2802111;imex:IM-13779-588",
"fig|177416.18.peg.93","Protein","Aconitate hydratase (EC 4.2.1.3)","Bacteria",177416,"177416.18","Francisella tularensis subsp. tularensis SCHU S4","FTT0087","acnA","RefSeq.9606.33.NC_000002.CDS.105361283.105399096.rev","Protein","four and a half LIM domains protein 2 isoform X2","Primates",9606,"9606.33","Homo sapiens",,"FHL2","HPI","physical association","two hybrid pooling approach","experimental","20711500;13779","intact","intact:EBI-2806801;imex:IM-13779-1074",
"RefSeq.177416.18.NC_006570.CDS.1833415.1835112.rev","Protein","indolepyruvate decarboxylase","Bacteria",177416,"177416.18","Francisella tularensis subsp. tularensis SCHU S4","FTT1744c","ipdC","RefSeq.9606.33.NC_000001.CDS.22078479.22091517.fwd","Protein","cell division control protein 42 homolog isoform 1 precursor","Primates",9606,"9606.33","Homo sapiens",,"CDC42","HPI","physical association","two hybrid pooling approach","experimental","20711500;13779","intact","intact:EBI-2808157;imex:IM-13779-1229",
"fig|177416.18.peg.118","Protein","Probable Co/Zn/Cd efflux system membrane fusion protein","Bacteria",177416,"177416.18","Francisella tularensis subsp. tularensis SCHU S4","FTT0106c",,"RefSeq.9606.33.NC_000003.CDS.180912686.180976292.fwd","Protein","fragile X mental retardation syndrome-related protein 1 isoform X4","Primates",9606,"9606.33","Homo sapiens",,"FXR1","HPI","physical association","two hybrid pooling approach","experimental","20711500;13779","intact","intact:EBI-2806703;imex:IM-13779-1063",
"RefSeq.177416.18.NC_006570.CDS.1194341.1196158.fwd","Protein","GTP binding translational elongation factor Tu and G family protein","Bacteria",177416,"177416.18","Francisella tularensis subsp. tularensis SCHU S4","FTT1179","bipA","RefSeq.9606.33.NC_000007.CDS.106091805.106112529.rev","Protein","synaptophysin-like protein 1 isoform a","Primates",9606,"9606.33","Homo sapiens",,"SYPL1","HPI","physical association","two hybrid pooling approach","experimental","20711500;13779","intact","intact:EBI-2800688;imex:IM-13779-442",
"fig|177416.18.peg.216","Protein","Glutamine synthetase type II, eukaryotic (EC 6.3.1.2)","Bacteria",177416,"177416.18","Francisella tularensis subsp. tularensis SCHU S4","FTT0196c","glnA","RefSeq.9606.33.NC_000012.CDS.14787065.14801383.rev","Protein","WW domain-binding protein 11","Primates",9606,"9606.33","Homo sapiens",,"WBP11","HPI","physical association","two hybrid pooling approach","experimental","20711500;13779","intact","intact:EBI-2797604;imex:IM-13779-141",
"RefSeq.177416.18.NC_006570.CDS.658005.659660.fwd","Protein","dihydroxy-acid dehydratase","Bacteria",177416,"177416.18","Francisella tularensis subsp. tularensis SCHU S4","FTT0640","ilvD","RefSeq.9606.33.NC_000012.CDS.56712538.56724521.rev","Protein","nascent polypeptide-associated complex subunit alpha isoform X3","Primates",9606,"9606.33","Homo sapiens",,"NACA","HPI","physical association","two hybrid pooling approach","experimental","20711500;13779","intact","intact:EBI-2804562;imex:IM-13779-820",
"RefSeq.177416.18.NC_006570.CDS.927667.929340.fwd","Protein","hypothetical protein","Bacteria",177416,"177416.18","Francisella tularensis subsp. tularensis SCHU S4","FTT0918",,"RefSeq.9606.33.NC_000001.CDS.246591563.246665905.fwd","Protein","consortin isoform X1","Primates",9606,"9606.33","Homo sapiens",,"CNST","HPI","physical association","two hybrid pooling approach","experimental","20711500;13779","intact","intact:EBI-2796426;imex:IM-13779-32",
"RefSeq.177416.18.NC_006570.CDS.788288.791008.fwd","Protein","preprotein translocase subunit SecA","Bacteria",177416,"177416.18","Francisella tularensis subsp. tularensis SCHU S4","FTT0769","secA","RefSeq.9606.33.NC_000019.CDS.44217793.44236830.fwd","Protein","zinc finger protein 227 isoform X1","Primates",9606,"9606.33","Homo sapiens",,"ZNF227","HPI","physical association","two hybrid pooling approach","experimental","20711500;13779","intact","intact:EBI-2799526;imex:IM-13779-315",
"RefSeq.177416.18.NC_006570.CDS.1556757.1557974.fwd","Protein","aromatic amino acid HAAP transporter","Bacteria",177416,"177416.18","Francisella tularensis subsp. tularensis SCHU S4","FTT1502",,"RefSeq.9606.33.NC_000006.CDS.144291829.144850997.fwd","Protein","utrophin isoform X1","Primates",9606,"9606.33","Homo sapiens",,"UTRN","HPI","physical association","two hybrid pooling approach","experimental","20711500;13779","intact","intact:EBI-2799952;imex:IM-13779-358",
"RefSeq.177416.18.NC_006570.CDS.1358875.1360155.fwd","Protein","seryl-tRNA synthetase","Bacteria",177416,"177416.18","Francisella tularensis subsp. tularensis SCHU S4","FTT1330","serS","RefSeq.9606.33.NC_000014.CDS.101964692.102050563.fwd","Protein","cytoplasmic dynein 1 heavy chain 1","Primates",9606,"9606.33","Homo sapiens",,"DYNC1H1","HPI","physical association","two hybrid pooling approach","experimental","20711500;13779","intact","intact:EBI-2807231;imex:IM-13779-1120",
"RefSeq.177416.18.NC_006570.CDS.1415006.1416997.rev","Protein","transketolase","Bacteria",177416,"177416.18","Francisella tularensis subsp. tularensis SCHU S4","FTT1369c","tktA","RefSeq.9606.33.NC_000020.CDS.62309336.62367245.rev","Protein","laminin subunit alpha-5 isoform X1","Primates",9606,"9606.33","Homo sapiens",,"LAMA5","HPI","physical association","two hybrid pooling approach","experimental","20711500;13779","intact","intact:EBI-2805422;imex:IM-13779-916",
"RefSeq.177416.18.NC_006570.CDS.1140632.1143454.rev","Protein","cyanophycin synthetase","Bacteria",177416,"177416.18","Francisella tularensis subsp. tularensis SCHU S4","FTT1130c","cphA","RefSeq.9606.33.NC_000010.CDS.12196246.12250337.fwd","Protein","cell division cycle protein 123 homolog isoform X1","Primates",9606,"9606.33","Homo sapiens",,"CDC123","HPI","physical association","two hybrid pooling approach","experimental","20711500;13779","intact","intact:EBI-2808259;imex:IM-13779-1237",
"RefSeq.177416.18.NC_006570.CDS.1566662.1567588.rev","Protein","heat shock protein, hsp40","Bacteria",177416,"177416.18","Francisella tularensis subsp. tularensis SCHU S4","FTT1512c","dnaJ1","RefSeq.9606.33.NC_000021.CDS.44886368.44910782.rev","Protein","integrin beta-2 isoform 1 precursor","Primates",9606,"9606.33","Homo sapiens",,"ITGB2","HPI","physical association","two hybrid pooling approach","experimental","20711500;13779","intact","intact:EBI-2805770;imex:IM-13779-952",
"RefSeq.177416.18.NC_006570.CDS.1809580.1811109.rev","Protein","outer membrane protein tolC precursor","Bacteria",177416,"177416.18","Francisella tularensis subsp. tularensis SCHU S4","FTT1724c","tolC","RefSeq.9606.33.NC_000019.CDS.40441490.40442080.rev","Protein","SERTA domain-containing protein 3 isoform X1","Primates",9606,"9606.33","Homo sapiens",,"SERTAD3","HPI","physical association","two hybrid pooling approach","experimental","20711500;13779","intact","intact:EBI-2800928;imex:IM-13779-466",
"RefSeq.177416.18.NC_006570.CDS.1802117.1805989.rev","Protein","phosphoribosylformylglycinamidine synthase","Bacteria",177416,"177416.18","Francisella tularensis subsp. tularensis SCHU S4","FTT1720c","purL","RefSeq.9606.33.NC_000014.CDS.35402013.35404644.rev","Protein","NF-kappa-B inhibitor alpha","Primates",9606,"9606.33","Homo sapiens",,"NFKBIA","HPI","physical association","two hybrid pooling approach","experimental","20711500;13779","intact","intact:EBI-2805893;imex:IM-13779-966",
"RefSeq.177416.18.NC_006570.CDS.1812058.1813389.fwd","Protein","protease yegQ","Bacteria",177416,"177416.18","Francisella tularensis subsp. tularensis SCHU S4","FTT1726","yegQ","RefSeq.9606.33.NC_000002.CDS.152718625.152759840.fwd","Protein","ADP-ribosylation factor-like protein 6-interacting protein 6","Primates",9606,"9606.33","Homo sapiens",,"ARL6IP6","HPI","physical association","two hybrid pooling approach","experimental","20711500;13779","intact","intact:EBI-2808841;imex:IM-13779-1306",
"RefSeq.177416.18.NC_006570.CDS.830550.830888.rev","Protein","hypothetical protein","Bacteria",177416,"177416.18","Francisella tularensis subsp. tularensis SCHU S4","FTT0810c","ybaB","RefSeq.9606.33.NC_000006.CDS.30557187.30561366.fwd","Protein","proline-rich protein 3 isoform X1","Primates",9606,"9606.33","Homo sapiens",,"PRR3","HPI","physical association","two hybrid pooling approach","experimental","20711500;13779","intact","intact:EBI-2803342;imex:IM-13779-693",
"fig|177416.18.peg.118","Protein","Probable Co/Zn/Cd efflux system membrane fusion protein","Bacteria",177416,"177416.18","Francisella tularensis subsp. tularensis SCHU S4","FTT0106c",,"RefSeq.9606.33.NC_000006.CDS.33250841.33271675.rev","Protein","vacuolar protein sorting-associated protein 52 homolog isoform 1","Primates",9606,"9606.33","Homo sapiens",,"VPS52","HPI","physical association","two hybrid pooling approach","experimental","20711500;13779","intact","intact:EBI-2799830;imex:IM-13779-346",
"RefSeq.177416.18.NC_006570.CDS.1168800.1170584.rev","Protein","Type IV pilin multimeric outer membrane protein","Bacteria",177416,"177416.18","Francisella tularensis subsp. tularensis SCHU S4","FTT1156c","pilQ","RefSeq.9606.33.NC_000017.CDS.7312756.7315052.rev","Protein","G protein pathway suppressor 2","Primates",9606,"9606.33","Homo sapiens",,"GPS2","HPI","physical association","two hybrid pooling approach","experimental","20711500;13779","intact","intact:EBI-2796520;imex:IM-13779-38",
"RefSeq.177416.18.NC_006570.CDS.1730263.1733547.fwd","Protein","carbamoyl phosphate synthase large subunit","Bacteria",177416,"177416.18","Francisella tularensis subsp. tularensis SCHU S4","FTT1664","carB","RefSeq.9606.33.NC_000013.CDS.110307904.110512191.fwd","Protein","collagen alpha-2(IV) chain preproprotein","Primates",9606,"9606.33","Homo sapiens",,"COL4A2","HPI","physical association","two hybrid pooling approach","experimental","20711500;13779","intact","intact:EBI-2807803;imex:IM-13779-1185",
"RefSeq.177416.18.NC_006570.CDS.894174.895823.fwd","Protein","DNA repair protein recN","Bacteria",177416,"177416.18","Francisella tularensis subsp. tularensis SCHU S4","FTT0886",,"RefSeq.9606.33.NC_000012.CDS.54961169.54974562.rev","Protein","protein TESPA1 isoform X1","Primates",9606,"9606.33","Homo sapiens",,"TESPA1","HPI","physical association","two hybrid pooling approach","experimental","20711500;13779","intact","intact:EBI-2805628;imex:IM-13779-936",
"RefSeq.177416.18.NC_006570.CDS.418297.419142.rev","Protein","shikimate 5-dehydrogenase","Bacteria",177416,"177416.18","Francisella tularensis subsp. tularensis SCHU S4","FTT0411c","aroE2","RefSeq.9606.33.NC_000010.CDS.6097066.6115556.fwd","Protein","splicing factor 45","Primates",9606,"9606.33","Homo sapiens",,"RBM17","HPI","physical association","two hybrid pooling approach","experimental","20711500;13779","intact","intact:EBI-2801029;imex:IM-13779-478",
"RefSeq.177416.18.NC_006570.CDS.741201.743426.rev","Protein","peroxidase/catalase","Bacteria",177416,"177416.18","Francisella tularensis subsp. tularensis SCHU S4","FTT0721c","katG","RefSeq.9606.33.NC_000002.CDS.144389451.144519990.rev","Protein","zinc finger E-box-binding homeobox 2 isoform X3","Primates",9606,"9606.33","Homo sapiens",,"ZEB2","HPI","physical association","two hybrid pooling approach","experimental","20711500;13779","intact","intact:EBI-2799616;imex:IM-13779-325",
"RefSeq.177416.18.NC_006570.CDS.1764306.1765940.fwd","Protein","chaperonin GroEL","Bacteria",177416,"177416.18","Francisella tularensis subsp. tularensis SCHU S4","FTT1696","groEL","RefSeq.9606.33.NC_000007.CDS.116210708.116257482.fwd","Protein","testin isoform 1","Primates",9606,"9606.33","Homo sapiens",,"TES","HPI","physical association","two hybrid pooling approach","experimental","20711500;13779","intact","intact:EBI-2796957;imex:IM-13779-81",
"fig|177416.18.peg.141","Protein","hypothetical protein","Bacteria",177416,"177416.18","Francisella tularensis subsp. tularensis SCHU S4","FTT0127c",,"RefSeq.9606.33.NC_000009.CDS.33255219.33264674.rev","Protein","BAG family molecular chaperone regulator 1 isoform BAG-1L","Primates",9606,"9606.33","Homo sapiens",,"BAG1","HPI","physical association","two hybrid pooling approach","experimental","20711500;13779","intact","intact:EBI-2808591;imex:IM-13779-1276",
"RefSeq.177416.18.NC_006570.CDS.717996.720077.fwd","Protein","polynucleotide phosphorylase/polyadenylase","Bacteria",177416,"177416.18","Francisella tularensis subsp. tularensis SCHU S4","FTT0699","pnp","RefSeq.9606.33.NC_000006.CDS.26087441.26094411.fwd","Protein","hereditary hemochromatosis protein isoform 12 precursor","Primates",9606,"9606.33","Homo sapiens",,"HFE","HPI","physical association","two hybrid pooling approach","experimental","20711500;13779","intact","intact:EBI-2806327;imex:IM-13779-1017",
"RefSeq.177416.18.NC_006570.CDS.1329023.1330420.rev","Protein","GTP-binding protein EngA","Bacteria",177416,"177416.18","Francisella tularensis subsp. tularensis SCHU S4","FTT1306c","engA","RefSeq.9606.33.NC_000017.CDS.73338369.73644088.rev","Protein","protein sidekick-2 isoform X2","Primates",9606,"9606.33","Homo sapiens",,"SDK2","HPI","physical association","two hybrid pooling approach","experimental","20711500;13779","intact","intact:EBI-2801313;imex:IM-13779-509",
"RefSeq.177416.18.NC_006570.CDS.1329023.1330420.rev","Protein","GTP-binding protein EngA","Bacteria",177416,"177416.18","Francisella tularensis subsp. tularensis SCHU S4","FTT1306c","engA","RefSeq.9606.33.NC_000013.CDS.45337386.45341069.rev","Protein","translationally-controlled tumor protein isoform 2","Primates",9606,"9606.33","Homo sapiens",,"TPT1","HPI","physical association","two hybrid pooling approach","experimental","20711500;13779","intact","intact:EBI-2800541;imex:IM-13779-427",
"RefSeq.177416.18.NC_006570.CDS.763904.765892.fwd","Protein","lipoprotein","Bacteria",177416,"177416.18","Francisella tularensis subsp. tularensis SCHU S4","FTT0742",,"RefSeq.9606.33.NC_000008.CDS.30063888.30082949.rev","Protein","store-operated calcium entry-associated regulatory factor isoform 1 precursor","Primates",9606,"9606.33","Homo sapiens",,"SARAF","HPI","physical association","two hybrid pooling approach","experimental","20711500;13779","intact","intact:EBI-2800286;imex:IM-13779-395",
"RefSeq.177416.18.NC_006570.CDS.1802117.1805989.rev","Protein","phosphoribosylformylglycinamidine synthase","Bacteria",177416,"177416.18","Francisella tularensis subsp. tularensis SCHU S4","FTT1720c","purL","RefSeq.9606.33.NC_000004.CDS.55952131.56024603.fwd","Protein","centrosomal protein of 135 kDa isoform X1","Primates",9606,"9606.33","Homo sapiens",,"CEP135","HPI","physical association","two hybrid pooling approach","experimental","20711500;13779","intact","intact:EBI-2807684;imex:IM-13779-1173",
"RefSeq.177416.18.NC_006570.CDS.1358875.1360155.fwd","Protein","seryl-tRNA synthetase","Bacteria",177416,"177416.18","Francisella tularensis subsp. tularensis SCHU S4","FTT1330","serS","RefSeq.9606.33.NC_000001.CDS.110947959.110963688.rev","Protein","ligand-dependent nuclear receptor-interacting factor 1 isoform 1","Primates",9606,"9606.33","Homo sapiens",,"LRIF1","HPI","physical association","two hybrid pooling approach","experimental","20711500;13779","intact","intact:EBI-2797460;imex:IM-13779-130",
"RefSeq.177416.18.NC_006570.CDS.247234.248889.rev","Protein","inner-membrane protein","Bacteria",177416,"177416.18","Francisella tularensis subsp. tularensis SCHU S4","FTT0233c","yidC","RefSeq.9606.33.NC_000019.CDS.2757343.2769068.rev","Protein","small glutamine-rich tetratricopeptide repeat-containing protein alpha isoform X1","Primates",9606,"9606.33","Homo sapiens",,"SGTA","HPI","physical association","two hybrid pooling approach","experimental","20711500;13779","intact","intact:EBI-2801229;imex:IM-13779-498",
"RefSeq.177416.18.NC_006570.CDS.1415006.1416997.rev","Protein","transketolase","Bacteria",177416,"177416.18","Francisella tularensis subsp. tularensis SCHU S4","FTT1369c","tktA","RefSeq.9606.33.NC_000023.CDS.48458603.48469024.rev","Protein","sodium-coupled neutral amino acid transporter 5 isoform X2","Primates",9606,"9606.33","Homo sapiens",,"SLC38A5","HPI","physical association","two hybrid pooling approach","experimental","20711500;13779","intact","intact:EBI-2801416;imex:IM-13779-519",
"RefSeq.177416.18.NC_006570.CDS.312389.315148.fwd","Protein","valyl-tRNA synthetase","Bacteria",177416,"177416.18","Francisella tularensis subsp. tularensis SCHU S4","FTT0299","valS","RefSeq.9606.33.NC_000007.CDS.108149910.108240064.rev","Protein","neuronal cell adhesion molecule isoform X2","Primates",9606,"9606.33","Homo sapiens",,"NRCAM","HPI","physical association","two hybrid pooling approach","experimental","20711500;13779","intact","intact:EBI-2804235;imex:IM-13779-784",
"RefSeq.177416.18.NC_006570.CDS.1577491.1581759.rev","Protein","ATp-dependent helicase","Bacteria",177416,"177416.18","Francisella tularensis subsp. tularensis SCHU S4","FTT1524c","hrpA","RefSeq.9606.33.NC_000017.CDS.42315745.42348516.rev","Protein","signal transducer and activator of transcription 3 isoform X1","Primates",9606,"9606.33","Homo sapiens",,"STAT3","HPI","physical association","two hybrid pooling approach","experimental","20711500;13779","intact","intact:EBI-2800831;imex:IM-13779-458",
"RefSeq.177416.18.NC_006570.CDS.734051.736333.fwd","Protein","chitinase family 18 protein","Bacteria",177416,"177416.18","Francisella tularensis subsp. tularensis SCHU S4","FTT0715",,"RefSeq.9606.33.NC_000016.CDS.57429170.57440928.rev","Protein","anamorsin","Primates",9606,"9606.33","Homo sapiens",,"CIAPIN1","HPI","physical association","two hybrid pooling approach","experimental","20711500;13779","intact","intact:EBI-2807677;imex:IM-13779-1171",
"RefSeq.177416.18.NC_006570.CDS.734051.736333.fwd","Protein","chitinase family 18 protein","Bacteria",177416,"177416.18","Francisella tularensis subsp. tularensis SCHU S4","FTT0715",,"RefSeq.9606.33.NC_000002.CDS.218874706.218893271.fwd","Protein","protein Wnt-10a isoform X2","Primates",9606,"9606.33","Homo sapiens",,"WNT10A","HPI","physical association","two hybrid pooling approach","experimental","20711500;13779","intact","intact:EBI-2799766;imex:IM-13779-341",
"RefSeq.177416.18.NC_006570.CDS.712511.714610.fwd","Protein","hypothetical protein","Bacteria",177416,"177416.18","Francisella tularensis subsp. tularensis SCHU S4","FTT0694",,"RefSeq.9606.33.NC_000013.CDS.21140553.21147342.fwd","Protein","histone deacetylase complex subunit SAP18","Primates",9606,"9606.33","Homo sapiens",,"SAP18","HPI","physical association","two hybrid pooling approach","experimental","20711500;13779","intact","intact:EBI-2801375;imex:IM-13779-517",
"RefSeq.177416.18.NC_006570.CDS.481990.483735.rev","Protein","arginyl-tRNA synthetase","Bacteria",177416,"177416.18","Francisella tularensis subsp. tularensis SCHU S4","FTT0466c","argS","RefSeq.9606.33.NC_000016.CDS.11679195.11742730.rev","Protein","thioredoxin domain-containing protein 11 isoform X1","Primates",9606,"9606.33","Homo sapiens",,"TXNDC11","HPI","physical association","two hybrid pooling approach","experimental","20711500;13779","intact","intact:EBI-2796127;imex:IM-13779-7",
"RefSeq.177416.18.NC_006570.CDS.1368817.1370361.rev","Protein","sulfate permease family protein","Bacteria",177416,"177416.18","Francisella tularensis subsp. tularensis SCHU S4","FTT1339c",,"RefSeq.9606.33.NC_000002.CDS.168802647.168864970.fwd","Protein","nostrin isoform 3","Primates",9606,"9606.33","Homo sapiens",,"NOSTRIN","HPI","physical association","two hybrid pooling approach","experimental","20711500;13779","intact","intact:EBI-2798592;imex:IM-13779-229",
"RefSeq.177416.18.NC_006570.CDS.902373.904685.fwd","Protein","fusion protein PurC/PurD","Bacteria",177416,"177416.18","Francisella tularensis subsp. tularensis SCHU S4","FTT0894","purCD","RefSeq.9606.33.NC_000002.CDS.202918002.202983624.fwd","Protein","calcium-responsive transcription factor isoform 3","Primates",9606,"9606.33","Homo sapiens",,"CARF","HPI","physical association","two hybrid pooling approach","experimental","20711500;13779","intact","intact:EBI-2809120;imex:IM-13779-1336",
"fig|177416.18.peg.80","Protein","Succinate dehydrogenase flavoprotein subunit (EC 1.3.5.1)","Bacteria",177416,"177416.18","Francisella tularensis subsp. tularensis SCHU S4","FTT0074","sdhA","RefSeq.9606.33.NC_000010.CDS.13587087.13630340.fwd","Protein","pre-mRNA-splicing factor 18","Primates",9606,"9606.33","Homo sapiens",,"PRPF18","HPI","physical association","two hybrid pooling approach","experimental","20711500;13779","intact","intact:EBI-2798426;imex:IM-13779-214",
"fig|177416.18.peg.153","Protein","Translation elongation factor Tu","Bacteria",177416,"177416.18","Francisella tularensis subsp. tularensis SCHU S4","FTT0137","tufA","RefSeq.9606.33.NC_000016.CDS.67663161.67666442.rev","Protein","enkurin domain-containing protein 1","Primates",9606,"9606.33","Homo sapiens",,"ENKD1","HPI","physical association","two hybrid pooling approach","experimental","20711500;13779","intact","intact:EBI-2807704;imex:IM-13779-1176",
"RefSeq.177416.18.NC_006570.CDS.1532920.1534332.rev","Protein","dihydrolipoamide dehydrogenase","Bacteria",177416,"177416.18","Francisella tularensis subsp. tularensis SCHU S4","FTT1483c","lpd","RefSeq.9606.33.NC_000017.CDS.48841708.48863005.fwd","Protein","calcium-binding and coiled-coil domain-containing protein 2 isoform 4","Primates",9606,"9606.33","Homo sapiens",,"CALCOCO2","HPI","physical association","two hybrid pooling approach","experimental","20711500;13779","intact","intact:EBI-2808427;imex:IM-13779-1254",
"RefSeq.177416.18.NC_006570.CDS.1666433.1667947.rev","Protein","fumerate hydratase","Bacteria",177416,"177416.18","Francisella tularensis subsp. tularensis SCHU S4","FTT1600c","fumA","RefSeq.9606.33.NC_000019.CDS.5692032.5720132.rev","Protein","lon protease homolog, mitochondrial isoform 1 precursor","Primates",9606,"9606.33","Homo sapiens",,"LONP1","HPI","physical association","two hybrid pooling approach","experimental","20711500;13779","intact","intact:EBI-2802217;imex:IM-13779-597",
"RefSeq.177416.18.NC_006570.CDS.526662.526976.rev","Protein","hypothetical protein","Bacteria",177416,"177416.18","Francisella tularensis subsp. tularensis SCHU S4","FTT0506c",,"RefSeq.9606.33.NC_000002.CDS.182925702.183038099.rev","Protein","nck-associated protein 1 isoform 2","Primates",9606,"9606.33","Homo sapiens",,"NCKAP1","HPI","physical association","two hybrid pooling approach","experimental","20711500;13779","intact","intact:EBI-2798655;imex:IM-13779-238",
"RefSeq.177416.18.NC_006570.CDS.1813430.1814620.rev","Protein","multidrug resistance protein, membrane located","Bacteria",177416,"177416.18","Francisella tularensis subsp. tularensis SCHU S4","FTT1727c",,"RefSeq.9606.33.NC_000015.CDS.74845083.74873255.rev","Protein","secretory carrier-associated membrane protein 2 isoform X1","Primates",9606,"9606.33","Homo sapiens",,"SCAMP2","HPI","physical association","two hybrid pooling approach","experimental","20711500;13779","intact","intact:EBI-2801344;imex:IM-13779-512",
"RefSeq.177416.18.NC_006570.CDS.901330.902373.fwd","Protein","phosphoribosylaminoimidazole synthetase","Bacteria",177416,"177416.18","Francisella tularensis subsp. tularensis SCHU S4","FTT0893","purM","RefSeq.9606.33.NC_000006.CDS.36596763.36601989.fwd","Protein","serine/arginine-rich splicing factor 3","Primates",9606,"9606.33","Homo sapiens",,"SRSF3","HPI","physical association","two hybrid pooling approach","experimental","20711500;13779","intact","intact:EBI-2801264;imex:IM-13779-501",
"RefSeq.177416.18.NC_006570.CDS.741201.743426.rev","Protein","peroxidase/catalase","Bacteria",177416,"177416.18","Francisella tularensis subsp. tularensis SCHU S4","FTT0721c","katG","RefSeq.9606.33.NC_000017.CDS.42950593.42980182.rev","Protein","PTGES3L-AARSD1 protein isoform 1","Primates",9606,"9606.33","Homo sapiens",,"PTGES3L-AARSD1","HPI","physical association","two hybrid pooling approach","experimental","20711500;13779","intact","intact:EBI-2796196;imex:IM-13779-11",
"RefSeq.177416.18.NC_006570.CDS.504863.506665.fwd","Protein","DNA mismatch repair protein","Bacteria",177416,"177416.18","Francisella tularensis subsp. tularensis SCHU S4","FTT0486","mutL","RefSeq.9606.33.NC_000023.CDS.153803353.153830298.rev","Protein","PDZ domain-containing protein 4 isoform 1","Primates",9606,"9606.33","Homo sapiens",,"PDZD4","HPI","physical association","two hybrid pooling approach","experimental","20711500;13779","intact","intact:EBI-2803813;imex:IM-13779-740",
"RefSeq.177416.18.NC_006570.CDS.907390.909411.rev","Protein","oligopeptidase A","Bacteria",177416,"177416.18","Francisella tularensis subsp. tularensis SCHU S4","FTT0899c","prlC","RefSeq.9606.33.NC_000005.CDS.141641498.141651368.rev","Protein","FCH and double SH3 domains protein 1","Primates",9606,"9606.33","Homo sapiens",,"FCHSD1","HPI","physical association","two hybrid pooling approach","experimental","20711500;13779","intact","intact:EBI-2806833;imex:IM-13779-1078",
"RefSeq.177416.18.NC_006570.CDS.1348123.1349376.fwd","Protein","peptidase M16 family protein","Bacteria",177416,"177416.18","Francisella tularensis subsp. tularensis SCHU S4","FTT1321",,"RefSeq.9606.33.NC_000004.CDS.102510933.102616594.fwd","Protein","nuclear factor NF-kappa-B p105 subunit isoform X2","Primates",9606,"9606.33","Homo sapiens",,"NFKB1","HPI","physical association","two hybrid pooling approach","experimental","20711500;13779","intact","intact:EBI-2798627;imex:IM-13779-233",
"RefSeq.177416.18.NC_006570.CDS.371289.372470.rev","Protein","FolC bifunctional protein","Bacteria",177416,"177416.18","Francisella tularensis subsp. tularensis SCHU S4","FTT0371c","folC","RefSeq.9606.33.NC_000010.CDS.80155853.80172861.rev","Protein","annexin A11 isoform X1","Primates",9606,"9606.33","Homo sapiens",,"ANXA11","HPI","physical association","two hybrid pooling approach","experimental","20711500;13779","intact","intact:EBI-2808973;imex:IM-13779-1319",
"fig|177416.18.peg.161","Protein","DNA-directed RNA polymerase beta' subunit (EC 2.7.7.6)","Bacteria",177416,"177416.18","Francisella tularensis subsp. tularensis SCHU S4","FTT0145","rpoC","RefSeq.9606.33.NC_000006.CDS.31666832.31669926.fwd","Protein","casein kinase II subunit beta isoform 2","Primates",9606,"9606.33","Homo sapiens",,"CSNK2B","HPI","physical association","two hybrid pooling approach","experimental","20711500;13779","intact","intact:EBI-2807583;imex:IM-13779-1159",
"RefSeq.177416.18.NC_006570.CDS.1763981.1764268.fwd","Protein","co-chaperonin GroES","Bacteria",177416,"177416.18","Francisella tularensis subsp. tularensis SCHU S4","FTT1695","groES","RefSeq.9606.33.NC_000005.CDS.87268452.87390883.fwd","Protein","ras GTPase-activating protein 1 isoform X1","Primates",9606,"9606.33","Homo sapiens",,"RASA1","HPI","physical association","two hybrid pooling approach","experimental","20711500;13779","intact","intact:EBI-2801850;imex:IM-13779-564",
"fig|177416.18.peg.24","Protein","Aspartyl-tRNA(Asn) amidotransferase subunit B (EC 6.3.5.6) @ Glutamyl-tRNA(Gln) amidotransferase subunit B (EC 6.3.5.7)","Bacteria",177416,"177416.18","Francisella tularensis subsp. tularensis SCHU S4","FTT0021","gatB","RefSeq.9606.33.NC_000002.CDS.46297912.46384660.fwd","Protein","endothelial PAS domain-containing protein 1","Primates",9606,"9606.33","Homo sapiens",,"EPAS1","HPI","physical association","two hybrid pooling approach","experimental","20711500;13779","intact","intact:EBI-2807020;imex:IM-13779-1092",
"RefSeq.177416.18.NC_006570.CDS.373924.375564.rev","Protein","CTP synthetase","Bacteria",177416,"177416.18","Francisella tularensis subsp. tularensis SCHU S4","FTT0374c","pyrG","RefSeq.9606.33.NC_000002.CDS.178112547.178126176.fwd","Protein","RNA-binding protein 45","Primates",9606,"9606.33","Homo sapiens",,"RBM45","HPI","physical association","two hybrid pooling approach","experimental","20711500;13779","intact","intact:EBI-2798027;imex:IM-13779-181",
"RefSeq.177416.18.NC_006570.CDS.1368817.1370361.rev","Protein","sulfate permease family protein","Bacteria",177416,"177416.18","Francisella tularensis subsp. tularensis SCHU S4","FTT1339c",,"RefSeq.9606.33.NC_000012.CDS.123152533.123230364.rev","Protein","M-phase phosphoprotein 9 isoform X2","Primates",9606,"9606.33","Homo sapiens",,"MPHOSPH9","HPI","physical association","two hybrid pooling approach","experimental","20711500;13779","intact","intact:EBI-2809482;imex:IM-13779-1368",
"fig|177416.18.peg.23","Protein","Aspartyl-tRNA(Asn) amidotransferase subunit A (EC 6.3.5.6) @ Glutamyl-tRNA(Gln) amidotransferase subunit A (EC 6.3.5.7)","Bacteria",177416,"177416.18","Francisella tularensis subsp. tularensis SCHU S4","FTT0020","gatA","RefSeq.9606.33.NC_000008.CDS.132777829.132845923.fwd","Protein","PHD finger protein 20-like protein 1 isoform 4","Primates",9606,"9606.33","Homo sapiens",,"PHF20L1","HPI","physical association","two hybrid pooling approach","experimental","20711500;13779","intact","intact:EBI-2797507;imex:IM-13779-136",
"fig|177416.18.peg.212","Protein","Lysyl-tRNA synthetase (class II) (EC 6.1.1.6)","Bacteria",177416,"177416.18","Francisella tularensis subsp. tularensis SCHU S4","FTT0192","lysU","RefSeq.9606.33.NC_000007.CDS.148730123.148800582.fwd","Protein","cullin-1 isoform X1","Primates",9606,"9606.33","Homo sapiens",,"CUL1","HPI","physical association","two hybrid pooling approach","experimental","20711500;13779","intact","intact:EBI-2807530;imex:IM-13779-1154",
"RefSeq.177416.18.NC_006570.CDS.1660712.1662169.fwd","Protein","hypothetical protein","Bacteria",177416,"177416.18","Francisella tularensis subsp. tularensis SCHU S4","FTT1597",,"RefSeq.9606.33.NC_000003.CDS.41224069.41239746.fwd","Protein","catenin beta-1 isoform X3","Primates",9606,"9606.33","Homo sapiens",,"CTNNB1","HPI","physical association","two hybrid pooling approach","experimental","20711500;13779","intact","intact:EBI-2807548;imex:IM-13779-1157",
"RefSeq.177416.18.NC_006570.CDS.382015.383364.rev","Protein","glutamate dehydrogenase","Bacteria",177416,"177416.18","Francisella tularensis subsp. tularensis SCHU S4","FTT0380c","gdh","RefSeq.9606.33.NC_000001.CDS.77945612.77979004.rev","Protein","far upstream element-binding protein 1 isoform X1","Primates",9606,"9606.33","Homo sapiens",,"FUBP1","HPI","physical association","two hybrid pooling approach","experimental","20711500;13779","intact","intact:EBI-2806710;imex:IM-13779-1061",
"fig|177416.18.peg.184","Protein","Glutamyl-tRNA reductase (EC 1.2.1.70)","Bacteria",177416,"177416.18","Francisella tularensis subsp. tularensis SCHU S4","FTT0167","hemA","RefSeq.9606.33.NC_000013.CDS.72759795.72781832.rev","Protein","exosome complex exonuclease RRP44 isoform b","Primates",9606,"9606.33","Homo sapiens",,"DIS3","HPI","physical association","two hybrid pooling approach","experimental","20711500;13779","intact","intact:EBI-2801557;imex:IM-13779-535",
"RefSeq.177416.18.NC_006570.CDS.1534346.1536241.rev","Protein","dihydrolipoamide acetyltransferase","Bacteria",177416,"177416.18","Francisella tularensis subsp. tularensis SCHU S4","FTT1484c","aceF","RefSeq.9606.33.NC_000011.CDS.77666917.77820714.rev","Protein","remodeling and spacing factor 1","Primates",9606,"9606.33","Homo sapiens",,"RSF1","HPI","physical association","two hybrid pooling approach","experimental","20711500;13779","intact","intact:EBI-2797974;imex:IM-13779-179",
"RefSeq.177416.18.NC_006570.CDS.404586.408065.fwd","Protein","DNA polymerase III alpha subunit","Bacteria",177416,"177416.18","Francisella tularensis subsp. tularensis SCHU S4","FTT0402","dnaE","RefSeq.9606.33.NC_000017.CDS.75722428.75757555.fwd","Protein","integrin beta-4 isoform X7","Primates",9606,"9606.33","Homo sapiens",,"ITGB4","HPI","physical association","two hybrid pooling approach","experimental","20711500;13779","intact","intact:EBI-2797368;imex:IM-13779-118",
"RefSeq.177416.18.NC_006570.CDS.1809580.1811109.rev","Protein","outer membrane protein tolC precursor","Bacteria",177416,"177416.18","Francisella tularensis subsp. tularensis SCHU S4","FTT1724c","tolC","RefSeq.9606.33.NC_000006.CDS.32517739.32530224.rev","Protein","major histocompatibility complex, class II, DR beta 5 precursor","Primates",9606,"9606.33","Homo sapiens",,"HLA-DRB5","HPI","physical association","two hybrid pooling approach","experimental","20711500;13779","intact","intact:EBI-2798369;imex:IM-13779-207",
"RefSeq.177416.18.NC_006570.CDS.1660712.1662169.fwd","Protein","hypothetical protein","Bacteria",177416,"177416.18","Francisella tularensis subsp. tularensis SCHU S4","FTT1597",,"RefSeq.9606.33.NC_000006.CDS.31982108.32002540.fwd","Protein","complement C4-A isoform 2 preproprotein","Primates",9606,"9606.33","Homo sapiens",,"C4A","HPI","physical association","two hybrid pooling approach","experimental","20711500;13779","intact","intact:EBI-2807789;imex:IM-13779-1184",
"fig|177416.18.peg.212","Protein","Lysyl-tRNA synthetase (class II) (EC 6.1.1.6)","Bacteria",177416,"177416.18","Francisella tularensis subsp. tularensis SCHU S4","FTT0192","lysU","RefSeq.9606.33.NC_000001.CDS.61762893.62161054.fwd","Protein","inaD-like protein isoform X5","Primates",9606,"9606.33","Homo sapiens",,"INADL","HPI","physical association","two hybrid pooling approach","experimental","20711500;13779","intact","intact:EBI-2805865;imex:IM-13779-963",
"fig|177416.18.peg.160","Protein","DNA-directed RNA polymerase beta subunit (EC 2.7.7.6)","Bacteria",177416,"177416.18","Francisella tularensis subsp. tularensis SCHU S4","FTT0144","rpoB","RefSeq.9606.33.NC_000006.CDS.31730842.31736300.rev","Protein","chloride intracellular channel protein 1","Primates",9606,"9606.33","Homo sapiens",,"CLIC1","HPI","physical association","two hybrid pooling approach","experimental","20711500;13779","intact","intact:EBI-2799144;imex:IM-13779-283",
"RefSeq.177416.18.NC_006570.CDS.1415006.1416997.rev","Protein","transketolase","Bacteria",177416,"177416.18","Francisella tularensis subsp. tularensis SCHU S4","FTT1369c","tktA","RefSeq.9606.33.NC_000003.CDS.5187806.5215918.fwd","Protein","ER degradation-enhancing alpha-mannosidase-like protein 1","Primates",9606,"9606.33","Homo sapiens",,"EDEM1","HPI","physical association","two hybrid pooling approach","experimental","20711500;13779","intact","intact:EBI-2807129;imex:IM-13779-1108",
"RefSeq.177416.18.NC_006570.CDS.1444610.1447849.rev","Protein","exodeoxyribonuclease V gamma chain","Bacteria",177416,"177416.18","Francisella tularensis subsp. tularensis SCHU S4","FTT1397c","recC","RefSeq.9606.33.NC_000019.CDS.39406887.39408699.fwd","Protein","tristetraprolin","Primates",9606,"9606.33","Homo sapiens",,"ZFP36","HPI","physical association","two hybrid pooling approach","experimental","20711500;13779","intact","intact:EBI-2800049;imex:IM-13779-370",
"fig|177416.18.peg.30","Protein","Orn/DAP/Arg decarboxylase family protein","Bacteria",177416,"177416.18","Francisella tularensis subsp. tularensis SCHU S4","FTT0027c","lysA","RefSeq.9606.33.NC_000023.CDS.71533300.71573794.fwd","Protein","UDP-N-acetylglucosamine--peptide N-acetylglucosaminyltransferase 110 kDa subunit isoform 2","Primates",9606,"9606.33","Homo sapiens",,"OGT","HPI","physical association","two hybrid pooling approach","experimental","20711500;13779","intact","intact:EBI-2797264;imex:IM-13779-109",
"fig|177416.18.peg.160","Protein","DNA-directed RNA polymerase beta subunit (EC 2.7.7.6)","Bacteria",177416,"177416.18","Francisella tularensis subsp. tularensis SCHU S4","FTT0144","rpoB","RefSeq.9606.33.NC_000016.CDS.31713433.31759376.fwd","Protein","putative protein ZNF720","Primates",9606,"9606.33","Homo sapiens",,"ZNF720","HPI","physical association","two hybrid pooling approach","experimental","20711500;13779","intact","intact:EBI-2802700;imex:IM-13779-638",
"RefSeq.177416.18.NC_006570.CDS.1463095.1464792.fwd","Protein","prolyl-tRNA synthetase","Bacteria",177416,"177416.18","Francisella tularensis subsp. tularensis SCHU S4","FTT1412","proS","RefSeq.9606.33.NC_000020.CDS.23633916.23637862.rev","Protein","cystatin-C precursor","Primates",9606,"9606.33","Homo sapiens",,"CST3","HPI","physical association","two hybrid pooling approach","experimental","20711500;13779","intact","intact:EBI-2807459;imex:IM-13779-1147",
"RefSeq.177416.18.NC_006570.CDS.902373.904685.fwd","Protein","fusion protein PurC/PurD","Bacteria",177416,"177416.18","Francisella tularensis subsp. tularensis SCHU S4","FTT0894","purCD","RefSeq.9606.33.NC_000006.CDS.32439951.32443910.fwd","Protein","HLA class II histocompatibility antigen, DR alpha chain precursor","Primates",9606,"9606.33","Homo sapiens",,"HLA-DRA","HPI","physical association","two hybrid pooling approach","experimental","20711500;13779","intact","intact:EBI-2809559;imex:IM-13779-1377",
"RefSeq.177416.18.NC_006570.CDS.741201.743426.rev","Protein","peroxidase/catalase","Bacteria",177416,"177416.18","Francisella tularensis subsp. tularensis SCHU S4","FTT0721c","katG","RefSeq.9606.33.NC_000009.CDS.136664764.136672286.fwd","Protein","epidermal growth factor-like protein 7 isoform X3","Primates",9606,"9606.33","Homo sapiens",,"EGFL7","HPI","physical association","two hybrid pooling approach","experimental","20711500;13779","intact","intact:EBI-2798992;imex:IM-13779-271",
"RefSeq.177416.18.NC_006570.CDS.829948.830550.rev","Protein","recombination protein RecR","Bacteria",177416,"177416.18","Francisella tularensis subsp. tularensis SCHU S4","FTT0809c","recR","RefSeq.9606.33.NC_000009.CDS.136862284.136866258.rev","Protein","endothelial differentiation-related factor 1 isoform alpha","Primates",9606,"9606.33","Homo sapiens",,"EDF1","HPI","physical association","two hybrid pooling approach","experimental","20711500;13779","intact","intact:EBI-2799003;imex:IM-13779-269",
"RefSeq.177416.18.NC_006570.CDS.273192.275048.fwd","Protein","ribonuclease II family protein","Bacteria",177416,"177416.18","Francisella tularensis subsp. tularensis SCHU S4","FTT0257",,"RefSeq.9606.33.NC_000011.CDS.64340267.64357488.fwd","Protein","coiled-coil domain-containing protein 88B isoform X2","Primates",9606,"9606.33","Homo sapiens",,"CCDC88B","HPI","physical association","two hybrid pooling approach","experimental","20711500;13779","intact","intact:EBI-2802025;imex:IM-13779-582",
"RefSeq.177416.18.NC_006570.CDS.329238.330107.fwd","Protein","elongation factor Ts","Bacteria",177416,"177416.18","Francisella tularensis subsp. tularensis SCHU S4","FTT0314","tsf","RefSeq.9606.33.NC_000003.CDS.52495414.52524356.fwd","Protein","stabilin-1 isoform X3","Primates",9606,"9606.33","Homo sapiens",,"STAB1","HPI","physical association","two hybrid pooling approach","experimental","20711500;13779","intact","intact:EBI-2797829;imex:IM-13779-163",
"RefSeq.177416.18.NC_006570.CDS.1238977.1239525.fwd","Protein","5-formyltetrahydroformate cycloligase family protein","Bacteria",177416,"177416.18","Francisella tularensis subsp. tularensis SCHU S4","FTT1220",,"RefSeq.9606.33.NC_000002.CDS.71453999.71686492.fwd","Protein","dysferlin isoform 9","Primates",9606,"9606.33","Homo sapiens",,"DYSF","HPI","physical association","two hybrid pooling approach","experimental","20711500;13779","intact","intact:EBI-2799010;imex:IM-13779-272",
"RefSeq.177416.18.NC_006570.CDS.640143.640736.fwd","Protein","thymidine kinase","Bacteria",177416,"177416.18","Francisella tularensis subsp. tularensis SCHU S4","FTT0621","tdk","RefSeq.9606.33.NC_000001.CDS.28236184.28237978.fwd","Protein","ATPase inhibitor, mitochondrial isoform 1 precursor","Primates",9606,"9606.33","Homo sapiens",,"ATPIF1","HPI","physical association","two hybrid pooling approach","experimental","20711500;13779","intact","intact:EBI-2808697;imex:IM-13779-1286",
"RefSeq.177416.18.NC_006570.CDS.1470019.1470486.fwd","Protein","hypothetical protein","Bacteria",177416,"177416.18","Francisella tularensis subsp. tularensis SCHU S4","FTT1420",,"RefSeq.9606.33.NC_000012.CDS.82353151.82358376.rev","Protein","thyroid transcription factor 1-associated protein 26","Primates",9606,"9606.33","Homo sapiens",,"CCDC59","HPI","physical association","two hybrid pooling approach","experimental","20711500;13779","intact","intact:EBI-2800600;imex:IM-13779-429",
"fig|177416.18.peg.160","Protein","DNA-directed RNA polymerase beta subunit (EC 2.7.7.6)","Bacteria",177416,"177416.18","Francisella tularensis subsp. tularensis SCHU S4","FTT0144","rpoB","RefSeq.9606.33.NC_000003.CDS.49510535.49533199.fwd","Protein","dystroglycan preproprotein","Primates",9606,"9606.33","Homo sapiens",,"DAG1","HPI","physical association","two hybrid pooling approach","experimental","20711500;13779","intact","intact:EBI-2807420;imex:IM-13779-1143",
"RefSeq.177416.18.NC_006570.CDS.1344367.1345806.rev","Protein","cytosol aminopeptidase","Bacteria",177416,"177416.18","Francisella tularensis subsp. tularensis SCHU S4","FTT1318c","pepA","RefSeq.9606.33.NC_000017.CDS.32494759.32876872.rev","Protein","unconventional myosin-Id isoform 1","Primates",9606,"9606.33","Homo sapiens",,"MYO1D","HPI","physical association","two hybrid pooling approach","experimental","20711500;13779","intact","intact:EBI-2804616;imex:IM-13779-827",
"RefSeq.177416.18.NC_006570.CDS.1812058.1813389.fwd","Protein","protease yegQ","Bacteria",177416,"177416.18","Francisella tularensis subsp. tularensis SCHU S4","FTT1726","yegQ","RefSeq.9606.33.NC_000006.CDS.69676158.69796881.rev","Protein","probable lysosomal cobalamin transporter","Primates",9606,"9606.33","Homo sapiens",,"LMBRD1","HPI","physical association","two hybrid pooling approach","experimental","20711500;13779","intact","intact:EBI-2805228;imex:IM-13779-895",
"RefSeq.177416.18.NC_006570.CDS.1463095.1464792.fwd","Protein","prolyl-tRNA synthetase","Bacteria",177416,"177416.18","Francisella tularensis subsp. tularensis SCHU S4","FTT1412","proS","RefSeq.9606.33.NC_000018.CDS.76362498.76443054.rev","Protein","zinc finger protein 516 isoform X1","Primates",9606,"9606.33","Homo sapiens",,"ZNF516","HPI","physical association","two hybrid pooling approach","experimental","20711500;13779","intact","intact:EBI-2799495;imex:IM-13779-316",
"fig|177416.18.peg.21","Protein","RND efflux system, membrane fusion protein","Bacteria",177416,"177416.18","Francisella tularensis subsp. tularensis SCHU S4","FTT0018",,"RefSeq.9606.33.NC_000019.CDS.17523439.17553563.fwd","Protein","niban-like protein 2 isoform a","Primates",9606,"9606.33","Homo sapiens",,"FAM129C","HPI","physical association","two hybrid pooling approach","experimental","20711500;13779","intact","intact:EBI-2796687;imex:IM-13779-55",
"fig|177416.18.peg.93","Protein","Aconitate hydratase (EC 4.2.1.3)","Bacteria",177416,"177416.18","Francisella tularensis subsp. tularensis SCHU S4","FTT0087","acnA","RefSeq.9606.33.NC_000007.CDS.143381245.143390682.fwd","Protein","zyxin isoform X2","Primates",9606,"9606.33","Homo sapiens",,"ZYX","HPI","physical association","two hybrid pooling approach","experimental","20711500;13779","intact","intact:EBI-2799382;imex:IM-13779-303",
"RefSeq.177416.18.NC_006570.CDS.902373.904685.fwd","Protein","fusion protein PurC/PurD","Bacteria",177416,"177416.18","Francisella tularensis subsp. tularensis SCHU S4","FTT0894","purCD","RefSeq.9606.33.NC_000022.CDS.38485935.38506237.rev","Protein","probable ATP-dependent RNA helicase DDX17 isoform 3","Primates",9606,"9606.33","Homo sapiens",,"DDX17","HPI","physical association","two hybrid pooling approach","experimental","20711500;13779","intact","intact:EBI-2807378;imex:IM-13779-1139",
"fig|177416.18.peg.160","Protein","DNA-directed RNA polymerase beta subunit (EC 2.7.7.6)","Bacteria",177416,"177416.18","Francisella tularensis subsp. tularensis SCHU S4","FTT0144","rpoB","RefSeq.9606.33.NC_000010.CDS.125836687.125880824.rev","Protein","putative pre-mRNA-splicing factor ATP-dependent RNA helicase DHX32","Primates",9606,"9606.33","Homo sapiens",,"DHX32","HPI","physical association","two hybrid pooling approach","experimental","20711500;13779","intact","intact:EBI-2807294;imex:IM-13779-1128",
"RefSeq.177416.18.NC_006570.CDS.1802117.1805989.rev","Protein","phosphoribosylformylglycinamidine synthase","Bacteria",177416,"177416.18","Francisella tularensis subsp. tularensis SCHU S4","FTT1720c","purL","RefSeq.9606.33.NC_000023.CDS.47651842.47658963.rev","Protein","protein UXT isoform 1","Primates",9606,"9606.33","Homo sapiens",,"UXT","HPI","physical association","two hybrid pooling approach","experimental","20711500;13779","intact","intact:EBI-2796886;imex:IM-13779-76",
"RefSeq.177416.18.NC_006570.CDS.1730263.1733547.fwd","Protein","carbamoyl phosphate synthase large subunit","Bacteria",177416,"177416.18","Francisella tularensis subsp. tularensis SCHU S4","FTT1664","carB","RefSeq.9606.33.NC_000003.CDS.128481019.128487031.rev","Protein","endothelial transcription factor GATA-2 isoform 1","Primates",9606,"9606.33","Homo sapiens",,"GATA2","HPI","physical association","two hybrid pooling approach","experimental","20711500;13779","intact","intact:EBI-2806678;imex:IM-13779-1059",
"fig|177416.18.peg.23","Protein","Aspartyl-tRNA(Asn) amidotransferase subunit A (EC 6.3.5.6) @ Glutamyl-tRNA(Gln) amidotransferase subunit A (EC 6.3.5.7)","Bacteria",177416,"177416.18","Francisella tularensis subsp. tularensis SCHU S4","FTT0020","gatA","RefSeq.9606.33.NT_187631.CDS.81966.101331.fwd","Protein","neutrophil cytosol factor 4 isoform 1","Primates",9606,"9606.33","Homo sapiens",,"NCF4","HPI","physical association","two hybrid pooling approach","experimental","20711500;13779","intact","intact:EBI-2804513;imex:IM-13779-817",
"fig|177416.18.peg.82","Protein","2-oxoglutarate dehydrogenase E1 component (EC 1.2.4.2)","Bacteria",177416,"177416.18","Francisella tularensis subsp. tularensis SCHU S4","FTT0076","sucA","RefSeq.9606.33.NC_000003.CDS.94060948.94061511.rev","Protein","dihydrofolate reductase, mitochondrial isoform X1","Primates",9606,"9606.33","Homo sapiens",,"DHFRL1","HPI","physical association","two hybrid pooling approach","experimental","20711500;13779","intact","intact:EBI-2807198;imex:IM-13779-1115",
"RefSeq.177416.18.NC_006570.CDS.902373.904685.fwd","Protein","fusion protein PurC/PurD","Bacteria",177416,"177416.18","Francisella tularensis subsp. tularensis SCHU S4","FTT0894","purCD","RefSeq.9606.33.NC_000001.CDS.161100683.161118026.rev","Protein","prefoldin subunit 2","Primates",9606,"9606.33","Homo sapiens",,"PFDN2","HPI","physical association","two hybrid pooling approach","experimental","20711500;13779","intact","intact:EBI-2803802;imex:IM-13779-742",
"fig|177416.18.peg.160","Protein","DNA-directed RNA polymerase beta subunit (EC 2.7.7.6)","Bacteria",177416,"177416.18","Francisella tularensis subsp. tularensis SCHU S4","FTT0144","rpoB","RefSeq.9606.33.NC_000005.CDS.150402240.150412749.rev","Protein","HLA class II histocompatibility antigen gamma chain isoform a","Primates",9606,"9606.33","Homo sapiens",,"CD74","HPI","physical association","two hybrid pooling approach","experimental","20711500;13779","intact","intact:EBI-2806260;imex:IM-13779-1008",
"RefSeq.177416.18.NC_006570.CDS.648873.649799.fwd","Protein","tRNA delta(2)-isopentenylpyrophosphate transferase","Bacteria",177416,"177416.18","Francisella tularensis subsp. tularensis SCHU S4","FTT0629","miaA","RefSeq.9606.33.NC_000004.CDS.102510933.102616594.fwd","Protein","nuclear factor NF-kappa-B p105 subunit isoform X2","Primates",9606,"9606.33","Homo sapiens",,"NFKB1","HPI","physical association","two hybrid pooling approach","experimental","20711500;13779","intact","intact:EBI-2804426;imex:IM-13779-804",
"RefSeq.177416.18.NC_006570.CDS.312389.315148.fwd","Protein","valyl-tRNA synthetase","Bacteria",177416,"177416.18","Francisella tularensis subsp. tularensis SCHU S4","FTT0299","valS","RefSeq.9606.33.NC_000006.CDS.16306329.16328310.rev","Protein","ataxin-1","Primates",9606,"9606.33","Homo sapiens",,"ATXN1","HPI","physical association","two hybrid pooling approach","experimental","20711500;13779","intact","intact:EBI-2808656;imex:IM-13779-1284",
"fig|177416.18.peg.118","Protein","Probable Co/Zn/Cd efflux system membrane fusion protein","Bacteria",177416,"177416.18","Francisella tularensis subsp. tularensis SCHU S4","FTT0106c",,"RefSeq.9606.33.NC_000001.CDS.183556118.183590329.rev","Protein","neutrophil cytosol factor 2 isoform X1","Primates",9606,"9606.33","Homo sapiens",,"NCF2","HPI","physical association","two hybrid pooling approach","experimental","20711500;13779","intact","intact:EBI-2798662;imex:IM-13779-237",
"RefSeq.177416.18.NC_006570.CDS.1802117.1805989.rev","Protein","phosphoribosylformylglycinamidine synthase","Bacteria",177416,"177416.18","Francisella tularensis subsp. tularensis SCHU S4","FTT1720c","purL","RefSeq.9606.33.NC_000003.CDS.49030452.49077017.rev","Protein","glutamine-rich protein 1 isoform X1","Primates",9606,"9606.33","Homo sapiens",,"QRICH1","HPI","physical association","two hybrid pooling approach","experimental","20711500;13779","intact","intact:EBI-2798051;imex:IM-13779-184",
"RefSeq.177416.18.NC_006570.CDS.388991.390358.fwd","Protein","UDP-N-acetylglucosamine pyrophosphorylase/glucosamine-1-phosphate N-acetyltransferase","Bacteria",177416,"177416.18","Francisella tularensis subsp. tularensis SCHU S4","FTT0387","glmU","RefSeq.9606.33.NC_000003.CDS.152300194.152459327.fwd","Protein","muscleblind-like protein 1 isoform X2","Primates",9606,"9606.33","Homo sapiens",,"MBNL1","HPI","physical association","two hybrid pooling approach","experimental","20711500;13779","intact","intact:EBI-2805010;imex:IM-13779-868",
"RefSeq.177416.18.NC_006570.CDS.1744555.1745547.fwd","Protein","hypothetical protein","Bacteria",177416,"177416.18","Francisella tularensis subsp. tularensis SCHU S4","FTT1676",,"RefSeq.9606.33.NC_000019.CDS.16111902.16132304.fwd","Protein","ras-related protein Rab-8A","Primates",9606,"9606.33","Homo sapiens",,"RAB8A","HPI","physical association","two hybrid pooling approach","experimental","20711500;13779","intact","intact:EBI-2798277;imex:IM-13779-201",
"RefSeq.177416.18.NC_006570.CDS.741201.743426.rev","Protein","peroxidase/catalase","Bacteria",177416,"177416.18","Francisella tularensis subsp. tularensis SCHU S4","FTT0721c","katG","RefSeq.9606.33.NC_000008.CDS.17935611.18027662.fwd","Protein","pericentriolar material 1 protein isoform X19","Primates",9606,"9606.33","Homo sapiens",,"PCM1","HPI","physical association","two hybrid pooling approach","experimental","20711500;13779","intact","intact:EBI-2803902;imex:IM-13779-750",
"RefSeq.177416.18.NC_006570.CDS.1243635.1246292.fwd","Protein","ribonuclease E","Bacteria",177416,"177416.18","Francisella tularensis subsp. tularensis SCHU S4","FTT1227","rne","RefSeq.9606.33.NC_000001.CDS.151404802.151443638.rev","Protein","pogo transposable element with ZNF domain isoform X3","Primates",9606,"9606.33","Homo sapiens",,"POGZ","HPI","physical association","two hybrid pooling approach","experimental","20711500;13779","intact","intact:EBI-2803535;imex:IM-13779-713",
"RefSeq.177416.18.NC_006570.CDS.650291.651598.fwd","Protein","protease, GTP-binding subunit","Bacteria",177416,"177416.18","Francisella tularensis subsp. tularensis SCHU S4","FTT0631","hflX","RefSeq.9606.33.NC_000021.CDS.36320265.36375296.fwd","Protein","MORC family CW-type zinc finger protein 3","Primates",9606,"9606.33","Homo sapiens",,"MORC3","HPI","physical association","two hybrid pooling approach","experimental","20711500;13779","intact","intact:EBI-2803035;imex:IM-13779-666",
"RefSeq.177416.18.NC_006570.CDS.1421061.1421804.fwd","Protein","3-oxoacyl-(acyl-carrier-protein) reductase","Bacteria",177416,"177416.18","Francisella tularensis subsp. tularensis SCHU S4","FTT1375","fabG","RefSeq.9606.33.NC_000007.CDS.27748525.27828829.fwd","Protein","tax1-binding protein 1 isoform X1","Primates",9606,"9606.33","Homo sapiens",,"TAX1BP1","HPI","physical association","two hybrid pooling approach","experimental","20711500;13779","intact","intact:EBI-2796625;imex:IM-13779-51",
"RefSeq.177416.18.NC_006570.CDS.902373.904685.fwd","Protein","fusion protein PurC/PurD","Bacteria",177416,"177416.18","Francisella tularensis subsp. tularensis SCHU S4","FTT0894","purCD","RefSeq.9606.33.NC_000010.CDS.11742577.11763544.fwd","Protein","enoyl-CoA hydratase domain-containing protein 3, mitochondrial isoform X1","Primates",9606,"9606.33","Homo sapiens",,"ECHDC3","HPI","physical association","two hybrid pooling approach","experimental","20711500;13779","intact","intact:EBI-2802060;imex:IM-13779-585",
"RefSeq.177416.18.NC_006570.CDS.1358875.1360155.fwd","Protein","seryl-tRNA synthetase","Bacteria",177416,"177416.18","Francisella tularensis subsp. tularensis SCHU S4","FTT1330","serS","RefSeq.9606.33.NC_000019.CDS.18444752.18522055.rev","Protein","RNA polymerase II elongation factor ELL","Primates",9606,"9606.33","Homo sapiens",,"ELL","HPI","physical association","two hybrid pooling approach","experimental","20711500;13779","intact","intact:EBI-2796311;imex:IM-13779-21",
"fig|177416.18.peg.93","Protein","Aconitate hydratase (EC 4.2.1.3)","Bacteria",177416,"177416.18","Francisella tularensis subsp. tularensis SCHU S4","FTT0087","acnA","RefSeq.9606.33.NC_000015.CDS.44711547.44716342.fwd","Protein","beta-2-microglobulin precursor","Primates",9606,"9606.33","Homo sapiens",,"B2M","HPI","physical association","two hybrid pooling approach","experimental","20711500;13779","intact","intact:EBI-2799246;imex:IM-13779-294",
"RefSeq.177416.18.NC_006570.CDS.1587238.1589478.fwd","Protein","acyl-CoA dehydrogenase","Bacteria",177416,"177416.18","Francisella tularensis subsp. tularensis SCHU S4","FTT1529","fadE","RefSeq.9606.33.NC_000003.CDS.50318129.50320489.rev","Protein","hyaluronidase-2 isoform X1","Primates",9606,"9606.33","Homo sapiens",,"HYAL2","HPI","physical association","two hybrid pooling approach","experimental","20711500;13779","intact","intact:EBI-2806078;imex:IM-13779-986",
"RefSeq.177416.18.NC_006570.CDS.1807573.1808919.rev","Protein","glutamate decarboxylase","Bacteria",177416,"177416.18","Francisella tularensis subsp. tularensis SCHU S4","FTT1722c","gad","RefSeq.9606.33.NC_000001.CDS.110947959.110963688.rev","Protein","ligand-dependent nuclear receptor-interacting factor 1 isoform 1","Primates",9606,"9606.33","Homo sapiens",,"LRIF1","HPI","physical association","two hybrid pooling approach","experimental","20711500;13779","intact","intact:EBI-2797471;imex:IM-13779-132",
"RefSeq.177416.18.NC_006570.CDS.273192.275048.fwd","Protein","ribonuclease II family protein","Bacteria",177416,"177416.18","Francisella tularensis subsp. tularensis SCHU S4","FTT0257",,"RefSeq.9606.33.NC_000005.CDS.150004853.150052192.fwd","Protein","HMG domain-containing protein 3 isoform X2","Primates",9606,"9606.33","Homo sapiens",,"HMGXB3","HPI","physical association","two hybrid pooling approach","experimental","20711500;13779","intact","intact:EBI-2802954;imex:IM-13779-659",
"RefSeq.177416.18.NC_006570.CDS.1802117.1805989.rev","Protein","phosphoribosylformylglycinamidine synthase","Bacteria",177416,"177416.18","Francisella tularensis subsp. tularensis SCHU S4","FTT1720c","purL","RefSeq.9606.33.NC_000003.CDS.142724560.142806235.fwd","Protein","short transient receptor potential channel 1 isoform 2","Primates",9606,"9606.33","Homo sapiens",,"TRPC1","HPI","physical association","two hybrid pooling approach","experimental","20711500;13779","intact","intact:EBI-2796921;imex:IM-13779-78",
"fig|177416.18.peg.212","Protein","Lysyl-tRNA synthetase (class II) (EC 6.1.1.6)","Bacteria",177416,"177416.18","Francisella tularensis subsp. tularensis SCHU S4","FTT0192","lysU","RefSeq.9606.33.NC_000003.CDS.14145941.14178568.rev","Protein","DNA repair protein complementing XP-C cells","Primates",9606,"9606.33","Homo sapiens",,"XPC","HPI","physical association","two hybrid pooling approach","experimental","20711500;13779","intact","intact:EBI-2799725;imex:IM-13779-334",
"RefSeq.177416.18.NC_006570.CDS.1216064.1218070.rev","Protein","excinuclease ABC subunit B","Bacteria",177416,"177416.18","Francisella tularensis subsp. tularensis SCHU S4","FTT1199c","uvrB","RefSeq.9606.33.NC_000015.CDS.85485721.85744677.fwd","Protein","A-kinase anchor protein 13 isoform 1","Primates",9606,"9606.33","Homo sapiens",,"AKAP13","HPI","physical association","two hybrid pooling approach","experimental","20711500;13779","intact","intact:EBI-2809134;imex:IM-13779-1337",
"fig|177416.18.peg.82","Protein","2-oxoglutarate dehydrogenase E1 component (EC 1.2.4.2)","Bacteria",177416,"177416.18","Francisella tularensis subsp. tularensis SCHU S4","FTT0076","sucA","RefSeq.9606.33.NC_000016.CDS.14644347.14667827.fwd","Protein","bifunctional apoptosis regulator isoform X1","Primates",9606,"9606.33","Homo sapiens",,"BFAR","HPI","physical association","two hybrid pooling approach","experimental","20711500;13779","intact","intact:EBI-2808546;imex:IM-13779-1269",
"fig|177416.18.peg.161","Protein","DNA-directed RNA polymerase beta' subunit (EC 2.7.7.6)","Bacteria",177416,"177416.18","Francisella tularensis subsp. tularensis SCHU S4","FTT0145","rpoC","RefSeq.9606.33.NC_000012.CDS.753566.908792.fwd","Protein","serine/threonine-protein kinase WNK1 isoform X14","Primates",9606,"9606.33","Homo sapiens",,"WNK1","HPI","physical association","two hybrid pooling approach","experimental","20711500;13779","intact","intact:EBI-2799753;imex:IM-13779-338",
"RefSeq.177416.18.NC_006570.CDS.283223.285109.fwd","Protein","Sodium/hydrogen exchanger (antiporter) family protein","Bacteria",177416,"177416.18","Francisella tularensis subsp. tularensis SCHU S4","FTT0268",,"RefSeq.9606.33.NC_000011.CDS.3001114.3057367.rev","Protein","cysteine--tRNA ligase, cytoplasmic isoform c","Primates",9606,"9606.33","Homo sapiens",,"CARS","HPI","physical association","two hybrid pooling approach","experimental","20711500;13779","intact","intact:EBI-2800719;imex:IM-13779-441",
"fig|177416.18.peg.23","Protein","Aspartyl-tRNA(Asn) amidotransferase subunit A (EC 6.3.5.6) @ Glutamyl-tRNA(Gln) amidotransferase subunit A (EC 6.3.5.7)","Bacteria",177416,"177416.18","Francisella tularensis subsp. tularensis SCHU S4","FTT0020","gatA","RefSeq.9606.33.NC_000016.CDS.24729842.24823807.fwd","Protein","trinucleotide repeat-containing gene 6A protein isoform X6","Primates",9606,"9606.33","Homo sapiens",,"TNRC6A","HPI","physical association","two hybrid pooling approach","experimental","20711500;13779","intact","intact:EBI-2800258;imex:IM-13779-392",
"RefSeq.177416.18.NC_006570.CDS.748995.750029.rev","Protein","glycerophosphoryl diester phosphodiesterase family protein","Bacteria",177416,"177416.18","Francisella tularensis subsp. tularensis SCHU S4","FTT0726c",,"RefSeq.9606.33.NC_000014.CDS.103386030.103503227.fwd","Protein","MAP/microtubule affinity-regulating kinase 3 isoform X4","Primates",9606,"9606.33","Homo sapiens",,"MARK3","HPI","physical association","two hybrid pooling approach","experimental","20711500;13779","intact","intact:EBI-2805024;imex:IM-13779-870",
"RefSeq.177416.18.NC_006570.CDS.1802117.1805989.rev","Protein","phosphoribosylformylglycinamidine synthase","Bacteria",177416,"177416.18","Francisella tularensis subsp. tularensis SCHU S4","FTT1720c","purL","RefSeq.9606.33.NC_000006.CDS.44387824.44446711.fwd","Protein","cell division cycle 5-like protein","Primates",9606,"9606.33","Homo sapiens",,"CDC5L","HPI","physical association","two hybrid pooling approach","experimental","20711500;13779","intact","intact:EBI-2797453;imex:IM-13779-129",
"fig|177416.18.peg.7","Protein","Proline/betaine transporter","Bacteria",177416,"177416.18","Francisella tularensis subsp. tularensis SCHU S4","FTT0006",,"RefSeq.9606.33.NC_000001.CDS.161707214.161713380.fwd","Protein","Fc receptor-like A isoform 7 precursor","Primates",9606,"9606.33","Homo sapiens",,"FCRLA","HPI","physical association","two hybrid pooling approach","experimental","20711500;13779","intact","intact:EBI-2806858;imex:IM-13779-1076",
"RefSeq.177416.18.NC_006570.CDS.734051.736333.fwd","Protein","chitinase family 18 protein","Bacteria",177416,"177416.18","Francisella tularensis subsp. tularensis SCHU S4","FTT0715",,"RefSeq.9606.33.NC_000001.CDS.155186135.155192843.rev","Protein","mucin-1 isoform 10 precursor","Primates",9606,"9606.33","Homo sapiens",,"MUC1","HPI","physical association","two hybrid pooling approach","experimental","20711500;13779","intact","intact:EBI-2804725;imex:IM-13779-840",
"fig|177416.18.peg.80","Protein","Succinate dehydrogenase flavoprotein subunit (EC 1.3.5.1)","Bacteria",177416,"177416.18","Francisella tularensis subsp. tularensis SCHU S4","FTT0074","sdhA","RefSeq.9606.33.NC_000001.CDS.114774271.114780607.rev","Protein","suppressor of IKBKE 1 isoform 1","Primates",9606,"9606.33","Homo sapiens",,"SIKE1","HPI","physical association","two hybrid pooling approach","experimental","20711500;13779","intact","intact:EBI-2801171;imex:IM-13779-491",
"RefSeq.177416.18.NC_006570.CDS.264050.266698.fwd","Protein","pyruvate phosphate dikinase","Bacteria",177416,"177416.18","Francisella tularensis subsp. tularensis SCHU S4","FTT0250","ppdK","RefSeq.9606.33.NC_000004.CDS.1394512.1395852.fwd","Protein","cysteine-rich PAK1 inhibitor","Primates",9606,"9606.33","Homo sapiens",,"CRIPAK","HPI","physical association","two hybrid pooling approach","experimental","20711500;13779","intact","intact:EBI-2798144;imex:IM-13779-190",
"RefSeq.177416.18.NC_006570.CDS.1802117.1805989.rev","Protein","phosphoribosylformylglycinamidine synthase","Bacteria",177416,"177416.18","Francisella tularensis subsp. tularensis SCHU S4","FTT1720c","purL","RefSeq.9606.33.NC_000005.CDS.76716308.76733503.fwd","Protein","proteinase-activated receptor 1 precursor","Primates",9606,"9606.33","Homo sapiens",,"F2R","HPI","physical association","two hybrid pooling approach","experimental","20711500;13779","intact","intact:EBI-2803957;imex:IM-13779-756",
"RefSeq.177416.18.NC_006570.CDS.796879.798717.fwd","Protein","excinuclease ABC subunit C","Bacteria",177416,"177416.18","Francisella tularensis subsp. tularensis SCHU S4","FTT0777","uvrC","RefSeq.9606.33.NC_000012.CDS.57694162.57720909.fwd","Protein","protein OS-9 isoform 8 precursor","Primates",9606,"9606.33","Homo sapiens",,"OS9","HPI","physical association","two hybrid pooling approach","experimental","20711500;13779","intact","intact:EBI-2798567;imex:IM-13779-226",
"RefSeq.177416.18.NC_006570.CDS.237887.239431.fwd","Protein","acid phosphatase (precursor)","Bacteria",177416,"177416.18","Francisella tularensis subsp. tularensis SCHU S4","FTT0221","acpA","RefSeq.9606.33.NC_000001.CDS.226064352.226071479.fwd","Protein","histone H3.3","Primates",9606,"9606.33","Homo sapiens",,"H3F3A","HPI","physical association","two hybrid pooling approach","experimental","20711500;13779","intact","intact:EBI-2806408;imex:IM-13779-1028",
"fig|177416.18.peg.80","Protein","Succinate dehydrogenase flavoprotein subunit (EC 1.3.5.1)","Bacteria",177416,"177416.18","Francisella tularensis subsp. tularensis SCHU S4","FTT0074","sdhA","RefSeq.9606.33.NC_000002.CDS.135741930.135782887.fwd","Protein","UBX domain-containing protein 4","Primates",9606,"9606.33","Homo sapiens",,"UBXN4","HPI","physical association","two hybrid pooling approach","experimental","20711500;13779","intact","intact:EBI-2799973;imex:IM-13779-362",
"RefSeq.177416.18.NC_006570.CDS.902373.904685.fwd","Protein","fusion protein PurC/PurD","Bacteria",177416,"177416.18","Francisella tularensis subsp. tularensis SCHU S4","FTT0894","purCD","RefSeq.9606.33.NC_000001.CDS.222618111.222665619.fwd","Protein","melanoma inhibitory activity protein 3 isoform X2","Primates",9606,"9606.33","Homo sapiens",,"MIA3","HPI","physical association","two hybrid pooling approach","experimental","20711500;13779","intact","intact:EBI-2803092;imex:IM-13779-672",
"RefSeq.177416.18.NC_006570.CDS.1600869.1601852.rev","Protein","hypothetical protein","Bacteria",177416,"177416.18","Francisella tularensis subsp. tularensis SCHU S4","FTT1538c",,"RefSeq.9606.33.NC_000023.CDS.129780098.129793832.fwd","Protein","SAM and SH3 domain-containing protein 3","Primates",9606,"9606.33","Homo sapiens",,"SASH3","HPI","physical association","two hybrid pooling approach","experimental","20711500;13779","intact","intact:EBI-2797854;imex:IM-13779-167",
"RefSeq.177416.18.NC_006570.CDS.1046442.1048175.rev","Protein","RNA polymerase sigma-70 factor","Bacteria",177416,"177416.18","Francisella tularensis subsp. tularensis SCHU S4","FTT1035c","rpoD","RefSeq.9606.33.NC_000015.CDS.90265713.90271788.fwd","Protein","neugrin precursor","Primates",9606,"9606.33","Homo sapiens",,"NGRN","HPI","physical association","two hybrid pooling approach","experimental","20711500;13779","intact","intact:EBI-2804369;imex:IM-13779-796",
"RefSeq.177416.18.NC_006570.CDS.1216064.1218070.rev","Protein","excinuclease ABC subunit B","Bacteria",177416,"177416.18","Francisella tularensis subsp. tularensis SCHU S4","FTT1199c","uvrB","RefSeq.9606.33.NC_000009.CDS.128121145.128127717.rev","Protein","prostaglandin E synthase 2 isoform 1","Primates",9606,"9606.33","Homo sapiens",,"PTGES2","HPI","physical association","two hybrid pooling approach","experimental","20711500;13779","intact","intact:EBI-2803788;imex:IM-13779-739",
"fig|177416.18.peg.125","Protein","Phosphopentomutase (EC 5.4.2.7)","Bacteria",177416,"177416.18","Francisella tularensis subsp. tularensis SCHU S4","FTT0113","deoB","RefSeq.9606.33.NC_000011.CDS.5225598.5227021.rev","Protein","hemoglobin subunit beta","Primates",9606,"9606.33","Homo sapiens",,"HBB","HPI","physical association","two hybrid pooling approach","experimental","20711500;13779","intact","intact:EBI-2806341;imex:IM-13779-1020",
"RefSeq.177416.18.NC_006570.CDS.1708876.1710300.fwd","Protein","Beta-fructofuranosidase","Bacteria",177416,"177416.18","Francisella tularensis subsp. tularensis SCHU S4","FTT1644",,"RefSeq.9606.33.NC_000006.CDS.41565761.41598936.fwd","Protein","forkhead box protein P4 isoform X6","Primates",9606,"9606.33","Homo sapiens",,"FOXP4","HPI","physical association","two hybrid pooling approach","experimental","20711500;13779","intact","intact:EBI-2802286;imex:IM-13779-602",
"RefSeq.177416.18.NC_006570.CDS.739772.741097.rev","Protein","deoxyguanosinetriphosphate triphosphohydrolase","Bacteria",177416,"177416.18","Francisella tularensis subsp. tularensis SCHU S4","FTT0720c","dgt","RefSeq.9606.33.NC_000019.CDS.55091472.55117543.rev","Protein","protein phosphatase 1 regulatory subunit 12C isoform a","Primates",9606,"9606.33","Homo sapiens",,"PPP1R12C","HPI","physical association","two hybrid pooling approach","experimental","20711500;13779","intact","intact:EBI-2796227;imex:IM-13779-16",
"RefSeq.177416.18.NC_006570.CDS.558346.558981.fwd","Protein","ubiquinone biosynthesis protein","Bacteria",177416,"177416.18","Francisella tularensis subsp. tularensis SCHU S4","FTT0537",,"RefSeq.9606.33.NC_000015.CDS.41231383.41279389.fwd","Protein","calcineurin B homologous protein 1","Primates",9606,"9606.33","Homo sapiens",,"CHP1","HPI","physical association","two hybrid pooling approach","experimental","20711500;13779","intact","intact:EBI-2796582;imex:IM-13779-46",
"RefSeq.177416.18.NC_006570.CDS.1802117.1805989.rev","Protein","phosphoribosylformylglycinamidine synthase","Bacteria",177416,"177416.18","Francisella tularensis subsp. tularensis SCHU S4","FTT1720c","purL","RefSeq.9606.33.NC_000013.CDS.40933425.40982054.rev","Protein","ETS-related transcription factor Elf-1 isoform X1","Primates",9606,"9606.33","Homo sapiens",,"ELF1","HPI","physical association","two hybrid pooling approach","experimental","20711500;13779","intact","intact:EBI-2807062;imex:IM-13779-1098",
"fig|177416.18.peg.123","Protein","DNA polymerase I (EC 2.7.7.7)","Bacteria",177416,"177416.18","Francisella tularensis subsp. tularensis SCHU S4","FTT0111","polA","RefSeq.9606.33.NC_000006.CDS.43770707.43784628.fwd","Protein","vascular endothelial growth factor A isoform g","Primates",9606,"9606.33","Homo sapiens",,"VEGFA","HPI","physical association","two hybrid pooling approach","experimental","20711500;13779","intact","intact:EBI-2799914;imex:IM-13779-352",
"RefSeq.177416.18.NC_006570.CDS.700879.702294.rev","Protein","soluble pyridine nucleotide transhydrogenase","Bacteria",177416,"177416.18","Francisella tularensis subsp. tularensis SCHU S4","FTT0684c","sthA","RefSeq.9606.33.NC_000019.CDS.49086415.49108443.fwd","Protein","U1 small nuclear ribonucleoprotein 70 kDa isoform 2","Primates",9606,"9606.33","Homo sapiens",,"SNRNP70","HPI","physical association","two hybrid pooling approach","experimental","20711500;13779","intact","intact:EBI-2801499;imex:IM-13779-528",
"RefSeq.177416.18.NC_006570.CDS.1617909.1618772.rev","Protein","signal peptidase I","Bacteria",177416,"177416.18","Francisella tularensis subsp. tularensis SCHU S4","FTT1556c","lepB","RefSeq.9606.33.NC_000011.CDS.30330949.30336795.fwd","Protein","ARL14 effector protein","Primates",9606,"9606.33","Homo sapiens",,"ARL14EP","HPI","physical association","two hybrid pooling approach","experimental","20711500;13779","intact","intact:EBI-2807991;imex:IM-13779-1211",
"RefSeq.177416.18.NC_006570.CDS.1809580.1811109.rev","Protein","outer membrane protein tolC precursor","Bacteria",177416,"177416.18","Francisella tularensis subsp. tularensis SCHU S4","FTT1724c","tolC","RefSeq.9606.33.NC_000003.CDS.18349170.18420967.rev","Protein","DNA-binding protein SATB1 isoform X1","Primates",9606,"9606.33","Homo sapiens",,"SATB1","HPI","physical association","two hybrid pooling approach","experimental","20711500;13779","intact","intact:EBI-2801368;imex:IM-13779-514",
"RefSeq.177416.18.NC_006570.CDS.644647.646971.fwd","Protein","DNA-binding, ATP-dependent protease La","Bacteria",177416,"177416.18","Francisella tularensis subsp. tularensis SCHU S4","FTT0626","lon","RefSeq.9606.33.NC_000001.CDS.25885723.25904676.rev","Protein","stathmin isoform b","Primates",9606,"9606.33","Homo sapiens",,"STMN1","HPI","physical association","two hybrid pooling approach","experimental","20711500;13779","intact","intact:EBI-2797005;imex:IM-13779-85",
"RefSeq.177416.18.NC_006570.CDS.1802117.1805989.rev","Protein","phosphoribosylformylglycinamidine synthase","Bacteria",177416,"177416.18","Francisella tularensis subsp. tularensis SCHU S4","FTT1720c","purL","RefSeq.9606.33.NC_000012.CDS.56343389.56356571.rev","Protein","signal transducer and activator of transcription 2 isoform X1","Primates",9606,"9606.33","Homo sapiens",,"STAT2","HPI","physical association","two hybrid pooling approach","experimental","20711500;13779","intact","intact:EBI-2797012;imex:IM-13779-88",
"RefSeq.177416.18.NC_006570.CDS.821971.822834.fwd","Protein","asparaginase","Bacteria",177416,"177416.18","Francisella tularensis subsp. tularensis SCHU S4","FTT0803","ans","RefSeq.9606.33.NC_000010.CDS.35010311.35101010.rev","Protein","cullin-2 isoform X2","Primates",9606,"9606.33","Homo sapiens",,"CUL2","HPI","physical association","two hybrid pooling approach","experimental","20711500;13779","intact","intact:EBI-2807523;imex:IM-13779-1155",
"RefSeq.177416.18.NC_006570.CDS.526662.526976.rev","Protein","hypothetical protein","Bacteria",177416,"177416.18","Francisella tularensis subsp. tularensis SCHU S4","FTT0506c",,"RefSeq.9606.33.NC_000005.CDS.128083955.128186631.fwd","Protein","solute carrier family 12 member 2 isoform 2","Primates",9606,"9606.33","Homo sapiens",,"SLC12A2","HPI","physical association","two hybrid pooling approach","experimental","20711500;13779","intact","intact:EBI-2801446;imex:IM-13779-521",
"RefSeq.177416.18.NC_006570.CDS.1640165.1640710.fwd","Protein","hypothetical protein","Bacteria",177416,"177416.18","Francisella tularensis subsp. tularensis SCHU S4","FTT1576",,"RefSeq.9606.33.NC_000008.CDS.38105551.38139071.fwd","Protein","set1/Ash2 histone methyltransferase complex subunit ASH2 isoform X3","Primates",9606,"9606.33","Homo sapiens",,"ASH2L","HPI","physical association","two hybrid pooling approach","experimental","20711500;13779","intact","intact:EBI-2808715;imex:IM-13779-1287",
"fig|177416.18.peg.54","Protein","Transcription termination protein NusA","Bacteria",177416,"177416.18","Francisella tularensis subsp. tularensis SCHU S4","FTT0049","nusA","RefSeq.9606.33.NC_000005.CDS.146203766.146286030.fwd","Protein","RNA-binding protein 27 isoform X4","Primates",9606,"9606.33","Homo sapiens",,"RBM27","HPI","physical association","two hybrid pooling approach","experimental","20711500;13779","intact","intact:EBI-2801829;imex:IM-13779-561",
"RefSeq.177416.18.NC_006570.CDS.422414.424336.rev","Protein","glycogen branching enzyme","Bacteria",177416,"177416.18","Francisella tularensis subsp. tularensis SCHU S4","FTT0413c","glgB","RefSeq.9606.33.NC_000014.CDS.23321470.23325286.fwd","Protein","polyadenylate-binding protein 2","Primates",9606,"9606.33","Homo sapiens",,"PABPN1","HPI","physical association","two hybrid pooling approach","experimental","20711500;13779","intact","intact:EBI-2804016;imex:IM-13779-759",
"RefSeq.177416.18.NC_006570.CDS.924619.925539.rev","Protein","riboflavin biosynthesis protein RibF","Bacteria",177416,"177416.18","Francisella tularensis subsp. tularensis SCHU S4","FTT0916c","ribF","RefSeq.9606.33.NC_000010.CDS.11005388.11329053.fwd","Protein","CUGBP Elav-like family member 2 isoform X1","Primates",9606,"9606.33","Homo sapiens",,"CELF2","HPI","physical association","two hybrid pooling approach","experimental","20711500;13779","intact","intact:EBI-2808118;imex:IM-13779-1224",
"fig|177416.18.peg.225","Protein","IMP cyclohydrolase (EC 3.5.4.10) / Phosphoribosylaminoimidazolecarboxamide formyltransferase (EC 2.1.2.3)","Bacteria",177416,"177416.18","Francisella tularensis subsp. tularensis SCHU S4","FTT0203c","purH","RefSeq.9606.33.NC_000015.CDS.90885046.90895558.fwd","Protein","tyrosine-protein kinase Fes/Fps isoform 4","Primates",9606,"9606.33","Homo sapiens",,"FES","HPI","physical association","two hybrid pooling approach","experimental","20711500;13779","intact","intact:EBI-2796814;imex:IM-13779-68",
"RefSeq.177416.18.NC_006570.CDS.1679490.1680884.fwd","Protein","cysteinyl-tRNA synthetase","Bacteria",177416,"177416.18","Francisella tularensis subsp. tularensis SCHU S4","FTT1616","cysS","RefSeq.9606.33.NC_000019.CDS.14478416.14482976.rev","Protein","PDZ domain-containing protein GIPC1 isoform 1","Primates",9606,"9606.33","Homo sapiens",,"GIPC1","HPI","physical association","two hybrid pooling approach","experimental","20711500;13779","intact","intact:EBI-2806603;imex:IM-13779-1050",
"RefSeq.177416.18.NC_006570.CDS.869994.870701.fwd","Protein","ribonuclease PH","Bacteria",177416,"177416.18","Francisella tularensis subsp. tularensis SCHU S4","FTT0858","rph","RefSeq.9606.33.NC_000019.CDS.51142370.51153245.fwd","Protein","sialic acid-binding Ig-like lectin 7 isoform X1","Primates",9606,"9606.33","Homo sapiens",,"SIGLEC7","HPI","physical association","two hybrid pooling approach","experimental","20711500;13779","intact","intact:EBI-2801186;imex:IM-13779-496",
"RefSeq.177416.18.NC_006570.CDS.1463095.1464792.fwd","Protein","prolyl-tRNA synthetase","Bacteria",177416,"177416.18","Francisella tularensis subsp. tularensis SCHU S4","FTT1412","proS","RefSeq.9606.33.NC_000015.CDS.72199650.72230987.rev","Protein","pyruvate kinase PKM isoform c","Primates",9606,"9606.33","Homo sapiens",,"PKM","HPI","physical association","two hybrid pooling approach","experimental","20711500;13779","intact","intact:EBI-2805451;imex:IM-13779-915",
"RefSeq.177416.18.NC_006570.CDS.483861.486467.fwd","Protein","organic solvent tolerance protein","Bacteria",177416,"177416.18","Francisella tularensis subsp. tularensis SCHU S4","FTT0467","ostA1","RefSeq.9606.33.NC_000011.CDS.46644292.46672332.fwd","Protein","autophagy-related protein 13 isoform X2","Primates",9606,"9606.33","Homo sapiens",,"ATG13","HPI","physical association","two hybrid pooling approach","experimental","20711500;13779","intact","intact:EBI-2798781;imex:IM-13779-250",
"RefSeq.177416.18.NC_006570.CDS.1444610.1447849.rev","Protein","exodeoxyribonuclease V gamma chain","Bacteria",177416,"177416.18","Francisella tularensis subsp. tularensis SCHU S4","FTT1397c","recC","RefSeq.9606.33.NC_000005.CDS.134758939.134828706.fwd","Protein","probable ATP-dependent RNA helicase DDX46 isoform 2","Primates",9606,"9606.33","Homo sapiens",,"DDX46","HPI","physical association","two hybrid pooling approach","experimental","20711500;13779","intact","intact:EBI-2807371;imex:IM-13779-1137",
"RefSeq.177416.18.NC_006570.CDS.1805989.1807479.rev","Protein","amidophosphoribosyltransferase","Bacteria",177416,"177416.18","Francisella tularensis subsp. tularensis SCHU S4","FTT1721c","purF","RefSeq.9606.33.NC_000016.CDS.50152953.50234978.fwd","Protein","non-canonical poly(A) RNA polymerase PAPD5 isoform X3","Primates",9606,"9606.33","Homo sapiens",,"PAPD5","HPI","physical association","two hybrid pooling approach","experimental","20711500;13779","intact","intact:EBI-2803977;imex:IM-13779-758",
"RefSeq.177416.18.NC_006570.CDS.637150.638478.rev","Protein","hypothetical protein","Bacteria",177416,"177416.18","Francisella tularensis subsp. tularensis SCHU S4","FTT0618c","yleA","RefSeq.9606.33.NC_000012.CDS.51238908.51246144.fwd","Protein","DAZ-associated protein 2 isoform f","Primates",9606,"9606.33","Homo sapiens",,"DAZAP2","HPI","physical association","two hybrid pooling approach","experimental","20711500;13779","intact","intact:EBI-2807392;imex:IM-13779-1140",
"RefSeq.177416.18.NC_006570.CDS.1802117.1805989.rev","Protein","phosphoribosylformylglycinamidine synthase","Bacteria",177416,"177416.18","Francisella tularensis subsp. tularensis SCHU S4","FTT1720c","purL","RefSeq.9606.33.NC_000016.CDS.58001484.58020245.fwd","Protein","U6 snRNA phosphodiesterase isoform 2","Primates",9606,"9606.33","Homo sapiens",,"USB1","HPI","physical association","two hybrid pooling approach","experimental","20711500;13779","intact","intact:EBI-2807691;imex:IM-13779-1172",
"RefSeq.177416.18.NC_006570.CDS.404586.408065.fwd","Protein","DNA polymerase III alpha subunit","Bacteria",177416,"177416.18","Francisella tularensis subsp. tularensis SCHU S4","FTT0402","dnaE","RefSeq.9606.33.NC_000002.CDS.86199491.86213649.fwd","Protein","39S ribosomal protein L35, mitochondrial isoform X1","Primates",9606,"9606.33","Homo sapiens",,"MRPL35","HPI","physical association","two hybrid pooling approach","experimental","20711500;13779","intact","intact:EBI-2809394;imex:IM-13779-1362",
"RefSeq.177416.18.NC_006570.CDS.330111.330860.fwd","Protein","uridylate kinase","Bacteria",177416,"177416.18","Francisella tularensis subsp. tularensis SCHU S4","FTT0315","pyrH","RefSeq.9606.33.NC_000022.CDS.17592674.17628635.rev","Protein","V-type proton ATPase subunit E 1 isoform a","Primates",9606,"9606.33","Homo sapiens",,"ATP6V1E1","HPI","physical association","two hybrid pooling approach","experimental","20711500;13779","intact","intact:EBI-2796333;imex:IM-13779-24",
"RefSeq.177416.18.NC_006570.CDS.416732.418177.fwd","Protein","glycine dehydrogenase subunit 2","Bacteria",177416,"177416.18","Francisella tularensis subsp. tularensis SCHU S4","FTT0410","gcvP2","RefSeq.9606.33.NC_000003.CDS.33498631.33718002.rev","Protein","CLIP-associating protein 2 isoform X1","Primates",9606,"9606.33","Homo sapiens",,"CLASP2","HPI","physical association","two hybrid pooling approach","experimental","20711500;13779","intact","intact:EBI-2807921;imex:IM-13779-1200",
"RefSeq.177416.18.NC_006570.CDS.1243635.1246292.fwd","Protein","ribonuclease E","Bacteria",177416,"177416.18","Francisella tularensis subsp. tularensis SCHU S4","FTT1227","rne","RefSeq.9606.33.NC_000005.CDS.171387949.171410565.fwd","Protein","nucleophosmin isoform 2","Primates",9606,"9606.33","Homo sapiens",,"NPM1","HPI","physical association","two hybrid pooling approach","experimental","20711500;13779","intact","intact:EBI-2804253;imex:IM-13779-786",
"RefSeq.177416.18.NC_006570.CDS.273192.275048.fwd","Protein","ribonuclease II family protein","Bacteria",177416,"177416.18","Francisella tularensis subsp. tularensis SCHU S4","FTT0257",,"RefSeq.9606.33.NC_000003.CDS.142724560.142806235.fwd","Protein","short transient receptor potential channel 1 isoform 2","Primates",9606,"9606.33","Homo sapiens",,"TRPC1","HPI","physical association","two hybrid pooling approach","experimental","20711500;13779","intact","intact:EBI-2800109;imex:IM-13779-380",
"RefSeq.177416.18.NC_006570.CDS.1392870.1396856.fwd","Protein","hypothetical protein","Bacteria",177416,"177416.18","Francisella tularensis subsp. tularensis SCHU S4","FTT1354",,"RefSeq.9606.33.NC_000006.CDS.36200323.36230609.fwd","Protein","bromodomain and PHD finger-containing protein 3 isoform X1","Primates",9606,"9606.33","Homo sapiens",,"BRPF3","HPI","physical association","two hybrid pooling approach","experimental","20711500;13779","intact","intact:EBI-2808518;imex:IM-13779-1265",
"RefSeq.177416.18.NC_006570.CDS.741201.743426.rev","Protein","peroxidase/catalase","Bacteria",177416,"177416.18","Francisella tularensis subsp. tularensis SCHU S4","FTT0721c","katG","RefSeq.9606.33.NC_000007.CDS.150993804.151014169.fwd","Protein","nitric oxide synthase, endothelial isoform 1","Primates",9606,"9606.33","Homo sapiens",,"NOS3","HPI","physical association","two hybrid pooling approach","experimental","20711500;13779","intact","intact:EBI-2804338;imex:IM-13779-797",
"fig|177416.18.peg.23","Protein","Aspartyl-tRNA(Asn) amidotransferase subunit A (EC 6.3.5.6) @ Glutamyl-tRNA(Gln) amidotransferase subunit A (EC 6.3.5.7)","Bacteria",177416,"177416.18","Francisella tularensis subsp. tularensis SCHU S4","FTT0020","gatA","RefSeq.9606.33.NC_000013.CDS.110307904.110512191.fwd","Protein","collagen alpha-2(IV) chain preproprotein","Primates",9606,"9606.33","Homo sapiens",,"COL4A2","HPI","physical association","two hybrid pooling approach","experimental","20711500;13779","intact","intact:EBI-2807810;imex:IM-13779-1190",
"RefSeq.177416.18.NC_006570.CDS.1662233.1665067.fwd","Protein","hypothetical protein","Bacteria",177416,"177416.18","Francisella tularensis subsp. tularensis SCHU S4","FTT1598",,"RefSeq.9606.33.NC_000014.CDS.39175280.39181863.fwd","Protein","pinin","Primates",9606,"9606.33","Homo sapiens",,"PNN","HPI","physical association","two hybrid pooling approach","experimental","20711500;13779","intact","intact:EBI-2803652;imex:IM-13779-722",
"fig|177416.18.peg.212","Protein","Lysyl-tRNA synthetase (class II) (EC 6.1.1.6)","Bacteria",177416,"177416.18","Francisella tularensis subsp. tularensis SCHU S4","FTT0192","lysU","RefSeq.9606.33.NC_000002.CDS.179945129.179993341.rev","Protein","pre-mRNA-splicing factor CWC22 homolog","Primates",9606,"9606.33","Homo sapiens",,"CWC22","HPI","physical association","two hybrid pooling approach","experimental","20711500;13779","intact","intact:EBI-2804506;imex:IM-13779-813",
"RefSeq.177416.18.NC_006570.CDS.1640165.1640710.fwd","Protein","hypothetical protein","Bacteria",177416,"177416.18","Francisella tularensis subsp. tularensis SCHU S4","FTT1576",,"RefSeq.9606.33.NC_000006.CDS.31639131.31651763.rev","Protein","large proline-rich protein BAG6 isoform a","Primates",9606,"9606.33","Homo sapiens",,"BAG6","HPI","physical association","two hybrid pooling approach","experimental","20711500;13779","intact","intact:EBI-2808584;imex:IM-13779-1271",
"RefSeq.177416.18.NC_006570.CDS.1520763.1521788.rev","Protein","quinolinate synthetase","Bacteria",177416,"177416.18","Francisella tularensis subsp. tularensis SCHU S4","FTT1469c","nadA","RefSeq.9606.33.NC_000015.CDS.53517699.53733149.rev","Protein","WD repeat-containing protein 72 isoform X1","Primates",9606,"9606.33","Homo sapiens",,"WDR72","HPI","physical association","two hybrid pooling approach","experimental","20711500;13779","intact","intact:EBI-2799788;imex:IM-13779-343",
"RefSeq.177416.18.NC_006570.CDS.1833415.1835112.rev","Protein","indolepyruvate decarboxylase","Bacteria",177416,"177416.18","Francisella tularensis subsp. tularensis SCHU S4","FTT1744c","ipdC","RefSeq.9606.33.NC_000006.CDS.116252764.116254008.rev","Protein","testis-specific Y-encoded-like protein 4","Primates",9606,"9606.33","Homo sapiens",,"TSPYL4","HPI","physical association","two hybrid pooling approach","experimental","20711500;13779","intact","intact:EBI-2800070;imex:IM-13779-376",
"RefSeq.177416.18.NC_006570.CDS.652971.654038.fwd","Protein","SPFH domain-containing protein/band 7 family protein","Bacteria",177416,"177416.18","Francisella tularensis subsp. tularensis SCHU S4","FTT0633","hflK","RefSeq.9606.33.NC_000006.CDS.33412264.33416098.fwd","Protein","PHD finger protein 1 isoform X2","Primates",9606,"9606.33","Homo sapiens",,"PHF1","HPI","physical association","two hybrid pooling approach","experimental","20711500;13779","intact","intact:EBI-2797231;imex:IM-13779-106",
"RefSeq.177416.18.NC_006570.CDS.627302.629095.fwd","Protein","peptidase, M24 family protein","Bacteria",177416,"177416.18","Francisella tularensis subsp. tularensis SCHU S4","FTT0609",,"RefSeq.9606.33.NC_000006.CDS.32439951.32443910.fwd","Protein","HLA class II histocompatibility antigen, DR alpha chain precursor","Primates",9606,"9606.33","Homo sapiens",,"HLA-DRA","HPI","physical association","two hybrid pooling approach","experimental","20711500;13779","intact","intact:EBI-2797536;imex:IM-13779-139",
"RefSeq.177416.18.NC_006570.CDS.1566662.1567588.rev","Protein","heat shock protein, hsp40","Bacteria",177416,"177416.18","Francisella tularensis subsp. tularensis SCHU S4","FTT1512c","dnaJ1","RefSeq.9606.33.NC_000005.CDS.139476261.139481704.rev","Protein","stimulator of interferon genes protein isoform 1","Primates",9606,"9606.33","Homo sapiens",,"TMEM173","HPI","physical association","two hybrid pooling approach","experimental","20711500;13779","intact","intact:EBI-2800350;imex:IM-13779-403",
"fig|177416.18.peg.185","Protein","Peptide chain release factor 1","Bacteria",177416,"177416.18","Francisella tularensis subsp. tularensis SCHU S4","FTT0168","prfA","RefSeq.9606.33.NC_000002.CDS.232550725.232580943.fwd","Protein","eukaryotic translation initiation factor 4E type 2 isoform D","Primates",9606,"9606.33","Homo sapiens",,"EIF4E2","HPI","physical association","two hybrid pooling approach","experimental","20711500;13779","intact","intact:EBI-2805966;imex:IM-13779-977",
"RefSeq.177416.18.NC_006570.CDS.335152.337266.fwd","Protein","elongation factor G","Bacteria",177416,"177416.18","Francisella tularensis subsp. tularensis SCHU S4","FTT0323","fusA","RefSeq.9606.33.NC_000016.CDS.31076325.31083092.fwd","Protein","zinc finger protein 646 isoform X1","Primates",9606,"9606.33","Homo sapiens",,"ZNF646","HPI","physical association","two hybrid pooling approach","experimental","20711500;13779","intact","intact:EBI-2802293;imex:IM-13779-604",
"RefSeq.177416.18.NC_006570.CDS.894174.895823.fwd","Protein","DNA repair protein recN","Bacteria",177416,"177416.18","Francisella tularensis subsp. tularensis SCHU S4","FTT0886",,"RefSeq.9606.33.NC_000011.CDS.34052421.34099367.fwd","Protein","caprin-1 isoform 1","Primates",9606,"9606.33","Homo sapiens",,"CAPRIN1","HPI","physical association","two hybrid pooling approach","experimental","20711500;13779","intact","intact:EBI-2808391;imex:IM-13779-1250",
"RefSeq.177416.18.NC_006570.CDS.1587238.1589478.fwd","Protein","acyl-CoA dehydrogenase","Bacteria",177416,"177416.18","Francisella tularensis subsp. tularensis SCHU S4","FTT1529","fadE","RefSeq.9606.33.NC_000011.CDS.67506945.67508082.rev","Protein","cyclin-dependent kinase 2-associated protein 2 isoform 1","Primates",9606,"9606.33","Homo sapiens",,"CDK2AP2","HPI","physical association","two hybrid pooling approach","experimental","20711500;13779","intact","intact:EBI-2808132;imex:IM-13779-1226",
"RefSeq.177416.18.NC_006570.CDS.1093835.1094833.fwd","Protein","hypothetical protein","Bacteria",177416,"177416.18","Francisella tularensis subsp. tularensis SCHU S4","FTT1085",,"RefSeq.9606.33.NC_000005.CDS.126777509.126836264.fwd","Protein","lamin-B1 isoform 1","Primates",9606,"9606.33","Homo sapiens",,"LMNB1","HPI","physical association","two hybrid pooling approach","experimental","20711500;13779","intact","intact:EBI-2805214;imex:IM-13779-892",
"RefSeq.177416.18.NC_006570.CDS.1833415.1835112.rev","Protein","indolepyruvate decarboxylase","Bacteria",177416,"177416.18","Francisella tularensis subsp. tularensis SCHU S4","FTT1744c","ipdC","RefSeq.9606.33.NC_000002.CDS.177212800.177219299.fwd","Protein","heterogeneous nuclear ribonucleoprotein A3 isoform X2","Primates",9606,"9606.33","Homo sapiens",,"HNRNPA3","HPI","physical association","two hybrid pooling approach","experimental","20711500;13779","intact","intact:EBI-2801598;imex:IM-13779-537",
"RefSeq.177416.18.NC_006570.CDS.884782.885840.rev","Protein","chorismate synthase","Bacteria",177416,"177416.18","Francisella tularensis subsp. tularensis SCHU S4","FTT0876c","aroC","RefSeq.9606.33.NC_000010.CDS.73376095.73400856.rev","Protein","annexin A7 isoform 2","Primates",9606,"9606.33","Homo sapiens",,"ANXA7","HPI","physical association","two hybrid pooling approach","experimental","20711500;13779","intact","intact:EBI-2799282;imex:IM-13779-298",
"fig|177416.18.peg.180","Protein","Topoisomerase IV subunit B (EC 5.99.1.-)","Bacteria",177416,"177416.18","Francisella tularensis subsp. tularensis SCHU S4","FTT0163c","parE","RefSeq.9606.33.NC_000003.CDS.121770345.121828960.rev","Protein","IQ calmodulin-binding motif-containing protein 1 isoform a","Primates",9606,"9606.33","Homo sapiens",,"IQCB1","HPI","physical association","two hybrid pooling approach","experimental","20711500;13779","intact","intact:EBI-2805830;imex:IM-13779-958",
"RefSeq.177416.18.NC_006570.CDS.1802117.1805989.rev","Protein","phosphoribosylformylglycinamidine synthase","Bacteria",177416,"177416.18","Francisella tularensis subsp. tularensis SCHU S4","FTT1720c","purL","RefSeq.9606.33.NC_000008.CDS.122951511.122954024.fwd","Protein","zinc fingers and homeoboxes protein 2 isoform X1","Primates",9606,"9606.33","Homo sapiens",,"ZHX2","HPI","physical association","two hybrid pooling approach","experimental","20711500;13779","intact","intact:EBI-2799578;imex:IM-13779-321",
"RefSeq.177416.18.NC_006570.CDS.481990.483735.rev","Protein","arginyl-tRNA synthetase","Bacteria",177416,"177416.18","Francisella tularensis subsp. tularensis SCHU S4","FTT0466c","argS","RefSeq.9606.33.NC_000005.CDS.96936156.97028533.fwd","Protein","leucyl-cystinyl aminopeptidase isoform 1","Primates",9606,"9606.33","Homo sapiens",,"LNPEP","HPI","physical association","two hybrid pooling approach","experimental","20711500;13779","intact","intact:EBI-2805357;imex:IM-13779-909",
"RefSeq.177416.18.NC_006570.CDS.1812058.1813389.fwd","Protein","protease yegQ","Bacteria",177416,"177416.18","Francisella tularensis subsp. tularensis SCHU S4","FTT1726","yegQ","RefSeq.9606.33.NC_000017.CDS.29074770.29166940.rev","Protein","unconventional myosin-XVIIIa isoform a","Primates",9606,"9606.33","Homo sapiens",,"MYO18A","HPI","physical association","two hybrid pooling approach","experimental","20711500;13779","intact","intact:EBI-2804655;imex:IM-13779-831",
"fig|177416.18.peg.77","Protein","Citrate synthase (si) (EC 2.3.3.1)","Bacteria",177416,"177416.18","Francisella tularensis subsp. tularensis SCHU S4","FTT0071c","gltA","RefSeq.9606.33.NC_000011.CDS.32583888.32602399.fwd","Protein","eukaryotic translation initiation factor 3 subunit M isoform X2","Primates",9606,"9606.33","Homo sapiens",,"EIF3M","HPI","physical association","two hybrid pooling approach","experimental","20711500;13779","intact","intact:EBI-2798985;imex:IM-13779-267",
"fig|177416.18.peg.153","Protein","Translation elongation factor Tu","Bacteria",177416,"177416.18","Francisella tularensis subsp. tularensis SCHU S4","FTT0137","tufA","RefSeq.9606.33.NC_000005.CDS.65992719.66078530.fwd","Protein","protein LAP2 isoform 9","Primates",9606,"9606.33","Homo sapiens",,"ERBB2IP","HPI","physical association","two hybrid pooling approach","experimental","20711500;13779","intact","intact:EBI-2805400;imex:IM-13779-913",
"RefSeq.177416.18.NC_006570.CDS.553229.554461.rev","Protein","bifunctional gluaredoxin/ribonucleoside-diphosphate reductase subunit beta","Bacteria",177416,"177416.18","Francisella tularensis subsp. tularensis SCHU S4","FTT0532c","nrdB","RefSeq.9606.33.NC_000009.CDS.214977.464219.fwd","Protein","dedicator of cytokinesis protein 8 isoform 1","Primates",9606,"9606.33","Homo sapiens",,"DOCK8","HPI","physical association","two hybrid pooling approach","experimental","20711500;13779","intact","intact:EBI-2807280;imex:IM-13779-1125",
"RefSeq.177416.18.NC_006570.CDS.1662233.1665067.fwd","Protein","hypothetical protein","Bacteria",177416,"177416.18","Francisella tularensis subsp. tularensis SCHU S4","FTT1598",,"RefSeq.9606.33.NC_000002.CDS.181892067.181929656.fwd","Protein","sperm-specific antigen 2 isoform X2","Primates",9606,"9606.33","Homo sapiens",,"SSFA2","HPI","physical association","two hybrid pooling approach","experimental","20711500;13779","intact","intact:EBI-2800888;imex:IM-13779-462",
"RefSeq.177416.18.NC_006570.CDS.933518.935671.fwd","Protein","23S rRNA m(2)G2445 methyltransferase","Bacteria",177416,"177416.18","Francisella tularensis subsp. tularensis SCHU S4","FTT0923","rlmL","RefSeq.9606.33.NC_000017.CDS.27631266.27648982.fwd","Protein","galectin-9 isoform X1","Primates",9606,"9606.33","Homo sapiens",,"LGALS9","HPI","physical association","two hybrid pooling approach","experimental","20711500;13779","intact","intact:EBI-2799364;imex:IM-13779-300",
"RefSeq.177416.18.NC_006570.CDS.788288.791008.fwd","Protein","preprotein translocase subunit SecA","Bacteria",177416,"177416.18","Francisella tularensis subsp. tularensis SCHU S4","FTT0769","secA","RefSeq.9606.33.NC_000009.CDS.69431327.69517210.rev","Protein","amyloid beta A4 precursor protein-binding family A member 1 isoform X1","Primates",9606,"9606.33","Homo sapiens",,"APBA1","HPI","physical association","two hybrid pooling approach","experimental","20711500;13779","intact","intact:EBI-2808888;imex:IM-13779-1309",
"RefSeq.177416.18.NC_006570.CDS.1438798.1442451.rev","Protein","exodeoxyribonuclease V beta chain","Bacteria",177416,"177416.18","Francisella tularensis subsp. tularensis SCHU S4","FTT1394c","recB","RefSeq.9606.33.NC_000003.CDS.170097230.170181715.rev","Protein","polyhomeotic-like protein 3 isoform X1","Primates",9606,"9606.33","Homo sapiens",,"PHC3","HPI","physical association","two hybrid pooling approach","experimental","20711500;13779","intact","intact:EBI-2803774;imex:IM-13779-736",
"RefSeq.177416.18.NC_006570.CDS.1660712.1662169.fwd","Protein","hypothetical protein","Bacteria",177416,"177416.18","Francisella tularensis subsp. tularensis SCHU S4","FTT1597",,"RefSeq.9606.33.NC_000006.CDS.116681335.116732323.fwd","Protein","importin subunit alpha-6","Primates",9606,"9606.33","Homo sapiens",,"KPNA5","HPI","physical association","two hybrid pooling approach","experimental","20711500;13779","intact","intact:EBI-2805879;imex:IM-13779-964",
"RefSeq.177416.18.NC_006570.CDS.1802117.1805989.rev","Protein","phosphoribosylformylglycinamidine synthase","Bacteria",177416,"177416.18","Francisella tularensis subsp. tularensis SCHU S4","FTT1720c","purL","RefSeq.9606.33.NC_000005.CDS.179699612.179728644.fwd","Protein","calnexin isoform X2","Primates",9606,"9606.33","Homo sapiens",,"CANX","HPI","physical association","two hybrid pooling approach","experimental","20711500;13779","intact","intact:EBI-2808413;imex:IM-13779-1251",
"RefSeq.177416.18.NC_006570.CDS.1674448.1675212.fwd","Protein","ABC transporter, membrane protein","Bacteria",177416,"177416.18","Francisella tularensis subsp. tularensis SCHU S4","FTT1609",,"RefSeq.9606.33.NC_000003.CDS.36993548.37050653.fwd","Protein","DNA mismatch repair protein Mlh1 isoform X2","Primates",9606,"9606.33","Homo sapiens",,"MLH1","HPI","physical association","two hybrid pooling approach","experimental","20711500;13779","intact","intact:EBI-2804810;imex:IM-13779-851",
"RefSeq.177416.18.NC_006570.CDS.1183701.1185449.fwd","Protein","lipoprotein","Bacteria",177416,"177416.18","Francisella tularensis subsp. tularensis SCHU S4","FTT1170",,"RefSeq.9606.33.NC_000002.CDS.37231706.37248350.fwd","Protein","NADH dehydrogenase [ubiquinone] complex I, assembly factor 7 isoform 3","Primates",9606,"9606.33","Homo sapiens",,"NDUFAF7","HPI","physical association","two hybrid pooling approach","experimental","20711500;13779","intact","intact:EBI-2808328;imex:IM-13779-1244",
"RefSeq.177416.18.NC_006570.CDS.1442523.1443953.rev","Protein","ATP-dependent DNA helicase","Bacteria",177416,"177416.18","Francisella tularensis subsp. tularensis SCHU S4","FTT1395c",,"RefSeq.9606.33.NC_000014.CDS.24143409.24146581.rev","Protein","proteasome activator complex subunit 2","Primates",9606,"9606.33","Homo sapiens",,"PSME2","HPI","physical association","two hybrid pooling approach","experimental","20711500;13779","intact","intact:EBI-2803269;imex:IM-13779-686",
"RefSeq.177416.18.NC_006570.CDS.273192.275048.fwd","Protein","ribonuclease II family protein","Bacteria",177416,"177416.18","Francisella tularensis subsp. tularensis SCHU S4","FTT0257",,"RefSeq.9606.33.NC_000017.CDS.47120935.47189172.rev","Protein","cell division cycle protein 27 homolog isoform 1","Primates",9606,"9606.33","Homo sapiens",,"CDC27","HPI","physical association","two hybrid pooling approach","experimental","20711500;13779","intact","intact:EBI-2808164;imex:IM-13779-1231",
"RefSeq.177416.18.NC_006570.CDS.894174.895823.fwd","Protein","DNA repair protein recN","Bacteria",177416,"177416.18","Francisella tularensis subsp. tularensis SCHU S4","FTT0886",,"RefSeq.9606.33.NC_000014.CDS.67541868.67587235.fwd","Protein","pleckstrin homology domain-containing family H member 1","Primates",9606,"9606.33","Homo sapiens",,"PLEKHH1","HPI","physical association","two hybrid pooling approach","experimental","20711500;13779","intact","intact:EBI-2803632;imex:IM-13779-721",
"RefSeq.177416.18.NC_006570.CDS.1232644.1233435.rev","Protein","haloacid dehalogenase-like hydrolase family protein","Bacteria",177416,"177416.18","Francisella tularensis subsp. tularensis SCHU S4","FTT1214c",,"RefSeq.9606.33.NC_000006.CDS.73517810.73520026.rev","Protein","elongation factor 1-alpha 1 isoform X1","Primates",9606,"9606.33","Homo sapiens",,"EEF1A1","HPI","physical association","two hybrid pooling approach","experimental","20711500;13779","intact","intact:EBI-2807122;imex:IM-13779-1106",
"RefSeq.177416.18.NC_006570.CDS.1835643.1836566.fwd","Protein","peptidase","Bacteria",177416,"177416.18","Francisella tularensis subsp. tularensis SCHU S4","FTT1746",,"RefSeq.9606.33.NC_000019.CDS.3976554.3985380.rev","Protein","elongation factor 2","Primates",9606,"9606.33","Homo sapiens",,"EEF2","HPI","physical association","two hybrid pooling approach","experimental","20711500;13779","intact","intact:EBI-2807115;imex:IM-13779-1107",
"fig|177416.18.peg.149","Protein","Glycerol uptake facilitator protein","Bacteria",177416,"177416.18","Francisella tularensis subsp. tularensis SCHU S4","FTT0133","glpF","RefSeq.9606.33.NC_000004.CDS.71236577.71567893.fwd","Protein","electrogenic sodium bicarbonate cotransporter 1 isoform 3","Primates",9606,"9606.33","Homo sapiens",,"SLC4A4","HPI","physical association","two hybrid pooling approach","experimental","20711500;13779","intact","intact:EBI-2801405;imex:IM-13779-518",
"RefSeq.177416.18.NC_006570.CDS.317489.318646.rev","Protein","L-lactate dehydrogenase","Bacteria",177416,"177416.18","Francisella tularensis subsp. tularensis SCHU S4","FTT0303c","lldD","RefSeq.9606.33.NC_000010.CDS.73376095.73400856.rev","Protein","annexin A7 isoform 2","Primates",9606,"9606.33","Homo sapiens",,"ANXA7","HPI","physical association","two hybrid pooling approach","experimental","20711500;13779","intact","intact:EBI-2797489;imex:IM-13779-134",
"fig|177416.18.peg.80","Protein","Succinate dehydrogenase flavoprotein subunit (EC 1.3.5.1)","Bacteria",177416,"177416.18","Francisella tularensis subsp. tularensis SCHU S4","FTT0074","sdhA","RefSeq.9606.33.NC_000005.CDS.79619649.79685273.fwd","Protein","poly(A) RNA polymerase GLD2 isoform 2","Primates",9606,"9606.33","Homo sapiens",,"PAPD4","HPI","physical association","two hybrid pooling approach","experimental","20711500;13779","intact","intact:EBI-2802210;imex:IM-13779-596",
"RefSeq.177416.18.NC_006570.CDS.927667.929340.fwd","Protein","hypothetical protein","Bacteria",177416,"177416.18","Francisella tularensis subsp. tularensis SCHU S4","FTT0918",,"RefSeq.9606.33.NC_000001.CDS.23802463.23825415.rev","Protein","hydroxymethylglutaryl-CoA lyase, mitochondrial isoform 1 precursor","Primates",9606,"9606.33","Homo sapiens",,"HMGCL","HPI","physical association","two hybrid pooling approach","experimental","20711500;13779","intact","intact:EBI-2806169;imex:IM-13779-998",
"RefSeq.177416.18.NC_006570.CDS.388991.390358.fwd","Protein","UDP-N-acetylglucosamine pyrophosphorylase/glucosamine-1-phosphate N-acetyltransferase","Bacteria",177416,"177416.18","Francisella tularensis subsp. tularensis SCHU S4","FTT0387","glmU","RefSeq.9606.33.NC_000003.CDS.179348852.179392059.fwd","Protein","mitofusin-1 isoform X1","Primates",9606,"9606.33","Homo sapiens",,"MFN1","HPI","physical association","two hybrid pooling approach","experimental","20711500;13779","intact","intact:EBI-2804872;imex:IM-13779-858",
"RefSeq.177416.18.NC_006570.CDS.1105418.1108015.rev","Protein","alanyl-tRNA synthetase","Bacteria",177416,"177416.18","Francisella tularensis subsp. tularensis SCHU S4","FTT1096c","alaS","RefSeq.9606.33.NC_000004.CDS.2231927.2240946.rev","Protein","HAUS augmin-like complex subunit 3","Primates",9606,"9606.33","Homo sapiens",,"HAUS3","HPI","physical association","two hybrid pooling approach","experimental","20711500;13779","intact","intact:EBI-2808068;imex:IM-13779-1218",
"RefSeq.177416.18.NC_006570.CDS.321537.322943.fwd","Protein","glutamyl-tRNA synthetase","Bacteria",177416,"177416.18","Francisella tularensis subsp. tularensis SCHU S4","FTT0307","gltX","RefSeq.9606.33.NC_000007.CDS.73683626.73697886.fwd","Protein","probable 18S rRNA (guanine-N(7))-methyltransferase isoform 2","Primates",9606,"9606.33","Homo sapiens",,"WBSCR22","HPI","physical association","two hybrid pooling approach","experimental","20711500;13779","intact","intact:EBI-2799823;imex:IM-13779-345",
"RefSeq.177416.18.NC_006570.CDS.894174.895823.fwd","Protein","DNA repair protein recN","Bacteria",177416,"177416.18","Francisella tularensis subsp. tularensis SCHU S4","FTT0886",,"RefSeq.9606.33.NC_000010.CDS.102644618.102657354.fwd","Protein","probable E3 ubiquitin-protein ligase TRIM8 isoform X1","Primates",9606,"9606.33","Homo sapiens",,"TRIM8","HPI","physical association","two hybrid pooling approach","experimental","20711500;13779","intact","intact:EBI-2796715;imex:IM-13779-58",
"RefSeq.177416.18.NC_006570.CDS.1592260.1593447.fwd","Protein","acetyl-CoA acetyltransferase","Bacteria",177416,"177416.18","Francisella tularensis subsp. tularensis SCHU S4","FTT1531","fadA","RefSeq.9606.33.NC_000006.CDS.31639131.31651763.rev","Protein","large proline-rich protein BAG6 isoform a","Primates",9606,"9606.33","Homo sapiens",,"BAG6","HPI","physical association","two hybrid pooling approach","experimental","20711500;13779","intact","intact:EBI-2808577;imex:IM-13779-1273",
"RefSeq.177416.18.NC_006570.CDS.1862587.1863777.rev","Protein","tryptophan synthase subunit beta","Bacteria",177416,"177416.18","Francisella tularensis subsp. tularensis SCHU S4","FTT1773c","trpB","RefSeq.9606.33.NC_000009.CDS.35057117.35072353.rev","Protein","transitional endoplasmic reticulum ATPase","Primates",9606,"9606.33","Homo sapiens",,"VCP","HPI","physical association","two hybrid pooling approach","experimental","20711500;13779","intact","intact:EBI-2800495;imex:IM-13779-422",
"RefSeq.177416.18.NC_006570.CDS.1194341.1196158.fwd","Protein","GTP binding translational elongation factor Tu and G family protein","Bacteria",177416,"177416.18","Francisella tularensis subsp. tularensis SCHU S4","FTT1179","bipA","RefSeq.9606.33.NC_000001.CDS.153974679.153977252.rev","Protein","protein JTB precursor","Primates",9606,"9606.33","Homo sapiens",,"JTB","HPI","physical association","two hybrid pooling approach","experimental","20711500;13779","intact","intact:EBI-2805700;imex:IM-13779-945",
"fig|177416.18.peg.153","Protein","Translation elongation factor Tu","Bacteria",177416,"177416.18","Francisella tularensis subsp. tularensis SCHU S4","FTT0137","tufA","RefSeq.9606.33.NC_000019.CDS.48204197.48234478.rev","Protein","caspase recruitment domain-containing protein 8 isoform X12","Primates",9606,"9606.33","Homo sapiens",,"CARD8","HPI","physical association","two hybrid pooling approach","experimental","20711500;13779","intact","intact:EBI-2808384;imex:IM-13779-1252",
"RefSeq.177416.18.NC_006570.CDS.1415006.1416997.rev","Protein","transketolase","Bacteria",177416,"177416.18","Francisella tularensis subsp. tularensis SCHU S4","FTT1369c","tktA","RefSeq.9606.33.NC_000003.CDS.47852792.47998860.rev","Protein","microtubule-associated protein 4 isoform X4","Primates",9606,"9606.33","Homo sapiens",,"MAP4","HPI","physical association","two hybrid pooling approach","experimental","20711500;13779","intact","intact:EBI-2805031;imex:IM-13779-873",
"fig|177416.18.peg.225","Protein","IMP cyclohydrolase (EC 3.5.4.10) / Phosphoribosylaminoimidazolecarboxamide formyltransferase (EC 2.1.2.3)","Bacteria",177416,"177416.18","Francisella tularensis subsp. tularensis SCHU S4","FTT0203c","purH","RefSeq.9606.33.NC_000016.CDS.66932203.66934364.rev","Protein","mitotic spindle-associated MMXD complex subunit MIP18","Primates",9606,"9606.33","Homo sapiens",,"FAM96B","HPI","physical association","two hybrid pooling approach","experimental","20711500;13779","intact","intact:EBI-2806901;imex:IM-13779-1082",
"RefSeq.177416.18.NC_006570.CDS.1679490.1680884.fwd","Protein","cysteinyl-tRNA synthetase","Bacteria",177416,"177416.18","Francisella tularensis subsp. tularensis SCHU S4","FTT1616","cysS","RefSeq.9606.33.NC_000010.CDS.102108093.102120110.rev","Protein","LIM domain-binding protein 1 isoform 1","Primates",9606,"9606.33","Homo sapiens",,"LDB1","HPI","physical association","two hybrid pooling approach","experimental","20711500;13779","intact","intact:EBI-2805329;imex:IM-13779-905",
"RefSeq.177416.18.NC_006570.CDS.1589551.1592247.fwd","Protein","fusion product of 3-hydroxacyl-CoA dehydrogenase and acyl-CoA-binding protein","Bacteria",177416,"177416.18","Francisella tularensis subsp. tularensis SCHU S4","FTT1530","fadB/acbP","RefSeq.9606.33.NC_000011.CDS.124623084.124632238.fwd","Protein","transforming growth factor beta regulator 1 isoform X1","Primates",9606,"9606.33","Homo sapiens",,"TBRG1","HPI","physical association","two hybrid pooling approach","experimental","20711500;13779","intact","intact:EBI-2800569;imex:IM-13779-430",
"RefSeq.177416.18.NC_006570.CDS.1082897.1083403.rev","Protein","hypothetical protein","Bacteria",177416,"177416.18","Francisella tularensis subsp. tularensis SCHU S4","FTT1071c",,"RefSeq.9606.33.NC_000001.CDS.206507603.206586978.fwd","Protein","ras association domain-containing protein 5 isoform A","Primates",9606,"9606.33","Homo sapiens",,"RASSF5","HPI","physical association","two hybrid pooling approach","experimental","20711500;13779","intact","intact:EBI-2801839;imex:IM-13779-565",
"RefSeq.177416.18.NC_006570.CDS.734051.736333.fwd","Protein","chitinase family 18 protein","Bacteria",177416,"177416.18","Francisella tularensis subsp. tularensis SCHU S4","FTT0715",,"RefSeq.9606.33.NC_000019.CDS.14381524.14408493.fwd","Protein","CD97 antigen isoform X1","Primates",9606,"9606.33","Homo sapiens",,"ADGRE5","HPI","physical association","two hybrid pooling approach","experimental","20711500;13779","intact","intact:EBI-2799192;imex:IM-13779-287",
"RefSeq.177416.18.NC_006570.CDS.1809580.1811109.rev","Protein","outer membrane protein tolC precursor","Bacteria",177416,"177416.18","Francisella tularensis subsp. tularensis SCHU S4","FTT1724c","tolC","RefSeq.9606.33.NC_000016.CDS.2756365.2770867.fwd","Protein","serine/arginine repetitive matrix protein 2 isoform X1","Primates",9606,"9606.33","Homo sapiens",,"SRRM2","HPI","physical association","two hybrid pooling approach","experimental","20711500;13779","intact","intact:EBI-2800942;imex:IM-13779-467",
"RefSeq.177416.18.NC_006570.CDS.1415006.1416997.rev","Protein","transketolase","Bacteria",177416,"177416.18","Francisella tularensis subsp. tularensis SCHU S4","FTT1369c","tktA","RefSeq.9606.33.NC_000013.CDS.77045378.77326775.rev","Protein","E3 ubiquitin-protein ligase MYCBP2 isoform X1","Primates",9606,"9606.33","Homo sapiens",,"MYCBP2","HPI","physical association","two hybrid pooling approach","experimental","20711500;13779","intact","intact:EBI-2804648;imex:IM-13779-830",
"fig|177416.18.peg.212","Protein","Lysyl-tRNA synthetase (class II) (EC 6.1.1.6)","Bacteria",177416,"177416.18","Francisella tularensis subsp. tularensis SCHU S4","FTT0192","lysU","RefSeq.9606.33.NC_000015.CDS.85485721.85744677.fwd","Protein","A-kinase anchor protein 13 isoform 1","Primates",9606,"9606.33","Homo sapiens",,"AKAP13","HPI","physical association","two hybrid pooling approach","experimental","20711500;13779","intact","intact:EBI-2797500;imex:IM-13779-133",
"RefSeq.177416.18.NC_006570.CDS.276044.276946.fwd","Protein","porphobilinogen deaminase","Bacteria",177416,"177416.18","Francisella tularensis subsp. tularensis SCHU S4","FTT0259","hemC","RefSeq.9606.33.NC_000020.CDS.50891405.50918682.rev","Protein","activity-dependent neuroprotector homeobox protein isoform X2","Primates",9606,"9606.33","Homo sapiens",,"ADNP","HPI","physical association","two hybrid pooling approach","experimental","20711500;13779","intact","intact:EBI-2809176;imex:IM-13779-1344",
"RefSeq.177416.18.NC_006570.CDS.463700.465346.rev","Protein","glutaminyl-tRNA synthetase","Bacteria",177416,"177416.18","Francisella tularensis subsp. tularensis SCHU S4","FTT0448c","glnS","RefSeq.9606.33.NC_000014.CDS.103386030.103503227.fwd","Protein","MAP/microtubule affinity-regulating kinase 3 isoform X4","Primates",9606,"9606.33","Homo sapiens",,"MARK3","HPI","physical association","two hybrid pooling approach","experimental","20711500;13779","intact","intact:EBI-2805017;imex:IM-13779-872",
"RefSeq.177416.18.NC_006570.CDS.1415006.1416997.rev","Protein","transketolase","Bacteria",177416,"177416.18","Francisella tularensis subsp. tularensis SCHU S4","FTT1369c","tktA","RefSeq.9606.33.NC_000004.CDS.168216933.168311259.rev","Protein","probable ATP-dependent RNA helicase DDX60","Primates",9606,"9606.33","Homo sapiens",,"DDX60","HPI","physical association","two hybrid pooling approach","experimental","20711500;13779","intact","intact:EBI-2807343;imex:IM-13779-1135",
"RefSeq.177416.18.NC_006570.CDS.1862587.1863777.rev","Protein","tryptophan synthase subunit beta","Bacteria",177416,"177416.18","Francisella tularensis subsp. tularensis SCHU S4","FTT1773c","trpB","RefSeq.9606.33.NC_000019.CDS.32879162.32971874.rev","Protein","centrosomal protein of 89 kDa","Primates",9606,"9606.33","Homo sapiens",,"CEP89","HPI","physical association","two hybrid pooling approach","experimental","20711500;13779","intact","intact:EBI-2799218;imex:IM-13779-288",
"RefSeq.177416.18.NC_006570.CDS.1247925.1249169.fwd","Protein","D-3-phosphoglycerate dehydrogenase","Bacteria",177416,"177416.18","Francisella tularensis subsp. tularensis SCHU S4","FTT1230","serA","RefSeq.9606.33.NC_000020.CDS.49114878.49166201.rev","Protein","double-stranded RNA-binding protein Staufen homolog 1 isoform X2","Primates",9606,"9606.33","Homo sapiens",,"STAU1","HPI","physical association","two hybrid pooling approach","experimental","20711500;13779","intact","intact:EBI-2800806;imex:IM-13779-452",
"RefSeq.177416.18.NC_006570.CDS.1637300.1639906.rev","Protein","DNA gyrase, subunit A","Bacteria",177416,"177416.18","Francisella tularensis subsp. tularensis SCHU S4","FTT1575c","gyrA","RefSeq.9606.33.NC_000002.CDS.27079066.27086015.fwd","Protein","EMILIN-1 isoform X1","Primates",9606,"9606.33","Homo sapiens",,"EMILIN1","HPI","physical association","two hybrid pooling approach","experimental","20711500;13779","intact","intact:EBI-2807048;imex:IM-13779-1095",
"RefSeq.177416.18.NC_006570.CDS.696601.697692.rev","Protein","GTP-dependent nucleic acid-binding protein EngD","Bacteria",177416,"177416.18","Francisella tularensis subsp. tularensis SCHU S4","FTT0679c",,"RefSeq.9606.33.NC_000023.CDS.24054969.24076785.fwd","Protein","eukaryotic translation initiation factor 2 subunit 3","Primates",9606,"9606.33","Homo sapiens",,"EIF2S3","HPI","physical association","two hybrid pooling approach","experimental","20711500;13779","intact","intact:EBI-2805987;imex:IM-13779-979",
"RefSeq.177416.18.NC_006570.CDS.734051.736333.fwd","Protein","chitinase family 18 protein","Bacteria",177416,"177416.18","Francisella tularensis subsp. tularensis SCHU S4","FTT0715",,"RefSeq.9606.33.NC_000002.CDS.197392303.197434999.rev","Protein","splicing factor 3B subunit 1 isoform 1","Primates",9606,"9606.33","Homo sapiens",,"SF3B1","HPI","physical association","two hybrid pooling approach","experimental","20711500;13779","intact","intact:EBI-2797882;imex:IM-13779-168",
"RefSeq.177416.18.NC_006570.CDS.1431224.1433260.rev","Protein","DNA ligase","Bacteria",177416,"177416.18","Francisella tularensis subsp. tularensis SCHU S4","FTT1387c","ligN","RefSeq.9606.33.NC_000009.CDS.114337054.114398536.rev","Protein","AT-hook-containing transcription factor isoform X8","Primates",9606,"9606.33","Homo sapiens",,"AKNA","HPI","physical association","two hybrid pooling approach","experimental","20711500;13779","intact","intact:EBI-2799317;imex:IM-13779-297",
"fig|177416.18.peg.216","Protein","Glutamine synthetase type II, eukaryotic (EC 6.3.1.2)","Bacteria",177416,"177416.18","Francisella tularensis subsp. tularensis SCHU S4","FTT0196c","glnA","RefSeq.9606.33.NC_000002.CDS.178112547.178126176.fwd","Protein","RNA-binding protein 45","Primates",9606,"9606.33","Homo sapiens",,"RBM45","HPI","physical association","two hybrid pooling approach","experimental","20711500;13779","intact","intact:EBI-2801816;imex:IM-13779-563",
"RefSeq.177416.18.NC_006570.CDS.1216064.1218070.rev","Protein","excinuclease ABC subunit B","Bacteria",177416,"177416.18","Francisella tularensis subsp. tularensis SCHU S4","FTT1199c","uvrB","RefSeq.9606.33.NC_000002.CDS.32023471.32039456.rev","Protein","protein dpy-30 homolog isoform X2","Primates",9606,"9606.33","Homo sapiens",,"DPY30","HPI","physical association","two hybrid pooling approach","experimental","20711500;13779","intact","intact:EBI-2799057;imex:IM-13779-275",
