Genome,Genome ID,Accession,BRC ID,RefSeq Locus Tag,Alt Locus Tag,Feature ID,Annotation,Feature Type,Start,End,Length,Strand,FIGfam ID,PATRIC genus-specific families (PLfams),PATRIC cross-genus families (PGfams),Protein ID,AA Length,Gene Symbol,Product,GO
Francisella tularensis subsp. tularensis SCHU S4,177416.18,NC_006570,,FTT0088,FTT0088,RefSeq.177416.18.NC_006570.CDS.91678.92706.fwd,RefSeq,CDS,91678,92706,1029,+,,,,YP_169162.1,342,pilT,Type IV pili nucleotide-binding protein,
Francisella tularensis subsp. tularensis SCHU S4,177416.18,NC_006570,fig|177416.18.peg.23,FTT0020,VBIFraTul2086_0023,PATRIC.177416.18.NC_006570.CDS.18174.19619.fwd,PATRIC,CDS,18174,19619,1446,+,FIG00000359,PLF_262_00000545,PGF_06522349,YP_169096.1,481,gatA,Aspartyl-tRNA(Asn) amidotransferase subunit A (EC 6.3.5.6) @ Glutamyl-tRNA(Gln) amidotransferase subunit A (EC 6.3.5.7),
Francisella tularensis subsp. tularensis SCHU S4,177416.18,NC_006570,,FTT0398c,FTT0398c,RefSeq.177416.18.NC_006570.CDS.399332.399931.rev,RefSeq,CDS,399332,399931,600,-,,,,YP_169443.1,199,,hypothetical protein,
Francisella tularensis subsp. tularensis SCHU S4,177416.18,NC_006570,,FTT1536c,FTT1536c,RefSeq.177416.18.NC_006570.CDS.1598415.1599329.rev,RefSeq,CDS,1598415,1599329,915,-,,,,YP_170464.1,304,,hypothetical protein,
Francisella tularensis subsp. tularensis SCHU S4,177416.18,NC_006570,,FTT1549,FTT1549,RefSeq.177416.18.NC_006570.CDS.1611324.1611779.fwd,RefSeq,CDS,1611324,1611779,456,+,,,,YP_170473.1,151,,hypothetical protein,
Francisella tularensis subsp. tularensis SCHU S4,177416.18,NC_006570,,FTT1316c,FTT1316c,RefSeq.177416.18.NC_006570.CDS.1342087.1342740.rev,RefSeq,CDS,1342087,1342740,654,-,,,,YP_170269.1,217,,thiamine pyrophospokinase,
Francisella tularensis subsp. tularensis SCHU S4,177416.18,NC_006570,fig|177416.18.peg.405,,VBIFraTul2086_0405,PATRIC.177416.18.NC_006570.CDS.364880.365023.rev,PATRIC,CDS,364880,365023,144,-,FIG00658324,PLF_262_00001277,PGF_00373887,,47,,hypothetical protein,
Francisella tularensis subsp. tularensis SCHU S4,177416.18,NC_006570,,FTT0372c,FTT0372c,RefSeq.177416.18.NC_006570.CDS.372485.373393.rev,RefSeq,CDS,372485,373393,909,-,,,,YP_169419.1,302,accD,Acetyl-CoA carboxylase beta subunit,
Francisella tularensis subsp. tularensis SCHU S4,177416.18,NC_006570,fig|177416.18.peg.596,,VBIFraTul2086_0596,PATRIC.177416.18.NC_006570.CDS.550183.550617.rev,PATRIC,CDS,550183,550617,435,-,FIG00023943,PLF_262_00000042,PGF_03787622,,144,,DNA polymerase IV (EC 2.7.7.7),GO:0003887|DNA-directed DNA polymerase activity
Francisella tularensis subsp. tularensis SCHU S4,177416.18,NC_006570,fig|177416.18.peg.173,FTT0157c,VBIFraTul2086_0173,PATRIC.177416.18.NC_006570.CDS.172515.173399.rev,PATRIC,CDS,172515,173399,885,-,FIG01400071,PLF_262_00000897,PGF_08260710,YP_169223.1,294,,Choline permease LicB,
Francisella tularensis subsp. tularensis SCHU S4,177416.18,NC_006570,fig|177416.18.peg.460,,VBIFraTul2086_0460,PATRIC.177416.18.NC_006570.CDS.424637.426271.fwd,PATRIC,CDS,424637,426271,1635,+,FIG00000901,PLF_262_00000218,PGF_00033479,,544,,Phosphoglucomutase (EC 5.4.2.2),GO:0004614|phosphoglucomutase activity
Francisella tularensis subsp. tularensis SCHU S4,177416.18,NC_006570,fig|177416.18.peg.1754,,VBIFraTul2086_1754,PATRIC.177416.18.NC_006570.CDS.1574074.1574349.rev,PATRIC,CDS,1574074,1574349,276,-,FIG00138250,PLF_262_00000052,PGF_10373476,,91,,Diaminopimelate decarboxylase (EC 4.1.1.20),GO:0008836|diaminopimelate decarboxylase activity
Francisella tularensis subsp. tularensis SCHU S4,177416.18,NC_006570,,FTT1490,FTT1490,RefSeq.177416.18.NC_006570.CDS.1543156.1544454.fwd,RefSeq,CDS,1543156,1544454,1299,+,,,,YP_170425.1,432,,Na+/H+ antiporter,
Francisella tularensis subsp. tularensis SCHU S4,177416.18,NC_006570,,FTT1273,FTT1273,RefSeq.177416.18.NC_006570.CDS.1295927.1296355.fwd,RefSeq,CDS,1295927,1296355,429,+,,,,YP_170229.2,142,rplM,50S ribosomal protein L13,
Francisella tularensis subsp. tularensis SCHU S4,177416.18,NC_006570,,FTT0071c,FTT0071c,RefSeq.177416.18.NC_006570.CDS.72298.73572.rev,RefSeq,CDS,72298,73572,1275,-,,,,YP_169146.1,424,gltA,citrate synthase,
Francisella tularensis subsp. tularensis SCHU S4,177416.18,NC_006570,,FTT0669,FTT0669,RefSeq.177416.18.NC_006570.CDS.685953.687128.fwd,RefSeq,CDS,685953,687128,1176,+,,,,YP_169686.1,391,,Sodium/hydrogen exchanger family protein,
Francisella tularensis subsp. tularensis SCHU S4,177416.18,NC_006570,,FTT1119,FTT1119,RefSeq.177416.18.NC_006570.CDS.1129204.1130079.fwd,RefSeq,CDS,1129204,1130079,876,+,,,,YP_170093.1,291,,LysR transcriptional regulator family protein,
Francisella tularensis subsp. tularensis SCHU S4,177416.18,NC_006570,,FTT1711c,FTT1711c,RefSeq.177416.18.NC_006570.CDS.1790800.1792005.rev,RefSeq,CDS,1790800,1792005,1206,-,,,,YP_170616.1,401,iglD1,"intracellular growth locus, subunit D",
Francisella tularensis subsp. tularensis SCHU S4,177416.18,NC_006570,fig|177416.18.peg.1211,,VBIFraTul2086_1211,PATRIC.177416.18.NC_006570.CDS.1065279.1066094.rev,PATRIC,CDS,1065279,1066094,816,-,FIG01956038,PLF_262_00000223,PGF_00048829,,271,,LSU rRNA pseudouridine(2605) synthase (EC 5.4.99.22),
Francisella tularensis subsp. tularensis SCHU S4,177416.18,NC_006570,,FTT1040,FTT1040,RefSeq.177416.18.NC_006570.CDS.1052397.1053008.fwd,RefSeq,CDS,1052397,1053008,612,+,,,,YP_170023.1,203,,lipoprotein,
Francisella tularensis subsp. tularensis SCHU S4,177416.18,NC_006570,,FTT1333c,FTT1333c,RefSeq.177416.18.NC_006570.CDS.1362505.1362705.rev,RefSeq,CDS,1362505,1362705,201,-,,,,YP_170285.1,66,,hypothetical protein,
Francisella tularensis subsp. tularensis SCHU S4,177416.18,NC_006570,,FTT1602,FTT1602,RefSeq.177416.18.NC_006570.CDS.1670871.1671215.fwd,RefSeq,CDS,1670871,1671215,345,+,,,,YP_170518.1,114,,hypothetical protein,
Francisella tularensis subsp. tularensis SCHU S4,177416.18,NC_006570,fig|177416.18.peg.1293,,VBIFraTul2086_1293,PATRIC.177416.18.NC_006570.CDS.1131492.1131713.fwd,PATRIC,CDS,1131492,1131713,222,+,FIG01306568,PLF_262_00000006,PGF_01000105,,73,,Mobile element protein,
Francisella tularensis subsp. tularensis SCHU S4,177416.18,NC_006570,fig|177416.18.peg.185,FTT0168,VBIFraTul2086_0185,PATRIC.177416.18.NC_006570.CDS.183574.184659.fwd,PATRIC,CDS,183574,184659,1086,+,FIG00000188,PLF_262_00000703,PGF_00030640,YP_169234.1,361,prfA,Peptide chain release factor 1,GO:0003747|translation release factor activity;GO:0006415|translational termination
Francisella tularensis subsp. tularensis SCHU S4,177416.18,NC_006570,fig|177416.18.peg.637,,VBIFraTul2086_0637,PATRIC.177416.18.NC_006570.CDS.580663.581544.fwd,PATRIC,CDS,580663,581544,882,+,FIG00024044,PLF_262_00000432,PGF_00045738,,293,,Putrescine transport system permease protein PotH (TC 3.A.1.11.2),
Francisella tularensis subsp. tularensis SCHU S4,177416.18,NC_006570,fig|177416.18.peg.1207,,VBIFraTul2086_1207,PATRIC.177416.18.NC_006570.CDS.1063612.1063749.rev,PATRIC,CDS,1063612,1063749,138,-,FIG01306568,PLF_262_00000014,PGF_01000105,,45,,Mobile element protein,
Francisella tularensis subsp. tularensis SCHU S4,177416.18,NC_006570,fig|177416.18.peg.895,,VBIFraTul2086_0895,PATRIC.177416.18.NC_006570.CDS.796956.798716.fwd,PATRIC,CDS,796956,798716,1761,+,FIG00000185,PLF_262_00000207,PGF_00424971,,586,,Excinuclease ABC subunit C,GO:0003677|DNA binding;GO:0004518|nuclease activity;GO:0005622|intracellular;GO:0006281|DNA repair;GO:0006289|nucleotide-excision repair
Francisella tularensis subsp. tularensis SCHU S4,177416.18,NC_006570,,FTT0263,FTT0263,RefSeq.177416.18.NC_006570.CDS.278073.278453.fwd,RefSeq,CDS,278073,278453,381,+,,,,YP_169315.1,126,,hypothetical protein,
Francisella tularensis subsp. tularensis SCHU S4,177416.18,NC_006570,,FTT1128,FTT1128,RefSeq.177416.18.NC_006570.CDS.1138437.1138916.fwd,RefSeq,CDS,1138437,1138916,480,+,,,,YP_170101.1,159,ispF,"2-C-methyl-D-erythritol 2,4-cyclodiphosphate synthase",
Francisella tularensis subsp. tularensis SCHU S4,177416.18,NC_006570,,FTT1111,FTT1111,RefSeq.177416.18.NC_006570.CDS.1121518.1122261.fwd,RefSeq,CDS,1121518,1122261,744,+,,,,YP_170085.1,247,isftu2,transposase,
Francisella tularensis subsp. tularensis SCHU S4,177416.18,NC_006570,fig|177416.18.peg.667,,VBIFraTul2086_0667,PATRIC.177416.18.NC_006570.CDS.605727.605921.fwd,PATRIC,CDS,605727,605921,195,+,,PLF_262_00001606,PGF_12907433,,64,,CRISPR-associated protein Cas2,
Francisella tularensis subsp. tularensis SCHU S4,177416.18,NC_006570,fig|177416.18.peg.649,,VBIFraTul2086_0649,PATRIC.177416.18.NC_006570.CDS.588852.590306.fwd,PATRIC,CDS,588852,590306,1455,+,FIG00068256,PLF_262_00001566,PGF_00423017,,484,,Di-tripeptide/H+ symporter,
Francisella tularensis subsp. tularensis SCHU S4,177416.18,NC_006570,,FTT0410,FTT0410,RefSeq.177416.18.NC_006570.CDS.416732.418177.fwd,RefSeq,CDS,416732,418177,1446,+,,,,YP_169455.1,481,gcvP2,glycine dehydrogenase subunit 2,
Francisella tularensis subsp. tularensis SCHU S4,177416.18,NC_006570,,FTT1767c,FTT1767c,RefSeq.177416.18.NC_006570.CDS.1854116.1855276.rev,RefSeq,CDS,1854116,1855276,1161,-,,,,YP_170658.1,386,purT,phosphoribosylglycinamide formyltransferase 2,
Francisella tularensis subsp. tularensis SCHU S4,177416.18,NC_006570,,FTT0632c,FTT0632c,RefSeq.177416.18.NC_006570.CDS.651609.652799.rev,RefSeq,CDS,651609,652799,1191,-,,,,YP_169653.1,396,,hypothetical protein,
Francisella tularensis subsp. tularensis SCHU S4,177416.18,NC_006570,,FTT1664,FTT1664,RefSeq.177416.18.NC_006570.CDS.1730263.1733547.fwd,RefSeq,CDS,1730263,1733547,3285,+,,,,YP_170571.1,1094,carB,carbamoyl phosphate synthase large subunit,
Francisella tularensis subsp. tularensis SCHU S4,177416.18,NC_006570,,FTT0199,FTT0199,RefSeq.177416.18.NC_006570.CDS.216975.217808.fwd,RefSeq,CDS,216975,217808,834,+,,,,YP_169260.1,277,,hypothetical protein,
Francisella tularensis subsp. tularensis SCHU S4,177416.18,NC_006570,fig|177416.18.peg.462,,VBIFraTul2086_0462,PATRIC.177416.18.NC_006570.CDS.427437.427577.fwd,PATRIC,CDS,427437,427577,141,+,FIG00000717,PLF_262_00000187,PGF_10149521,,46,,Glucose-1-phosphate adenylyltransferase (EC 2.7.7.27),GO:0008878|glucose-1-phosphate adenylyltransferase activity
Francisella tularensis subsp. tularensis SCHU S4,177416.18,NC_006570,,FTT1353,FTT1353,RefSeq.177416.18.NC_006570.CDS.1392057.1392830.fwd,RefSeq,CDS,1392057,1392830,774,+,,,,YP_170305.1,257,,hypothetical protein,
Francisella tularensis subsp. tularensis SCHU S4,177416.18,NC_006570,,FTT0737c,FTT0737c,RefSeq.177416.18.NC_006570.CDS.758583.758711.rev,RefSeq,CDS,758583,758711,129,-,,,,YP_169748.1,42,,hypothetical protein,
Francisella tularensis subsp. tularensis SCHU S4,177416.18,NC_006570,,FTT0380c,FTT0380c,RefSeq.177416.18.NC_006570.CDS.382015.383364.rev,RefSeq,CDS,382015,383364,1350,-,,,,YP_169425.1,449,gdh,glutamate dehydrogenase,
Francisella tularensis subsp. tularensis SCHU S4,177416.18,NC_006570,fig|177416.18.peg.1025,,VBIFraTul2086_1025,PATRIC.177416.18.NC_006570.CDS.902372.904684.fwd,PATRIC,CDS,902372,904684,2313,+,FIG00144080,PLF_262_00000220,PGF_01719725,,770,,Phosphoribosylaminoimidazole-succinocarboxamide synthase (EC 6.3.2.6) / Phosphoribosylamine--glycine ligase (EC 6.3.4.13),GO:0004637|phosphoribosylamine-glycine ligase activity;GO:0004639|phosphoribosylaminoimidazolesuccinocarboxamide synthase activity
Francisella tularensis subsp. tularensis SCHU S4,177416.18,NC_006570,fig|177416.18.peg.1320,,VBIFraTul2086_1320,PATRIC.177416.18.NC_006570.CDS.1155021.1155266.fwd,PATRIC,CDS,1155021,1155266,246,+,FIG00657549,PLF_262_00001578,PGF_01719442,,81,,hypothetical protein,
Francisella tularensis subsp. tularensis SCHU S4,177416.18,NC_006570,fig|177416.18.peg.2081,,VBIFraTul2086_2081,PATRIC.177416.18.NC_006570.CDS.1876249.1876836.fwd,PATRIC,CDS,1876249,1876836,588,+,FIG00002895,PLF_262_00000563,PGF_05946087,,195,,"Transcriptional regulator ArgP, LysR family",
Francisella tularensis subsp. tularensis SCHU S4,177416.18,NC_006570,fig|177416.18.peg.1284,,VBIFraTul2086_1284,PATRIC.177416.18.NC_006570.CDS.1123209.1123697.rev,PATRIC,CDS,1123209,1123697,489,-,FIG00658008,PLF_262_00001428,PGF_08225224,,162,,hypothetical protein,
Francisella tularensis subsp. tularensis SCHU S4,177416.18,NC_006570,fig|177416.18.peg.1776,,VBIFraTul2086_1776,PATRIC.177416.18.NC_006570.CDS.1600834.1601817.rev,PATRIC,CDS,1600834,1601817,984,-,FIG01311955,PLF_262_00001411,PGF_00043031,,327,,Putative periplasmic protein,
Francisella tularensis subsp. tularensis SCHU S4,177416.18,NC_006570,fig|177416.18.peg.1984,,VBIFraTul2086_1984,PATRIC.177416.18.NC_006570.CDS.1785414.1786130.fwd,PATRIC,CDS,1785414,1786130,717,+,FIG00657538,PLF_262_00001117,PGF_01719321,,238,,hypothetical protein,
Francisella tularensis subsp. tularensis SCHU S4,177416.18,NC_006570,fig|177416.18.peg.12,,VBIFraTul2086_0012,PATRIC.177416.18.NC_006570.CDS.9382.9627.fwd,PATRIC,CDS,9382,9627,246,+,FIG01456842,PLF_262_00001698,PGF_00063320,,81,,Type II restriction enzyme NgoPII (EC 3.1.21.4),GO:0009036|Type II site-specific deoxyribonuclease activity
Francisella tularensis subsp. tularensis SCHU S4,177416.18,NC_006570,fig|177416.18.peg.1012,,VBIFraTul2086_1012,PATRIC.177416.18.NC_006570.CDS.890649.890924.fwd,PATRIC,CDS,890649,890924,276,+,FIG00001099,PLF_262_00000010,PGF_01632255,,91,,S-(hydroxymethyl)glutathione dehydrogenase (EC 1.1.1.284),
Francisella tularensis subsp. tularensis SCHU S4,177416.18,NC_006570,fig|177416.18.peg.1063,,VBIFraTul2086_1063,PATRIC.177416.18.NC_006570.CDS.941932.942486.rev,PATRIC,CDS,941932,942486,555,-,FIG01335934,PLF_262_00000150,PGF_00024681,,184,,Acetoacetate decarboxylase (EC 4.1.1.4),
Francisella tularensis subsp. tularensis SCHU S4,177416.18,NC_006570,fig|177416.18.peg.1862,,VBIFraTul2086_1862,PATRIC.177416.18.NC_006570.CDS.1673606.1674409.fwd,PATRIC,CDS,1673606,1674409,804,+,FIG00835431,PLF_262_00000717,PGF_06005828,,267,,Phospholipid ABC transporter ATP-binding protein MlaF,
Francisella tularensis subsp. tularensis SCHU S4,177416.18,NC_006570,fig|177416.18.peg.628,,VBIFraTul2086_0628,PATRIC.177416.18.NC_006570.CDS.574230.575099.rev,PATRIC,CDS,574230,575099,870,-,FIG00031825,PLF_262_00000188,PGF_05873936,,289,,Hydrogen peroxide-inducible genes activator => OxyR,
Francisella tularensis subsp. tularensis SCHU S4,177416.18,NC_006570,fig|177416.18.peg.1766,,VBIFraTul2086_1766,PATRIC.177416.18.NC_006570.CDS.1593474.1593962.fwd,PATRIC,CDS,1593474,1593962,489,+,FIG00657839,PLF_262_00000853,PGF_01722173,,162,,hypothetical protein,
Francisella tularensis subsp. tularensis SCHU S4,177416.18,NC_006570,,FTT1221,FTT1221,RefSeq.177416.18.NC_006570.CDS.1239528.1239794.fwd,RefSeq,CDS,1239528,1239794,267,+,,,,YP_170179.1,88,,hypothetical protein,
Francisella tularensis subsp. tularensis SCHU S4,177416.18,NC_006570,,FTT0165c,FTT0165c,RefSeq.177416.18.NC_006570.CDS.180113.181483.rev,RefSeq,CDS,180113,181483,1371,-,,,,YP_169231.1,456,,lipoprotein,
Francisella tularensis subsp. tularensis SCHU S4,177416.18,NC_006570,,FTT0310,FTT0310,RefSeq.177416.18.NC_006570.CDS.324974.326428.fwd,RefSeq,CDS,324974,326428,1455,+,,,,YP_169359.1,484,,amino acid permease,
Francisella tularensis subsp. tularensis SCHU S4,177416.18,NC_006570,,FTT0465,FTT0465,RefSeq.177416.18.NC_006570.CDS.481750.481938.fwd,RefSeq,CDS,481750,481938,189,+,,,,YP_169503.1,62,,hypothetical protein,
Francisella tularensis subsp. tularensis SCHU S4,177416.18,NC_006570,,FTT0969c,FTT0969c,RefSeq.177416.18.NC_006570.CDS.980854.982227.rev,RefSeq,CDS,980854,982227,1374,-,,,,YP_169958.1,457,trkA,potassium transporter peripheral membrane component,
Francisella tularensis subsp. tularensis SCHU S4,177416.18,NC_006570,fig|177416.18.peg.1942,,VBIFraTul2086_1942,PATRIC.177416.18.NC_006570.CDS.1743911.1744429.fwd,PATRIC,CDS,1743911,1744429,519,+,FIG00000017,PLF_262_00000705,PGF_00030655,,172,,Peptide deformylase (EC 3.5.1.88),GO:0042586|peptide deformylase activity
Francisella tularensis subsp. tularensis SCHU S4,177416.18,NC_006570,fig|177416.18.peg.660,,VBIFraTul2086_0660,PATRIC.177416.18.NC_006570.CDS.598474.598962.fwd,PATRIC,CDS,598474,598962,489,+,FIG00000261,PLF_262_00000721,PGF_04762552,,162,,Phosphopantetheine adenylyltransferase (EC 2.7.7.3),GO:0004595|pantetheine-phosphate adenylyltransferase activity
Francisella tularensis subsp. tularensis SCHU S4,177416.18,NC_006570,fig|177416.18.peg.1915,,VBIFraTul2086_1915,PATRIC.177416.18.NC_006570.CDS.1717533.1718081.rev,PATRIC,CDS,1717533,1718081,549,-,FIG00001498,PLF_262_00001467,PGF_00417824,,182,,Chorismate mutase I (EC 5.4.99.5),GO:0004106|chorismate mutase activity
Francisella tularensis subsp. tularensis SCHU S4,177416.18,NC_006570,fig|177416.18.peg.1413,,VBIFraTul2086_1413,PATRIC.177416.18.NC_006570.CDS.1238975.1239523.fwd,PATRIC,CDS,1238975,1239523,549,+,FIG00000252,PLF_262_00001209,PGF_04457297,,182,,5-formyltetrahydrofolate cyclo-ligase (EC 6.3.3.2),GO:0030272|5-formyltetrahydrofolate cyclo-ligase activity
Francisella tularensis subsp. tularensis SCHU S4,177416.18,NC_006570,fig|177416.18.peg.446,,VBIFraTul2086_0446,PATRIC.177416.18.NC_006570.CDS.403506.404228.fwd,PATRIC,CDS,403506,404228,723,+,FIG00658204,PLF_262_00007837,PGF_08225224,,240,,hypothetical protein,
Francisella tularensis subsp. tularensis SCHU S4,177416.18,NC_006570,fig|177416.18.peg.578,,VBIFraTul2086_0578,PATRIC.177416.18.NC_006570.CDS.536458.536634.fwd,PATRIC,CDS,536458,536634,177,+,FIG00657876,PLF_262_00001584,PGF_05599542,,58,,Pyruvate decarboxylase (EC 4.1.1.1); Alpha-keto-acid decarboxylase (EC 4.1.1.-),"GO:0004737|pyruvate decarboxylase activity;GO:0004611|phosphoenolpyruvate carboxykinase activity;GO:0004611|gamma-glutamyl carboxylase activity;GO:0004611|3-octaprenyl-4-hydroxybenzoate carboxy-lyase activity;GO:0004611|2-hydroxy-3-carboxy-6-oxo-7-methylocta-2,4-dienoate decarboxylase activity;GO:0004611|bis(4-chlorophenyl)acetate decarboxylase activity;GO:0004611|3,5-dibromo-4-hydroxybenzoate decarboxylase activity;GO:0004611|2-hydroxyisobutyrate decarboxylase activity;GO:0004611|2-hydroxy-2-methyl-1,3-dicarbonate decarboxylase activity;GO:0004611|2-hydroxyisophthalate decarboxylase activity;GO:0004611|dimethylmalonate decarboxylase activity;GO:0004611|2,4,4-trimethyl-3-oxopentanoate decarboxylase activity;GO:0004611|4,4-dimethyl-3-oxopentanoate decarboxylase activity;GO:0004611|2,3,6-trihydroxyisonicotinate decarboxylase activity;GO:0004611|phenanthrene-4,5-dicarboxylate decarboxylase activity;GO:0004611|pyrrole-2-carboxylate decarboxylase activity;GO:0004611|terephthalate decarboxylase activity;GO:0004611|malonate semialdehyde decarboxylase activity;GO:0004611|5-amino-4-imidazole carboxylate lyase activity;GO:0004611|2-keto-4-methylthiobutyrate aminotransferase activity;GO:0004611|2-oxo-4-hydroxy-4-carboxy-5-ureidoimidazoline decarboxylase activity"
Francisella tularensis subsp. tularensis SCHU S4,177416.18,NC_006570,fig|177416.18.peg.107,FTT0098c,VBIFraTul2086_0107,PATRIC.177416.18.NC_006570.CDS.102215.102631.rev,PATRIC,CDS,102215,102631,417,-,FIG01306568,PLF_262_00000002,PGF_01719295,YP_169170.1,138,isftu1,Mobile element protein,
Francisella tularensis subsp. tularensis SCHU S4,177416.18,NC_006570,fig|177416.18.peg.1392,,VBIFraTul2086_1392,PATRIC.177416.18.NC_006570.CDS.1218070.1219518.rev,PATRIC,CDS,1218070,1219518,1449,-,FIG00001503,PLF_262_00000591,PGF_00425010,,482,,Exodeoxyribonuclease I (EC 3.1.11.1),GO:0008852|exodeoxyribonuclease I activity
Francisella tularensis subsp. tularensis SCHU S4,177416.18,NC_006570,fig|177416.18.peg.557,,VBIFraTul2086_0557,PATRIC.177416.18.NC_006570.CDS.517715.517831.rev,PATRIC,CDS,517715,517831,117,-,FIG01459428,PLF_262_00001919,PGF_01719641,,38,,hypothetical protein,
Francisella tularensis subsp. tularensis SCHU S4,177416.18,NC_006570,,FTT1062c,FTT1062c,RefSeq.177416.18.NC_006570.CDS.1070320.1070655.rev,RefSeq,CDS,1070320,1070655,336,-,,,,YP_170043.1,111,rpsF,30S ribosomal protein S6,
Francisella tularensis subsp. tularensis SCHU S4,177416.18,NC_006570,,FTT1600c,FTT1600c,RefSeq.177416.18.NC_006570.CDS.1666433.1667947.rev,RefSeq,CDS,1666433,1667947,1515,-,,,,YP_170516.1,504,fumA,fumerate hydratase,
Francisella tularensis subsp. tularensis SCHU S4,177416.18,NC_006570,,FTT0802,FTT0802,RefSeq.177416.18.NC_006570.CDS.820937.821755.fwd,RefSeq,CDS,820937,821755,819,+,,,,YP_169809.1,272,cphB,cyanophycinase,
Francisella tularensis subsp. tularensis SCHU S4,177416.18,NC_006570,,FTT0155,FTT0155,RefSeq.177416.18.NC_006570.CDS.171078.171929.fwd,RefSeq,CDS,171078,171929,852,+,,,,YP_169221.1,283,,oxidoreductase iron/ascorbate family protein,
Francisella tularensis subsp. tularensis SCHU S4,177416.18,NC_006570,fig|177416.18.peg.1677,,VBIFraTul2086_1677,PATRIC.177416.18.NC_006570.CDS.1501511.1502371.rev,PATRIC,CDS,1501511,1502371,861,-,FIG00007960,PLF_262_00001652,PGF_04305571,,286,,Glycosyltransferase,
Francisella tularensis subsp. tularensis SCHU S4,177416.18,NC_006570,fig|177416.18.peg.1689,,VBIFraTul2086_1689,PATRIC.177416.18.NC_006570.CDS.1514680.1516278.rev,PATRIC,CDS,1514680,1516278,1599,-,FIG00003715,PLF_262_00001267,PGF_03556786,,532,,"UDP-N-acetylglucosamine 4,6-dehydratase (EC 4.2.1.135)",
Francisella tularensis subsp. tularensis SCHU S4,177416.18,NC_006570,fig|177416.18.peg.1789,,VBIFraTul2086_1789,PATRIC.177416.18.NC_006570.CDS.1609288.1609770.fwd,PATRIC,CDS,1609288,1609770,483,+,FIG00229655,PLF_262_00000024,PGF_00821117,,160,,Cyclopropane-fatty-acyl-phospholipid synthase (EC 2.1.1.79),GO:0008825|cyclopropane-fatty-acyl-phospholipid synthase activity
Francisella tularensis subsp. tularensis SCHU S4,177416.18,NC_006570,,FTT1572c,FTT1572c,RefSeq.177416.18.NC_006570.CDS.1633114.1633617.rev,RefSeq,CDS,1633114,1633617,504,-,,,,YP_170494.1,167,ompH,outer membrane protein OmpH,
Francisella tularensis subsp. tularensis SCHU S4,177416.18,NC_006570,,FTT0399c,FTT0399c,RefSeq.177416.18.NC_006570.CDS.399924.401042.rev,RefSeq,CDS,399924,401042,1119,-,,,,YP_169444.1,372,,BNR/Asp-box repeat-containing protein,
Francisella tularensis subsp. tularensis SCHU S4,177416.18,NC_006570,fig|177416.18.peg.1210,,VBIFraTul2086_1210,PATRIC.177416.18.NC_006570.CDS.1064854.1065279.rev,PATRIC,CDS,1064854,1065279,426,-,FIG00657662,PLF_262_00001447,PGF_01719388,,141,,hypothetical protein,
Francisella tularensis subsp. tularensis SCHU S4,177416.18,NC_006570,,FTT1036c,FTT1036c,RefSeq.177416.18.NC_006570.CDS.1048195.1050012.rev,RefSeq,CDS,1048195,1050012,1818,-,,,,YP_170019.1,605,dnaG,DNA primase,
Francisella tularensis subsp. tularensis SCHU S4,177416.18,NC_006570,fig|177416.18.peg.1042,,VBIFraTul2086_1042,PATRIC.177416.18.NC_006570.CDS.919356.919946.fwd,PATRIC,CDS,919356,919946,591,+,FIG01313166,PLF_262_00000477,PGF_03874913,,196,,Uncharacterized hydrolase DSY2054,
Francisella tularensis subsp. tularensis SCHU S4,177416.18,NC_006570,fig|177416.18.peg.1948,,VBIFraTul2086_1948,PATRIC.177416.18.NC_006570.CDS.1749380.1749976.rev,PATRIC,CDS,1749380,1749976,597,-,FIG00000620,PLF_262_00000715,PGF_06819459,,198,,DnaA initiator-associating protein DiaA,
Francisella tularensis subsp. tularensis SCHU S4,177416.18,NC_006570,fig|177416.18.peg.690,,VBIFraTul2086_0690,PATRIC.177416.18.NC_006570.CDS.623676.623801.fwd,PATRIC,CDS,623676,623801,126,+,FIG00638284,PLF_262_00002768,PGF_01719908,,41,,hypothetical protein,
Francisella tularensis subsp. tularensis SCHU S4,177416.18,NC_006570,,FTT0065,FTT0065,RefSeq.177416.18.NC_006570.CDS.66188.66625.fwd,RefSeq,CDS,66188,66625,438,+,,,,YP_169140.1,145,atpC,F0F1 ATP synthase subunit epsilon,
Francisella tularensis subsp. tularensis SCHU S4,177416.18,NC_006570,,FTT0409,FTT0409,RefSeq.177416.18.NC_006570.CDS.415359.416726.fwd,RefSeq,CDS,415359,416726,1368,+,,,,YP_169454.1,455,gcvP1,glycine dehydrogenase subunit 1,
Francisella tularensis subsp. tularensis SCHU S4,177416.18,NC_006570,,FTT0473,FTT0473,RefSeq.177416.18.NC_006570.CDS.490483.491838.fwd,RefSeq,CDS,490483,491838,1356,+,,,,YP_169511.1,451,accC,"Acetyl-CoA carboxylase, biotin carboxylase subunit",
Francisella tularensis subsp. tularensis SCHU S4,177416.18,NC_006570,,FTT0365,FTT0365,RefSeq.177416.18.NC_006570.CDS.365353.366084.fwd,RefSeq,CDS,365353,366084,732,+,,,,YP_169412.1,243,poxF,phenol hydroxylase,
Francisella tularensis subsp. tularensis SCHU S4,177416.18,NC_006570,,FTT0700,FTT0700,RefSeq.177416.18.NC_006570.CDS.720083.720433.fwd,RefSeq,CDS,720083,720433,351,+,,,,YP_169716.1,116,,iron-sulfur cluster insertion protein ErpA,
Francisella tularensis subsp. tularensis SCHU S4,177416.18,NC_006570,,FTT0667,FTT0667,RefSeq.177416.18.NC_006570.CDS.684720.685223.fwd,RefSeq,CDS,684720,685223,504,+,,,,YP_169684.1,167,,hypothetical protein,
Francisella tularensis subsp. tularensis SCHU S4,177416.18,NC_006570,,FTT0440c,FTT0440c,RefSeq.177416.18.NC_006570.CDS.453350.454134.rev,RefSeq,CDS,453350,454134,327,-,,,,YP_169480.1,261,isftu1,transposase,
Francisella tularensis subsp. tularensis SCHU S4,177416.18,NC_006570,,FTT0785,FTT0785,RefSeq.177416.18.NC_006570.CDS.803774.804595.fwd,RefSeq,CDS,803774,804595,822,+,,,,YP_169792.1,273,,hypothetical protein,
Francisella tularensis subsp. tularensis SCHU S4,177416.18,NC_006570,,FTT1629c,FTT1629c,RefSeq.177416.18.NC_006570.CDS.1691820.1693499.rev,RefSeq,CDS,1691820,1693499,1680,-,,,,YP_170542.1,559,,hypothetical protein,
Francisella tularensis subsp. tularensis SCHU S4,177416.18,NC_006570,,FTT0918,FTT0918,RefSeq.177416.18.NC_006570.CDS.927667.929340.fwd,RefSeq,CDS,927667,929340,1674,+,,,,YP_169915.1,557,,hypothetical protein,
Francisella tularensis subsp. tularensis SCHU S4,177416.18,NC_006570,,FTT1167c,FTT1167c,RefSeq.177416.18.NC_006570.CDS.1180927.1181565.rev,RefSeq,CDS,1180927,1181565,639,-,,,,YP_170133.1,212,,glycoprotease family protein,
Francisella tularensis subsp. tularensis SCHU S4,177416.18,NC_006570,fig|177416.18.peg.121,FTT0109,VBIFraTul2086_0121,PATRIC.177416.18.NC_006570.CDS.115424.117253.fwd,PATRIC,CDS,115424,117253,1830,+,FIG00655696,PLF_262_00000658,PGF_08515716,YP_169179.1,609,valA,Lipid A export permease/ATP-binding protein MsbA,
Francisella tularensis subsp. tularensis SCHU S4,177416.18,NC_006570,fig|177416.18.peg.373,,VBIFraTul2086_0373,PATRIC.177416.18.NC_006570.CDS.343156.343695.fwd,PATRIC,CDS,343156,343695,540,+,FIG00000174,PLF_262_00000654,PGF_00016443,,179,,LSU ribosomal protein L5p (L11e),GO:0003735|structural constituent of ribosome;GO:0005622|intracellular;GO:0005840|ribosome;GO:0006412|translation
Francisella tularensis subsp. tularensis SCHU S4,177416.18,NC_006570,fig|177416.18.peg.1399,,VBIFraTul2086_1399,PATRIC.177416.18.NC_006570.CDS.1225818.1227188.fwd,PATRIC,CDS,1225818,1227188,1371,+,FIG01308542,PLF_262_00001499,PGF_01719404,,456,,Sodium-dependent transporter,
Francisella tularensis subsp. tularensis SCHU S4,177416.18,NC_006570,fig|177416.18.peg.1541,,VBIFraTul2086_1541,PATRIC.177416.18.NC_006570.CDS.1368402.1368782.rev,PATRIC,CDS,1368402,1368782,381,-,FIG01304099,PLF_262_00000774,PGF_02690675,,126,,RidA/YER057c/UK114 superfamily protein,
Francisella tularensis subsp. tularensis SCHU S4,177416.18,NC_006570,fig|177416.18.peg.689,,VBIFraTul2086_0689,PATRIC.177416.18.NC_006570.CDS.623413.623676.fwd,PATRIC,CDS,623413,623676,264,+,FIG00008246,PLF_262_00001859,PGF_07165184,,87,,"Na+/H+ antiporter, NhaP family",
Francisella tularensis subsp. tularensis SCHU S4,177416.18,NC_006570,fig|177416.18.peg.1906,,VBIFraTul2086_1906,PATRIC.177416.18.NC_006570.CDS.1708544.1708741.fwd,PATRIC,CDS,1708544,1708741,198,+,FIG00010392,PLF_262_00001774,PGF_01719549,,65,,hypothetical protein,
Francisella tularensis subsp. tularensis SCHU S4,177416.18,NC_006570,fig|177416.18.peg.1164,,VBIFraTul2086_1164,PATRIC.177416.18.NC_006570.CDS.1025111.1025701.fwd,PATRIC,CDS,1025111,1025701,591,+,FIG01301466,PLF_262_00001374,PGF_00414880,,196,,CBS domain protein,
Francisella tularensis subsp. tularensis SCHU S4,177416.18,NC_006570,fig|177416.18.peg.887,,VBIFraTul2086_0887,PATRIC.177416.18.NC_006570.CDS.791800.792381.rev,PATRIC,CDS,791800,792381,582,-,FIG00000456,PLF_262_00000059,PGF_06728837,,193,,Glycerate kinase (EC 2.7.1.31),GO:0008887|glycerate kinase activity
Francisella tularensis subsp. tularensis SCHU S4,177416.18,NC_006570,fig|177416.18.peg.2071,,VBIFraTul2086_2071,PATRIC.177416.18.NC_006570.CDS.1868806.1869186.fwd,PATRIC,CDS,1868806,1869186,381,+,FIG01306568,PLF_262_00000001,PGF_01719295,,126,,Mobile element protein,
Francisella tularensis subsp. tularensis SCHU S4,177416.18,NC_006570,,FTT0060,FTT0060,RefSeq.177416.18.NC_006570.CDS.61304.61774.fwd,RefSeq,CDS,61304,61774,471,+,,,,YP_169135.1,156,atpF,F0F1 ATP synthase subunit B,
Francisella tularensis subsp. tularensis SCHU S4,177416.18,NC_006570,fig|177416.18.peg.198,,VBIFraTul2086_0198,PATRIC.177416.18.NC_006570.CDS.193789.194466.fwd,PATRIC,CDS,193789,194466,678,+,FIG01259681,PLF_262_00000089,PGF_06887246,,225,,DNA internalization-related competence protein ComEC/Rec2,
Francisella tularensis subsp. tularensis SCHU S4,177416.18,NC_006570,fig|177416.18.peg.2045,,VBIFraTul2086_2045,PATRIC.177416.18.NC_006570.CDS.1846969.1847199.rev,PATRIC,CDS,1846969,1847199,231,-,,PLF_262_00001006,PGF_01719296,,76,,Cytochrome b561 family,
Francisella tularensis subsp. tularensis SCHU S4,177416.18,NC_006570,fig|177416.18.peg.572,,VBIFraTul2086_0572,PATRIC.177416.18.NC_006570.CDS.532948.533811.fwd,PATRIC,CDS,532948,533811,864,+,FIG00021445,PLF_262_00001016,PGF_00045788,,287,,"Pyridoxal 5'-phosphate synthase (glutamine hydrolyzing), synthase subunit (EC 4.3.3.6)",GO:0036381|pyridoxal 5'-phosphate synthase (glutamine hydrolysing) activity
Francisella tularensis subsp. tularensis SCHU S4,177416.18,NC_006570,,FTT0655,FTT0655,RefSeq.177416.18.NC_006570.CDS.674925.675671.fwd,RefSeq,CDS,674925,675671,747,+,,,,YP_169673.1,248,,hypothetical protein,
Francisella tularensis subsp. tularensis SCHU S4,177416.18,NC_006570,,FTT1764c,FTT1764c,RefSeq.177416.18.NC_006570.CDS.1852184.1852507.rev,RefSeq,CDS,1852184,1852507,324,-,,,,YP_170655.1,107,,ferredoxin,
Francisella tularensis subsp. tularensis SCHU S4,177416.18,NC_006570,,FTT1568c,FTT1568c,RefSeq.177416.18.NC_006570.CDS.1629652.1630794.rev,RefSeq,CDS,1629652,1630794,1143,-,,,,YP_170490.1,380,lpxB,lipid-A-disaccharide synthase,
Francisella tularensis subsp. tularensis SCHU S4,177416.18,NC_006570,,FTT0714c,FTT0714c,RefSeq.177416.18.NC_006570.CDS.732322.733518.rev,RefSeq,CDS,732322,733518,1197,-,,,,YP_169729.1,398,kbl,2-amino-3-ketobutyrate coenzyme A ligase,
Francisella tularensis subsp. tularensis SCHU S4,177416.18,NC_006570,fig|177416.18.peg.8,FTT0007,VBIFraTul2086_0008,PATRIC.177416.18.NC_006570.CDS.6050.7822.fwd,PATRIC,CDS,6050,7822,1773,+,FIG00000656,PLF_262_00000245,PGF_00982259,YP_169088.1,590,aspS,Aspartyl-tRNA synthetase (EC 6.1.1.12) @ Aspartyl-tRNA(Asn) synthetase (EC 6.1.1.23),GO:0004815|aspartate-tRNA ligase activity
Francisella tularensis subsp. tularensis SCHU S4,177416.18,NC_006570,fig|177416.18.peg.1618,,VBIFraTul2086_1618,PATRIC.177416.18.NC_006570.CDS.1455857.1457014.rev,PATRIC,CDS,1455857,1457014,1158,-,FIG00657523,PLF_262_00001436,PGF_08225224,,385,,hypothetical protein,
Francisella tularensis subsp. tularensis SCHU S4,177416.18,NC_006570,,FTT0941c,FTT0941c,RefSeq.177416.18.NC_006570.CDS.952434.953354.rev,RefSeq,CDS,952434,953354,921,-,,,,YP_169934.1,306,,lipase/esterase,
Francisella tularensis subsp. tularensis SCHU S4,177416.18,NC_006570,fig|177416.18.peg.401,,VBIFraTul2086_0401,PATRIC.177416.18.NC_006570.CDS.362474.363346.rev,PATRIC,CDS,362474,363346,873,-,FIG00657530,PLF_262_00007832,PGF_08225224,,290,,hypothetical protein,
Francisella tularensis subsp. tularensis SCHU S4,177416.18,NC_006570,,FTT0466c,FTT0466c,RefSeq.177416.18.NC_006570.CDS.481990.483735.rev,RefSeq,CDS,481990,483735,1746,-,,,,YP_169504.1,581,argS,arginyl-tRNA synthetase,
Francisella tularensis subsp. tularensis SCHU S4,177416.18,NC_006570,,FTT0449,FTT0449,RefSeq.177416.18.NC_006570.CDS.465491.467083.fwd,RefSeq,CDS,465491,467083,1593,+,,,,YP_169487.1,530,pckA,phosphoenolpyruvate carboxykinase,
Francisella tularensis subsp. tularensis SCHU S4,177416.18,NC_006570,,FTT1447c,FTT1447c,RefSeq.177416.18.NC_006570.CDS.1495186.1496670.rev,RefSeq,CDS,1495186,1496670,1485,-,,,,YP_170385.1,494,manB,phosphomannomutase,
Francisella tularensis subsp. tularensis SCHU S4,177416.18,NC_006570,,FTT0147,FTT0147,RefSeq.177416.18.NC_006570.CDS.163653.164663.fwd,RefSeq,CDS,163653,164663,1011,+,,,,YP_169213.1,336,gcp,O-sialoglycoprotein endopeptidase,
Francisella tularensis subsp. tularensis SCHU S4,177416.18,NC_006570,,FTT0006,FTT0006,RefSeq.177416.18.NC_006570.CDS.4661.5869.fwd,RefSeq,CDS,4661,5869,1209,+,,,,YP_169087.1,402,,MFS superfamily proline/ betaine transporter,
Francisella tularensis subsp. tularensis SCHU S4,177416.18,NC_006570,,FTT1517c,FTT1517c,RefSeq.177416.18.NC_006570.CDS.1570914.1571633.rev,RefSeq,CDS,1570914,1571633,720,-,,,,YP_170449.1,239,,hypothetical protein,
Francisella tularensis subsp. tularensis SCHU S4,177416.18,NC_006570,,FTT1707,FTT1707,RefSeq.177416.18.NC_006570.CDS.1784284.1785435.fwd,RefSeq,CDS,1784284,1785435,1152,+,,,,YP_170612.1,383,,hypothetical protein,
Francisella tularensis subsp. tularensis SCHU S4,177416.18,NC_006570,,FTT0719,FTT0719,RefSeq.177416.18.NC_006570.CDS.738565.739788.fwd,RefSeq,CDS,738565,739788,1224,+,,,,YP_169733.1,407,,major facilitator transporter,
Francisella tularensis subsp. tularensis SCHU S4,177416.18,NC_006570,,FTT1653,FTT1653,RefSeq.177416.18.NC_006570.CDS.1719899.1720306.fwd,RefSeq,CDS,1719899,1720306,408,+,,,,YP_170561.1,135,,hypothetical protein,
Francisella tularensis subsp. tularensis SCHU S4,177416.18,NC_006570,fig|177416.18.peg.2007,,VBIFraTul2086_2007,PATRIC.177416.18.NC_006570.CDS.1813386.1814567.rev,PATRIC,CDS,1813386,1814567,1182,-,FIG00657722,PLF_262_00000431,PGF_06767689,,393,,"Multidrug resistance transporter, Bcr/CflA family",
Francisella tularensis subsp. tularensis SCHU S4,177416.18,NC_006570,fig|177416.18.peg.1479,,VBIFraTul2086_1479,PATRIC.177416.18.NC_006570.CDS.1300869.1301165.rev,PATRIC,CDS,1300869,1301165,297,-,FIG00001229,PLF_262_00000981,PGF_01382519,,98,,Ribosome hibernation promoting factor Hpf,
Francisella tularensis subsp. tularensis SCHU S4,177416.18,NC_006570,,FTT1100,FTT1100,RefSeq.177416.18.NC_006570.CDS.1111144.1111479.fwd,RefSeq,CDS,1111144,1111479,336,+,,,,YP_170078.1,111,,hypothetical protein,
Francisella tularensis subsp. tularensis SCHU S4,177416.18,NC_006570,fig|177416.18.peg.4,FTT0004c,VBIFraTul2086_0004,PATRIC.177416.18.NC_006570.CDS.3204.3620.rev,PATRIC,CDS,3204,3620,417,-,FIG01306568,PLF_262_00000002,PGF_01719295,YP_169086.1,138,isftu1,Mobile element protein,
Francisella tularensis subsp. tularensis SCHU S4,177416.18,NC_006570,,FTT0322,FTT0322,RefSeq.177416.18.NC_006570.CDS.334664.335137.fwd,RefSeq,CDS,334664,335137,474,+,,,,YP_169371.1,157,rpsG,30S ribosomal protein S7,
Francisella tularensis subsp. tularensis SCHU S4,177416.18,NC_006570,fig|177416.18.peg.1953,,VBIFraTul2086_1953,PATRIC.177416.18.NC_006570.CDS.1753779.1754675.fwd,PATRIC,CDS,1753779,1754675,897,+,FIG01304134,PLF_262_00001262,PGF_12762034,,298,,"Transcriptional regulator, LysR family",
Francisella tularensis subsp. tularensis SCHU S4,177416.18,NC_006570,fig|177416.18.peg.507,,VBIFraTul2086_0507,PATRIC.177416.18.NC_006570.CDS.469538.470719.fwd,PATRIC,CDS,469538,470719,1182,+,FIG00000025,PLF_262_00000557,PGF_10125426,,393,,Peptidoglycan glycosyltransferase FtsW (EC 2.4.1.129),GO:0008955|peptidoglycan glycosyltransferase activity
Francisella tularensis subsp. tularensis SCHU S4,177416.18,NC_006570,fig|177416.18.peg.1709,,VBIFraTul2086_1709,PATRIC.177416.18.NC_006570.CDS.1532132.1532512.rev,PATRIC,CDS,1532132,1532512,381,-,FIG01306568,PLF_262_00000001,PGF_01719295,,126,,Mobile element protein,
Francisella tularensis subsp. tularensis SCHU S4,177416.18,NC_006570,fig|177416.18.peg.67,FTT0061,VBIFraTul2086_0067,PATRIC.177416.18.NC_006570.CDS.61794.62318.fwd,PATRIC,CDS,61794,62318,525,+,FIG00000262,PLF_262_00001298,PGF_06274006,YP_169136.1,174,atpH,ATP synthase delta chain (EC 3.6.3.14),"GO:0046933|hydrogen ion transporting ATP synthase activity, rotational mechanism;GO:0046961|hydrogen ion transporting ATPase activity, rotational mechanism"
Francisella tularensis subsp. tularensis SCHU S4,177416.18,NC_006570,fig|177416.18.peg.43,FTT0040,VBIFraTul2086_0043,PATRIC.177416.18.NC_006570.CDS.39629.40234.fwd,PATRIC,CDS,39629,40234,606,+,FIG00000569,PLF_262_00000684,PGF_10348836,YP_169116.1,201,nuoJ,NADH-ubiquinone oxidoreductase chain J (EC 1.6.5.3),GO:0008137|NADH dehydrogenase (ubiquinone) activity
Francisella tularensis subsp. tularensis SCHU S4,177416.18,NC_006570,fig|177416.18.peg.154,FTT0138,VBIFraTul2086_0154,PATRIC.177416.18.NC_006570.CDS.151460.151891.fwd,PATRIC,CDS,151460,151891,432,+,FIG00001219,PLF_262_00001595,PGF_09669766,YP_169204.1,143,secE,Protein translocase subunit SecE,
Francisella tularensis subsp. tularensis SCHU S4,177416.18,NC_006570,fig|177416.18.peg.477,,VBIFraTul2086_0477,PATRIC.177416.18.NC_006570.CDS.442699.442998.fwd,PATRIC,CDS,442699,442998,300,+,FIG00000582,PLF_262_00000054,PGF_00012356,,99,,Homoserine kinase (EC 2.7.1.39),GO:0004413|homoserine kinase activity
Francisella tularensis subsp. tularensis SCHU S4,177416.18,NC_006570,fig|177416.18.peg.495,,VBIFraTul2086_0495,PATRIC.177416.18.NC_006570.CDS.455004.456197.rev,PATRIC,CDS,455004,456197,1194,-,FIG01309073,PLF_262_00000932,PGF_06767689,,397,,"Multidrug resistance transporter, Bcr/CflA family",
Francisella tularensis subsp. tularensis SCHU S4,177416.18,NC_006570,fig|177416.18.peg.1117,,VBIFraTul2086_1117,PATRIC.177416.18.NC_006570.CDS.987156.987845.fwd,PATRIC,CDS,987156,987845,690,+,FIG00657547,PLF_262_00001027,PGF_00373845,,229,,hypothetical protein,
Francisella tularensis subsp. tularensis SCHU S4,177416.18,NC_006570,fig|177416.18.peg.1852,,VBIFraTul2086_1852,PATRIC.177416.18.NC_006570.CDS.1666254.1666394.rev,PATRIC,CDS,1666254,1666394,141,-,FIG00638284,PLF_262_00001530,PGF_01719419,,46,,hypothetical protein,
Francisella tularensis subsp. tularensis SCHU S4,177416.18,NC_006570,fig|177416.18.peg.448,,VBIFraTul2086_0448,PATRIC.177416.18.NC_006570.CDS.408140.408775.fwd,PATRIC,CDS,408140,408775,636,+,FIG00000017,PLF_262_00000279,PGF_12821171,,211,,Peptide deformylase (EC 3.5.1.88),GO:0042586|peptide deformylase activity
Francisella tularensis subsp. tularensis SCHU S4,177416.18,NC_006570,,FTT0832,FTT0832,RefSeq.177416.18.NC_006570.CDS.849396.849860.fwd,RefSeq,CDS,849396,849860,465,+,,,,YP_169837.1,154,fkpB,FKBP-type 16 kDa peptidyl-prolyl cis-transisomerase,
Francisella tularensis subsp. tularensis SCHU S4,177416.18,NC_006570,fig|177416.18.peg.949,,VBIFraTul2086_0949,PATRIC.177416.18.NC_006570.CDS.845080.846237.rev,PATRIC,CDS,845080,846237,1158,-,FIG01046362,PLF_262_00000980,PGF_06737252,,385,,Putative transport protein,
Francisella tularensis subsp. tularensis SCHU S4,177416.18,NC_006570,,FTT0502c,FTT0502c,RefSeq.177416.18.NC_006570.CDS.521967.522392.rev,RefSeq,CDS,521967,522392,426,-,,,,YP_169537.1,141,,hypothetical protein,
Francisella tularensis subsp. tularensis SCHU S4,177416.18,NC_006570,,FTT1686c,FTT1686c,RefSeq.177416.18.NC_006570.CDS.1755800.1756468.rev,RefSeq,CDS,1755800,1756468,669,-,,,,YP_170591.1,222,,hypothetical protein,
Francisella tularensis subsp. tularensis SCHU S4,177416.18,NC_006570,fig|177416.18.peg.2090,,VBIFraTul2086_2090,PATRIC.177416.18.NC_006570.CDS.1884464.1884877.rev,PATRIC,CDS,1884464,1884877,414,-,FIG00510130,PLF_262_00001019,PGF_01719297,,137,,"Transcriptional regulator, AraC family",
Francisella tularensis subsp. tularensis SCHU S4,177416.18,NC_006570,,FTT1186,FTT1186,RefSeq.177416.18.NC_006570.CDS.1202016.1202489.fwd,RefSeq,CDS,1202016,1202489,474,+,,,,YP_170148.1,157,smpB,SsrA-binding protein,
Francisella tularensis subsp. tularensis SCHU S4,177416.18,NC_006570,,FTT0460,FTT0460,RefSeq.177416.18.NC_006570.CDS.477191.478102.fwd,RefSeq,CDS,477191,478102,912,+,,,,YP_169498.1,303,holB,"DNA polymerase III, delta prime subunit",
Francisella tularensis subsp. tularensis SCHU S4,177416.18,NC_006570,,FTT1337c,FTT1337c,RefSeq.177416.18.NC_006570.CDS.1367048.1368298.rev,RefSeq,CDS,1367048,1368298,1251,-,,,,YP_170289.1,416,dctA,C4-dicarboxylate transport protein,
Francisella tularensis subsp. tularensis SCHU S4,177416.18,NC_006570,fig|177416.18.peg.2017,,VBIFraTul2086_2017,PATRIC.177416.18.NC_006570.CDS.1823281.1823448.rev,PATRIC,CDS,1823281,1823448,168,-,,PLF_262_00001007,PGF_10469496,,55,,DNA-binding response regulator KdpE,GO:0000156|two-component response regulator activity;GO:0003677|DNA binding
Francisella tularensis subsp. tularensis SCHU S4,177416.18,NC_006570,fig|177416.18.peg.1955,,VBIFraTul2086_1955,PATRIC.177416.18.NC_006570.CDS.1755617.1755763.fwd,PATRIC,CDS,1755617,1755763,147,+,FIG00946206,PLF_262_00001890,PGF_00299323,,48,,hypothetical protein,
Francisella tularensis subsp. tularensis SCHU S4,177416.18,NC_006570,,FTT1594,FTT1594,RefSeq.177416.18.NC_006570.CDS.1658686.1659678.fwd,RefSeq,CDS,1658686,1659678,993,+,,,,YP_170510.1,330,,LysR family transcriptional regulator,
Francisella tularensis subsp. tularensis SCHU S4,177416.18,NC_006570,,FTT0905,FTT0905,RefSeq.177416.18.NC_006570.CDS.912218.913660.fwd,RefSeq,CDS,912218,913660,1443,+,,,,YP_169902.1,480,,Type IV pili glycosylation protein,
Francisella tularensis subsp. tularensis SCHU S4,177416.18,NC_006570,,FTT0443,FTT0443,RefSeq.177416.18.NC_006570.CDS.456470.457513.fwd,RefSeq,CDS,456470,457513,1044,+,,,,YP_169482.1,347,,hypothetical protein,
Francisella tularensis subsp. tularensis SCHU S4,177416.18,NC_006570,,FTT0816c,FTT0816c,RefSeq.177416.18.NC_006570.CDS.833768.834661.rev,RefSeq,CDS,833768,834661,894,-,,,,YP_169823.1,297,,chitin binding protein,
Francisella tularensis subsp. tularensis SCHU S4,177416.18,NC_006570,fig|177416.18.peg.633,,VBIFraTul2086_0633,PATRIC.177416.18.NC_006570.CDS.578376.578756.fwd,PATRIC,CDS,578376,578756,381,+,FIG01306568,PLF_262_00000001,PGF_01719295,,126,,Mobile element protein,
Francisella tularensis subsp. tularensis SCHU S4,177416.18,NC_006570,,FTT1005c,FTT1005c,RefSeq.177416.18.NC_006570.CDS.1017131.1018606.rev,RefSeq,CDS,1017131,1018606,1476,-,,,,YP_169991.1,491,yhiP,proton-dependent oligopeptide transporter (POT) family protein,
Francisella tularensis subsp. tularensis SCHU S4,177416.18,NC_006570,,FTT0138,FTT0138,RefSeq.177416.18.NC_006570.CDS.151421.151891.fwd,RefSeq,CDS,151421,151891,471,+,,,,YP_169204.1,156,secE,preprotein translocase subunit SecE,
Francisella tularensis subsp. tularensis SCHU S4,177416.18,NC_006570,,FTT0271,FTT0271,RefSeq.177416.18.NC_006570.CDS.286207.287034.fwd,RefSeq,CDS,286207,287034,828,+,,,,YP_169323.1,275,ispE,4-diphosphocytidyl-2-C-methyl-D-erythritol kinase,
Francisella tularensis subsp. tularensis SCHU S4,177416.18,NC_006570,,FTT1525c,FTT1525c,RefSeq.177416.18.NC_006570.CDS.1581783.1582670.rev,RefSeq,CDS,1581783,1582670,888,-,,,,YP_170455.1,295,,hypothetical protein,
Francisella tularensis subsp. tularensis SCHU S4,177416.18,NC_006570,,FTT1120c,FTT1120c,RefSeq.177416.18.NC_006570.CDS.1130086.1131189.rev,RefSeq,CDS,1130086,1131189,1104,-,,,,YP_170094.1,367,tgt,queuine tRNA-ribosyltransferase,
Francisella tularensis subsp. tularensis SCHU S4,177416.18,NC_006570,fig|177416.18.peg.1173,,VBIFraTul2086_1173,PATRIC.177416.18.NC_006570.CDS.1035146.1035877.rev,PATRIC,CDS,1035146,1035877,732,-,FIG00002720,PLF_262_00000397,PGF_00017190,,243,,"Lipopolysaccharide ABC transporter, ATP-binding protein LptB",
Francisella tularensis subsp. tularensis SCHU S4,177416.18,NC_006570,fig|177416.18.peg.2027,,VBIFraTul2086_2027,PATRIC.177416.18.NC_006570.CDS.1832628.1833197.fwd,PATRIC,CDS,1832628,1833197,570,+,FIG01288745,PLF_262_00001878,PGF_10571971,,189,,hypothetical protein,
Francisella tularensis subsp. tularensis SCHU S4,177416.18,NC_006570,fig|177416.18.peg.1096,,VBIFraTul2086_1096,PATRIC.177416.18.NC_006570.CDS.970829.971617.rev,PATRIC,CDS,970829,971617,789,-,FIG00000065,PLF_262_00000592,PGF_07420523,,262,,Exodeoxyribonuclease III (EC 3.1.11.2),GO:0008853|exodeoxyribonuclease III activity
Francisella tularensis subsp. tularensis SCHU S4,177416.18,NC_006570,fig|177416.18.peg.456,,VBIFraTul2086_0456,PATRIC.177416.18.NC_006570.CDS.416731.418176.fwd,PATRIC,CDS,416731,418176,1446,+,FIG00001328,PLF_262_00000620,PGF_00008776,,481,,Glycine dehydrogenase [decarboxylating] (glycine cleavage system P2 protein) (EC 1.4.4.2),GO:0004375|glycine dehydrogenase (decarboxylating) activity
Francisella tularensis subsp. tularensis SCHU S4,177416.18,NC_006570,fig|177416.18.peg.1910,,VBIFraTul2086_1910,PATRIC.177416.18.NC_006570.CDS.1712032.1712190.fwd,PATRIC,CDS,1712032,1712190,159,+,FIG00000473,PLF_262_00000064,PGF_00421071,,52,,D-aminoacyl-tRNA deacylase (EC 3.1.1.96),
Francisella tularensis subsp. tularensis SCHU S4,177416.18,NC_006570,fig|177416.18.peg.1559,,VBIFraTul2086_1559,PATRIC.177416.18.NC_006570.CDS.1397421.1398617.rev,PATRIC,CDS,1397421,1398617,1197,-,FIG01352855,PLF_262_00000155,PGF_01719428,,398,,"Intracellular growth locus, subunit D",
Francisella tularensis subsp. tularensis SCHU S4,177416.18,NC_006570,fig|177416.18.peg.41,FTT0038,VBIFraTul2086_0041,PATRIC.177416.18.NC_006570.CDS.38112.39122.fwd,PATRIC,CDS,38112,39122,1011,+,FIG00133041,PLF_262_00000682,PGF_01514111,YP_169114.1,336,nuoH,NADH-ubiquinone oxidoreductase chain H (EC 1.6.5.3),GO:0008137|NADH dehydrogenase (ubiquinone) activity
Francisella tularensis subsp. tularensis SCHU S4,177416.18,NC_006570,fig|177416.18.peg.1130,,VBIFraTul2086_1130,PATRIC.177416.18.NC_006570.CDS.995821.996231.fwd,PATRIC,CDS,995821,996231,411,+,FIG00912840,PLF_262_00000744,PGF_10488938,,136,,Putative pre-16S rRNA nuclease YqgF,
Francisella tularensis subsp. tularensis SCHU S4,177416.18,NC_006570,fig|177416.18.peg.81,FTT0075,VBIFraTul2086_0081,PATRIC.177416.18.NC_006570.CDS.76456.77157.fwd,PATRIC,CDS,76456,77157,702,+,FIG00026006,PLF_262_00000798,PGF_00054480,YP_169150.1,233,sdhB,Succinate dehydrogenase iron-sulfur protein (EC 1.3.5.1),GO:0008177|succinate dehydrogenase (ubiquinone) activity
Francisella tularensis subsp. tularensis SCHU S4,177416.18,NC_006570,fig|177416.18.peg.1884,,VBIFraTul2086_1884,PATRIC.177416.18.NC_006570.CDS.1687847.1689253.rev,PATRIC,CDS,1687847,1689253,1407,-,FIG00657734,PLF_262_00001093,PGF_00170399,,468,,hypothetical protein,
Francisella tularensis subsp. tularensis SCHU S4,177416.18,NC_006570,fig|177416.18.peg.344,,VBIFraTul2086_0344,PATRIC.177416.18.NC_006570.CDS.322942.323910.fwd,PATRIC,CDS,322942,323910,969,+,FIG00657812,PLF_262_00001070,PGF_01719311,,322,,hypothetical protein,
Francisella tularensis subsp. tularensis SCHU S4,177416.18,NC_006570,fig|177416.18.peg.1072,,VBIFraTul2086_1072,PATRIC.177416.18.NC_006570.CDS.949429.950715.fwd,PATRIC,CDS,949429,950715,1287,+,FIG00012547,PLF_262_00000324,PGF_05255412,,428,,Adenosylmethionine-8-amino-7-oxononanoate aminotransferase (EC 2.6.1.62),GO:0004015|adenosylmethionine-8-amino-7-oxononanoate transaminase activity
Francisella tularensis subsp. tularensis SCHU S4,177416.18,NC_006570,fig|177416.18.peg.1163,,VBIFraTul2086_1163,PATRIC.177416.18.NC_006570.CDS.1024268.1024993.rev,PATRIC,CDS,1024268,1024993,726,-,FIG00657601,PLF_262_00001358,PGF_00293899,,241,,hypothetical protein,
Francisella tularensis subsp. tularensis SCHU S4,177416.18,NC_006570,fig|177416.18.peg.1374,,VBIFraTul2086_1374,PATRIC.177416.18.NC_006570.CDS.1202488.1203243.fwd,PATRIC,CDS,1202488,1203243,756,+,FIG00138938,PLF_262_00000877,PGF_00413306,,251,,tRNA-(cytosine32)-2-thiocytidine synthetase TtcA,
Francisella tularensis subsp. tularensis SCHU S4,177416.18,NC_006570,fig|177416.18.peg.1138,,VBIFraTul2086_1138,PATRIC.177416.18.NC_006570.CDS.1003211.1003744.rev,PATRIC,CDS,1003211,1003744,534,-,FIG00102132,PLF_262_00000586,PGF_00422918,,177,,Deoxycytidine triphosphate deaminase (EC 3.5.4.13),GO:0008829|dCTP deaminase activity
Francisella tularensis subsp. tularensis SCHU S4,177416.18,NC_006570,,FTT1515c,FTT1515c,RefSeq.177416.18.NC_006570.CDS.1568897.1569496.rev,RefSeq,CDS,1568897,1569496,600,-,,,,YP_170448.1,199,,hypothetical protein,
Francisella tularensis subsp. tularensis SCHU S4,177416.18,NC_006570,,FTT0784,FTT0784,RefSeq.177416.18.NC_006570.CDS.803457.803786.fwd,RefSeq,CDS,803457,803786,330,+,,,,YP_169791.1,109,,hypothetical protein,
Francisella tularensis subsp. tularensis SCHU S4,177416.18,NC_006570,,FTT0219c,FTT0219c,RefSeq.177416.18.NC_006570.CDS.235981.236976.rev,RefSeq,CDS,235981,236976,996,-,,,,YP_169274.1,331,,phosphate transport protein,
Francisella tularensis subsp. tularensis SCHU S4,177416.18,NC_006570,,FTT1197c,FTT1197c,RefSeq.177416.18.NC_006570.CDS.1214433.1215230.rev,RefSeq,CDS,1214433,1215230,798,-,,,,YP_170156.1,265,murI,glutamate racemase,
Francisella tularensis subsp. tularensis SCHU S4,177416.18,NC_006570,,FTT0704,FTT0704,RefSeq.177416.18.NC_006570.CDS.722443.723015.fwd,RefSeq,CDS,722443,723015,573,+,,,,YP_169720.1,190,,hypothetical protein,
Francisella tularensis subsp. tularensis SCHU S4,177416.18,NC_006570,,FTT0074,FTT0074,RefSeq.177416.18.NC_006570.CDS.74645.76438.fwd,RefSeq,CDS,74645,76438,1794,+,,,,YP_169149.1,597,sdhA,"succinate dehydrogenase, catalytic and NAD/flavoprotein subunit",
Francisella tularensis subsp. tularensis SCHU S4,177416.18,NC_006570,,FTT0115,FTT0115,RefSeq.177416.18.NC_006570.CDS.123775.124974.fwd,RefSeq,CDS,123775,124974,1200,+,,,,YP_169185.1,399,nupC1,nucleoside permease NUP family protein,
Francisella tularensis subsp. tularensis SCHU S4,177416.18,NC_006570,,FTT0819,FTT0819,RefSeq.177416.18.NC_006570.CDS.837591.837788.fwd,RefSeq,CDS,837591,837788,198,+,,,,YP_169826.1,65,rpmI,50S ribosomal protein L35,
Francisella tularensis subsp. tularensis SCHU S4,177416.18,NC_006570,,FTT1771,FTT1771,RefSeq.177416.18.NC_006570.CDS.1861370.1861723.fwd,RefSeq,CDS,1861370,1861723,354,+,,,,YP_170661.1,117,,hypothetical protein,
Francisella tularensis subsp. tularensis SCHU S4,177416.18,NC_006570,,FTT0073,FTT0073,RefSeq.177416.18.NC_006570.CDS.74264.74632.fwd,RefSeq,CDS,74264,74632,369,+,,,,YP_169148.1,122,sdhD,succinate dehydrogenase hydrophobic membrane anchor protein,
Francisella tularensis subsp. tularensis SCHU S4,177416.18,NC_006570,,FTT0166c,FTT0166c,RefSeq.177416.18.NC_006570.CDS.181486.182142.rev,RefSeq,CDS,181486,182142,657,-,,,,YP_169232.1,218,,hypothetical protein,
Francisella tularensis subsp. tularensis SCHU S4,177416.18,NC_006570,,FTT0349,FTT0349,RefSeq.177416.18.NC_006570.CDS.348921.349541.fwd,RefSeq,CDS,348921,349541,621,+,,,,YP_169398.1,206,rpsD,30S ribosomal protein S4,
Francisella tularensis subsp. tularensis SCHU S4,177416.18,NC_006570,fig|177416.18.peg.1383,,VBIFraTul2086_1383,PATRIC.177416.18.NC_006570.CDS.1208926.1209753.rev,PATRIC,CDS,1208926,1209753,828,-,FIG00453060,PLF_262_00000039,PGF_00038071,,275,,"Protein containing transglutaminase-like domain, putative cysteine protease",
Francisella tularensis subsp. tularensis SCHU S4,177416.18,NC_006570,fig|177416.18.peg.1856,,VBIFraTul2086_1856,PATRIC.177416.18.NC_006570.CDS.1670836.1671180.fwd,PATRIC,CDS,1670836,1671180,345,+,FIG00657555,PLF_262_00001195,PGF_01054782,,114,,Diaminopimelate decarboxylase and/or diaminopimelate epimerase leader peptide,
Francisella tularensis subsp. tularensis SCHU S4,177416.18,NC_006570,,FTT1237,FTT1237,RefSeq.177416.18.NC_006570.CDS.1256424.1257314.fwd,RefSeq,CDS,1256424,1257314,891,+,,,,YP_170195.1,296,,glycosyl transferase family protein,
Francisella tularensis subsp. tularensis SCHU S4,177416.18,NC_006570,,FTT1433,FTT1433,RefSeq.177416.18.NC_006570.CDS.1480408.1481352.fwd,RefSeq,CDS,1480408,1481352,945,+,,,,YP_170374.1,314,gtrB,glycosyl transferase,
Francisella tularensis subsp. tularensis SCHU S4,177416.18,NC_006570,,FTT0613c,FTT0613c,RefSeq.177416.18.NC_006570.CDS.632680.633099.rev,RefSeq,CDS,632680,633099,420,-,,,,YP_169634.1,139,,hypothetical protein,
Francisella tularensis subsp. tularensis SCHU S4,177416.18,NC_006570,fig|177416.18.peg.297,,VBIFraTul2086_0297,PATRIC.177416.18.NC_006570.CDS.280569.281885.fwd,PATRIC,CDS,280569,281885,1317,+,FIG00024999,PLF_262_00000318,PGF_00009614,,438,,"ABC transporter, ATP-binding protein (cluster 10, nitrate/sulfonate/bicarbonate) / C-terminal AAA-associated domain",
Francisella tularensis subsp. tularensis SCHU S4,177416.18,NC_006570,,FTT0572,FTT0572,RefSeq.177416.18.NC_006570.CDS.588853.590307.fwd,RefSeq,CDS,588853,590307,1455,+,,,,YP_169597.1,484,,proton-dependent oligopeptide transport (POT) family protein,
Francisella tularensis subsp. tularensis SCHU S4,177416.18,NC_006570,fig|177416.18.peg.1516,,VBIFraTul2086_1516,PATRIC.177416.18.NC_006570.CDS.1339343.1339825.rev,PATRIC,CDS,1339343,1339825,483,-,FIG00000288,PLF_262_00000812,PGF_01043799,,160,,Transcription elongation factor GreA,GO:0003677|DNA binding;GO:0003711|transcription elongation regulator activity
Francisella tularensis subsp. tularensis SCHU S4,177416.18,NC_006570,fig|177416.18.peg.1319,,VBIFraTul2086_1319,PATRIC.177416.18.NC_006570.CDS.1154804.1154956.fwd,PATRIC,CDS,1154804,1154956,153,+,FIG01312939,PLF_262_00001187,PGF_00068678,,50,,antigen,
Francisella tularensis subsp. tularensis SCHU S4,177416.18,NC_006570,fig|177416.18.peg.656,,VBIFraTul2086_0656,PATRIC.177416.18.NC_006570.CDS.594821.596194.fwd,PATRIC,CDS,594821,596194,1374,+,FIG00000551,PLF_262_00000638,PGF_00016225,,457,,"L-serine dehydratase, beta subunit (EC 4.3.1.17) / L-serine dehydratase, alpha subunit (EC 4.3.1.17)",GO:0003941|L-serine ammonia-lyase activity
Francisella tularensis subsp. tularensis SCHU S4,177416.18,NC_006570,fig|177416.18.peg.482,,VBIFraTul2086_0482,PATRIC.177416.18.NC_006570.CDS.446267.447676.fwd,PATRIC,CDS,446267,447676,1410,+,FIG00002695,PLF_262_00000895,PGF_00404020,,469,,Biosynthetic arginine decarboxylase (EC 4.1.1.19),GO:0008792|arginine decarboxylase activity
Francisella tularensis subsp. tularensis SCHU S4,177416.18,NC_006570,fig|177416.18.peg.1830,,VBIFraTul2086_1830,PATRIC.177416.18.NC_006570.CDS.1646978.1647598.rev,PATRIC,CDS,1646978,1647598,621,-,FIG00005727,PLF_262_00001801,PGF_00063471,,206,,Type III restriction-modification system methylation subunit (EC 2.1.1.72),
Francisella tularensis subsp. tularensis SCHU S4,177416.18,NC_006570,fig|177416.18.peg.1151,,VBIFraTul2086_1151,PATRIC.177416.18.NC_006570.CDS.1015113.1016126.rev,PATRIC,CDS,1015113,1016126,1014,-,FIG00000098,PLF_262_00000708,PGF_02019462,,337,,Phenylalanyl-tRNA synthetase alpha chain (EC 6.1.1.20),GO:0004826|phenylalanine-tRNA ligase activity
Francisella tularensis subsp. tularensis SCHU S4,177416.18,NC_006570,fig|177416.18.peg.1720,,VBIFraTul2086_1720,PATRIC.177416.18.NC_006570.CDS.1544818.1545132.rev,PATRIC,CDS,1544818,1545132,315,-,FIG00657871,PLF_262_00007727,PGF_00105927,,104,,hypothetical protein,
Francisella tularensis subsp. tularensis SCHU S4,177416.18,NC_006570,fig|177416.18.peg.167,FTT0151,VBIFraTul2086_0167,PATRIC.177416.18.NC_006570.CDS.167900.168409.fwd,PATRIC,CDS,167900,168409,510,+,FIG00000312,PLF_262_00000505,PGF_06000821,YP_169217.1,169,rimM,16S rRNA processing protein RimM,GO:0006364|rRNA processing
Francisella tularensis subsp. tularensis SCHU S4,177416.18,NC_006570,fig|177416.18.peg.1065,,VBIFraTul2086_1065,PATRIC.177416.18.NC_006570.CDS.944103.944954.fwd,PATRIC,CDS,944103,944954,852,+,FIG01375314,PLF_262_00001011,PGF_00863371,,283,,"Hypothetical sugar kinase, ROK family",
Francisella tularensis subsp. tularensis SCHU S4,177416.18,NC_006570,fig|177416.18.peg.1695,,VBIFraTul2086_1695,PATRIC.177416.18.NC_006570.CDS.1519856.1520719.rev,PATRIC,CDS,1519856,1520719,864,-,FIG00000413,PLF_262_00001330,PGF_04828114,,287,,Quinolinate phosphoribosyltransferase [decarboxylating] (EC 2.4.2.19),GO:0004514|nicotinate-nucleotide diphosphorylase (carboxylating) activity
Francisella tularensis subsp. tularensis SCHU S4,177416.18,NC_006570,fig|177416.18.peg.969,,VBIFraTul2086_0969,PATRIC.177416.18.NC_006570.CDS.858660.858899.fwd,PATRIC,CDS,858660,858899,240,+,FIG00546160,PLF_262_00001753,PGF_01720586,,79,,Short-chain dehydrogenase/reductase SDR,
Francisella tularensis subsp. tularensis SCHU S4,177416.18,NC_006570,fig|177416.18.peg.738,,VBIFraTul2086_0738,PATRIC.177416.18.NC_006570.CDS.667306.668565.rev,PATRIC,CDS,667306,668565,1260,-,FIG01310066,PLF_262_00001204,PGF_00408641,,419,,putative membrane protein,
Francisella tularensis subsp. tularensis SCHU S4,177416.18,NC_006570,fig|177416.18.peg.593,,VBIFraTul2086_0593,PATRIC.177416.18.NC_006570.CDS.548372.549175.fwd,PATRIC,CDS,548372,549175,804,+,FIG00657942,PLF_262_00000063,PGF_08225224,,267,,hypothetical protein,
Francisella tularensis subsp. tularensis SCHU S4,177416.18,NC_006570,fig|177416.18.peg.1921,,VBIFraTul2086_1921,PATRIC.177416.18.NC_006570.CDS.1722471.1723022.rev,PATRIC,CDS,1722471,1723022,552,-,FIG00657888,PLF_262_00001071,PGF_08225224,,183,,hypothetical protein,
Francisella tularensis subsp. tularensis SCHU S4,177416.18,NC_006570,fig|177416.18.peg.1943,,VBIFraTul2086_1943,PATRIC.177416.18.NC_006570.CDS.1744589.1745503.fwd,PATRIC,CDS,1744589,1745503,915,+,FIG00657889,PLF_262_00001273,PGF_00304007,,304,,hypothetical protein,
Francisella tularensis subsp. tularensis SCHU S4,177416.18,NC_006570,fig|177416.18.peg.1251,,VBIFraTul2086_1251,PATRIC.177416.18.NC_006570.CDS.1094962.1095792.rev,PATRIC,CDS,1094962,1095792,831,-,FIG00657957,PLF_262_00000487,PGF_08225224,,276,,hypothetical protein,
Francisella tularensis subsp. tularensis SCHU S4,177416.18,NC_006570,,FTT1391,FTT1391,RefSeq.177416.18.NC_006570.CDS.1435846.1436181.fwd,RefSeq,CDS,1435846,1436181,336,+,,,,YP_170336.1,111,panD,aspartate alpha-decarboxylase,
Francisella tularensis subsp. tularensis SCHU S4,177416.18,NC_006570,fig|177416.18.peg.1730,,VBIFraTul2086_1730,PATRIC.177416.18.NC_006570.CDS.1554838.1555281.fwd,PATRIC,CDS,1554838,1555281,444,+,FIG00001903,PLF_262_00000741,PGF_04315180,,147,,Protein-export protein SecB (maintains pre-export unfolded state),
Francisella tularensis subsp. tularensis SCHU S4,177416.18,NC_006570,fig|177416.18.peg.1144,,VBIFraTul2086_1144,PATRIC.177416.18.NC_006570.CDS.1009035.1009157.fwd,PATRIC,CDS,1009035,1009157,123,+,FIG00638284,PLF_262_00001933,PGF_01719651,,40,,hypothetical protein,
Francisella tularensis subsp. tularensis SCHU S4,177416.18,NC_006570,,FTT1114c,FTT1114c,RefSeq.177416.18.NC_006570.CDS.1123773.1124717.rev,RefSeq,CDS,1123773,1124717,945,-,,,,YP_170088.1,314,secF,preprotein translocase subunit SecF,
Francisella tularensis subsp. tularensis SCHU S4,177416.18,NC_006570,,FTT1188,FTT1188,RefSeq.177416.18.NC_006570.CDS.1203517.1204152.fwd,RefSeq,CDS,1203517,1204152,636,+,,,,YP_170150.1,211,,hypothetical protein,
Francisella tularensis subsp. tularensis SCHU S4,177416.18,NC_006570,,FTT0682c,FTT0682c,RefSeq.177416.18.NC_006570.CDS.699172.700017.rev,RefSeq,CDS,699172,700017,846,-,,,,YP_169698.1,281,,hypothetical protein,
Francisella tularensis subsp. tularensis SCHU S4,177416.18,NC_006570,,FTT1387c,FTT1387c,RefSeq.177416.18.NC_006570.CDS.1431224.1433260.rev,RefSeq,CDS,1431224,1433260,2037,-,,,,YP_170332.1,678,ligN,DNA ligase,
Francisella tularensis subsp. tularensis SCHU S4,177416.18,NC_006570,,FTT0402,FTT0402,RefSeq.177416.18.NC_006570.CDS.404586.408065.fwd,RefSeq,CDS,404586,408065,3480,+,,,,YP_169447.1,1159,dnaE,DNA polymerase III alpha subunit,
Francisella tularensis subsp. tularensis SCHU S4,177416.18,NC_006570,,FTT0549,FTT0549,RefSeq.177416.18.NC_006570.CDS.567545.568018.fwd,RefSeq,CDS,567545,568018,474,+,,,,YP_169576.1,157,vanY,D-alanyl-D-alanine carboxypeptidase,
Francisella tularensis subsp. tularensis SCHU S4,177416.18,NC_006570,fig|177416.18.peg.284,,VBIFraTul2086_0284,PATRIC.177416.18.NC_006570.CDS.269869.270249.rev,PATRIC,CDS,269869,270249,381,-,FIG01306568,PLF_262_00000001,PGF_01719295,,126,,Mobile element protein,
Francisella tularensis subsp. tularensis SCHU S4,177416.18,NC_006570,fig|177416.18.peg.466,,VBIFraTul2086_0466,PATRIC.177416.18.NC_006570.CDS.433114.433923.fwd,PATRIC,CDS,433114,433923,810,+,FIG00000458,PLF_262_00000382,PGF_00009967,,269,,Glycyl-tRNA synthetase alpha chain (EC 6.1.1.14),GO:0004820|glycine-tRNA ligase activity
Francisella tularensis subsp. tularensis SCHU S4,177416.18,NC_006570,,FTT1787c,FTT1787c,RefSeq.177416.18.NC_006570.CDS.1875244.1875855.rev,RefSeq,CDS,1875244,1875855,612,-,,,,YP_170674.1,203,,amino acid transporter LysE,
Francisella tularensis subsp. tularensis SCHU S4,177416.18,NC_006570,,FTT0868c,FTT0868c,RefSeq.177416.18.NC_006570.CDS.879014.879379.rev,RefSeq,CDS,879014,879379,366,-,,,,YP_169868.1,121,,arsenical restistance operon repressor,
Francisella tularensis subsp. tularensis SCHU S4,177416.18,NC_006570,,FTT0292,FTT0292,RefSeq.177416.18.NC_006570.CDS.305723.306199.fwd,RefSeq,CDS,305723,306199,477,+,,,,YP_169342.1,158,,hypothetical protein,
Francisella tularensis subsp. tularensis SCHU S4,177416.18,NC_006570,fig|177416.18.peg.1264,,VBIFraTul2086_1264,PATRIC.177416.18.NC_006570.CDS.1108612.1110105.rev,PATRIC,CDS,1108612,1110105,1494,-,FIG01266634,PLF_262_00000008,PGF_02949765,,497,,"ATP-dependent DNA helicase UvrD/PcrA/Rep family, Francisella type",
Francisella tularensis subsp. tularensis SCHU S4,177416.18,NC_006570,,FTT1481c,FTT1481c,RefSeq.177416.18.NC_006570.CDS.1531763.1532547.rev,RefSeq,CDS,1531763,1532547,459,-,,,,YP_170417.1,261,isftu1,transposase,
Francisella tularensis subsp. tularensis SCHU S4,177416.18,NC_006570,fig|177416.18.peg.1295,,VBIFraTul2086_1295,PATRIC.177416.18.NC_006570.CDS.1133339.1133827.fwd,PATRIC,CDS,1133339,1133827,489,+,FIG00000459,PLF_262_00000537,PGF_01323228,,162,,Acyl-phosphate:glycerol-3-phosphate O-acyltransferase PlsY (EC 2.3.1.n3),
Francisella tularensis subsp. tularensis SCHU S4,177416.18,NC_006570,fig|177416.18.peg.906,,VBIFraTul2086_0906,PATRIC.177416.18.NC_006570.CDS.805402.805890.fwd,PATRIC,CDS,805402,805890,489,+,FIG00035246,PLF_262_00001058,PGF_00003023,,162,,FIG035246: DoxX family protein,
Francisella tularensis subsp. tularensis SCHU S4,177416.18,NC_006570,fig|177416.18.peg.419,,VBIFraTul2086_0419,PATRIC.177416.18.NC_006570.CDS.377481.378437.rev,PATRIC,CDS,377481,378437,957,-,FIG00658057,PLF_262_00001139,PGF_03124886,,318,,hypothetical protein,
Francisella tularensis subsp. tularensis SCHU S4,177416.18,NC_006570,fig|177416.18.peg.1784,,VBIFraTul2086_1784,PATRIC.177416.18.NC_006570.CDS.1607568.1608332.fwd,PATRIC,CDS,1607568,1608332,765,+,FIG00633925,PLF_262_00000057,PGF_09700850,,254,,"Amine oxidase, flavin-containing",
Francisella tularensis subsp. tularensis SCHU S4,177416.18,NC_006570,fig|177416.18.peg.1853,,VBIFraTul2086_1853,PATRIC.177416.18.NC_006570.CDS.1666398.1667912.rev,PATRIC,CDS,1666398,1667912,1515,-,FIG00132768,PLF_262_00000603,PGF_00006454,,504,,"Fumarate hydratase class I, aerobic (EC 4.2.1.2)",GO:0004333|fumarate hydratase activity
Francisella tularensis subsp. tularensis SCHU S4,177416.18,NC_006570,fig|177416.18.peg.722,,VBIFraTul2086_0722,PATRIC.177416.18.NC_006570.CDS.654966.655451.fwd,PATRIC,CDS,654966,655451,486,+,FIG00059124,PLF_262_00000401,PGF_09515854,,161,,Low molecular weight protein tyrosine phosphatase (EC 3.1.3.48),GO:0004725|protein tyrosine phosphatase activity
Francisella tularensis subsp. tularensis SCHU S4,177416.18,NC_006570,fig|177416.18.peg.737,,VBIFraTul2086_0737,PATRIC.177416.18.NC_006570.CDS.666504.667190.rev,PATRIC,CDS,666504,667190,687,-,FIG00002297,PLF_262_00000745,PGF_00039721,,228,,Putative TEGT family carrier/transport protein,
Francisella tularensis subsp. tularensis SCHU S4,177416.18,NC_006570,fig|177416.18.peg.113,,VBIFraTul2086_0113,PATRIC.177416.18.NC_006570.CDS.106457.106612.fwd,PATRIC,CDS,106457,106612,156,+,FIG01314079,PLF_262_00001621,PGF_12940992,,51,,Transposase,
Francisella tularensis subsp. tularensis SCHU S4,177416.18,NC_006570,fig|177416.18.peg.1299,,VBIFraTul2086_1299,PATRIC.177416.18.NC_006570.CDS.1137673.1138422.fwd,PATRIC,CDS,1137673,1138422,750,+,FIG01366044,PLF_262_00000756,PGF_00048303,,249,,Rhodanese domain protein,
Francisella tularensis subsp. tularensis SCHU S4,177416.18,NC_006570,fig|177416.18.peg.1356,,VBIFraTul2086_1356,PATRIC.177416.18.NC_006570.CDS.1188434.1188574.rev,PATRIC,CDS,1188434,1188574,141,-,FIG01869780,PLF_262_00001913,PGF_01719636,,46,,hypothetical protein,
Francisella tularensis subsp. tularensis SCHU S4,177416.18,NC_006570,fig|177416.18.peg.294,,VBIFraTul2086_0294,PATRIC.177416.18.NC_006570.CDS.278072.278452.fwd,PATRIC,CDS,278072,278452,381,+,FIG00658105,PLF_262_00001074,PGF_01719313,,126,,hypothetical protein,
Francisella tularensis subsp. tularensis SCHU S4,177416.18,NC_006570,fig|177416.18.peg.642,,VBIFraTul2086_0642,PATRIC.177416.18.NC_006570.CDS.584153.584887.rev,PATRIC,CDS,584153,584887,735,-,FIG00004528,PLF_262_00000107,PGF_02158779,,244,,Di-tripeptide/cation symporter,
Francisella tularensis subsp. tularensis SCHU S4,177416.18,NC_006570,fig|177416.18.peg.1158,,VBIFraTul2086_1158,PATRIC.177416.18.NC_006570.CDS.1021668.1021871.fwd,PATRIC,CDS,1021668,1021871,204,+,FIG01425566,PLF_262_00001020,PGF_04743045,,67,,"Uncharacterized transcriptional regulator YozG, Cro/CI family",
Francisella tularensis subsp. tularensis SCHU S4,177416.18,NC_006570,fig|177416.18.peg.434,,VBIFraTul2086_0434,PATRIC.177416.18.NC_006570.CDS.392817.393014.rev,PATRIC,CDS,392817,393014,198,-,FIG00000178,PLF_262_00000009,PGF_04034430,,65,,SSU ribosomal protein S21p,GO:0003735|structural constituent of ribosome;GO:0005622|intracellular;GO:0005840|ribosome;GO:0006412|translation
Francisella tularensis subsp. tularensis SCHU S4,177416.18,NC_006570,fig|177416.18.peg.1266,,VBIFraTul2086_1266,PATRIC.177416.18.NC_006570.CDS.1110704.1110940.rev,PATRIC,CDS,1110704,1110940,237,-,FIG00657636,PLF_262_00001561,PGF_00275150,,78,,hypothetical protein,
Francisella tularensis subsp. tularensis SCHU S4,177416.18,NC_006570,fig|177416.18.peg.851,,VBIFraTul2086_0851,PATRIC.177416.18.NC_006570.CDS.763365.763595.rev,PATRIC,CDS,763365,763595,231,-,FIG00019192,PLF_262_00001792,PGF_01719562,,76,,hypothetical protein,
Francisella tularensis subsp. tularensis SCHU S4,177416.18,NC_006570,fig|177416.18.peg.1376,,VBIFraTul2086_1376,PATRIC.177416.18.NC_006570.CDS.1204390.1205073.rev,PATRIC,CDS,1204390,1205073,684,-,FIG01338306,PLF_262_00001501,PGF_00057357,,227,,TphA protein,
Francisella tularensis subsp. tularensis SCHU S4,177416.18,NC_006570,fig|177416.18.peg.1397,,VBIFraTul2086_1397,PATRIC.177416.18.NC_006570.CDS.1223517.1225400.fwd,PATRIC,CDS,1223517,1225400,1884,+,FIG00000576,PLF_262_00000309,PGF_00413300,,627,,tRNA-5-carboxymethylaminomethyl-2-thiouridine(34) synthesis protein MnmG,
Francisella tularensis subsp. tularensis SCHU S4,177416.18,NC_006570,fig|177416.18.peg.261,,VBIFraTul2086_0261,PATRIC.177416.18.NC_006570.CDS.246327.247226.rev,PATRIC,CDS,246327,247226,900,-,FIG00000545,PLF_262_00001061,PGF_01763778,,299,,Lipid A biosynthesis lauroyl acyltransferase (EC 2.3.1.241),
Francisella tularensis subsp. tularensis SCHU S4,177416.18,NC_006570,fig|177416.18.peg.2058,,VBIFraTul2086_2058,PATRIC.177416.18.NC_006570.CDS.1857728.1860307.rev,PATRIC,CDS,1857728,1860307,2580,-,FIG00025216,PLF_262_00000565,PGF_00529632,,859,,Chaperone protein ClpB (ATP-dependent unfoldase),
Francisella tularensis subsp. tularensis SCHU S4,177416.18,NC_006570,fig|177416.18.peg.201,FTT0181c,VBIFraTul2086_0201,PATRIC.177416.18.NC_006570.CDS.197194.197730.rev,PATRIC,CDS,197194,197730,537,-,FIG01372172,PLF_262_00000869,PGF_01722184,YP_169242.1,178,,putative small integral membrane protein,
Francisella tularensis subsp. tularensis SCHU S4,177416.18,NC_006570,fig|177416.18.peg.1555,,VBIFraTul2086_1555,PATRIC.177416.18.NC_006570.CDS.1390905.1392056.fwd,PATRIC,CDS,1390905,1392056,1152,+,FIG00657470,PLF_262_00000491,PGF_00386923,,383,,hypothetical protein,
Francisella tularensis subsp. tularensis SCHU S4,177416.18,NC_006570,,FTT0239,FTT0239,RefSeq.177416.18.NC_006570.CDS.251116.252471.fwd,RefSeq,CDS,251116,252471,1356,+,,,,YP_169292.1,451,murC,UDP-N-acetylmuramate--alanine ligase,
Francisella tularensis subsp. tularensis SCHU S4,177416.18,NC_006570,,FTT0032,FTT0032,RefSeq.177416.18.NC_006570.CDS.31549.32025.fwd,RefSeq,CDS,31549,32025,477,+,,,,YP_169108.1,158,nuoB,NADH dehydrogenase subunit B,
Francisella tularensis subsp. tularensis SCHU S4,177416.18,NC_006570,,FTT0946,FTT0946,RefSeq.177416.18.NC_006570.CDS.958197.958751.fwd,RefSeq,CDS,958197,958751,555,+,,,,YP_169939.1,184,trpG,anthranilate synthase component II,
Francisella tularensis subsp. tularensis SCHU S4,177416.18,NC_006570,,FTT0233c,FTT0233c,RefSeq.177416.18.NC_006570.CDS.247234.248889.rev,RefSeq,CDS,247234,248889,1656,-,,,,YP_169286.1,551,yidC,inner-membrane protein,
Francisella tularensis subsp. tularensis SCHU S4,177416.18,NC_006570,fig|177416.18.peg.301,,VBIFraTul2086_0301,PATRIC.177416.18.NC_006570.CDS.285093.285632.fwd,PATRIC,CDS,285093,285632,540,+,FIG00553719,PLF_262_00001492,PGF_10522485,,179,,Protein YrdA,
Francisella tularensis subsp. tularensis SCHU S4,177416.18,NC_006570,fig|177416.18.peg.183,FTT0166c,VBIFraTul2086_0183,PATRIC.177416.18.NC_006570.CDS.181486.182025.rev,PATRIC,CDS,181486,182025,540,-,FIG00920505,PLF_262_00001242,PGF_00021881,YP_169232.1,179,,UPF0070 protein YfgM,
Francisella tularensis subsp. tularensis SCHU S4,177416.18,NC_006570,fig|177416.18.peg.1758,,VBIFraTul2086_1758,PATRIC.177416.18.NC_006570.CDS.1577456.1581724.rev,PATRIC,CDS,1577456,1581724,4269,-,FIG00905340,PLF_262_00000114,PGF_08152874,,1422,,ATP-dependent helicase HrpA,
Francisella tularensis subsp. tularensis SCHU S4,177416.18,NC_006570,fig|177416.18.peg.870,,VBIFraTul2086_0870,PATRIC.177416.18.NC_006570.CDS.776924.777787.fwd,PATRIC,CDS,776924,777787,864,+,FIG00000108,PLF_262_00000174,PGF_00064393,,287,,UTP--glucose-1-phosphate uridylyltransferase (EC 2.7.7.9),GO:0003983|UTP:glucose-1-phosphate uridylyltransferase activity
Francisella tularensis subsp. tularensis SCHU S4,177416.18,NC_006570,fig|177416.18.peg.1621,,VBIFraTul2086_1621,PATRIC.177416.18.NC_006570.CDS.1458812.1459228.rev,PATRIC,CDS,1458812,1459228,417,-,FIG00073306,PLF_262_00000801,PGF_00055099,,138,,Sulfur acceptor protein => iron-sulfur cluster assembly SufE,
Francisella tularensis subsp. tularensis SCHU S4,177416.18,NC_006570,,FTT1095c,FTT1095c,RefSeq.177416.18.NC_006570.CDS.1104028.1105410.rev,RefSeq,CDS,1104028,1105410,1383,-,,,,YP_170074.1,460,,hypothetical protein,
Francisella tularensis subsp. tularensis SCHU S4,177416.18,NC_006570,,FTT0430,FTT0430,RefSeq.177416.18.NC_006570.CDS.444939.445373.fwd,RefSeq,CDS,444939,445373,435,+,,,,YP_169470.1,144,speH,S-adenosylmethionine decarboxylase,
Francisella tularensis subsp. tularensis SCHU S4,177416.18,NC_006570,,FTT1389,FTT1389,RefSeq.177416.18.NC_006570.CDS.1434286.1435080.fwd,RefSeq,CDS,1434286,1435080,795,+,,,,YP_170334.1,264,panB,3-methyl-2-oxobutanoate hydroxymethyltransferase,
Francisella tularensis subsp. tularensis SCHU S4,177416.18,NC_006570,,FTT0778,FTT0778,RefSeq.177416.18.NC_006570.CDS.798784.799158.fwd,RefSeq,CDS,798784,799158,375,+,,,,YP_169785.1,124,,hypothetical protein,
Francisella tularensis subsp. tularensis SCHU S4,177416.18,NC_006570,,FTT1407c,FTT1407c,RefSeq.177416.18.NC_006570.CDS.1457046.1458131.rev,RefSeq,CDS,1457046,1458131,1086,-,,,,YP_170351.1,361,,hypothetical protein,
Francisella tularensis subsp. tularensis SCHU S4,177416.18,NC_006570,,FTT1710,FTT1710,RefSeq.177416.18.NC_006570.CDS.1790218.1790793.fwd,RefSeq,CDS,1790218,1790793,576,+,,,,YP_170615.1,191,,hypothetical protein,
Francisella tularensis subsp. tularensis SCHU S4,177416.18,NC_006570,,FTT1704,FTT1704,RefSeq.177416.18.NC_006570.CDS.1781662.1782183.fwd,RefSeq,CDS,1781662,1782183,522,+,,,,YP_170609.1,173,,hypothetical protein,
Francisella tularensis subsp. tularensis SCHU S4,177416.18,NC_006570,,FTT1453c,FTT1453c,RefSeq.177416.18.NC_006570.CDS.1502399.1503886.rev,RefSeq,CDS,1502399,1503886,1488,-,,,,YP_170390.1,495,wzx,O-antigen flippase,
Francisella tularensis subsp. tularensis SCHU S4,177416.18,NC_006570,,FTT1153c,FTT1153c,RefSeq.177416.18.NC_006570.CDS.1166786.1167010.rev,RefSeq,CDS,1166786,1167010,225,-,,,,YP_170120.1,74,,hypothetical protein,
Francisella tularensis subsp. tularensis SCHU S4,177416.18,NC_006570,,FTT1726,FTT1726,RefSeq.177416.18.NC_006570.CDS.1812058.1813389.fwd,RefSeq,CDS,1812058,1813389,1332,+,,,,YP_170628.1,443,yegQ,protease yegQ,
Francisella tularensis subsp. tularensis SCHU S4,177416.18,NC_006570,,FTT0772,FTT0772,RefSeq.177416.18.NC_006570.CDS.793077.793391.fwd,RefSeq,CDS,793077,793391,315,+,,,,YP_169780.1,104,rplU,50S ribosomal protein L21,
Francisella tularensis subsp. tularensis SCHU S4,177416.18,NC_006570,,FTT0848,FTT0848,RefSeq.177416.18.NC_006570.CDS.862159.862296.fwd,RefSeq,CDS,862159,862296,138,+,,,,YP_169851.1,45,,hypothetical protein,
Francisella tularensis subsp. tularensis SCHU S4,177416.18,NC_006570,,FTT1342,FTT1342,RefSeq.177416.18.NC_006570.CDS.1372194.1373249.fwd,RefSeq,CDS,1372194,1373249,1056,+,,,,YP_170294.1,351,,hypothetical protein,
Francisella tularensis subsp. tularensis SCHU S4,177416.18,NC_006570,,FTT1431,FTT1431,RefSeq.177416.18.NC_006570.CDS.1478697.1479332.fwd,RefSeq,CDS,1478697,1479332,636,+,,,,YP_170372.1,211,rhtC,threonine efflux protein,
Francisella tularensis subsp. tularensis SCHU S4,177416.18,NC_006570,,FTT0826c,FTT0826c,RefSeq.177416.18.NC_006570.CDS.841780.842025.rev,RefSeq,CDS,841780,842025,246,-,,,,YP_169833.1,81,,lipoprotein,
Francisella tularensis subsp. tularensis SCHU S4,177416.18,NC_006570,fig|177416.18.peg.509,,VBIFraTul2086_0509,PATRIC.177416.18.NC_006570.CDS.471635.472588.fwd,PATRIC,CDS,471635,472588,954,+,FIG00022019,PLF_262_00001042,PGF_00666902,,317,,"Glycosyl transferase, family 2",
Francisella tularensis subsp. tularensis SCHU S4,177416.18,NC_006570,,FTT0063,FTT0063,RefSeq.177416.18.NC_006570.CDS.63893.64789.fwd,RefSeq,CDS,63893,64789,897,+,,,,YP_169138.1,298,atpG,F0F1 ATP synthase subunit gamma,
Francisella tularensis subsp. tularensis SCHU S4,177416.18,NC_006570,,FTT0030c,FTT0030c,RefSeq.177416.18.NC_006570.CDS.30529.30951.rev,RefSeq,CDS,30529,30951,423,-,,,,YP_169106.1,140,fur,ferric uptake regulation protein,
Francisella tularensis subsp. tularensis SCHU S4,177416.18,NC_006570,fig|177416.18.peg.1602,,VBIFraTul2086_1602,PATRIC.177416.18.NC_006570.CDS.1435811.1436146.fwd,PATRIC,CDS,1435811,1436146,336,+,FIG00008304,PLF_262_00001002,PGF_00985834,,111,,Aspartate 1-decarboxylase (EC 4.1.1.11),GO:0004068|aspartate 1-decarboxylase activity
Francisella tularensis subsp. tularensis SCHU S4,177416.18,NC_006570,fig|177416.18.peg.1519,,VBIFraTul2086_1519,PATRIC.177416.18.NC_006570.CDS.1342053.1342706.rev,PATRIC,CDS,1342053,1342706,654,-,FIG00001175,PLF_262_00000148,PGF_01719396,,217,,Thiamin pyrophosphokinase (EC 2.7.6.2),GO:0004788|thiamin diphosphokinase activity
Francisella tularensis subsp. tularensis SCHU S4,177416.18,NC_006570,fig|177416.18.peg.468,,VBIFraTul2086_0468,PATRIC.177416.18.NC_006570.CDS.435655.435888.fwd,PATRIC,CDS,435655,435888,234,+,FIG01326588,PLF_262_00001634,PGF_01719467,,77,,hypothetical protein,
Francisella tularensis subsp. tularensis SCHU S4,177416.18,NC_006570,fig|177416.18.peg.421,,VBIFraTul2086_0421,PATRIC.177416.18.NC_006570.CDS.379274.379690.fwd,PATRIC,CDS,379274,379690,417,+,FIG01306568,PLF_262_00000002,PGF_01719295,,138,,Mobile element protein,
Francisella tularensis subsp. tularensis SCHU S4,177416.18,NC_006570,fig|177416.18.peg.2095,,VBIFraTul2086_2095,PATRIC.177416.18.NC_006570.CDS.1886426.1886827.rev,PATRIC,CDS,1886426,1886827,402,-,FIG00657817,PLF_262_00001545,PGF_08225224,,133,,hypothetical protein,
Francisella tularensis subsp. tularensis SCHU S4,177416.18,NC_006570,fig|177416.18.peg.1105,,VBIFraTul2086_1105,PATRIC.177416.18.NC_006570.CDS.978193.978411.fwd,PATRIC,CDS,978193,978411,219,+,FIG00000143,PLF_262_00000816,PGF_00060431,,72,,Translation initiation factor 1,GO:0003723|RNA binding;GO:0003743|translation initiation factor activity;GO:0006413|translational initiation
Francisella tularensis subsp. tularensis SCHU S4,177416.18,NC_006570,fig|177416.18.peg.1280,,VBIFraTul2086_1280,PATRIC.177416.18.NC_006570.CDS.1120051.1120902.fwd,PATRIC,CDS,1120051,1120902,852,+,FIG00009563,PLF_262_00001622,PGF_00189491,,283,,hypothetical protein,
Francisella tularensis subsp. tularensis SCHU S4,177416.18,NC_006570,fig|177416.18.peg.675,,VBIFraTul2086_0675,PATRIC.177416.18.NC_006570.CDS.612196.612801.rev,PATRIC,CDS,612196,612801,606,-,FIG00657927,PLF_262_00001516,PGF_01719410,,201,,hypothetical protein,
Francisella tularensis subsp. tularensis SCHU S4,177416.18,NC_006570,fig|177416.18.peg.1888,,VBIFraTul2086_1888,PATRIC.177416.18.NC_006570.CDS.1690454.1691764.rev,PATRIC,CDS,1690454,1691764,1311,-,FIG01420121,PLF_262_00000091,PGF_10525969,,436,,Magnesium and cobalt efflux protein CorC,
Francisella tularensis subsp. tularensis SCHU S4,177416.18,NC_006570,fig|177416.18.peg.1567,,VBIFraTul2086_1567,PATRIC.177416.18.NC_006570.CDS.1406559.1407299.fwd,PATRIC,CDS,1406559,1407299,741,+,FIG00139235,PLF_262_00000038,PGF_00036526,,246,,"Predicted trehalose permease, MFS family, FucP subfamily",
Francisella tularensis subsp. tularensis SCHU S4,177416.18,NC_006570,fig|177416.18.peg.1688,,VBIFraTul2086_1688,PATRIC.177416.18.NC_006570.CDS.1514055.1514486.rev,PATRIC,CDS,1514055,1514486,432,-,FIG01955850,PLF_262_00001186,PGF_08794816,,143,,Undecaprenyl-phosphate galactosephosphotransferase (EC 2.7.8.6),GO:0047360|undecaprenyl-phosphate galactose phosphotransferase activity
Francisella tularensis subsp. tularensis SCHU S4,177416.18,NC_006570,fig|177416.18.peg.199,,VBIFraTul2086_0199,PATRIC.177416.18.NC_006570.CDS.194556.195806.fwd,PATRIC,CDS,194556,195806,1251,+,FIG01259681,PLF_262_00000089,PGF_06887246,,416,,DNA internalization-related competence protein ComEC/Rec2,
Francisella tularensis subsp. tularensis SCHU S4,177416.18,NC_006570,,FTT0038,FTT0038,RefSeq.177416.18.NC_006570.CDS.38112.39122.fwd,RefSeq,CDS,38112,39122,1011,+,,,,YP_169114.1,336,nuoH,"NADH dehydrogenase I, H subunit",
Francisella tularensis subsp. tularensis SCHU S4,177416.18,NC_006570,,FTT1604,FTT1604,RefSeq.177416.18.NC_006570.CDS.1671612.1671767.fwd,RefSeq,CDS,1671612,1671767,156,+,,,,YP_170520.1,51,rpmG,50S ribosomal protein L33,
Francisella tularensis subsp. tularensis SCHU S4,177416.18,NC_006570,fig|177416.18.peg.703,,VBIFraTul2086_0703,PATRIC.177416.18.NC_006570.CDS.634834.635676.rev,PATRIC,CDS,634834,635676,843,-,FIG00042627,PLF_262_00000404,PGF_10525969,,280,,Magnesium and cobalt efflux protein CorC,
Francisella tularensis subsp. tularensis SCHU S4,177416.18,NC_006570,,FTT0796,FTT0796,RefSeq.177416.18.NC_006570.CDS.814896.815657.fwd,RefSeq,CDS,814896,815657,762,+,,,,YP_169803.1,253,,hypothetical protein,
Francisella tularensis subsp. tularensis SCHU S4,177416.18,NC_006570,fig|177416.18.peg.90,FTT0083,VBIFraTul2086_0090,PATRIC.177416.18.NC_006570.CDS.85744.86196.fwd,PATRIC,CDS,85744,86196,453,+,FIG00657604,PLF_262_00001354,PGF_00272785,YP_169157.1,150,,hypothetical protein,
Francisella tularensis subsp. tularensis SCHU S4,177416.18,NC_006570,,FTT1366c,FTT1366c,RefSeq.177416.18.NC_006570.CDS.1411318.1412754.rev,RefSeq,CDS,1411318,1412754,1437,-,,,,YP_170315.1,478,pyk,pyruvate kinase,
Francisella tularensis subsp. tularensis SCHU S4,177416.18,NC_006570,,FTT1174c,FTT1174c,RefSeq.177416.18.NC_006570.CDS.1188835.1189044.rev,RefSeq,CDS,1188835,1189044,210,-,,,,YP_170139.1,69,,hypothetical protein,
Francisella tularensis subsp. tularensis SCHU S4,177416.18,NC_006570,fig|177416.18.peg.1818,,VBIFraTul2086_1818,PATRIC.177416.18.NC_006570.CDS.1632047.1633060.rev,PATRIC,CDS,1632047,1633060,1014,-,FIG00138404,PLF_262_00000827,PGF_00063948,,337,,UDP-3-O-[3-hydroxymyristoyl] glucosamine N-acyltransferase (EC 2.3.1.191),
Francisella tularensis subsp. tularensis SCHU S4,177416.18,NC_006570,fig|177416.18.peg.105,FTT0096,VBIFraTul2086_0105,PATRIC.177416.18.NC_006570.CDS.100422.101462.fwd,PATRIC,CDS,100422,101462,1041,+,FIG00657518,PLF_262_00000077,PGF_00270553,YP_169168.1,346,,hypothetical protein,
Francisella tularensis subsp. tularensis SCHU S4,177416.18,NC_006570,,FTT0016,FTT0016,RefSeq.177416.18.NC_006570.CDS.14514.15092.fwd,RefSeq,CDS,14514,15092,579,+,,,,YP_169092.1,192,,hypothetical protein,
Francisella tularensis subsp. tularensis SCHU S4,177416.18,NC_006570,,FTT1187,FTT1187,RefSeq.177416.18.NC_006570.CDS.1202490.1203245.fwd,RefSeq,CDS,1202490,1203245,756,+,,,,YP_170149.1,251,,hypothetical protein,
Francisella tularensis subsp. tularensis SCHU S4,177416.18,NC_006570,,FTT0043,FTT0043,RefSeq.177416.18.NC_006570.CDS.42589.44178.fwd,RefSeq,CDS,42589,44178,1590,+,,,,YP_169119.1,529,nuoM,"NADH dehydrogenase I, M subunit",
Francisella tularensis subsp. tularensis SCHU S4,177416.18,NC_006570,fig|177416.18.peg.352,,VBIFraTul2086_0352,PATRIC.177416.18.NC_006570.CDS.330888.331445.fwd,PATRIC,CDS,330888,331445,558,+,FIG00000202,PLF_262_00000285,PGF_00048926,,185,,Ribosome recycling factor,GO:0006412|translation
Francisella tularensis subsp. tularensis SCHU S4,177416.18,NC_006570,fig|177416.18.peg.1590,,VBIFraTul2086_1590,PATRIC.177416.18.NC_006570.CDS.1425930.1426694.fwd,PATRIC,CDS,1425930,1426694,765,+,FIG00004373,PLF_262_00000296,PGF_01365164,,254,,UPF0324 inner membrane protein YeiH,
Francisella tularensis subsp. tularensis SCHU S4,177416.18,NC_006570,,FTT1424c,FTT1424c,RefSeq.177416.18.NC_006570.CDS.1472558.1473238.rev,RefSeq,CDS,1472558,1473238,681,-,,,,YP_170367.1,226,,hypothetical protein,
Francisella tularensis subsp. tularensis SCHU S4,177416.18,NC_006570,fig|177416.18.peg.932,,VBIFraTul2086_0932,PATRIC.177416.18.NC_006570.CDS.832486.832782.fwd,PATRIC,CDS,832486,832782,297,+,FIG00658168,PLF_262_00000951,PGF_01722201,,98,,hypothetical protein,
Francisella tularensis subsp. tularensis SCHU S4,177416.18,NC_006570,fig|177416.18.peg.869,,VBIFraTul2086_0869,PATRIC.177416.18.NC_006570.CDS.775768.776907.fwd,PATRIC,CDS,775768,776907,1140,+,FIG00000207,PLF_262_00000566,PGF_04493258,,379,,Cobalt-zinc-cadmium resistance protein,GO:0006812|cation transport;GO:0008324|cation transmembrane transporter activity;GO:0016020|membrane
Francisella tularensis subsp. tularensis SCHU S4,177416.18,NC_006570,fig|177416.18.peg.1338,,VBIFraTul2086_1338,PATRIC.177416.18.NC_006570.CDS.1171781.1172344.rev,PATRIC,CDS,1171781,1172344,564,-,FIG01333894,PLF_262_00000471,PGF_01721230,,187,,Type IV pilus biogenesis protein PilN,
Francisella tularensis subsp. tularensis SCHU S4,177416.18,NC_006570,fig|177416.18.peg.449,,VBIFraTul2086_0449,PATRIC.177416.18.NC_006570.CDS.409128.409244.rev,PATRIC,CDS,409128,409244,117,-,FIG00638284,PLF_262_00001628,PGF_01719463,,38,,hypothetical protein,
Francisella tularensis subsp. tularensis SCHU S4,177416.18,NC_006570,fig|177416.18.peg.1807,,VBIFraTul2086_1807,PATRIC.177416.18.NC_006570.CDS.1622819.1624114.fwd,PATRIC,CDS,1622819,1624114,1296,+,FIG00000616,PLF_262_00001208,PGF_10297270,,431,,3-deoxy-D-manno-octulosonic acid transferase (EC 2.4.99.12)(EC 2.4.99.13),
Francisella tularensis subsp. tularensis SCHU S4,177416.18,NC_006570,fig|177416.18.peg.1716,,VBIFraTul2086_1716,PATRIC.177416.18.NC_006570.CDS.1541380.1542384.fwd,PATRIC,CDS,1541380,1542384,1005,+,FIG00000055,PLF_262_00000294,PGF_00062045,,334,,Tryptophanyl-tRNA synthetase (EC 6.1.1.2),GO:0004830|tryptophan-tRNA ligase activity
Francisella tularensis subsp. tularensis SCHU S4,177416.18,NC_006570,,FTT0362c,FTT0362c,RefSeq.177416.18.NC_006570.CDS.362475.363347.rev,RefSeq,CDS,362475,363347,873,-,,,,YP_169409.1,290,,hypothetical protein,
Francisella tularensis subsp. tularensis SCHU S4,177416.18,NC_006570,fig|177416.18.peg.510,,VBIFraTul2086_0510,PATRIC.177416.18.NC_006570.CDS.472980.474743.rev,PATRIC,CDS,472980,474743,1764,-,FIG00001379,PLF_262_00001324,PGF_08755123,,587,,dolichyl-phosphate-mannose-protein mannosyltransferase family protein,
Francisella tularensis subsp. tularensis SCHU S4,177416.18,NC_006570,fig|177416.18.peg.1748,,VBIFraTul2086_1748,PATRIC.177416.18.NC_006570.CDS.1569800.1570876.rev,PATRIC,CDS,1569800,1570876,1077,-,FIG00001597,PLF_262_00000167,PGF_05493974,,358,,Mercuric ion reductase (EC 1.16.1.1),GO:0016152|mercury (II) reductase activity
Francisella tularensis subsp. tularensis SCHU S4,177416.18,NC_006570,fig|177416.18.peg.600,,VBIFraTul2086_0600,PATRIC.177416.18.NC_006570.CDS.553228.554460.rev,PATRIC,CDS,553228,554460,1233,-,FIG00000585,PLF_262_00000763,PGF_00048634,,410,,"Ribonucleotide reductase of class Ia (aerobic), beta subunit (EC 1.17.4.1)",GO:0004748|ribonucleoside-diphosphate reductase activity
Francisella tularensis subsp. tularensis SCHU S4,177416.18,NC_006570,fig|177416.18.peg.1463,,VBIFraTul2086_1463,PATRIC.177416.18.NC_006570.CDS.1287369.1287749.rev,PATRIC,CDS,1287369,1287749,381,-,FIG01306568,PLF_262_00000001,PGF_01719295,,126,,Mobile element protein,
Francisella tularensis subsp. tularensis SCHU S4,177416.18,NC_006570,fig|177416.18.peg.1768,,VBIFraTul2086_1768,PATRIC.177416.18.NC_006570.CDS.1594524.1595171.rev,PATRIC,CDS,1594524,1595171,648,-,FIG00002070,PLF_262_00000243,PGF_01719769,,215,,Arabinose-proton symporter,
Francisella tularensis subsp. tularensis SCHU S4,177416.18,NC_006570,,FTT1291,FTT1291,RefSeq.177416.18.NC_006570.CDS.1316048.1317322.fwd,RefSeq,CDS,1316048,1317322,1275,+,,,,YP_170246.1,424,,major facilitator transporter,
Francisella tularensis subsp. tularensis SCHU S4,177416.18,NC_006570,fig|177416.18.peg.157,FTT0141,VBIFraTul2086_0157,PATRIC.177416.18.NC_006570.CDS.152946.153641.fwd,PATRIC,CDS,152946,153641,696,+,FIG00000264,PLF_262_00001060,PGF_00016357,YP_169207.1,231,rplA,LSU ribosomal protein L1p (L10Ae),GO:0003735|structural constituent of ribosome;GO:0005622|intracellular;GO:0005840|ribosome;GO:0006412|translation
Francisella tularensis subsp. tularensis SCHU S4,177416.18,NC_006570,fig|177416.18.peg.1714,,VBIFraTul2086_1714,PATRIC.177416.18.NC_006570.CDS.1539205.1540341.rev,PATRIC,CDS,1539205,1540341,1137,-,FIG00018866,PLF_262_00001158,PGF_02098447,,378,,"SAM-dependent methyltransferase, MidA",
Francisella tularensis subsp. tularensis SCHU S4,177416.18,NC_006570,fig|177416.18.peg.464,,VBIFraTul2086_0464,PATRIC.177416.18.NC_006570.CDS.429161.431434.fwd,PATRIC,CDS,429161,431434,2274,+,FIG00000476,PLF_262_00001084,PGF_00008874,,757,,Glycogen phosphorylase (EC 2.4.1.1),GO:0004645|phosphorylase activity
Francisella tularensis subsp. tularensis SCHU S4,177416.18,NC_006570,fig|177416.18.peg.754,,VBIFraTul2086_0754,PATRIC.177416.18.NC_006570.CDS.679707.680294.fwd,PATRIC,CDS,679707,680294,588,+,FIG00657970,PLF_262_00001350,PGF_01719356,,195,,hypothetical protein,
Francisella tularensis subsp. tularensis SCHU S4,177416.18,NC_006570,fig|177416.18.peg.732,,VBIFraTul2086_0732,PATRIC.177416.18.NC_006570.CDS.661522.661839.fwd,PATRIC,CDS,661522,661839,318,+,FIG00000433,PLF_262_00000889,PGF_01722188,,105,,Acetolactate synthase small subunit (EC 2.2.1.6),GO:0003984|acetolactate synthase activity
Francisella tularensis subsp. tularensis SCHU S4,177416.18,NC_006570,fig|177416.18.peg.1682,,VBIFraTul2086_1682,PATRIC.177416.18.NC_006570.CDS.1507539.1508639.rev,PATRIC,CDS,1507539,1508639,1101,-,FIG00009775,PLF_262_00001639,PGF_04305571,,366,,Glycosyltransferase,
Francisella tularensis subsp. tularensis SCHU S4,177416.18,NC_006570,fig|177416.18.peg.1145,,VBIFraTul2086_1145,PATRIC.177416.18.NC_006570.CDS.1009121.1010110.fwd,PATRIC,CDS,1009121,1010110,990,+,FIG01367709,PLF_262_00000954,PGF_08281471,,329,,putative lipoprotein,
Francisella tularensis subsp. tularensis SCHU S4,177416.18,NC_006570,,FTT0854c,FTT0854c,RefSeq.177416.18.NC_006570.CDS.867717.868139.rev,RefSeq,CDS,867717,868139,423,-,,,,YP_169856.1,140,,hypothetical protein,
Francisella tularensis subsp. tularensis SCHU S4,177416.18,NC_006570,,FTT0997,FTT0997,RefSeq.177416.18.NC_006570.CDS.1007526.1008956.fwd,RefSeq,CDS,1007526,1008956,1431,+,,,,YP_169984.1,476,ybhO,cardiolipin synthetase,
Francisella tularensis subsp. tularensis SCHU S4,177416.18,NC_006570,fig|177416.18.peg.616,,VBIFraTul2086_0616,PATRIC.177416.18.NC_006570.CDS.566036.566170.fwd,PATRIC,CDS,566036,566170,135,+,FIG00638284,PLF_262_00000016,PGF_00269852,,44,,hypothetical protein,
Francisella tularensis subsp. tularensis SCHU S4,177416.18,NC_006570,,FTT1469c,FTT1469c,RefSeq.177416.18.NC_006570.CDS.1520763.1521788.rev,RefSeq,CDS,1520763,1521788,1026,-,,,,YP_170405.1,341,nadA,quinolinate synthetase,
Francisella tularensis subsp. tularensis SCHU S4,177416.18,NC_006570,,FTT0633,FTT0633,RefSeq.177416.18.NC_006570.CDS.652971.654038.fwd,RefSeq,CDS,652971,654038,1068,+,,,,YP_169654.1,355,hflK,SPFH domain-containing protein/band 7 family protein,
Francisella tularensis subsp. tularensis SCHU S4,177416.18,NC_006570,,FTT1081c,FTT1081c,RefSeq.177416.18.NC_006570.CDS.1091064.1091867.rev,RefSeq,CDS,1091064,1091867,804,-,,,,YP_170060.1,267,,hypothetical protein,
Francisella tularensis subsp. tularensis SCHU S4,177416.18,NC_006570,,FTT1746,FTT1746,RefSeq.177416.18.NC_006570.CDS.1835643.1836566.fwd,RefSeq,CDS,1835643,1836566,924,+,,,,YP_170640.1,307,,peptidase,
Francisella tularensis subsp. tularensis SCHU S4,177416.18,NC_006570,,FTT1709,FTT1709,RefSeq.177416.18.NC_006570.CDS.1786214.1790200.fwd,RefSeq,CDS,1786214,1790200,3987,+,,,,YP_170614.1,1328,,hypothetical protein,
Francisella tularensis subsp. tularensis SCHU S4,177416.18,NC_006570,fig|177416.18.peg.917,,VBIFraTul2086_0917,PATRIC.177416.18.NC_006570.CDS.816641.817648.fwd,PATRIC,CDS,816641,817648,1008,+,FIG00086697,PLF_262_00001384,PGF_00009085,,335,,Glycosyl transferase family protein,
Francisella tularensis subsp. tularensis SCHU S4,177416.18,NC_006570,fig|177416.18.peg.549,,VBIFraTul2086_0549,PATRIC.177416.18.NC_006570.CDS.512054.512980.rev,PATRIC,CDS,512054,512980,927,-,FIG01312420,PLF_262_00001091,PGF_10459213,,308,,"Transcriptional regulator, LysR family",
Francisella tularensis subsp. tularensis SCHU S4,177416.18,NC_006570,fig|177416.18.peg.943,,VBIFraTul2086_0943,PATRIC.177416.18.NC_006570.CDS.840267.840872.fwd,PATRIC,CDS,840267,840872,606,+,FIG01229404,PLF_262_00001249,PGF_10443438,,201,,Phosphohydrolase (MutT/nudix family protein),
Francisella tularensis subsp. tularensis SCHU S4,177416.18,NC_006570,fig|177416.18.peg.97,,VBIFraTul2086_0097,PATRIC.177416.18.NC_006570.CDS.93499.93771.rev,PATRIC,CDS,93499,93771,273,-,FIG00229692,PLF_262_00001594,PGF_01221134,,90,,"Renalase (EC 1.6.3.5), oxidases 1,2-dihydro- and 1,6-dihydro- beta-NAD(P)H isomers back to NAD(P)",
Francisella tularensis subsp. tularensis SCHU S4,177416.18,NC_006570,,FTT1000c,FTT1000c,RefSeq.177416.18.NC_006570.CDS.1010879.1012105.rev,RefSeq,CDS,1010879,1012105,1227,-,,,,YP_169986.1,408,cobS,cobalamin (vitamin B12) synthesis protein/P47K family protein,
Francisella tularensis subsp. tularensis SCHU S4,177416.18,NC_006570,,FTT0939c,FTT0939c,RefSeq.177416.18.NC_006570.CDS.950826.951770.rev,RefSeq,CDS,950826,951770,945,-,,,,YP_169932.1,314,add,adenosine deaminase,
Francisella tularensis subsp. tularensis SCHU S4,177416.18,NC_006570,fig|177416.18.peg.243,,VBIFraTul2086_0243,PATRIC.177416.18.NC_006570.CDS.235193.235378.fwd,PATRIC,CDS,235193,235378,186,+,FIG01490621,PLF_262_00001706,PGF_00275443,,61,,hypothetical protein,
Francisella tularensis subsp. tularensis SCHU S4,177416.18,NC_006570,fig|177416.18.peg.155,FTT0139,VBIFraTul2086_0155,PATRIC.177416.18.NC_006570.CDS.151952.152440.fwd,PATRIC,CDS,151952,152440,489,+,FIG00000269,PLF_262_00001113,PGF_03174068,YP_169205.1,162,nusG,Transcription antitermination protein NusG,GO:0003711|transcription elongation regulator activity
Francisella tularensis subsp. tularensis SCHU S4,177416.18,NC_006570,fig|177416.18.peg.176,FTT0159c,VBIFraTul2086_0176,PATRIC.177416.18.NC_006570.CDS.174216.175037.rev,PATRIC,CDS,174216,175037,822,-,FIG00628865,PLF_262_00000058,PGF_00008019,YP_169225.1,273,,Glucosyl tranferase II,
Francisella tularensis subsp. tularensis SCHU S4,177416.18,NC_006570,,FTT0625,FTT0625,RefSeq.177416.18.NC_006570.CDS.643369.644622.fwd,RefSeq,CDS,643369,644622,1254,+,,,,YP_169646.1,417,clpX,ATP-dependent protease ATP-binding subunit ClpX,
Francisella tularensis subsp. tularensis SCHU S4,177416.18,NC_006570,fig|177416.18.peg.1440,,VBIFraTul2086_1440,PATRIC.177416.18.NC_006570.CDS.1267313.1268125.fwd,PATRIC,CDS,1267313,1268125,813,+,FIG00731624,PLF_262_00001371,PGF_00070142,,270,,BAX protein,
Francisella tularensis subsp. tularensis SCHU S4,177416.18,NC_006570,fig|177416.18.peg.862,,VBIFraTul2086_0862,PATRIC.177416.18.NC_006570.CDS.772298.773284.fwd,PATRIC,CDS,772298,773284,987,+,FIG01955972,PLF_262_00000660,PGF_00017939,,328,,"Lysine 2,3-aminomutase (EC 5.4.3.2)","GO:0050066|lysine 2,3-aminomutase activity"
Francisella tularensis subsp. tularensis SCHU S4,177416.18,NC_006570,,FTT0300,FTT0300,RefSeq.177416.18.NC_006570.CDS.315177.316031.fwd,RefSeq,CDS,315177,316031,855,+,,,,YP_169349.1,284,,hypothetical protein,
Francisella tularensis subsp. tularensis SCHU S4,177416.18,NC_006570,,FTT0911,FTT0911,RefSeq.177416.18.NC_006570.CDS.919357.919947.fwd,RefSeq,CDS,919357,919947,591,+,,,,YP_169908.1,196,,hypothetical protein,
Francisella tularensis subsp. tularensis SCHU S4,177416.18,NC_006570,,FTT0132,FTT0132,RefSeq.177416.18.NC_006570.CDS.144667.146199.fwd,RefSeq,CDS,144667,146199,1533,+,,,,YP_169199.1,510,glpA,anaerobic glycerol-3-phosphate dehydrogenase,
Francisella tularensis subsp. tularensis SCHU S4,177416.18,NC_006570,fig|177416.18.peg.1681,,VBIFraTul2086_1681,PATRIC.177416.18.NC_006570.CDS.1505653.1507539.rev,PATRIC,CDS,1505653,1507539,1887,-,FIG00035175,PLF_262_00001637,PGF_05423582,,628,,Asparagine synthetase [glutamine-hydrolyzing] (EC 6.3.5.4),GO:0004066|asparagine synthase (glutamine-hydrolyzing) activity
Francisella tularensis subsp. tularensis SCHU S4,177416.18,NC_006570,fig|177416.18.peg.160,FTT0144,VBIFraTul2086_0160,PATRIC.177416.18.NC_006570.CDS.154923.158999.fwd,PATRIC,CDS,154923,158999,4077,+,FIG00000156,PLF_262_00000257,PGF_02797402,YP_169210.1,1358,rpoB,DNA-directed RNA polymerase beta subunit (EC 2.7.7.6),GO:0003899|DNA-directed RNA polymerase activity
Francisella tularensis subsp. tularensis SCHU S4,177416.18,NC_006570,fig|177416.18.peg.1613,,VBIFraTul2086_1613,PATRIC.177416.18.NC_006570.CDS.1451091.1451744.fwd,PATRIC,CDS,1451091,1451744,654,+,FIG00000510,PLF_262_00000983,PGF_12759389,,217,,SOS-response repressor and protease LexA (EC 3.4.21.88),GO:0008992|repressor LexA activity
Francisella tularensis subsp. tularensis SCHU S4,177416.18,NC_006570,,FTT0091c,FTT0091c,RefSeq.177416.18.NC_006570.CDS.94225.95187.rev,RefSeq,CDS,94225,95187,963,-,,,,YP_169164.1,320,appB,"cytochrome oxidase bd-II, subunit II",
Francisella tularensis subsp. tularensis SCHU S4,177416.18,NC_006570,,FTT0383,FTT0383,RefSeq.177416.18.NC_006570.CDS.385686.386021.fwd,RefSeq,CDS,385686,386021,336,+,,,,YP_169428.1,111,,hypothetical protein,
Francisella tularensis subsp. tularensis SCHU S4,177416.18,NC_006570,,FTT1270c,FTT1270c,RefSeq.177416.18.NC_006570.CDS.1292769.1293356.rev,RefSeq,CDS,1292769,1293356,588,-,,,,YP_170226.1,195,grpE,heat shock protein GrpE,
Francisella tularensis subsp. tularensis SCHU S4,177416.18,NC_006570,,FTT0660,FTT0660,RefSeq.177416.18.NC_006570.CDS.679708.680295.fwd,RefSeq,CDS,679708,680295,588,+,,,,YP_169677.1,195,,hypothetical protein,
Francisella tularensis subsp. tularensis SCHU S4,177416.18,NC_006570,,FTT0330,FTT0330,RefSeq.177416.18.NC_006570.CDS.340447.340782.fwd,RefSeq,CDS,340447,340782,336,+,,,,YP_169379.1,111,rplV,50S ribosomal protein L22,
Francisella tularensis subsp. tularensis SCHU S4,177416.18,NC_006570,,FTT1656c,FTT1656c,RefSeq.177416.18.NC_006570.CDS.1722515.1723066.rev,RefSeq,CDS,1722515,1723066,552,-,,,,YP_170564.1,183,,hypothetical protein,
Francisella tularensis subsp. tularensis SCHU S4,177416.18,NC_006570,,FTT0351,FTT0351,RefSeq.177416.18.NC_006570.CDS.350615.351052.fwd,RefSeq,CDS,350615,351052,438,+,,,,YP_169400.1,145,rplQ,50S ribosomal protein L17,
Francisella tularensis subsp. tularensis SCHU S4,177416.18,NC_006570,,FTT0888c,FTT0888c,RefSeq.177416.18.NC_006570.CDS.896762.897358.rev,RefSeq,CDS,896762,897358,597,-,,,,YP_169885.1,198,,Type IV pili fiber building block protein,
Francisella tularensis subsp. tularensis SCHU S4,177416.18,NC_006570,,FTT1330,FTT1330,RefSeq.177416.18.NC_006570.CDS.1358875.1360155.fwd,RefSeq,CDS,1358875,1360155,1281,+,,,,YP_170282.1,426,serS,seryl-tRNA synthetase,
Francisella tularensis subsp. tularensis SCHU S4,177416.18,NC_006570,fig|177416.18.peg.174,FTT0158c,VBIFraTul2086_0174,PATRIC.177416.18.NC_006570.CDS.173531.174019.rev,PATRIC,CDS,173531,174019,489,-,FIG00628865,PLF_262_00000058,PGF_00008019,YP_169224.1,162,,Glucosyl tranferase II,
Francisella tularensis subsp. tularensis SCHU S4,177416.18,NC_006570,fig|177416.18.peg.1113,,VBIFraTul2086_1113,PATRIC.177416.18.NC_006570.CDS.984280.985029.fwd,PATRIC,CDS,984280,985029,750,+,FIG00018727,PLF_262_00000634,PGF_00015510,,249,,Iron-sulfur cluster assembly ATPase protein SufC,GO:0005524|ATP binding;GO:0016887|ATPase activity
Francisella tularensis subsp. tularensis SCHU S4,177416.18,NC_006570,fig|177416.18.peg.1741,,VBIFraTul2086_1741,PATRIC.177416.18.NC_006570.CDS.1564366.1565562.rev,PATRIC,CDS,1564366,1565562,1197,-,FIG00004484,PLF_262_00000825,PGF_03868166,,398,,Tyrosine-specific transport protein,
Francisella tularensis subsp. tularensis SCHU S4,177416.18,NC_006570,fig|177416.18.peg.57,FTT0052,VBIFraTul2086_0057,PATRIC.177416.18.NC_006570.CDS.53682.54947.fwd,PATRIC,CDS,53682,54947,1266,+,FIG00000087,PLF_262_00001239,PGF_03004613,YP_169127.1,421,hisS,Histidyl-tRNA synthetase (EC 6.1.1.21),GO:0004821|histidine-tRNA ligase activity
Francisella tularensis subsp. tularensis SCHU S4,177416.18,NC_006570,fig|177416.18.peg.38,FTT0035,VBIFraTul2086_0038,PATRIC.177416.18.NC_006570.CDS.33957.34445.fwd,PATRIC,CDS,33957,34445,489,+,FIG00000705,PLF_262_00000679,PGF_00024692,YP_169111.1,162,nuoE,NADH-ubiquinone oxidoreductase chain E (EC 1.6.5.3),GO:0008137|NADH dehydrogenase (ubiquinone) activity
Francisella tularensis subsp. tularensis SCHU S4,177416.18,NC_006570,,FTT0326,FTT0326,RefSeq.177416.18.NC_006570.CDS.338373.338996.fwd,RefSeq,CDS,338373,338996,624,+,,,,YP_169375.1,207,rplD,50S ribosomal protein L4,
Francisella tularensis subsp. tularensis SCHU S4,177416.18,NC_006570,,FTT0280c,FTT0280c,RefSeq.177416.18.NC_006570.CDS.293953.295320.rev,RefSeq,CDS,293953,295320,1368,-,,,,YP_169330.1,455,yajR,major facilitator transporter,
Francisella tularensis subsp. tularensis SCHU S4,177416.18,NC_006570,,FTT0181c,FTT0181c,RefSeq.177416.18.NC_006570.CDS.197194.197730.rev,RefSeq,CDS,197194,197730,537,-,,,,YP_169242.1,178,,hypothetical protein,
Francisella tularensis subsp. tularensis SCHU S4,177416.18,NC_006570,,FTT0649c,FTT0649c,RefSeq.177416.18.NC_006570.CDS.669625.670254.rev,RefSeq,CDS,669625,670254,630,-,,,,YP_169667.1,209,rnfB,Iron-sulfur cluster-binding protein,
Francisella tularensis subsp. tularensis SCHU S4,177416.18,NC_006570,,FTT0481,FTT0481,RefSeq.177416.18.NC_006570.CDS.499897.501078.fwd,RefSeq,CDS,499897,501078,1182,+,,,,YP_169519.1,393,potF,putrescine-binding periplasmic protein,
Francisella tularensis subsp. tularensis SCHU S4,177416.18,NC_006570,,FTT0607,FTT0607,RefSeq.177416.18.NC_006570.CDS.625341.626558.fwd,RefSeq,CDS,625341,626558,1218,+,,,,YP_169628.1,405,ispG,4-hydroxy-3-methylbut-2-en-1-yl diphosphate synthase,
Francisella tularensis subsp. tularensis SCHU S4,177416.18,NC_006570,,FTT0628,FTT0628,RefSeq.177416.18.NC_006570.CDS.647442.648872.fwd,RefSeq,CDS,647442,648872,1431,+,,,,YP_169649.1,476,,hypothetical protein,
Francisella tularensis subsp. tularensis SCHU S4,177416.18,NC_006570,,FTT1088c,FTT1088c,RefSeq.177416.18.NC_006570.CDS.1097859.1098605.rev,RefSeq,CDS,1097859,1098605,747,-,,,,YP_170067.1,248,,hypothetical protein,
Francisella tularensis subsp. tularensis SCHU S4,177416.18,NC_006570,,FTT1321,FTT1321,RefSeq.177416.18.NC_006570.CDS.1348123.1349376.fwd,RefSeq,CDS,1348123,1349376,1254,+,,,,YP_170274.1,417,,peptidase M16 family protein,
Francisella tularensis subsp. tularensis SCHU S4,177416.18,NC_006570,,FTT1802c,FTT1802c,RefSeq.177416.18.NC_006570.CDS.1888576.1890120.rev,RefSeq,CDS,1888576,1890120,1545,-,,,,YP_170684.1,514,trpE,anthranilate synthase component I,
Francisella tularensis subsp. tularensis SCHU S4,177416.18,NC_006570,,FTT1057c,FTT1057c,RefSeq.177416.18.NC_006570.CDS.1066089.1066994.rev,RefSeq,CDS,1066089,1066994,906,-,,,,YP_170038.1,301,,Type IV pili lipoprotein,
Francisella tularensis subsp. tularensis SCHU S4,177416.18,NC_006570,,FTT1645,FTT1645,RefSeq.177416.18.NC_006570.CDS.1710319.1711551.fwd,RefSeq,CDS,1710319,1711551,1233,+,,,,YP_170554.1,410,,hypothetical protein,
Francisella tularensis subsp. tularensis SCHU S4,177416.18,NC_006570,,FTT0164c,FTT0164c,RefSeq.177416.18.NC_006570.CDS.178932.180113.rev,RefSeq,CDS,178932,180113,1182,-,,,,YP_169230.1,393,,eflux protein,
Francisella tularensis subsp. tularensis SCHU S4,177416.18,NC_006570,,FTT1303c,FTT1303c,RefSeq.177416.18.NC_006570.CDS.1325940.1326815.rev,RefSeq,CDS,1325940,1326815,876,-,,,,YP_170257.1,291,,hypothetical protein,
Francisella tularensis subsp. tularensis SCHU S4,177416.18,NC_006570,,FTT0602c,FTT0602c,RefSeq.177416.18.NC_006570.CDS.620994.622472.rev,RefSeq,CDS,620994,622472,1479,-,,,,YP_169624.1,492,,hypothetical protein,
Francisella tularensis subsp. tularensis SCHU S4,177416.18,NC_006570,,FTT0258,FTT0258,RefSeq.177416.18.NC_006570.CDS.275379.276047.fwd,RefSeq,CDS,275379,276047,669,+,,,,YP_169310.1,222,,carboxylesterase/phospholipase family protein,
Francisella tularensis subsp. tularensis SCHU S4,177416.18,NC_006570,,FTT1608,FTT1608,RefSeq.177416.18.NC_006570.CDS.1673641.1674444.fwd,RefSeq,CDS,1673641,1674444,804,+,,,,YP_170524.1,267,,"ABC transporter, ATP-binding protein",
Francisella tularensis subsp. tularensis SCHU S4,177416.18,NC_006570,,FTT0203c,FTT0203c,RefSeq.177416.18.NC_006570.CDS.220941.222488.rev,RefSeq,CDS,220941,222488,1548,-,,,,YP_169263.1,515,purH,bifunctional phosphoribosylaminoimidazolecarboxamide formyltransferase/IMP cyclohydrolase,
Francisella tularensis subsp. tularensis SCHU S4,177416.18,NC_006570,,FTT0677c,FTT0677c,RefSeq.177416.18.NC_006570.CDS.694926.695702.rev,RefSeq,CDS,694926,695702,777,-,,,,YP_169693.1,258,,hypothetical protein,
Francisella tularensis subsp. tularensis SCHU S4,177416.18,NC_006570,fig|177416.18.peg.1961,,VBIFraTul2086_1961,PATRIC.177416.18.NC_006570.CDS.1759436.1760101.fwd,PATRIC,CDS,1759436,1760101,666,+,FIG00904859,PLF_262_00000411,PGF_10153092,,221,,Nitroreductase,
Francisella tularensis subsp. tularensis SCHU S4,177416.18,NC_006570,fig|177416.18.peg.498,,VBIFraTul2086_0498,PATRIC.177416.18.NC_006570.CDS.458855.460024.fwd,PATRIC,CDS,458855,460024,1170,+,,PLF_262_00000957,PGF_03029859,,389,,Bis-ABC ATPase Uup,
Francisella tularensis subsp. tularensis SCHU S4,177416.18,NC_006570,fig|177416.18.peg.1697,,VBIFraTul2086_1697,PATRIC.177416.18.NC_006570.CDS.1521774.1522346.rev,PATRIC,CDS,1521774,1522346,573,-,FIG00000131,PLF_262_00001237,PGF_00689961,,190,,Guanylate kinase (EC 2.7.4.8),GO:0004385|guanylate kinase activity
Francisella tularensis subsp. tularensis SCHU S4,177416.18,NC_006570,fig|177416.18.peg.942,,VBIFraTul2086_0942,PATRIC.177416.18.NC_006570.CDS.839585.840001.fwd,PATRIC,CDS,839585,840001,417,+,FIG01306568,PLF_262_00000002,PGF_01719295,,138,,Mobile element protein,
Francisella tularensis subsp. tularensis SCHU S4,177416.18,NC_006570,fig|177416.18.peg.540,,VBIFraTul2086_0540,PATRIC.177416.18.NC_006570.CDS.503405.504124.fwd,PATRIC,CDS,503405,504124,720,+,FIG00657612,PLF_262_00001281,PGF_00341219,,239,,hypothetical protein,
Francisella tularensis subsp. tularensis SCHU S4,177416.18,NC_006570,fig|177416.18.peg.1903,,VBIFraTul2086_1903,PATRIC.177416.18.NC_006570.CDS.1706934.1707584.rev,PATRIC,CDS,1706934,1707584,651,-,FIG00016514,PLF_262_00001598,PGF_00414310,,216,,"Type I restriction-modification system, restriction subunit R (EC 3.1.21.3)",
Francisella tularensis subsp. tularensis SCHU S4,177416.18,NC_006570,fig|177416.18.peg.1841,,VBIFraTul2086_1841,PATRIC.177416.18.NC_006570.CDS.1653628.1654728.fwd,PATRIC,CDS,1653628,1654728,1101,+,FIG00638782,PLF_262_00000659,PGF_01722139,,366,,Lipoprotein,
Francisella tularensis subsp. tularensis SCHU S4,177416.18,NC_006570,fig|177416.18.peg.661,,VBIFraTul2086_0661,PATRIC.177416.18.NC_006570.CDS.598967.599212.fwd,PATRIC,CDS,598967,599212,246,+,,PLF_262_00000833,PGF_00064685,,81,,Uncharacterized ferredoxin-like protein YfhL,
Francisella tularensis subsp. tularensis SCHU S4,177416.18,NC_006570,fig|177416.18.peg.1111,,VBIFraTul2086_1111,PATRIC.177416.18.NC_006570.CDS.982379.982789.fwd,PATRIC,CDS,982379,982789,411,+,FIG00000621,PLF_262_00001476,PGF_09345013,,136,,Iron-sulfur cluster regulator IscR,
Francisella tularensis subsp. tularensis SCHU S4,177416.18,NC_006570,fig|177416.18.peg.951,,VBIFraTul2086_0951,PATRIC.177416.18.NC_006570.CDS.846587.846724.fwd,PATRIC,CDS,846587,846724,138,+,FIG00657786,PLF_262_00001635,PGF_01719468,,45,,hypothetical protein,
Francisella tularensis subsp. tularensis SCHU S4,177416.18,NC_006570,fig|177416.18.peg.1297,,VBIFraTul2086_1297,PATRIC.177416.18.NC_006570.CDS.1134844.1136316.fwd,PATRIC,CDS,1134844,1136316,1473,+,FIG00047509,PLF_262_00000971,PGF_00679638,,490,,Methionine ABC transporter permease protein / Methionine ABC transporter substrate-binding protein,
Francisella tularensis subsp. tularensis SCHU S4,177416.18,NC_006570,fig|177416.18.peg.535,,VBIFraTul2086_0535,PATRIC.177416.18.NC_006570.CDS.497195.498301.rev,PATRIC,CDS,497195,498301,1107,-,FIG01297342,PLF_262_00001174,PGF_00043154,,368,,Putative permease PerM (= YfgO),
Francisella tularensis subsp. tularensis SCHU S4,177416.18,NC_006570,fig|177416.18.peg.1043,,VBIFraTul2086_1043,PATRIC.177416.18.NC_006570.CDS.920006.920626.rev,PATRIC,CDS,920006,920626,621,-,FIG00106088,PLF_262_00000506,PGF_00415581,,206,,23S rRNA (uridine(2552)-2'-O)-methyltransferase (EC 2.1.1.166),
Francisella tularensis subsp. tularensis SCHU S4,177416.18,NC_006570,fig|177416.18.peg.585,,VBIFraTul2086_0585,PATRIC.177416.18.NC_006570.CDS.542147.543130.fwd,PATRIC,CDS,542147,543130,984,+,FIG00000580,PLF_262_00001000,PGF_00912265,,327,,tRNA-dihydrouridine synthase DusB,
Francisella tularensis subsp. tularensis SCHU S4,177416.18,NC_006570,fig|177416.18.peg.1778,,VBIFraTul2086_1778,PATRIC.177416.18.NC_006570.CDS.1603315.1603923.rev,PATRIC,CDS,1603315,1603923,609,-,FIG00003613,PLF_262_00001456,PGF_01719393,,202,,putative lipoprotein,
Francisella tularensis subsp. tularensis SCHU S4,177416.18,NC_006570,fig|177416.18.peg.1231,,VBIFraTul2086_1231,PATRIC.177416.18.NC_006570.CDS.1079642.1079788.rev,PATRIC,CDS,1079642,1079788,147,-,,PLF_262_00001884,PGF_00421121,,48,,DEAD/DEAH box helicase-like protein,
Francisella tularensis subsp. tularensis SCHU S4,177416.18,NC_006570,fig|177416.18.peg.1026,,VBIFraTul2086_1026,PATRIC.177416.18.NC_006570.CDS.904688.905263.fwd,PATRIC,CDS,904688,905263,576,+,FIG00000253,PLF_262_00000424,PGF_00033968,,191,,Phosphoribosylglycinamide formyltransferase (EC 2.1.2.2),GO:0004644|phosphoribosylglycinamide formyltransferase activity
Francisella tularensis subsp. tularensis SCHU S4,177416.18,NC_006570,fig|177416.18.peg.1082,,VBIFraTul2086_1082,PATRIC.177416.18.NC_006570.CDS.959493.960008.rev,PATRIC,CDS,959493,960008,516,-,FIG00458455,PLF_262_00001668,PGF_00018642,,171,,Uncharacterized MFS-type transporter,
Francisella tularensis subsp. tularensis SCHU S4,177416.18,NC_006570,fig|177416.18.peg.1940,,VBIFraTul2086_1940,PATRIC.177416.18.NC_006570.CDS.1742244.1743455.fwd,PATRIC,CDS,1742244,1743455,1212,+,FIG00000378,PLF_262_00000315,PGF_00416674,,403,,"3,4-dihydroxy-2-butanone 4-phosphate synthase (EC 4.1.99.12) / GTP cyclohydrolase II (EC 3.5.4.25)",GO:0003935|GTP cyclohydrolase II activity
Francisella tularensis subsp. tularensis SCHU S4,177416.18,NC_006570,fig|177416.18.peg.2061,,VBIFraTul2086_2061,PATRIC.177416.18.NC_006570.CDS.1861326.1861679.fwd,PATRIC,CDS,1861326,1861679,354,+,FIG00657558,PLF_262_00001437,PGF_00356364,,117,,hypothetical protein,
Francisella tularensis subsp. tularensis SCHU S4,177416.18,NC_006570,,FTT1015,FTT1015,RefSeq.177416.18.NC_006570.CDS.1025112.1025702.fwd,RefSeq,CDS,1025112,1025702,591,+,,,,YP_170000.1,196,,hypothetical protein,
Francisella tularensis subsp. tularensis SCHU S4,177416.18,NC_006570,fig|177416.18.peg.1699,,VBIFraTul2086_1699,PATRIC.177416.18.NC_006570.CDS.1524237.1524515.rev,PATRIC,CDS,1524237,1524515,279,-,FIG00138240,PLF_262_00000706,PGF_00030813,,92,,Peptidyl-prolyl cis-trans isomerase PpiC (EC 5.2.1.8),
Francisella tularensis subsp. tularensis SCHU S4,177416.18,NC_006570,,FTT0433,FTT0433,RefSeq.177416.18.NC_006570.CDS.447727.447915.fwd,RefSeq,CDS,447727,447915,189,+,,,,YP_169473.1,62,,hypothetical protein,
Francisella tularensis subsp. tularensis SCHU S4,177416.18,NC_006570,,FTT0112,FTT0112,RefSeq.177416.18.NC_006570.CDS.121036.121812.fwd,RefSeq,CDS,121036,121812,777,+,,,,YP_169182.1,258,,pantothenate kinase,
Francisella tularensis subsp. tularensis SCHU S4,177416.18,NC_006570,,FTT0490c,FTT0490c,RefSeq.177416.18.NC_006570.CDS.510080.511297.rev,RefSeq,CDS,510080,511297,1218,-,,,,YP_169528.1,405,,phospholipase D family protein,
Francisella tularensis subsp. tularensis SCHU S4,177416.18,NC_006570,,FTT1377,FTT1377,RefSeq.177416.18.NC_006570.CDS.1422264.1423523.fwd,RefSeq,CDS,1422264,1423523,1260,+,,,,YP_170326.1,419,fabF,3-oxoacyl-[acyl-carrier-protein] synthase II,
Francisella tularensis subsp. tularensis SCHU S4,177416.18,NC_006570,,FTT0279c,FTT0279c,RefSeq.177416.18.NC_006570.CDS.291746.293524.rev,RefSeq,CDS,291746,293524,1779,-,,,,YP_169329.1,592,cydA,"cytochrome d terminal oxidase, polypeptide subunit I",
Francisella tularensis subsp. tularensis SCHU S4,177416.18,NC_006570,,FTT1148c,FTT1148c,RefSeq.177416.18.NC_006570.CDS.1158826.1160010.rev,RefSeq,CDS,1158826,1160010,1185,-,,,,YP_170115.1,394,yjhB,major facilitator transporter,
Francisella tularensis subsp. tularensis SCHU S4,177416.18,NC_006570,,FTT0274,FTT0274,RefSeq.177416.18.NC_006570.CDS.288465.288683.fwd,RefSeq,CDS,288465,288683,219,+,,,,YP_169326.1,72,,hypothetical protein,
Francisella tularensis subsp. tularensis SCHU S4,177416.18,NC_006570,,FTT0943c,FTT0943c,RefSeq.177416.18.NC_006570.CDS.954634.954987.rev,RefSeq,CDS,954634,954987,354,-,,,,YP_169936.1,117,folB,dihydroneopterin aldolase,
Francisella tularensis subsp. tularensis SCHU S4,177416.18,NC_006570,,FTT0255c,FTT0255c,RefSeq.177416.18.NC_006570.CDS.270757.271698.rev,RefSeq,CDS,270757,271698,942,-,,,,YP_169307.1,313,,hypothetical protein,
Francisella tularensis subsp. tularensis SCHU S4,177416.18,NC_006570,,FTT0331,FTT0331,RefSeq.177416.18.NC_006570.CDS.340797.341465.fwd,RefSeq,CDS,340797,341465,669,+,,,,YP_169380.1,222,rpsC,30S ribosomal protein S3,
Francisella tularensis subsp. tularensis SCHU S4,177416.18,NC_006570,,FTT1166c,FTT1166c,RefSeq.177416.18.NC_006570.CDS.1180117.1180923.rev,RefSeq,CDS,1180117,1180923,807,-,,,,YP_170132.1,268,,glutamine amidotransferase class-II family protein,
Francisella tularensis subsp. tularensis SCHU S4,177416.18,NC_006570,,FTT1617,FTT1617,RefSeq.177416.18.NC_006570.CDS.1680888.1681832.fwd,RefSeq,CDS,1680888,1681832,945,+,,,,YP_170532.1,314,hemK,N5-glutamine S-adenosyl-L-methionine-dependent methyltransferase,
Francisella tularensis subsp. tularensis SCHU S4,177416.18,NC_006570,,FTT0345,FTT0345,RefSeq.177416.18.NC_006570.CDS.346535.347860.fwd,RefSeq,CDS,346535,347860,1326,+,,,,YP_169394.1,441,secY,preprotein translocase subunit SecY,
Francisella tularensis subsp. tularensis SCHU S4,177416.18,NC_006570,,FTT0544,FTT0544,RefSeq.177416.18.NC_006570.CDS.564751.565083.fwd,RefSeq,CDS,564751,565083,333,+,,,,YP_169571.1,110,phnA,phosphonoacetate hydrolase,
Francisella tularensis subsp. tularensis SCHU S4,177416.18,NC_006570,,FTT0377,FTT0377,RefSeq.177416.18.NC_006570.CDS.378907.379691.fwd,RefSeq,CDS,378907,379691,456,+,,,,YP_169423.1,261,isftu1,transposase,
Francisella tularensis subsp. tularensis SCHU S4,177416.18,NC_006570,,FTT0664c,FTT0664c,RefSeq.177416.18.NC_006570.CDS.682071.683207.rev,RefSeq,CDS,682071,683207,1137,-,,,,YP_169681.1,378,hdc,histidine decarboxylase,
Francisella tularensis subsp. tularensis SCHU S4,177416.18,NC_006570,,FTT0489c,FTT0489c,RefSeq.177416.18.NC_006570.CDS.509038.509988.rev,RefSeq,CDS,509038,509988,951,-,,,,YP_169527.1,316,trxB,thioredoxin reductase,
Francisella tularensis subsp. tularensis SCHU S4,177416.18,NC_006570,fig|177416.18.peg.490,,VBIFraTul2086_0490,PATRIC.177416.18.NC_006570.CDS.453349.453765.rev,PATRIC,CDS,453349,453765,417,-,FIG01306568,PLF_262_00000002,PGF_01719295,,138,,Mobile element protein,
Francisella tularensis subsp. tularensis SCHU S4,177416.18,NC_006570,fig|177416.18.peg.751,,VBIFraTul2086_0751,PATRIC.177416.18.NC_006570.CDS.676952.677548.fwd,PATRIC,CDS,676952,677548,597,+,FIG00657441,PLF_262_00000022,PGF_04047401,,198,,hypothetical protein,
Francisella tularensis subsp. tularensis SCHU S4,177416.18,NC_006570,fig|177416.18.peg.1417,,VBIFraTul2086_1417,PATRIC.177416.18.NC_006570.CDS.1241204.1241902.rev,PATRIC,CDS,1241204,1241902,699,-,FIG00000315,PLF_262_00001226,PGF_00751944,,232,,DNA recombination and repair protein RecO,
Francisella tularensis subsp. tularensis SCHU S4,177416.18,NC_006570,fig|177416.18.peg.1982,,VBIFraTul2086_1982,PATRIC.177416.18.NC_006570.CDS.1783595.1784218.fwd,PATRIC,CDS,1783595,1784218,624,+,FIG00657445,PLF_262_00001096,PGF_00185025,,207,,hypothetical protein,
Francisella tularensis subsp. tularensis SCHU S4,177416.18,NC_006570,fig|177416.18.peg.613,,VBIFraTul2086_0613,PATRIC.177416.18.NC_006570.CDS.564813.565082.fwd,PATRIC,CDS,564813,565082,270,+,FIG00000968,PLF_262_00000737,PGF_00037937,,89,,Protein PhnA,
Francisella tularensis subsp. tularensis SCHU S4,177416.18,NC_006570,fig|177416.18.peg.1349,,VBIFraTul2086_1349,PATRIC.177416.18.NC_006570.CDS.1181567.1182700.rev,PATRIC,CDS,1181567,1182700,1134,-,FIG00076542,PLF_262_00000922,PGF_04282519,,377,,N-acetylglucosamine-6-phosphate deacetylase (EC 3.5.1.25),GO:0008448|N-acetylglucosamine-6-phosphate deacetylase activity
Francisella tularensis subsp. tularensis SCHU S4,177416.18,NC_006570,fig|177416.18.peg.374,,VBIFraTul2086_0374,PATRIC.177416.18.NC_006570.CDS.343714.344019.fwd,PATRIC,CDS,343714,344019,306,+,FIG00000066,PLF_262_00000780,PGF_00049844,,101,,"SSU ribosomal protein S14p (S29e) @ SSU ribosomal protein S14p (S29e), zinc-independent",GO:0003735|structural constituent of ribosome;GO:0005622|intracellular;GO:0005840|ribosome;GO:0006412|translation
Francisella tularensis subsp. tularensis SCHU S4,177416.18,NC_006570,fig|177416.18.peg.764,,VBIFraTul2086_0764,PATRIC.177416.18.NC_006570.CDS.687460.687702.rev,PATRIC,CDS,687460,687702,243,-,FIG01318400,PLF_262_00001255,PGF_00041938,,80,,Putative mechanosensitive ion channel,
Francisella tularensis subsp. tularensis SCHU S4,177416.18,NC_006570,fig|177416.18.peg.824,,VBIFraTul2086_0824,PATRIC.177416.18.NC_006570.CDS.746162.746791.rev,PATRIC,CDS,746162,746791,630,-,FIG00561498,PLF_262_00000088,PGF_06594113,,209,,D-alanyl-D-alanine carboxypeptidase (EC 3.4.16.4),GO:0009002|serine-type D-Ala-D-Ala carboxypeptidase activity
Francisella tularensis subsp. tularensis SCHU S4,177416.18,NC_006570,fig|177416.18.peg.1051,,VBIFraTul2086_1051,PATRIC.177416.18.NC_006570.CDS.930936.931316.fwd,PATRIC,CDS,930936,931316,381,+,FIG01306568,PLF_262_00000001,PGF_01719295,,126,,Mobile element protein,
Francisella tularensis subsp. tularensis SCHU S4,177416.18,NC_006570,fig|177416.18.peg.790,,VBIFraTul2086_0790,PATRIC.177416.18.NC_006570.CDS.711592.712416.rev,PATRIC,CDS,711592,712416,825,-,FIG00035634,PLF_262_00000907,PGF_05740384,,274,,Formamidopyrimidine-DNA glycosylase (EC 3.2.2.23),GO:0008534|oxidized purine base lesion DNA N-glycosylase activity
Francisella tularensis subsp. tularensis SCHU S4,177416.18,NC_006570,fig|177416.18.peg.290,,VBIFraTul2086_0290,PATRIC.177416.18.NC_006570.CDS.276043.276945.fwd,PATRIC,CDS,276043,276945,903,+,FIG00000363,PLF_262_00000281,PGF_10097367,,300,,Porphobilinogen deaminase (EC 2.5.1.61),GO:0004418|hydroxymethylbilane synthase activity
Francisella tularensis subsp. tularensis SCHU S4,177416.18,NC_006570,fig|177416.18.peg.156,FTT0140,VBIFraTul2086_0156,PATRIC.177416.18.NC_006570.CDS.152509.152943.fwd,PATRIC,CDS,152509,152943,435,+,FIG00000182,PLF_262_00001127,PGF_07695531,YP_169206.1,144,rplK,LSU ribosomal protein L11p (L12e),GO:0003735|structural constituent of ribosome;GO:0005622|intracellular;GO:0005840|ribosome;GO:0006412|translation
Francisella tularensis subsp. tularensis SCHU S4,177416.18,NC_006570,fig|177416.18.peg.1708,,VBIFraTul2086_1708,PATRIC.177416.18.NC_006570.CDS.1531728.1532144.rev,PATRIC,CDS,1531728,1532144,417,-,FIG01306568,PLF_262_00000002,PGF_01719295,,138,,Mobile element protein,
Francisella tularensis subsp. tularensis SCHU S4,177416.18,NC_006570,fig|177416.18.peg.245,,VBIFraTul2086_0245,PATRIC.177416.18.NC_006570.CDS.235748.235900.rev,PATRIC,CDS,235748,235900,153,-,FIG00988552,PLF_262_00001380,PGF_01068565,,50,,Cytochrome b561,
Francisella tularensis subsp. tularensis SCHU S4,177416.18,NC_006570,fig|177416.18.peg.1303,,VBIFraTul2086_1303,PATRIC.177416.18.NC_006570.CDS.1143576.1144319.fwd,PATRIC,CDS,1143576,1144319,744,+,FIG01304043,PLF_262_00001154,PGF_00013265,,247,,ADP-ribose pyrophosphatase of COG1058 family (EC 3.6.1.13),GO:0047631|ADP-ribose diphosphatase activity
Francisella tularensis subsp. tularensis SCHU S4,177416.18,NC_006570,fig|177416.18.peg.1345,,VBIFraTul2086_1345,PATRIC.177416.18.NC_006570.CDS.1177905.1178798.rev,PATRIC,CDS,1177905,1178798,894,-,FIG01304818,PLF_262_00000606,PGF_00007027,,297,,GTP-binding protein Era,GO:0003676|nucleic acid binding;GO:0005525|GTP binding;GO:0005622|intracellular
Francisella tularensis subsp. tularensis SCHU S4,177416.18,NC_006570,fig|177416.18.peg.1723,,VBIFraTul2086_1723,PATRIC.177416.18.NC_006570.CDS.1546344.1546709.rev,PATRIC,CDS,1546344,1546709,366,-,FIG00657658,PLF_262_00001508,PGF_00138695,,121,,hypothetical protein,
Francisella tularensis subsp. tularensis SCHU S4,177416.18,NC_006570,fig|177416.18.peg.569,,VBIFraTul2086_0569,PATRIC.177416.18.NC_006570.CDS.528408.529295.rev,PATRIC,CDS,528408,529295,888,-,FIG01339355,PLF_262_00000497,PGF_06946342,,295,,tRNA-dihydrouridine(20/20a) synthase (EC 1.3.1.91),
Francisella tularensis subsp. tularensis SCHU S4,177416.18,NC_006570,fig|177416.18.peg.1200,,VBIFraTul2086_1200,PATRIC.177416.18.NC_006570.CDS.1058367.1058933.rev,PATRIC,CDS,1058367,1058933,567,-,FIG00658242,PLF_262_00001425,PGF_00190300,,188,,hypothetical protein,
Francisella tularensis subsp. tularensis SCHU S4,177416.18,NC_006570,fig|177416.18.peg.1825,,VBIFraTul2086_1825,PATRIC.177416.18.NC_006570.CDS.1641831.1642493.rev,PATRIC,CDS,1641831,1642493,663,-,FIG00000538,PLF_262_00000835,PGF_00066139,,220,,"Uracil-DNA glycosylase, family 1 (EC 3.2.2.27)",
Francisella tularensis subsp. tularensis SCHU S4,177416.18,NC_006570,,FTT0579,FTT0579,RefSeq.177416.18.NC_006570.CDS.597542.597898.fwd,RefSeq,CDS,597542,597898,357,+,,,,YP_169603.1,118,,hesB family protein,
Francisella tularensis subsp. tularensis SCHU S4,177416.18,NC_006570,,FTT0668,FTT0668,RefSeq.177416.18.NC_006570.CDS.685223.685855.fwd,RefSeq,CDS,685223,685855,633,+,,,,YP_169685.1,210,,nicotinamide mononucleotide transport (NMT) family protein,
Francisella tularensis subsp. tularensis SCHU S4,177416.18,NC_006570,,FTT1575c,FTT1575c,RefSeq.177416.18.NC_006570.CDS.1637300.1639906.rev,RefSeq,CDS,1637300,1639906,2607,-,,,,YP_170497.1,868,gyrA,"DNA gyrase, subunit A",
Francisella tularensis subsp. tularensis SCHU S4,177416.18,NC_006570,,FTT0307,FTT0307,RefSeq.177416.18.NC_006570.CDS.321537.322943.fwd,RefSeq,CDS,321537,322943,1407,+,,,,YP_169356.1,468,gltX,glutamyl-tRNA synthetase,
Francisella tularensis subsp. tularensis SCHU S4,177416.18,NC_006570,,FTT0334,FTT0334,RefSeq.177416.18.NC_006570.CDS.342095.342346.fwd,RefSeq,CDS,342095,342346,252,+,,,,YP_169383.1,83,rpsQ,30S ribosomal protein S17,
Francisella tularensis subsp. tularensis SCHU S4,177416.18,NC_006570,,FTT1737c,FTT1737c,RefSeq.177416.18.NC_006570.CDS.1826825.1827379.rev,RefSeq,CDS,1826825,1827379,555,-,,,,YP_170636.1,184,kdpC,potassium-transporting ATPase C chain,
Francisella tularensis subsp. tularensis SCHU S4,177416.18,NC_006570,,FTT0350,FTT0350,RefSeq.177416.18.NC_006570.CDS.349599.350570.fwd,RefSeq,CDS,349599,350570,972,+,,,,YP_169399.1,323,rpoA1,DNA-directed RNA polymerase subunit alpha,
Francisella tularensis subsp. tularensis SCHU S4,177416.18,NC_006570,fig|177416.18.peg.1816,,VBIFraTul2086_1816,PATRIC.177416.18.NC_006570.CDS.1630759.1631538.rev,PATRIC,CDS,1630759,1631538,780,-,FIG00000508,PLF_262_00000536,PGF_00033729,,259,,Acyl-[acyl-carrier-protein]--UDP-N-acetylglucosamine O-acyltransferase (EC 2.3.1.129),GO:0008780|acyl-[acyl-carrier-protein]-UDP-N-acetylglucosamine O-acyltransferase activity
Francisella tularensis subsp. tularensis SCHU S4,177416.18,NC_006570,fig|177416.18.peg.406,,VBIFraTul2086_0406,PATRIC.177416.18.NC_006570.CDS.365129.365269.rev,PATRIC,CDS,365129,365269,141,-,FIG00658299,PLF_262_00002056,PGF_01719696,,46,,hypothetical protein,
Francisella tularensis subsp. tularensis SCHU S4,177416.18,NC_006570,fig|177416.18.peg.488,,VBIFraTul2086_0488,PATRIC.177416.18.NC_006570.CDS.451252.452622.fwd,PATRIC,CDS,451252,452622,1371,+,FIG00002492,PLF_262_00000829,PGF_00064004,,456,,UDP-N-acetylmuramate:L-alanyl-gamma-D-glutamyl-meso-diaminopimelate ligase (EC 6.3.2.-),
Francisella tularensis subsp. tularensis SCHU S4,177416.18,NC_006570,,FTT1630c,FTT1630c,RefSeq.177416.18.NC_006570.CDS.1693570.1695036.rev,RefSeq,CDS,1693570,1695036,1467,-,,,,YP_170543.1,488,putP,Sodium/proline permease,
Francisella tularensis subsp. tularensis SCHU S4,177416.18,NC_006570,,FTT1006,FTT1006,RefSeq.177416.18.NC_006570.CDS.1018850.1020058.fwd,RefSeq,CDS,1018850,1020058,1209,+,,,,YP_169992.1,402,,hypothetical protein,
Francisella tularensis subsp. tularensis SCHU S4,177416.18,NC_006570,,FTT0477c,FTT0477c,RefSeq.177416.18.NC_006570.CDS.494681.495463.rev,RefSeq,CDS,494681,495463,783,-,,,,YP_169515.1,260,birA,transcription repressor BirA,
Francisella tularensis subsp. tularensis SCHU S4,177416.18,NC_006570,,FTT0952,FTT0952,RefSeq.177416.18.NC_006570.CDS.964146.965471.fwd,RefSeq,CDS,964146,965471,1326,+,,,,YP_169942.1,441,rhlE,ATP-dependent RNA helicase RhlE,
Francisella tularensis subsp. tularensis SCHU S4,177416.18,NC_006570,,FTT0752c,FTT0752c,RefSeq.177416.18.NC_006570.CDS.773758.773955.rev,RefSeq,CDS,773758,773955,198,-,,,,YP_169763.1,65,,hypothetical protein,
Francisella tularensis subsp. tularensis SCHU S4,177416.18,NC_006570,fig|177416.18.peg.727,,VBIFraTul2086_0727,PATRIC.177416.18.NC_006570.CDS.657478.657828.fwd,PATRIC,CDS,657478,657828,351,+,FIG00657971,PLF_262_00001676,PGF_01719489,,116,,hypothetical protein,
Francisella tularensis subsp. tularensis SCHU S4,177416.18,NC_006570,fig|177416.18.peg.709,,VBIFraTul2086_0709,PATRIC.177416.18.NC_006570.CDS.640172.640735.fwd,PATRIC,CDS,640172,640735,564,+,FIG00000655,PLF_262_00000462,PGF_10401812,,187,,Thymidine kinase (EC 2.7.1.21),GO:0004797|thymidine kinase activity
Francisella tularensis subsp. tularensis SCHU S4,177416.18,NC_006570,fig|177416.18.peg.1093,,VBIFraTul2086_1093,PATRIC.177416.18.NC_006570.CDS.968876.969595.rev,PATRIC,CDS,968876,969595,720,-,FIG00946206,PLF_262_00001078,PGF_00399993,,239,,hypothetical protein; putative signal peptide,
Francisella tularensis subsp. tularensis SCHU S4,177416.18,NC_006570,fig|177416.18.peg.133,FTT0121,VBIFraTul2086_0133,PATRIC.177416.18.NC_006570.CDS.130986.133208.fwd,PATRIC,CDS,130986,133208,2223,+,FIG00000372,PLF_262_00000532,PGF_10471233,YP_169191.1,740,uvrD,ATP-dependent DNA helicase UvrD/PcrA (EC 3.6.4.12),
Francisella tularensis subsp. tularensis SCHU S4,177416.18,NC_006570,fig|177416.18.peg.1946,,VBIFraTul2086_1946,PATRIC.177416.18.NC_006570.CDS.1748670.1748942.fwd,PATRIC,CDS,1748670,1748942,273,+,FIG00000213,PLF_262_00000784,PGF_02454577,,90,,SSU ribosomal protein S20p,GO:0003723|RNA binding;GO:0003735|structural constituent of ribosome;GO:0005622|intracellular;GO:0005840|ribosome;GO:0006412|translation
Francisella tularensis subsp. tularensis SCHU S4,177416.18,NC_006570,fig|177416.18.peg.1017,,VBIFraTul2086_1017,PATRIC.177416.18.NC_006570.CDS.896123.896263.rev,PATRIC,CDS,896123,896263,141,-,FIG00134039,PLF_262_00001789,PGF_01719559,,46,,hypothetical protein,
Francisella tularensis subsp. tularensis SCHU S4,177416.18,NC_006570,fig|177416.18.peg.994,,VBIFraTul2086_0994,PATRIC.177416.18.NC_006570.CDS.876765.877508.fwd,PATRIC,CDS,876765,877508,744,+,FIG01306568,PLF_262_00000003,PGF_01000105,,247,,Mobile element protein,
Francisella tularensis subsp. tularensis SCHU S4,177416.18,NC_006570,fig|177416.18.peg.798,,VBIFraTul2086_0798,PATRIC.177416.18.NC_006570.CDS.720463.721290.fwd,PATRIC,CDS,720463,721290,828,+,FIG00000556,PLF_262_00000317,PGF_00039342,,275,,2-Keto-3-deoxy-D-manno-octulosonate-8-phosphate synthase (EC 2.5.1.55),
Francisella tularensis subsp. tularensis SCHU S4,177416.18,NC_006570,fig|177416.18.peg.40,FTT0037,VBIFraTul2086_0040,PATRIC.177416.18.NC_006570.CDS.35744.38110.fwd,PATRIC,CDS,35744,38110,2367,+,FIG00010922,PLF_262_00000681,PGF_07276470,YP_169113.1,788,nuoG,NADH-ubiquinone oxidoreductase chain G (EC 1.6.5.3),GO:0008137|NADH dehydrogenase (ubiquinone) activity
Francisella tularensis subsp. tularensis SCHU S4,177416.18,NC_006570,fig|177416.18.peg.1178,,VBIFraTul2086_1178,PATRIC.177416.18.NC_006570.CDS.1038722.1040056.fwd,PATRIC,CDS,1038722,1040056,1335,+,FIG00561498,PLF_262_00000351,PGF_06594113,,444,,D-alanyl-D-alanine carboxypeptidase (EC 3.4.16.4),GO:0009002|serine-type D-Ala-D-Ala carboxypeptidase activity
Francisella tularensis subsp. tularensis SCHU S4,177416.18,NC_006570,,FTT1425c,FTT1425c,RefSeq.177416.18.NC_006570.CDS.1473283.1474977.rev,RefSeq,CDS,1473283,1474977,1695,-,,,,YP_170368.1,564,naoX,NADH oxidase,
Francisella tularensis subsp. tularensis SCHU S4,177416.18,NC_006570,,FTT0456c,FTT0456c,RefSeq.177416.18.NC_006570.CDS.474836.475129.rev,RefSeq,CDS,474836,475129,294,-,,,,YP_169494.1,97,,hypothetical protein,
Francisella tularensis subsp. tularensis SCHU S4,177416.18,NC_006570,,FTT1339c,FTT1339c,RefSeq.177416.18.NC_006570.CDS.1368817.1370361.rev,RefSeq,CDS,1368817,1370361,1545,-,,,,YP_170291.1,514,,sulfate permease family protein,
Francisella tularensis subsp. tularensis SCHU S4,177416.18,NC_006570,,FTT1075,FTT1075,RefSeq.177416.18.NC_006570.CDS.1087105.1087332.fwd,RefSeq,CDS,1087105,1087332,228,+,,,,YP_170054.1,75,,transcriptional regulator,
Francisella tularensis subsp. tularensis SCHU S4,177416.18,NC_006570,fig|177416.18.peg.668,,VBIFraTul2086_0668,PATRIC.177416.18.NC_006570.CDS.605908.606480.fwd,PATRIC,CDS,605908,606480,573,+,FIG00003159,PLF_262_00001466,PGF_00415924,,190,,CRISPR-associated RecB family exonuclease Cas4,
Francisella tularensis subsp. tularensis SCHU S4,177416.18,NC_006570,fig|177416.18.peg.1205,,VBIFraTul2086_1205,PATRIC.177416.18.NC_006570.CDS.1062921.1063058.rev,PATRIC,CDS,1062921,1063058,138,-,FIG00657922,PLF_262_00001527,PGF_01719417,,45,,hypothetical protein,
Francisella tularensis subsp. tularensis SCHU S4,177416.18,NC_006570,fig|177416.18.peg.746,,VBIFraTul2086_0746,PATRIC.177416.18.NC_006570.CDS.674249.674908.fwd,PATRIC,CDS,674249,674908,660,+,FIG00905417,PLF_262_00000453,PGF_01217385,,219,,Enhancing lycopene biosynthesis protein 2,
Francisella tularensis subsp. tularensis SCHU S4,177416.18,NC_006570,fig|177416.18.peg.556,,VBIFraTul2086_0556,PATRIC.177416.18.NC_006570.CDS.517403.517522.rev,PATRIC,CDS,517403,517522,120,-,FIG01493594,PLF_262_00001831,PGF_01719593,,39,,hypothetical protein,
Francisella tularensis subsp. tularensis SCHU S4,177416.18,NC_006570,,FTT0532c,FTT0532c,RefSeq.177416.18.NC_006570.CDS.553229.554461.rev,RefSeq,CDS,553229,554461,1233,-,,,,YP_169561.1,410,nrdB,bifunctional gluaredoxin/ribonucleoside-diphosphate reductase subunit beta,
Francisella tularensis subsp. tularensis SCHU S4,177416.18,NC_006570,fig|177416.18.peg.1930,,VBIFraTul2086_1930,PATRIC.177416.18.NC_006570.CDS.1730219.1733503.fwd,PATRIC,CDS,1730219,1733503,3285,+,FIG00000111,PLF_262_00000552,PGF_00416410,,1094,,Carbamoyl-phosphate synthase large chain (EC 6.3.5.5),GO:0004088|carbamoyl-phosphate synthase (glutamine-hydrolyzing) activity
Francisella tularensis subsp. tularensis SCHU S4,177416.18,NC_006570,,FTT1626c,FTT1626c,RefSeq.177416.18.NC_006570.CDS.1687892.1689298.rev,RefSeq,CDS,1687892,1689298,1407,-,,,,YP_170539.1,468,,hypothetical protein,
Francisella tularensis subsp. tularensis SCHU S4,177416.18,NC_006570,fig|177416.18.peg.209,FTT0189,VBIFraTul2086_0209,PATRIC.177416.18.NC_006570.CDS.204919.205776.fwd,PATRIC,CDS,204919,205776,858,+,FIG00000615,PLF_262_00000826,PGF_00063944,YP_169250.1,285,lpxC,UDP-3-O-[3-hydroxymyristoyl] N-acetylglucosamine deacetylase (EC 3.5.1.108),
Francisella tularensis subsp. tularensis SCHU S4,177416.18,NC_006570,,FTT1058c,FTT1058c,RefSeq.177416.18.NC_006570.CDS.1066984.1068096.rev,RefSeq,CDS,1066984,1068096,1113,-,,,,YP_170039.1,370,,radical SAM superfamily protein,
Francisella tularensis subsp. tularensis SCHU S4,177416.18,NC_006570,fig|177416.18.peg.905,,VBIFraTul2086_0905,PATRIC.177416.18.NC_006570.CDS.804591.805289.fwd,PATRIC,CDS,804591,805289,699,+,FIG00005107,PLF_262_00000141,PGF_01719376,,232,,FIG005107: hypothetical protein,
Francisella tularensis subsp. tularensis SCHU S4,177416.18,NC_006570,fig|177416.18.peg.1727,,VBIFraTul2086_1727,PATRIC.177416.18.NC_006570.CDS.1550589.1551041.rev,PATRIC,CDS,1550589,1551041,453,-,FIG00657543,PLF_262_00001189,PGF_08225224,,150,,hypothetical protein,
Francisella tularensis subsp. tularensis SCHU S4,177416.18,NC_006570,fig|177416.18.peg.1680,,VBIFraTul2086_1680,PATRIC.177416.18.NC_006570.CDS.1504578.1505660.rev,PATRIC,CDS,1504578,1505660,1083,-,FIG00046703,PLF_262_00001687,PGF_03753601,,360,,"Aminotransferase, DegT/DnrJ/EryC1/StrS family",
Francisella tularensis subsp. tularensis SCHU S4,177416.18,NC_006570,fig|177416.18.peg.1379,,VBIFraTul2086_1379,PATRIC.177416.18.NC_006570.CDS.1205762.1205962.rev,PATRIC,CDS,1205762,1205962,201,-,FIG00000435,PLF_262_00000593,PGF_01722135,,66,,Exodeoxyribonuclease VII small subunit (EC 3.1.11.6),GO:0008855|exodeoxyribonuclease VII activity
Francisella tularensis subsp. tularensis SCHU S4,177416.18,NC_006570,fig|177416.18.peg.2079,,VBIFraTul2086_2079,PATRIC.177416.18.NC_006570.CDS.1875200.1875811.rev,PATRIC,CDS,1875200,1875811,612,-,FIG00731583,PLF_262_00000819,PGF_12772027,,203,,Arginine exporter protein ArgO,
Francisella tularensis subsp. tularensis SCHU S4,177416.18,NC_006570,fig|177416.18.peg.997,,VBIFraTul2086_0997,PATRIC.177416.18.NC_006570.CDS.879013.879378.rev,PATRIC,CDS,879013,879378,366,-,FIG00003845,PLF_262_00000987,PGF_08187263,,121,,"Transcriptional regulator, ArsR family",GO:0003700|transcription factor activity;GO:0005622|intracellular
Francisella tularensis subsp. tularensis SCHU S4,177416.18,NC_006570,,FTT0453c,FTT0453c,RefSeq.177416.18.NC_006570.CDS.470728.471534.rev,RefSeq,CDS,470728,471534,807,-,,,,YP_169491.1,268,,hypothetical protein,
Francisella tularensis subsp. tularensis SCHU S4,177416.18,NC_006570,,FTT1681c,FTT1681c,RefSeq.177416.18.NC_006570.CDS.1749424.1750020.rev,RefSeq,CDS,1749424,1750020,597,-,,,,YP_170587.1,198,lpcA,phosphoheptose isomerase,
Francisella tularensis subsp. tularensis SCHU S4,177416.18,NC_006570,,FTT0964c,FTT0964c,RefSeq.177416.18.NC_006570.CDS.975475.976851.rev,RefSeq,CDS,975475,976851,1377,-,,,,YP_169954.1,458,ffh,"signal recognition particle protein, Ffh",
Francisella tularensis subsp. tularensis SCHU S4,177416.18,NC_006570,,FTT0550,FTT0550,RefSeq.177416.18.NC_006570.CDS.567978.569414.fwd,RefSeq,CDS,567978,569414,1437,+,,,,YP_169577.1,478,,hypothetical protein,
Francisella tularensis subsp. tularensis SCHU S4,177416.18,NC_006570,fig|177416.18.peg.888,,VBIFraTul2086_0888,PATRIC.177416.18.NC_006570.CDS.792383.792805.rev,PATRIC,CDS,792383,792805,423,-,FIG00000456,PLF_262_00000059,PGF_06728837,,140,,Glycerate kinase (EC 2.7.1.31),GO:0008887|glycerate kinase activity
Francisella tularensis subsp. tularensis SCHU S4,177416.18,NC_006570,,FTT0117,FTT0117,RefSeq.177416.18.NC_006570.CDS.126208.126837.fwd,RefSeq,CDS,126208,126837,630,+,,,,YP_169187.1,209,tmk,thymidylate kinase,
Francisella tularensis subsp. tularensis SCHU S4,177416.18,NC_006570,,FTT0499,FTT0499,RefSeq.177416.18.NC_006570.CDS.519199.519921.fwd,RefSeq,CDS,519199,519921,723,+,,,,YP_169534.1,240,,hypothetical protein,
Francisella tularensis subsp. tularensis SCHU S4,177416.18,NC_006570,,FTT1233c,FTT1233c,RefSeq.177416.18.NC_006570.CDS.1251369.1252697.rev,RefSeq,CDS,1251369,1252697,1329,-,,,,YP_170191.1,442,yjdL,proton-dependent oligopeptide transport (POT) family protein,
Francisella tularensis subsp. tularensis SCHU S4,177416.18,NC_006570,,FTT0612,FTT0612,RefSeq.177416.18.NC_006570.CDS.631547.632359.fwd,RefSeq,CDS,631547,632359,813,+,,,,YP_169633.1,270,,hypothetical protein,
Francisella tularensis subsp. tularensis SCHU S4,177416.18,NC_006570,fig|177416.18.peg.309,,VBIFraTul2086_0309,PATRIC.177416.18.NC_006570.CDS.289611.290186.rev,PATRIC,CDS,289611,290186,576,-,FIG01313022,PLF_262_00001409,PGF_01719657,,191,,Prephenate dehydratase (EC 4.2.1.51) @ Arogenate dehydratase (EC 4.2.1.91),GO:0004664|prephenate dehydratase activity;GO:0047769|arogenate dehydratase activity
Francisella tularensis subsp. tularensis SCHU S4,177416.18,NC_006570,,FTT1097,FTT1097,RefSeq.177416.18.NC_006570.CDS.1108171.1108617.fwd,RefSeq,CDS,1108171,1108617,447,+,,,,YP_170076.1,148,,hypothetical protein,
Francisella tularensis subsp. tularensis SCHU S4,177416.18,NC_006570,,FTT1310c,FTT1310c,RefSeq.177416.18.NC_006570.CDS.1332965.1334881.rev,RefSeq,CDS,1332965,1334881,1917,-,,,,YP_170263.1,638,hflB,ATP-dependent metalloprotease,
Francisella tularensis subsp. tularensis SCHU S4,177416.18,NC_006570,,FTT1749,FTT1749,RefSeq.177416.18.NC_006570.CDS.1837780.1838229.fwd,RefSeq,CDS,1837780,1838229,450,+,,,,YP_170643.1,149,secB1,preprotein translocase subunit SecB,
Francisella tularensis subsp. tularensis SCHU S4,177416.18,NC_006570,,FTT0767c,FTT0767c,RefSeq.177416.18.NC_006570.CDS.786675.787124.rev,RefSeq,CDS,786675,787124,450,-,,,,YP_169777.1,149,,hypothetical protein,
Francisella tularensis subsp. tularensis SCHU S4,177416.18,NC_006570,,FTT1220,FTT1220,RefSeq.177416.18.NC_006570.CDS.1238977.1239525.fwd,RefSeq,CDS,1238977,1239525,549,+,,,,YP_170178.1,182,,5-formyltetrahydroformate cycloligase family protein,
Francisella tularensis subsp. tularensis SCHU S4,177416.18,NC_006570,fig|177416.18.peg.1515,,VBIFraTul2086_1515,PATRIC.177416.18.NC_006570.CDS.1336482.1339304.rev,PATRIC,CDS,1336482,1339304,2823,-,FIG00000147,PLF_262_00000206,PGF_04041316,,940,,Excinuclease ABC subunit A,GO:0005524|ATP binding;GO:0016887|ATPase activity
Francisella tularensis subsp. tularensis SCHU S4,177416.18,NC_006570,fig|177416.18.peg.1172,,VBIFraTul2086_1172,PATRIC.177416.18.NC_006570.CDS.1034504.1035097.rev,PATRIC,CDS,1034504,1035097,594,-,FIG00007658,PLF_262_00000503,PGF_00072304,,197,,2-keto-4-pentenoate hydratase (EC 4.2.1.80),GO:0008684|2-oxopent-4-enoate hydratase activity
Francisella tularensis subsp. tularensis SCHU S4,177416.18,NC_006570,fig|177416.18.peg.1775,,VBIFraTul2086_1775,PATRIC.177416.18.NC_006570.CDS.1599434.1600828.rev,PATRIC,CDS,1599434,1600828,1395,-,FIG00731883,PLF_262_00000998,PGF_00408236,,464,,putative lipoprotein,
Francisella tularensis subsp. tularensis SCHU S4,177416.18,NC_006570,fig|177416.18.peg.1692,,VBIFraTul2086_1692,PATRIC.177416.18.NC_006570.CDS.1517494.1518135.rev,PATRIC,CDS,1517494,1518135,642,-,FIG00000687,PLF_262_00001299,PGF_00035194,,213,,Adenosine deaminase (EC 3.5.4.4),GO:0004000|adenosine deaminase activity
Francisella tularensis subsp. tularensis SCHU S4,177416.18,NC_006570,,FTT1756c,FTT1756c,RefSeq.177416.18.NC_006570.CDS.1844792.1845576.rev,RefSeq,CDS,1844792,1845576,327,-,,,,YP_170649.1,261,isftu1,transposase,
Francisella tularensis subsp. tularensis SCHU S4,177416.18,NC_006570,,FTT0014c,FTT0014c,RefSeq.177416.18.NC_006570.CDS.12456.12854.rev,RefSeq,CDS,12456,12854,399,-,,,,YP_169090.1,132,,hypothetical protein,
Francisella tularensis subsp. tularensis SCHU S4,177416.18,NC_006570,,FTT0673c,FTT0673c,RefSeq.177416.18.NC_006570.CDS.690790.691797.rev,RefSeq,CDS,690790,691797,1008,-,,,,YP_169689.1,335,,hypothetical protein,
Francisella tularensis subsp. tularensis SCHU S4,177416.18,NC_006570,,FTT1090,FTT1090,RefSeq.177416.18.NC_006570.CDS.1099731.1100408.fwd,RefSeq,CDS,1099731,1100408,678,+,,,,YP_170069.1,225,,hypothetical protein,
Francisella tularensis subsp. tularensis SCHU S4,177416.18,NC_006570,,FTT1479c,FTT1479c,RefSeq.177416.18.NC_006570.CDS.1530850.1531038.rev,RefSeq,CDS,1530850,1531038,189,-,,,,YP_170415.1,62,,hypothetical protein,
Francisella tularensis subsp. tularensis SCHU S4,177416.18,NC_006570,,FTT0066,FTT0066,RefSeq.177416.18.NC_006570.CDS.66836.69679.fwd,RefSeq,CDS,66836,69679,2844,+,,,,YP_169141.1,947,,hypothetical protein,
Francisella tularensis subsp. tularensis SCHU S4,177416.18,NC_006570,,FTT0558,FTT0558,RefSeq.177416.18.NC_006570.CDS.575725.576336.fwd,RefSeq,CDS,575725,576336,612,+,,,,YP_169584.1,203,,short chain dehydrogenase,
Francisella tularensis subsp. tularensis SCHU S4,177416.18,NC_006570,fig|177416.18.peg.894,,VBIFraTul2086_0894,PATRIC.177416.18.NC_006570.CDS.795675.796736.rev,PATRIC,CDS,795675,796736,1062,-,FIG00000804,PLF_262_00001258,PGF_02959749,,353,,Ribonuclease D (EC 3.1.26.3),GO:0004525|ribonuclease III activity
Francisella tularensis subsp. tularensis SCHU S4,177416.18,NC_006570,,FTT0926,FTT0926,RefSeq.177416.18.NC_006570.CDS.937121.938095.fwd,RefSeq,CDS,937121,938095,975,+,,,,YP_169922.1,324,gshB,glutathione synthetase,
Francisella tularensis subsp. tularensis SCHU S4,177416.18,NC_006570,fig|177416.18.peg.2013,,VBIFraTul2086_2013,PATRIC.177416.18.NC_006570.CDS.1819701.1820705.rev,PATRIC,CDS,1819701,1820705,1005,-,FIG01954451,PLF_262_00000607,PGF_02029783,,334,,GTP-binding protein Obg,
Francisella tularensis subsp. tularensis SCHU S4,177416.18,NC_006570,fig|177416.18.peg.134,,VBIFraTul2086_0134,PATRIC.177416.18.NC_006570.CDS.133685.134806.fwd,PATRIC,CDS,133685,134806,1122,+,FIG00451095,PLF_262_00000145,PGF_00963068,,373,,"ABC transporter, substrate-binding protein (cluster 5, nickel/peptides/opines)",
Francisella tularensis subsp. tularensis SCHU S4,177416.18,NC_006570,fig|177416.18.peg.1246,,VBIFraTul2086_1246,PATRIC.177416.18.NC_006570.CDS.1090184.1091062.rev,PATRIC,CDS,1090184,1091062,879,-,FIG00658237,PLF_262_00001677,PGF_00311465,,292,,hypothetical protein,
Francisella tularensis subsp. tularensis SCHU S4,177416.18,NC_006570,fig|177416.18.peg.227,FTT0205,VBIFraTul2086_0227,PATRIC.177416.18.NC_006570.CDS.223955.224488.fwd,PATRIC,CDS,223955,224488,534,+,FIG00000355,PLF_262_00006579,PGF_00013490,YP_169265.1,177,hpt,Hypoxanthine-guanine phosphoribosyltransferase (EC 2.4.2.8),GO:0004422|hypoxanthine phosphoribosyltransferase activity
Francisella tularensis subsp. tularensis SCHU S4,177416.18,NC_006570,fig|177416.18.peg.1875,,VBIFraTul2086_1875,PATRIC.177416.18.NC_006570.CDS.1682026.1682787.fwd,PATRIC,CDS,1682026,1682787,762,+,FIG00025607,PLF_262_00001094,PGF_06767689,,253,,"Multidrug resistance transporter, Bcr/CflA family",
Francisella tularensis subsp. tularensis SCHU S4,177416.18,NC_006570,fig|177416.18.peg.337,,VBIFraTul2086_0337,PATRIC.177416.18.NC_006570.CDS.316103.316972.fwd,PATRIC,CDS,316103,316972,870,+,FIG00638284,PLF_262_00000028,PGF_08225224,,289,,hypothetical protein,
Francisella tularensis subsp. tularensis SCHU S4,177416.18,NC_006570,fig|177416.18.peg.1932,,VBIFraTul2086_1932,PATRIC.177416.18.NC_006570.CDS.1734578.1735456.rev,PATRIC,CDS,1734578,1735456,879,-,FIG00133229,PLF_262_00001030,PGF_03134613,,292,,3-hydroxyisobutyrate dehydrogenase family protein,
Francisella tularensis subsp. tularensis SCHU S4,177416.18,NC_006570,fig|177416.18.peg.566,,VBIFraTul2086_0566,PATRIC.177416.18.NC_006570.CDS.524740.526653.fwd,PATRIC,CDS,524740,526653,1914,+,FIG00946206,PLF_262_00001459,PGF_00414482,,637,,uncharacterized conserved secreted protein,
Francisella tularensis subsp. tularensis SCHU S4,177416.18,NC_006570,fig|177416.18.peg.935,,VBIFraTul2086_0935,PATRIC.177416.18.NC_006570.CDS.833767.834660.rev,PATRIC,CDS,833767,834660,894,-,FIG00002614,PLF_262_00001082,PGF_09760073,,297,,Chitin binding protein,GO:0005576|extracellular region;GO:0005975|carbohydrate metabolic process;GO:0019028|viral capsid;GO:0030246|carbohydrate binding
Francisella tularensis subsp. tularensis SCHU S4,177416.18,NC_006570,fig|177416.18.peg.846,,VBIFraTul2086_0846,PATRIC.177416.18.NC_006570.CDS.758670.758849.fwd,PATRIC,CDS,758670,758849,180,+,FIG00638284,PLF_262_00001775,PGF_01719550,,59,,hypothetical protein,
Francisella tularensis subsp. tularensis SCHU S4,177416.18,NC_006570,fig|177416.18.peg.1217,,VBIFraTul2086_1217,PATRIC.177416.18.NC_006570.CDS.1070318.1070653.rev,PATRIC,CDS,1070318,1070653,336,-,FIG00000170,PLF_262_00000448,PGF_00049901,,111,,SSU ribosomal protein S6p,GO:0003735|structural constituent of ribosome;GO:0005622|intracellular;GO:0005840|ribosome;GO:0006412|translation
Francisella tularensis subsp. tularensis SCHU S4,177416.18,NC_006570,fig|177416.18.peg.247,,VBIFraTul2086_0247,PATRIC.177416.18.NC_006570.CDS.236993.237649.rev,PATRIC,CDS,236993,237649,657,-,FIG00022740,PLF_262_00000280,PGF_01719913,,218,,Phosphate transport regulator (distant homolog of PhoU),
Francisella tularensis subsp. tularensis SCHU S4,177416.18,NC_006570,,FTT1503,FTT1503,RefSeq.177416.18.NC_006570.CDS.1557984.1558862.fwd,RefSeq,CDS,1557984,1558862,879,+,,,,YP_170437.1,292,xerC,integrase/recombinase XerC,
Francisella tularensis subsp. tularensis SCHU S4,177416.18,NC_006570,,FTT0435,FTT0435,RefSeq.177416.18.NC_006570.CDS.448884.449744.fwd,RefSeq,CDS,448884,449744,861,+,,,,YP_169475.1,286,,carbon-nitrogen hydrolase family protein,
Francisella tularensis subsp. tularensis SCHU S4,177416.18,NC_006570,,FTT0031,FTT0031,RefSeq.177416.18.NC_006570.CDS.31160.31558.fwd,RefSeq,CDS,31160,31558,399,+,,,,YP_169107.1,132,nuoA,"NADH dehydrogenase I, A subunit",
Francisella tularensis subsp. tularensis SCHU S4,177416.18,NC_006570,fig|177416.18.peg.820,,VBIFraTul2086_0820,PATRIC.177416.18.NC_006570.CDS.741200.743425.rev,PATRIC,CDS,741200,743425,2226,-,FIG00000907,PLF_262_00000961,PGF_00416702,,741,,Catalase-peroxidase KatG (EC 1.11.1.21),
Francisella tularensis subsp. tularensis SCHU S4,177416.18,NC_006570,,FTT1665,FTT1665,RefSeq.177416.18.NC_006570.CDS.1733689.1734609.fwd,RefSeq,CDS,1733689,1734609,921,+,,,,YP_170572.1,306,pyrB,aspartate carbamoyltransferase,
Francisella tularensis subsp. tularensis SCHU S4,177416.18,NC_006570,fig|177416.18.peg.1085,,VBIFraTul2086_1085,PATRIC.177416.18.NC_006570.CDS.962126.962551.rev,PATRIC,CDS,962126,962551,426,-,FIG00657857,PLF_262_00001441,PGF_00119767,,141,,hypothetical protein,
Francisella tularensis subsp. tularensis SCHU S4,177416.18,NC_006570,fig|177416.18.peg.1543,,VBIFraTul2086_1543,PATRIC.177416.18.NC_006570.CDS.1370445.1371188.rev,PATRIC,CDS,1370445,1371188,744,-,FIG01306568,PLF_262_00000003,PGF_01000105,,247,,Mobile element protein,
Francisella tularensis subsp. tularensis SCHU S4,177416.18,NC_006570,fig|177416.18.peg.958,,VBIFraTul2086_0958,PATRIC.177416.18.NC_006570.CDS.851175.851990.fwd,PATRIC,CDS,851175,851990,816,+,FIG00000775,PLF_262_00000339,PGF_10373609,,271,,CDP-diacylglycerol--serine O-phosphatidyltransferase (EC 2.7.8.8),GO:0003882|CDP-diacylglycerol-serine O-phosphatidyltransferase activity
Francisella tularensis subsp. tularensis SCHU S4,177416.18,NC_006570,fig|177416.18.peg.879,,VBIFraTul2086_0879,PATRIC.177416.18.NC_006570.CDS.785002.785382.fwd,PATRIC,CDS,785002,785382,381,+,FIG01306568,PLF_262_00000001,PGF_01719295,,126,,Mobile element protein,
Francisella tularensis subsp. tularensis SCHU S4,177416.18,NC_006570,fig|177416.18.peg.1137,,VBIFraTul2086_1137,PATRIC.177416.18.NC_006570.CDS.1002188.1003204.fwd,PATRIC,CDS,1002188,1003204,1017,+,FIG01341998,PLF_262_00000147,PGF_03201988,,338,,Small-conductance mechanosensitive channel,
Francisella tularensis subsp. tularensis SCHU S4,177416.18,NC_006570,fig|177416.18.peg.562,,VBIFraTul2086_0562,PATRIC.177416.18.NC_006570.CDS.521853.521966.rev,PATRIC,CDS,521853,521966,114,-,FIG00638284,PLF_262_00001586,PGF_01719446,,37,,hypothetical protein,
Francisella tularensis subsp. tularensis SCHU S4,177416.18,NC_006570,,FTT0277c,FTT0277c,RefSeq.177416.18.NC_006570.CDS.290428.290526.rev,RefSeq,CDS,290428,290526,99,-,,,,YP_169327.1,32,,hypothetical protein,
Francisella tularensis subsp. tularensis SCHU S4,177416.18,NC_006570,,FTT0023c,FTT0023c,RefSeq.177416.18.NC_006570.CDS.21481.22362.rev,RefSeq,CDS,21481,22362,882,-,,,,YP_169099.1,293,,lipase/acyltransferase,
Francisella tularensis subsp. tularensis SCHU S4,177416.18,NC_006570,fig|177416.18.peg.1005,,VBIFraTul2086_1005,PATRIC.177416.18.NC_006570.CDS.884781.885839.rev,PATRIC,CDS,884781,885839,1059,-,FIG00000212,PLF_262_00000346,PGF_00417840,,352,,Chorismate synthase (EC 4.2.3.5),GO:0004107|chorismate synthase activity
Francisella tularensis subsp. tularensis SCHU S4,177416.18,NC_006570,fig|177416.18.peg.625,,VBIFraTul2086_0625,PATRIC.177416.18.NC_006570.CDS.572347.573126.fwd,PATRIC,CDS,572347,573126,780,+,FIG00008480,PLF_262_00000307,PGF_06434585,,259,,hypothetical protein,
Francisella tularensis subsp. tularensis SCHU S4,177416.18,NC_006570,fig|177416.18.peg.1739,,VBIFraTul2086_1739,PATRIC.177416.18.NC_006570.CDS.1561664.1563607.rev,PATRIC,CDS,1561664,1563607,1944,-,FIG00047414,PLF_262_00000628,PGF_00013857,,647,,"Inactive (p)ppGpp 3'-pyrophosphohydrolase domain / GTP pyrophosphokinase (EC 2.7.6.5), (p)ppGpp synthetase I",GO:0008728|GTP diphosphokinase activity
Francisella tularensis subsp. tularensis SCHU S4,177416.18,NC_006570,fig|177416.18.peg.1465,,VBIFraTul2086_1465,PATRIC.177416.18.NC_006570.CDS.1288586.1289482.fwd,PATRIC,CDS,1288586,1289482,897,+,FIG01304134,PLF_262_00001420,PGF_07987589,,298,,"Transcriptional regulator, LysR family",
Francisella tularensis subsp. tularensis SCHU S4,177416.18,NC_006570,,FTT1672,FTT1672,RefSeq.177416.18.NC_006570.CDS.1741690.1742295.fwd,RefSeq,CDS,1741690,1742295,606,+,,,,YP_170578.1,201,ribB,riboflavin synthase subunit alpha,
Francisella tularensis subsp. tularensis SCHU S4,177416.18,NC_006570,fig|177416.18.peg.925,,VBIFraTul2086_0925,PATRIC.177416.18.NC_006570.CDS.826079.826543.fwd,PATRIC,CDS,826079,826543,465,+,FIG00030042,PLF_262_00000726,PGF_03753337,,154,,Poly-gamma-glutamate synthase subunit PgsC/CapC (EC 6.3.2.-),
Francisella tularensis subsp. tularensis SCHU S4,177416.18,NC_006570,fig|177416.18.peg.1275,,VBIFraTul2086_1275,PATRIC.177416.18.NC_006570.CDS.1115543.1116397.rev,PATRIC,CDS,1115543,1116397,855,-,FIG00019601,PLF_262_00000217,PGF_03687611,,284,,Peptide-methionine (R)-S-oxide reductase MsrB (EC 1.8.4.12) / Peptide-methionine (S)-S-oxide reductase MsrA (EC 1.8.4.11),GO:0033743|peptide-methionine (R)-S-oxide reductase activity;GO:0008113|peptide-methionine (S)-S-oxide reductase activity
Francisella tularensis subsp. tularensis SCHU S4,177416.18,NC_006570,fig|177416.18.peg.904,,VBIFraTul2086_0904,PATRIC.177416.18.NC_006570.CDS.803782.804594.fwd,PATRIC,CDS,803782,804594,813,+,FIG00023677,PLF_262_00001057,PGF_00002685,,270,,FIG023677: hypothetical protein,
Francisella tularensis subsp. tularensis SCHU S4,177416.18,NC_006570,fig|177416.18.peg.1509,,VBIFraTul2086_1509,PATRIC.177416.18.NC_006570.CDS.1330603.1331118.rev,PATRIC,CDS,1330603,1331118,516,-,FIG00658078,PLF_262_00001643,PGF_01719472,,171,,hypothetical protein,
Francisella tularensis subsp. tularensis SCHU S4,177416.18,NC_006570,,FTT0346,FTT0346,RefSeq.177416.18.NC_006570.CDS.347884.347997.fwd,RefSeq,CDS,347884,347997,114,+,,,,YP_169395.1,37,rpmJ,50S ribosomal protein L36,
Francisella tularensis subsp. tularensis SCHU S4,177416.18,NC_006570,fig|177416.18.peg.937,,VBIFraTul2086_0937,PATRIC.177416.18.NC_006570.CDS.837080.837547.fwd,PATRIC,CDS,837080,837547,468,+,FIG00000206,PLF_262_00000468,PGF_00060478,,155,,Translation initiation factor 3,GO:0003743|translation initiation factor activity;GO:0006413|translational initiation
Francisella tularensis subsp. tularensis SCHU S4,177416.18,NC_006570,,FTT0530c,FTT0530c,RefSeq.177416.18.NC_006570.CDS.550625.551227.rev,RefSeq,CDS,550625,551227,603,-,,,,YP_169560.1,200,,DJ-1/PfpI family protein,
Francisella tularensis subsp. tularensis SCHU S4,177416.18,NC_006570,,FTT0007,FTT0007,RefSeq.177416.18.NC_006570.CDS.6044.7822.fwd,RefSeq,CDS,6044,7822,1779,+,,,,YP_169088.1,592,aspS,aspartyl-tRNA synthetase,
Francisella tularensis subsp. tularensis SCHU S4,177416.18,NC_006570,fig|177416.18.peg.1849,,VBIFraTul2086_1849,PATRIC.177416.18.NC_006570.CDS.1662198.1665032.fwd,PATRIC,CDS,1662198,1665032,2835,+,FIG00657801,PLF_262_00001507,PGF_01719405,,944,,hypothetical protein,
Francisella tularensis subsp. tularensis SCHU S4,177416.18,NC_006570,,FTT1410,FTT1410,RefSeq.177416.18.NC_006570.CDS.1459961.1460506.fwd,RefSeq,CDS,1459961,1460506,546,+,,,,YP_170354.1,181,,hypothetical protein,
Francisella tularensis subsp. tularensis SCHU S4,177416.18,NC_006570,,FTT0676,FTT0676,RefSeq.177416.18.NC_006570.CDS.693462.694721.fwd,RefSeq,CDS,693462,694721,1260,+,,,,YP_169692.1,419,,hypothetical protein,
Francisella tularensis subsp. tularensis SCHU S4,177416.18,NC_006570,,FTT1636,FTT1636,RefSeq.177416.18.NC_006570.CDS.1701989.1702606.fwd,RefSeq,CDS,1701989,1702606,618,+,,,,YP_170549.1,205,lolA,"lipoprotein releasing system, subunit A, outer membrane lipoproteins carrier",
Francisella tularensis subsp. tularensis SCHU S4,177416.18,NC_006570,,FTT0413c,FTT0413c,RefSeq.177416.18.NC_006570.CDS.422414.424336.rev,RefSeq,CDS,422414,424336,1923,-,,,,YP_169458.1,640,glgB,glycogen branching enzyme,
Francisella tularensis subsp. tularensis SCHU S4,177416.18,NC_006570,,FTT1491c,FTT1491c,RefSeq.177416.18.NC_006570.CDS.1544853.1545167.rev,RefSeq,CDS,1544853,1545167,315,-,,,,YP_170426.1,104,,hypothetical protein,
Francisella tularensis subsp. tularensis SCHU S4,177416.18,NC_006570,,FTT1612,FTT1612,RefSeq.177416.18.NC_006570.CDS.1676491.1676784.fwd,RefSeq,CDS,1676491,1676784,294,+,,,,YP_170527.1,97,,hypothetical protein,
Francisella tularensis subsp. tularensis SCHU S4,177416.18,NC_006570,fig|177416.18.peg.269,,VBIFraTul2086_0269,PATRIC.177416.18.NC_006570.CDS.252463.253335.fwd,PATRIC,CDS,252463,253335,873,+,FIG00000260,PLF_262_00001149,PGF_03215471,,290,,16S rRNA (cytidine(1402)-2'-O)-methyltransferase (EC 2.1.1.198),
Francisella tularensis subsp. tularensis SCHU S4,177416.18,NC_006570,fig|177416.18.peg.1560,,VBIFraTul2086_1560,PATRIC.177416.18.NC_006570.CDS.1398638.1399267.rev,PATRIC,CDS,1398638,1399267,630,-,FIG01402827,PLF_262_00000128,PGF_00338520,,209,,hypothetical protein,
Francisella tularensis subsp. tularensis SCHU S4,177416.18,NC_006570,fig|177416.18.peg.1783,,VBIFraTul2086_1783,PATRIC.177416.18.NC_006570.CDS.1607083.1607565.fwd,PATRIC,CDS,1607083,1607565,483,+,FIG00633925,PLF_262_00000057,PGF_09700850,,160,,"Amine oxidase, flavin-containing",
Francisella tularensis subsp. tularensis SCHU S4,177416.18,NC_006570,fig|177416.18.peg.956,,VBIFraTul2086_0956,PATRIC.177416.18.NC_006570.CDS.849840.850796.fwd,PATRIC,CDS,849840,850796,957,+,FIG00000381,PLF_262_00000515,PGF_00423732,,318,,4-hydroxy-3-methylbut-2-enyl diphosphate reductase (EC 1.17.7.4),
Francisella tularensis subsp. tularensis SCHU S4,177416.18,NC_006570,fig|177416.18.peg.56,FTT0051,VBIFraTul2086_0056,PATRIC.177416.18.NC_006570.CDS.53243.53674.fwd,PATRIC,CDS,53243,53674,432,+,FIG00000164,PLF_262_00001414,PGF_09452281,YP_169126.1,143,rbfA,Ribosome-binding factor A,GO:0006364|rRNA processing
Francisella tularensis subsp. tularensis SCHU S4,177416.18,NC_006570,fig|177416.18.peg.445,,VBIFraTul2086_0445,PATRIC.177416.18.NC_006570.CDS.403230.403346.rev,PATRIC,CDS,403230,403346,117,-,FIG01474633,PLF_262_00001576,PGF_01719441,,38,,hypothetical protein,
Francisella tularensis subsp. tularensis SCHU S4,177416.18,NC_006570,fig|177416.18.peg.1907,,VBIFraTul2086_1907,PATRIC.177416.18.NC_006570.CDS.1708778.1710256.fwd,PATRIC,CDS,1708778,1710256,1479,+,FIG00010392,PLF_262_00000800,PGF_08147841,,492,,Sucrose-6-phosphate hydrolase (EC 3.2.1.26),GO:0004564|beta-fructofuranosidase activity
Francisella tularensis subsp. tularensis SCHU S4,177416.18,NC_006570,fig|177416.18.peg.996,,VBIFraTul2086_0996,PATRIC.177416.18.NC_006570.CDS.877835.879016.rev,PATRIC,CDS,877835,879016,1182,-,FIG00658111,PLF_262_00000144,PGF_07109475,,393,,"Lead, cadmium, zinc and mercury transporting ATPase (EC 3.6.3.3) (EC 3.6.3.5); Copper-translocating P-type ATPase (EC 3.6.3.4)",GO:0004008|copper-exporting ATPase activity
Francisella tularensis subsp. tularensis SCHU S4,177416.18,NC_006570,,FTT1584c,FTT1584c,RefSeq.177416.18.NC_006570.CDS.1648874.1649658.rev,RefSeq,CDS,1648874,1649658,327,-,,,,YP_170504.1,261,isftu1,transposase,
Francisella tularensis subsp. tularensis SCHU S4,177416.18,NC_006570,,FTT1245,FTT1245,RefSeq.177416.18.NC_006570.CDS.1266339.1267337.fwd,RefSeq,CDS,1266339,1267337,999,+,,,,YP_170203.1,332,rluD,ribosomal large subunit pseudouridine synthase D,
Francisella tularensis subsp. tularensis SCHU S4,177416.18,NC_006570,,FTT0836c,FTT0836c,RefSeq.177416.18.NC_006570.CDS.851996.852220.rev,RefSeq,CDS,851996,852220,225,-,,,,YP_169841.1,74,,hypothetical protein,
Francisella tularensis subsp. tularensis SCHU S4,177416.18,NC_006570,,FTT0318,FTT0318,RefSeq.177416.18.NC_006570.CDS.332266.333060.fwd,RefSeq,CDS,332266,333060,795,+,,,,YP_169367.1,264,cdsA,phosphatidate cytidylyltransferase,
Francisella tularensis subsp. tularensis SCHU S4,177416.18,NC_006570,,FTT1156c,FTT1156c,RefSeq.177416.18.NC_006570.CDS.1168800.1170584.rev,RefSeq,CDS,1168800,1170584,1785,-,,,,YP_170123.1,594,pilQ,Type IV pilin multimeric outer membrane protein,
Francisella tularensis subsp. tularensis SCHU S4,177416.18,NC_006570,,FTT0739c,FTT0739c,RefSeq.177416.18.NC_006570.CDS.760407.760775.rev,RefSeq,CDS,760407,760775,369,-,,,,YP_169750.1,122,hslR,heat shock protein 15 (HSP15),
Francisella tularensis subsp. tularensis SCHU S4,177416.18,NC_006570,,FTT0760c,FTT0760c,RefSeq.177416.18.NC_006570.CDS.780181.780387.rev,RefSeq,CDS,780181,780387,207,-,,,,YP_169770.1,68,,lipoprotein,
Francisella tularensis subsp. tularensis SCHU S4,177416.18,NC_006570,fig|177416.18.peg.293,,VBIFraTul2086_0293,PATRIC.177416.18.NC_006570.CDS.277882.278019.fwd,PATRIC,CDS,277882,278019,138,+,FIG00657508,PLF_262_00001788,PGF_01719313,,45,,hypothetical protein,
Francisella tularensis subsp. tularensis SCHU S4,177416.18,NC_006570,fig|177416.18.peg.678,,VBIFraTul2086_0678,PATRIC.177416.18.NC_006570.CDS.614003.614620.rev,PATRIC,CDS,614003,614620,618,-,FIG00657437,PLF_262_00000858,PGF_01722178,,205,,hypothetical protein,
Francisella tularensis subsp. tularensis SCHU S4,177416.18,NC_006570,fig|177416.18.peg.516,,VBIFraTul2086_0516,PATRIC.177416.18.NC_006570.CDS.478112.478390.fwd,PATRIC,CDS,478112,478390,279,+,FIG00001879,PLF_262_00000596,PGF_04287303,,92,,RNA-binding protein YhbY,
Francisella tularensis subsp. tularensis SCHU S4,177416.18,NC_006570,fig|177416.18.peg.878,,VBIFraTul2086_0878,PATRIC.177416.18.NC_006570.CDS.782778.784862.fwd,PATRIC,CDS,782778,784862,2085,+,FIG00000448,PLF_262_00000968,PGF_00009969,,694,,Glycyl-tRNA synthetase beta chain (EC 6.1.1.14),GO:0004820|glycine-tRNA ligase activity
Francisella tularensis subsp. tularensis SCHU S4,177416.18,NC_006570,fig|177416.18.peg.742,,VBIFraTul2086_0742,PATRIC.177416.18.NC_006570.CDS.670255.670818.rev,PATRIC,CDS,670255,670818,564,-,FIG00004007,PLF_262_00000614,PGF_03847533,,187,,Glutaredoxin 2,
Francisella tularensis subsp. tularensis SCHU S4,177416.18,NC_006570,,FTT0566,FTT0566,RefSeq.177416.18.NC_006570.CDS.583398.583664.fwd,RefSeq,CDS,583398,583664,267,+,,,,YP_169592.1,88,,hypothetical protein,
Francisella tularensis subsp. tularensis SCHU S4,177416.18,NC_006570,,FTT0818,FTT0818,RefSeq.177416.18.NC_006570.CDS.837081.837548.fwd,RefSeq,CDS,837081,837548,468,+,,,,YP_169825.1,155,infC,translation initiation factor IF-3,
Francisella tularensis subsp. tularensis SCHU S4,177416.18,NC_006570,,FTT0935c,FTT0935c,RefSeq.177416.18.NC_006570.CDS.946562.947299.rev,RefSeq,CDS,946562,947299,738,-,,,,YP_169928.1,245,bioC,biotin synthesis protein BioC,
Francisella tularensis subsp. tularensis SCHU S4,177416.18,NC_006570,,FTT1268c,FTT1268c,RefSeq.177416.18.NC_006570.CDS.1289527.1290651.rev,RefSeq,CDS,1289527,1290651,1125,-,,,,YP_170224.1,374,dnaJ,heat shock protein DnaJ,
Francisella tularensis subsp. tularensis SCHU S4,177416.18,NC_006570,,FTT0838,FTT0838,RefSeq.177416.18.NC_006570.CDS.853090.853536.fwd,RefSeq,CDS,853090,853536,447,+,,,,YP_169843.1,148,tolR,TolR protein,
Francisella tularensis subsp. tularensis SCHU S4,177416.18,NC_006570,fig|177416.18.peg.819,,VBIFraTul2086_0819,PATRIC.177416.18.NC_006570.CDS.739771.741096.rev,PATRIC,CDS,739771,741096,1326,-,FIG01304575,PLF_262_00000990,PGF_12771936,,441,,"dNTP triphosphohydrolase, broad substrate specificity",
Francisella tularensis subsp. tularensis SCHU S4,177416.18,NC_006570,,FTT0245,FTT0245,RefSeq.177416.18.NC_006570.CDS.258373.259209.fwd,RefSeq,CDS,258373,259209,837,+,,,,YP_169298.1,278,usp,universal stress protein,
Francisella tularensis subsp. tularensis SCHU S4,177416.18,NC_006570,fig|177416.18.peg.429,,VBIFraTul2086_0429,PATRIC.177416.18.NC_006570.CDS.386986.387924.fwd,PATRIC,CDS,386986,387924,939,+,FIG00657995,PLF_262_00001272,PGF_00375703,,312,,hypothetical protein,
Francisella tularensis subsp. tularensis SCHU S4,177416.18,NC_006570,fig|177416.18.peg.1513,,VBIFraTul2086_1513,PATRIC.177416.18.NC_006570.CDS.1335111.1335365.rev,PATRIC,CDS,1335111,1335365,255,-,,PLF_262_00003970,PGF_01720698,,84,,hypothetical protein,
Francisella tularensis subsp. tularensis SCHU S4,177416.18,NC_006570,fig|177416.18.peg.1821,,VBIFraTul2086_1821,PATRIC.177416.18.NC_006570.CDS.1636102.1637259.rev,PATRIC,CDS,1636102,1637259,1158,-,FIG00000401,PLF_262_00000314,PGF_09077460,,385,,1-deoxy-D-xylulose 5-phosphate reductoisomerase (EC 1.1.1.267),GO:0030604|1-deoxy-D-xylulose-5-phosphate reductoisomerase activity
Francisella tularensis subsp. tularensis SCHU S4,177416.18,NC_006570,fig|177416.18.peg.1644,,VBIFraTul2086_1644,PATRIC.177416.18.NC_006570.CDS.1476022.1476402.fwd,PATRIC,CDS,1476022,1476402,381,+,FIG01306568,PLF_262_00000001,PGF_01719295,,126,,Mobile element protein,
Francisella tularensis subsp. tularensis SCHU S4,177416.18,NC_006570,fig|177416.18.peg.707,,VBIFraTul2086_0707,PATRIC.177416.18.NC_006570.CDS.638739.639374.fwd,PATRIC,CDS,638739,639374,636,+,FIG00755352,PLF_262_00000692,PGF_00406043,,211,,Uncharacterized SAM-dependent O-methyltransferase,
Francisella tularensis subsp. tularensis SCHU S4,177416.18,NC_006570,fig|177416.18.peg.1836,,VBIFraTul2086_1836,PATRIC.177416.18.NC_006570.CDS.1649883.1650164.rev,PATRIC,CDS,1649883,1650164,282,-,FIG00946206,PLF_262_00001146,PGF_10492537,,93,,putative membrane protein,
Francisella tularensis subsp. tularensis SCHU S4,177416.18,NC_006570,fig|177416.18.peg.758,,VBIFraTul2086_0758,PATRIC.177416.18.NC_006570.CDS.682070.683206.rev,PATRIC,CDS,682070,683206,1137,-,FIG00963752,PLF_262_00001386,PGF_00900591,,378,,Histidine decarboxylase (EC 4.1.1.22),
Francisella tularensis subsp. tularensis SCHU S4,177416.18,NC_006570,fig|177416.18.peg.1447,,VBIFraTul2086_1447,PATRIC.177416.18.NC_006570.CDS.1273225.1274706.fwd,PATRIC,CDS,1273225,1274706,1482,+,FIG00026146,PLF_262_00001103,PGF_00423018,,493,,Di-tripeptide/H+ symporter,
Francisella tularensis subsp. tularensis SCHU S4,177416.18,NC_006570,fig|177416.18.peg.1058,,VBIFraTul2086_1058,PATRIC.177416.18.NC_006570.CDS.937120.938094.fwd,PATRIC,CDS,937120,938094,975,+,FIG00000722,PLF_262_00000379,PGF_00008469,,324,,Glutathione synthetase (EC 6.3.2.3),GO:0004363|glutathione synthase activity
Francisella tularensis subsp. tularensis SCHU S4,177416.18,NC_006570,fig|177416.18.peg.497,,VBIFraTul2086_0497,PATRIC.177416.18.NC_006570.CDS.457658.458821.fwd,PATRIC,CDS,457658,458821,1164,+,FIG00657696,PLF_262_00000985,PGF_00810554,,387,,Uncharacterized MFS-type transporter,
Francisella tularensis subsp. tularensis SCHU S4,177416.18,NC_006570,fig|177416.18.peg.485,,VBIFraTul2086_0485,PATRIC.177416.18.NC_006570.CDS.448883.449743.fwd,PATRIC,CDS,448883,449743,861,+,FIG00660211,PLF_262_00000133,PGF_01481375,,286,,N-carbamoylputrescine amidase (EC 3.5.1.53),GO:0050126|N-carbamoylputrescine amidase activity
Francisella tularensis subsp. tularensis SCHU S4,177416.18,NC_006570,fig|177416.18.peg.1128,,VBIFraTul2086_1128,PATRIC.177416.18.NC_006570.CDS.994786.995196.rev,PATRIC,CDS,994786,995196,411,-,FIG01303895,PLF_262_00000189,PGF_00023476,,136,,"Mutator MutT protein (7,8-dihydro-8-oxoguanine-triphosphatase) (EC 3.6.1.-)","GO:0004787|thiamine-pyrophosphatase activity;GO:0004787|8-oxo-7,8-dihydroguanosine triphosphate pyrophosphatase activity;GO:0004787|UDP-2,3-diacylglucosamine hydrolase activity;GO:0004787|bis(5'-nucleosyl)-tetraphosphatase activity;GO:0004787|dATP pyrophosphohydrolase activity;GO:0004787|pyrophosphatase activity;GO:0004787|dihydroneopterin monophosphate phosphatase activity;GO:0004787|dihydroneopterin triphosphate pyrophosphohydrolase activity;GO:0004787|dITP diphosphatase activity;GO:0004787|dTTP diphosphatase activity;GO:0004787|XTP diphosphatase activity;GO:0004787|ATP-dependent 5'-3' DNA helicase activity;GO:0004787|phosphocholine hydrolase activity"
Francisella tularensis subsp. tularensis SCHU S4,177416.18,NC_006570,fig|177416.18.peg.450,,VBIFraTul2086_0450,PATRIC.177416.18.NC_006570.CDS.409479.410741.fwd,PATRIC,CDS,409479,410741,1263,+,FIG00009971,PLF_262_00001313,PGF_10130596,,420,,Lipoprotein releasing system transmembrane protein LolC/LolE,
Francisella tularensis subsp. tularensis SCHU S4,177416.18,NC_006570,fig|177416.18.peg.1820,,VBIFraTul2086_1820,PATRIC.177416.18.NC_006570.CDS.1633718.1636054.rev,PATRIC,CDS,1633718,1636054,2337,-,FIG00000667,PLF_262_00000415,PGF_07253156,,778,,Outer membrane protein assembly factor YaeT,
Francisella tularensis subsp. tularensis SCHU S4,177416.18,NC_006570,fig|177416.18.peg.74,FTT0068,VBIFraTul2086_0074,PATRIC.177416.18.NC_006570.CDS.70161.70739.fwd,PATRIC,CDS,70161,70739,579,+,FIG00133139,PLF_262_00000802,PGF_00055273,YP_169143.1,192,sodB,Superoxide dismutase [Fe] (EC 1.15.1.1),GO:0004784|superoxide dismutase activity
Francisella tularensis subsp. tularensis SCHU S4,177416.18,NC_006570,fig|177416.18.peg.1586,,VBIFraTul2086_1586,PATRIC.177416.18.NC_006570.CDS.1423569.1423733.fwd,PATRIC,CDS,1423569,1423733,165,+,FIG00658143,PLF_262_00001524,PGF_01719415,,54,,hypothetical protein,
Francisella tularensis subsp. tularensis SCHU S4,177416.18,NC_006570,,FTT1632c,FTT1632c,RefSeq.177416.18.NC_006570.CDS.1696348.1696986.rev,RefSeq,CDS,1696348,1696986,639,-,,,,YP_170545.1,212,,hypothetical protein,
Francisella tularensis subsp. tularensis SCHU S4,177416.18,NC_006570,fig|177416.18.peg.2078,,VBIFraTul2086_2078,PATRIC.177416.18.NC_006570.CDS.1874669.1875193.fwd,PATRIC,CDS,1874669,1875193,525,+,FIG01371060,PLF_262_00000061,PGF_05806155,,174,,Outer membrane protein romA,
Francisella tularensis subsp. tularensis SCHU S4,177416.18,NC_006570,fig|177416.18.peg.1722,,VBIFraTul2086_1722,PATRIC.177416.18.NC_006570.CDS.1545874.1546050.fwd,PATRIC,CDS,1545874,1546050,177,+,FIG00657874,PLF_262_00001657,PGF_01719480,,58,,hypothetical protein,
Francisella tularensis subsp. tularensis SCHU S4,177416.18,NC_006570,,FTT0076,FTT0076,RefSeq.177416.18.NC_006570.CDS.77175.80000.fwd,RefSeq,CDS,77175,80000,2826,+,,,,YP_169151.1,941,sucA,2-oxoglutarate dehydrogenase E1 component,
Francisella tularensis subsp. tularensis SCHU S4,177416.18,NC_006570,fig|177416.18.peg.832,,VBIFraTul2086_0832,PATRIC.177416.18.NC_006570.CDS.752048.753166.fwd,PATRIC,CDS,752048,753166,1119,+,FIG00001785,PLF_262_00001778,PGF_01182430,,372,,"Domain of unknown function / Efflux ABC transporter, permease protein",
Francisella tularensis subsp. tularensis SCHU S4,177416.18,NC_006570,fig|177416.18.peg.680,,VBIFraTul2086_0680,PATRIC.177416.18.NC_006570.CDS.616158.616934.rev,PATRIC,CDS,616158,616934,777,-,FIG00003381,PLF_262_00000979,PGF_01722207,,258,,Proton/sodium-glutamate symport protein,
Francisella tularensis subsp. tularensis SCHU S4,177416.18,NC_006570,fig|177416.18.peg.413,,VBIFraTul2086_0413,PATRIC.177416.18.NC_006570.CDS.371288.372439.rev,PATRIC,CDS,371288,372439,1152,-,FIG00000106,PLF_262_00001083,PGF_12864480,,383,,Dihydrofolate synthase (EC 6.3.2.12) @ Folylpolyglutamate synthase (EC 6.3.2.17),GO:0008841|dihydrofolate synthase activity;GO:0004326|tetrahydrofolylpolyglutamate synthase activity
Francisella tularensis subsp. tularensis SCHU S4,177416.18,NC_006570,fig|177416.18.peg.1854,,VBIFraTul2086_1854,PATRIC.177416.18.NC_006570.CDS.1668466.1668663.rev,PATRIC,CDS,1668466,1668663,198,-,FIG00657963,PLF_262_00001682,PGF_01719494,,65,,hypothetical protein,
Francisella tularensis subsp. tularensis SCHU S4,177416.18,NC_006570,fig|177416.18.peg.1785,,VBIFraTul2086_1785,PATRIC.177416.18.NC_006570.CDS.1608326.1608511.fwd,PATRIC,CDS,1608326,1608511,186,+,FIG00001571,PLF_262_00000021,PGF_06149846,,61,,FIG001571: Hypothetical protein,
Francisella tularensis subsp. tularensis SCHU S4,177416.18,NC_006570,fig|177416.18.peg.546,,VBIFraTul2086_0546,PATRIC.177416.18.NC_006570.CDS.509037.509987.rev,PATRIC,CDS,509037,509987,951,-,FIG00018396,PLF_262_00000804,PGF_01625234,,316,,Thioredoxin reductase (EC 1.8.1.9),GO:0004791|thioredoxin-disulfide reductase activity
Francisella tularensis subsp. tularensis SCHU S4,177416.18,NC_006570,fig|177416.18.peg.1893,,VBIFraTul2086_1893,PATRIC.177416.18.NC_006570.CDS.1696950.1698404.rev,PATRIC,CDS,1696950,1698404,1455,-,FIG00003013,PLF_262_00001034,PGF_00018016,,484,,Lysine-specific permease,
Francisella tularensis subsp. tularensis SCHU S4,177416.18,NC_006570,,FTT1025c,FTT1025c,RefSeq.177416.18.NC_006570.CDS.1035952.1036785.rev,RefSeq,CDS,1035952,1036785,834,-,,,,YP_170010.1,277,,hypothetical protein,
Francisella tularensis subsp. tularensis SCHU S4,177416.18,NC_006570,,FTT1639c,FTT1639c,RefSeq.177416.18.NC_006570.CDS.1704788.1705333.rev,RefSeq,CDS,1704788,1705333,546,-,,,,YP_170552.1,181,,hypothetical protein,
Francisella tularensis subsp. tularensis SCHU S4,177416.18,NC_006570,,FTT1751,FTT1751,RefSeq.177416.18.NC_006570.CDS.1839317.1839769.fwd,RefSeq,CDS,1839317,1839769,453,+,,,,YP_170645.1,150,recX,regulatory protein recX,
Francisella tularensis subsp. tularensis SCHU S4,177416.18,NC_006570,,FTT0636,FTT0636,RefSeq.177416.18.NC_006570.CDS.655449.656042.fwd,RefSeq,CDS,655449,656042,594,+,,,,YP_169657.1,197,engB,ribosome biogenesis GTP-binding protein YsxC,
Francisella tularensis subsp. tularensis SCHU S4,177416.18,NC_006570,,FTT1448c,FTT1448c,RefSeq.177416.18.NC_006570.CDS.1496701.1498107.rev,RefSeq,CDS,1496701,1498107,1407,-,,,,YP_170386.1,468,manC,mannose-1-phosphate guanyltransferase,
Francisella tularensis subsp. tularensis SCHU S4,177416.18,NC_006570,,FTT1695,FTT1695,RefSeq.177416.18.NC_006570.CDS.1763981.1764268.fwd,RefSeq,CDS,1763981,1764268,288,+,,,,YP_170600.1,95,groES,co-chaperonin GroES,
Francisella tularensis subsp. tularensis SCHU S4,177416.18,NC_006570,,FTT1022c,FTT1022c,RefSeq.177416.18.NC_006570.CDS.1032660.1034492.rev,RefSeq,CDS,1032660,1034492,1833,-,,,,YP_170007.1,610,,hypothetical protein,
Francisella tularensis subsp. tularensis SCHU S4,177416.18,NC_006570,,FTT1143,FTT1143,RefSeq.177416.18.NC_006570.CDS.1155023.1155268.fwd,RefSeq,CDS,1155023,1155268,246,+,,,,YP_170112.1,81,,hypothetical protein,
Francisella tularensis subsp. tularensis SCHU S4,177416.18,NC_006570,,FTT1282,FTT1282,RefSeq.177416.18.NC_006570.CDS.1301315.1301560.fwd,RefSeq,CDS,1301315,1301560,246,+,,,,YP_170238.1,81,,hypothetical protein,
Francisella tularensis subsp. tularensis SCHU S4,177416.18,NC_006570,,FTT1375,FTT1375,RefSeq.177416.18.NC_006570.CDS.1421061.1421804.fwd,RefSeq,CDS,1421061,1421804,744,+,,,,YP_170324.1,247,fabG,3-oxoacyl-(acyl-carrier-protein) reductase,
Francisella tularensis subsp. tularensis SCHU S4,177416.18,NC_006570,fig|177416.18.peg.615,,VBIFraTul2086_0615,PATRIC.177416.18.NC_006570.CDS.565307.565918.fwd,PATRIC,CDS,565307,565918,612,+,FIG00657896,PLF_262_00000016,PGF_00269852,,203,,hypothetical protein,
Francisella tularensis subsp. tularensis SCHU S4,177416.18,NC_006570,fig|177416.18.peg.621,,VBIFraTul2086_0621,PATRIC.177416.18.NC_006570.CDS.569774.570109.fwd,PATRIC,CDS,569774,570109,336,+,FIG01007645,PLF_262_00000012,PGF_00751526,,111,,L-lysine dehydrogenase,
Francisella tularensis subsp. tularensis SCHU S4,177416.18,NC_006570,fig|177416.18.peg.1488,,VBIFraTul2086_1488,PATRIC.177416.18.NC_006570.CDS.1306598.1307167.fwd,PATRIC,CDS,1306598,1307167,570,+,FIG00920505,PLF_262_00001254,PGF_00041549,,189,,Putative inner membrane protein,
Francisella tularensis subsp. tularensis SCHU S4,177416.18,NC_006570,fig|177416.18.peg.1990,,VBIFraTul2086_1990,PATRIC.177416.18.NC_006570.CDS.1794153.1794707.rev,PATRIC,CDS,1794153,1794707,555,-,FIG00005165,PLF_262_00000103,PGF_00064960,,184,,T6SS component TssB (ImpB/VipA),
Francisella tularensis subsp. tularensis SCHU S4,177416.18,NC_006570,fig|177416.18.peg.375,,VBIFraTul2086_0375,PATRIC.177416.18.NC_006570.CDS.344036.344434.fwd,PATRIC,CDS,344036,344434,399,+,FIG00000153,PLF_262_00000449,PGF_00049906,,132,,SSU ribosomal protein S8p (S15Ae),GO:0003735|structural constituent of ribosome;GO:0005622|intracellular;GO:0005840|ribosome;GO:0006412|translation
Francisella tularensis subsp. tularensis SCHU S4,177416.18,NC_006570,fig|177416.18.peg.508,,VBIFraTul2086_0508,PATRIC.177416.18.NC_006570.CDS.470727.471533.rev,PATRIC,CDS,470727,471533,807,-,FIG00657846,PLF_262_00001196,PGF_08225224,,268,,hypothetical protein,
Francisella tularensis subsp. tularensis SCHU S4,177416.18,NC_006570,fig|177416.18.peg.1386,,VBIFraTul2086_1386,PATRIC.177416.18.NC_006570.CDS.1211448.1212611.rev,PATRIC,CDS,1211448,1212611,1164,-,FIG00537781,PLF_262_00000048,PGF_00038061,,387,,"Protein containing domains DUF404, DUF407",
Francisella tularensis subsp. tularensis SCHU S4,177416.18,NC_006570,fig|177416.18.peg.529,,VBIFraTul2086_0529,PATRIC.177416.18.NC_006570.CDS.490482.491837.fwd,PATRIC,CDS,490482,491837,1356,+,FIG00000420,PLF_262_00000335,PGF_07396749,,451,,Biotin carboxylase of acetyl-CoA carboxylase (EC 6.3.4.14),GO:0004075|biotin carboxylase activity
Francisella tularensis subsp. tularensis SCHU S4,177416.18,NC_006570,fig|177416.18.peg.632,,VBIFraTul2086_0632,PATRIC.177416.18.NC_006570.CDS.577004.578056.rev,PATRIC,CDS,577004,578056,1053,-,FIG00000445,PLF_262_00000724,PGF_04477253,,350,,Phosphoserine aminotransferase (EC 2.6.1.52),GO:0004648|phosphoserine transaminase activity
Francisella tularensis subsp. tularensis SCHU S4,177416.18,NC_006570,fig|177416.18.peg.520,,VBIFraTul2086_0520,PATRIC.177416.18.NC_006570.CDS.481518.481646.fwd,PATRIC,CDS,481518,481646,129,+,FIG00657640,PLF_262_00001918,PGF_06899977,,42,,hypothetical protein,
Francisella tularensis subsp. tularensis SCHU S4,177416.18,NC_006570,fig|177416.18.peg.1679,,VBIFraTul2086_1679,PATRIC.177416.18.NC_006570.CDS.1503856.1504581.rev,PATRIC,CDS,1503856,1504581,726,-,FIG00000112,PLF_262_00001662,PGF_00071433,,241,,formyltransferase,
Francisella tularensis subsp. tularensis SCHU S4,177416.18,NC_006570,fig|177416.18.peg.180,FTT0163c,VBIFraTul2086_0180,PATRIC.177416.18.NC_006570.CDS.176959.178842.rev,PATRIC,CDS,176959,178842,1884,-,FIG00000439,PLF_262_00000464,PGF_06005188,YP_169229.1,627,parE,DNA topoisomerase IV subunit B (EC 5.99.1.3),GO:0003918|DNA topoisomerase type II (ATP-hydrolyzing) activity
Francisella tularensis subsp. tularensis SCHU S4,177416.18,NC_006570,fig|177416.18.peg.465,,VBIFraTul2086_0465,PATRIC.177416.18.NC_006570.CDS.431478.432941.fwd,PATRIC,CDS,431478,432941,1464,+,FIG00028461,PLF_262_00000886,PGF_03060077,,487,,4-alpha-glucanotransferase (amylomaltase) (EC 2.4.1.25),GO:0004134|4-alpha-glucanotransferase activity
Francisella tularensis subsp. tularensis SCHU S4,177416.18,NC_006570,fig|177416.18.peg.1996,,VBIFraTul2086_1996,PATRIC.177416.18.NC_006570.CDS.1800731.1801147.rev,PATRIC,CDS,1800731,1801147,417,-,FIG01306568,PLF_262_00000002,PGF_01719295,,138,,Mobile element protein,
Francisella tularensis subsp. tularensis SCHU S4,177416.18,NC_006570,fig|177416.18.peg.1759,,VBIFraTul2086_1759,PATRIC.177416.18.NC_006570.CDS.1581748.1582635.rev,PATRIC,CDS,1581748,1582635,888,-,FIG00657464,PLF_262_00001513,PGF_01719407,,295,,hypothetical protein,
Francisella tularensis subsp. tularensis SCHU S4,177416.18,NC_006570,fig|177416.18.peg.397,,VBIFraTul2086_0397,PATRIC.177416.18.NC_006570.CDS.358691.359359.fwd,PATRIC,CDS,358691,359359,669,+,FIG01045177,PLF_262_00000190,PGF_00000939,,222,,Uncharacterized protein YhiN,
Francisella tularensis subsp. tularensis SCHU S4,177416.18,NC_006570,fig|177416.18.peg.607,,VBIFraTul2086_0607,PATRIC.177416.18.NC_006570.CDS.559834.560379.rev,PATRIC,CDS,559834,560379,546,-,FIG00468983,PLF_262_00000209,PGF_01767358,,181,,HesA/MoeB/ThiF family protein,
Francisella tularensis subsp. tularensis SCHU S4,177416.18,NC_006570,fig|177416.18.peg.1161,,VBIFraTul2086_1161,PATRIC.177416.18.NC_006570.CDS.1022529.1023116.fwd,PATRIC,CDS,1022529,1023116,588,+,FIG01426333,PLF_262_00001531,PGF_00405747,,195,,putative Bax protein,
Francisella tularensis subsp. tularensis SCHU S4,177416.18,NC_006570,fig|177416.18.peg.391,,VBIFraTul2086_0391,PATRIC.177416.18.NC_006570.CDS.352948.353913.fwd,PATRIC,CDS,352948,353913,966,+,FIG00657767,PLF_262_00000067,PGF_01722143,,321,,hypothetical protein,
Francisella tularensis subsp. tularensis SCHU S4,177416.18,NC_006570,fig|177416.18.peg.664,,VBIFraTul2086_0664,PATRIC.177416.18.NC_006570.CDS.604514.605095.fwd,PATRIC,CDS,604514,605095,582,+,FIG00023946,PLF_262_00001564,PGF_00415964,,193,,CRISPR-associated protein Cas1,
Francisella tularensis subsp. tularensis SCHU S4,177416.18,NC_006570,fig|177416.18.peg.1935,,VBIFraTul2086_1935,PATRIC.177416.18.NC_006570.CDS.1738723.1739103.fwd,PATRIC,CDS,1738723,1739103,381,+,FIG01306568,PLF_262_00000001,PGF_01719295,,126,,Mobile element protein,
Francisella tularensis subsp. tularensis SCHU S4,177416.18,NC_006570,fig|177416.18.peg.1959,,VBIFraTul2086_1959,PATRIC.177416.18.NC_006570.CDS.1758340.1758861.rev,PATRIC,CDS,1758340,1758861,522,-,FIG00773824,PLF_262_00000273,PGF_01719879,,173,,Membrane protein,
Francisella tularensis subsp. tularensis SCHU S4,177416.18,NC_006570,fig|177416.18.peg.619,,VBIFraTul2086_0619,PATRIC.177416.18.NC_006570.CDS.567544.568017.fwd,PATRIC,CDS,567544,568017,474,+,FIG00561498,PLF_262_00001122,PGF_03981123,,157,,D-alanyl-D-alanine carboxypeptidase (EC 3.4.16.4),GO:0009002|serine-type D-Ala-D-Ala carboxypeptidase activity
Francisella tularensis subsp. tularensis SCHU S4,177416.18,NC_006570,fig|177416.18.peg.54,FTT0049,VBIFraTul2086_0054,PATRIC.177416.18.NC_006570.CDS.49192.50661.fwd,PATRIC,CDS,49192,50661,1470,+,FIG00000168,PLF_262_00000942,PGF_07063065,YP_169124.1,489,nusA,Transcription termination protein NusA,GO:0003676|nucleic acid binding;GO:0003723|RNA binding
Francisella tularensis subsp. tularensis SCHU S4,177416.18,NC_006570,fig|177416.18.peg.1209,,VBIFraTul2086_1209,PATRIC.177416.18.NC_006570.CDS.1064388.1064876.rev,PATRIC,CDS,1064388,1064876,489,-,FIG00122145,PLF_262_00001334,PGF_01366266,,162,,Ribosomal-protein-S18p-alanine acetyltransferase (EC 2.3.1.128),GO:0008999|ribosomal-protein-alanine N-acetyltransferase activity
Francisella tularensis subsp. tularensis SCHU S4,177416.18,NC_006570,,FTT1409c,FTT1409c,RefSeq.177416.18.NC_006570.CDS.1458847.1459263.rev,RefSeq,CDS,1458847,1459263,417,-,,,,YP_170353.1,138,,hypothetical protein,
Francisella tularensis subsp. tularensis SCHU S4,177416.18,NC_006570,,FTT1155c,FTT1155c,RefSeq.177416.18.NC_006570.CDS.1168144.1168674.rev,RefSeq,CDS,1168144,1168674,531,-,,,,YP_170122.1,176,aroK,shikimate kinase I,
Francisella tularensis subsp. tularensis SCHU S4,177416.18,NC_006570,,FTT1666c,FTT1666c,RefSeq.177416.18.NC_006570.CDS.1734622.1735509.rev,RefSeq,CDS,1734622,1735509,888,-,,,,YP_170573.1,295,,3-hydroxyisobutyrate dehydrogenase,
Francisella tularensis subsp. tularensis SCHU S4,177416.18,NC_006570,,FTT0730,FTT0730,RefSeq.177416.18.NC_006570.CDS.753265.754008.fwd,RefSeq,CDS,753265,754008,744,+,,,,YP_169743.1,247,isftu2,transposase,
Francisella tularensis subsp. tularensis SCHU S4,177416.18,NC_006570,,FTT1297,FTT1297,RefSeq.177416.18.NC_006570.CDS.1321361.1321966.fwd,RefSeq,CDS,1321361,1321966,606,+,,,,YP_170252.1,201,,hypothetical protein,
Francisella tularensis subsp. tularensis SCHU S4,177416.18,NC_006570,,FTT1299,FTT1299,RefSeq.177416.18.NC_006570.CDS.1323623.1323961.fwd,RefSeq,CDS,1323623,1323961,339,+,,,,YP_170254.1,112,hitA,histidine triad (HIT) family protein,
Francisella tularensis subsp. tularensis SCHU S4,177416.18,NC_006570,,FTT0077,FTT0077,RefSeq.177416.18.NC_006570.CDS.80026.81495.fwd,RefSeq,CDS,80026,81495,1470,+,,,,YP_169152.1,489,sucB,dihydrolipoamide succinyltransferase component of 2-oxoglutarate dehydrogenase complex,
Francisella tularensis subsp. tularensis SCHU S4,177416.18,NC_006570,,FTT1290,FTT1290,RefSeq.177416.18.NC_006570.CDS.1314058.1316082.fwd,RefSeq,CDS,1314058,1316082,2025,+,,,,YP_170245.1,674,metG,methionyl-tRNA synthetase,
Francisella tularensis subsp. tularensis SCHU S4,177416.18,NC_006570,,FTT1194c,FTT1194c,RefSeq.177416.18.NC_006570.CDS.1210464.1211390.rev,RefSeq,CDS,1210464,1211390,927,-,,,,YP_170154.1,308,,lipoprotein,
Francisella tularensis subsp. tularensis SCHU S4,177416.18,NC_006570,,FTT0736,FTT0736,RefSeq.177416.18.NC_006570.CDS.757925.758572.fwd,RefSeq,CDS,757925,758572,648,+,,,,YP_169747.1,215,,hypothetical protein,
Francisella tularensis subsp. tularensis SCHU S4,177416.18,NC_006570,,FTT0024c,FTT0024c,RefSeq.177416.18.NC_006570.CDS.22630.22974.rev,RefSeq,CDS,22630,22974,345,-,,,,YP_169100.1,114,,hypothetical protein,
Francisella tularensis subsp. tularensis SCHU S4,177416.18,NC_006570,,FTT0321,FTT0321,RefSeq.177416.18.NC_006570.CDS.334251.334625.fwd,RefSeq,CDS,334251,334625,375,+,,,,YP_169370.1,124,rpsL,30S ribosomal protein S12,
Francisella tularensis subsp. tularensis SCHU S4,177416.18,NC_006570,,FTT1446,FTT1446,RefSeq.177416.18.NC_006570.CDS.1492812.1494074.fwd,RefSeq,CDS,1492812,1494074,1263,+,,,,YP_170384.1,420,rho,transcription termination factor Rho,
Francisella tularensis subsp. tularensis SCHU S4,177416.18,NC_006570,,FTT1785c,FTT1785c,RefSeq.177416.18.NC_006570.CDS.1873998.1874210.rev,RefSeq,CDS,1873998,1874210,213,-,,,,YP_170673.1,70,,hypothetical protein,
Francisella tularensis subsp. tularensis SCHU S4,177416.18,NC_006570,,FTT0712c,FTT0712c,RefSeq.177416.18.NC_006570.CDS.729980.731242.rev,RefSeq,CDS,729980,731242,1263,-,,,,YP_169727.1,420,sdaC1,serine transporter,
Francisella tularensis subsp. tularensis SCHU S4,177416.18,NC_006570,fig|177416.18.peg.1978,,VBIFraTul2086_1978,PATRIC.177416.18.NC_006570.CDS.1779388.1779882.fwd,PATRIC,CDS,1779388,1779882,495,+,FIG00657553,PLF_262_00002146,PGF_00414608,,164,,vgrG protein,
Francisella tularensis subsp. tularensis SCHU S4,177416.18,NC_006570,fig|177416.18.peg.639,,VBIFraTul2086_0639,PATRIC.177416.18.NC_006570.CDS.582508.583251.rev,PATRIC,CDS,582508,583251,744,-,FIG01306568,PLF_262_00000003,PGF_01000105,,247,,Mobile element protein,
Francisella tularensis subsp. tularensis SCHU S4,177416.18,NC_006570,fig|177416.18.peg.774,,VBIFraTul2086_0774,PATRIC.177416.18.NC_006570.CDS.696600.697691.rev,PATRIC,CDS,696600,697691,1092,-,FIG00049915,PLF_262_00000369,PGF_00007012,,363,,GTP-binding and nucleic acid-binding protein YchF,GO:0005525|GTP binding;GO:0005622|intracellular
Francisella tularensis subsp. tularensis SCHU S4,177416.18,NC_006570,fig|177416.18.peg.736,,VBIFraTul2086_0736,PATRIC.177416.18.NC_006570.CDS.663034.666459.rev,PATRIC,CDS,663034,666459,3426,-,FIG00067681,PLF_262_00000134,PGF_08675943,,1141,,Transcription-repair coupling factor,GO:0003676|nucleic acid binding;GO:0003700|transcription factor activity;GO:0004386|helicase activity;GO:0005524|ATP binding;GO:0008026|ATP-dependent helicase activity
Francisella tularensis subsp. tularensis SCHU S4,177416.18,NC_006570,fig|177416.18.peg.119,FTT0107c,VBIFraTul2086_0119,PATRIC.177416.18.NC_006570.CDS.113706.114197.rev,PATRIC,CDS,113706,114197,492,-,FIG00000769,PLF_262_00001562,PGF_01719437,YP_169177.1,163,dsbB,hypothetical protein,
Francisella tularensis subsp. tularensis SCHU S4,177416.18,NC_006570,fig|177416.18.peg.126,FTT0114,VBIFraTul2086_0126,PATRIC.177416.18.NC_006570.CDS.123051.123785.fwd,PATRIC,CDS,123051,123785,735,+,FIG00000450,PLF_262_00001306,PGF_05026985,YP_169184.1,244,deoC,Deoxyribose-phosphate aldolase (EC 4.1.2.4),GO:0004139|deoxyribose-phosphate aldolase activity
Francisella tularensis subsp. tularensis SCHU S4,177416.18,NC_006570,fig|177416.18.peg.702,,VBIFraTul2086_0702,PATRIC.177416.18.NC_006570.CDS.633344.634834.rev,PATRIC,CDS,633344,634834,1491,-,FIG00001006,PLF_262_00000543,PGF_02325838,,496,,Apolipoprotein N-acyltransferase / Copper homeostasis protein CutE,
Francisella tularensis subsp. tularensis SCHU S4,177416.18,NC_006570,fig|177416.18.peg.1628,,VBIFraTul2086_1628,PATRIC.177416.18.NC_006570.CDS.1463060.1464757.fwd,PATRIC,CDS,1463060,1464757,1698,+,FIG01303751,PLF_262_00000282,PGF_00037588,,565,,"Prolyl-tRNA synthetase (EC 6.1.1.15), bacterial type",
Francisella tularensis subsp. tularensis SCHU S4,177416.18,NC_006570,fig|177416.18.peg.1378,,VBIFraTul2086_1378,PATRIC.177416.18.NC_006570.CDS.1205224.1205664.rev,PATRIC,CDS,1205224,1205664,441,-,FIG01338306,PLF_262_00001770,PGF_01719547,,146,,Proline/betaine transporter,
Francisella tularensis subsp. tularensis SCHU S4,177416.18,NC_006570,fig|177416.18.peg.1190,,VBIFraTul2086_1190,PATRIC.177416.18.NC_006570.CDS.1050992.1052395.fwd,PATRIC,CDS,1050992,1052395,1404,+,FIG00561498,PLF_262_00000204,PGF_06594113,,467,,D-alanyl-D-alanine carboxypeptidase (EC 3.4.16.4),GO:0009002|serine-type D-Ala-D-Ala carboxypeptidase activity
Francisella tularensis subsp. tularensis SCHU S4,177416.18,NC_006570,fig|177416.18.peg.1521,,VBIFraTul2086_1521,PATRIC.177416.18.NC_006570.CDS.1344333.1345772.rev,PATRIC,CDS,1344333,1345772,1440,-,FIG00000336,PLF_262_00000350,PGF_07629184,,479,,Cytosol aminopeptidase PepA (EC 3.4.11.1),GO:0004178|leucyl aminopeptidase activity
Francisella tularensis subsp. tularensis SCHU S4,177416.18,NC_006570,fig|177416.18.peg.59,FTT0054,VBIFraTul2086_0059,PATRIC.177416.18.NC_006570.CDS.56255.57322.fwd,PATRIC,CDS,56255,57322,1068,+,FIG00001710,PLF_262_00007688,PGF_07588971,YP_169129.1,355,,Cell division protein ZapE,
Francisella tularensis subsp. tularensis SCHU S4,177416.18,NC_006570,fig|177416.18.peg.1466,,VBIFraTul2086_1466,PATRIC.177416.18.NC_006570.CDS.1289496.1290620.rev,PATRIC,CDS,1289496,1290620,1125,-,FIG00000070,PLF_262_00000559,PGF_10301134,,374,,Chaperone protein DnaJ,GO:0006457|protein folding;GO:0031072|heat shock protein binding;GO:0051082|unfolded protein binding
Francisella tularensis subsp. tularensis SCHU S4,177416.18,NC_006570,fig|177416.18.peg.1601,,VBIFraTul2086_1601,PATRIC.177416.18.NC_006570.CDS.1435032.1435817.fwd,PATRIC,CDS,1435032,1435817,786,+,FIG00000440,PLF_262_00001013,PGF_00523822,,261,,Pantoate--beta-alanine ligase (EC 6.3.2.1),GO:0004592|pantoate-beta-alanine ligase activity
Francisella tularensis subsp. tularensis SCHU S4,177416.18,NC_006570,fig|177416.18.peg.1321,,VBIFraTul2086_1321,PATRIC.177416.18.NC_006570.CDS.1155451.1155924.fwd,PATRIC,CDS,1155451,1155924,474,+,FIG01345757,PLF_262_00001543,PGF_10532194,,157,,"Oxidoreductase, short-chain dehydrogenase/reductase family",
Francisella tularensis subsp. tularensis SCHU S4,177416.18,NC_006570,fig|177416.18.peg.783,,VBIFraTul2086_0783,PATRIC.177416.18.NC_006570.CDS.706536.707087.rev,PATRIC,CDS,706536,707087,552,-,FIG00000487,PLF_262_00000533,PGF_00019428,,183,,ATP-dependent protease subunit HslV (EC 3.4.25.2),
Francisella tularensis subsp. tularensis SCHU S4,177416.18,NC_006570,fig|177416.18.peg.748,,VBIFraTul2086_0748,PATRIC.177416.18.NC_006570.CDS.675746.676282.fwd,PATRIC,CDS,675746,676282,537,+,FIG00095112,PLF_262_00000348,PGF_00419702,,178,,Crossover junction endodeoxyribonuclease RuvC (EC 3.1.22.4),
Francisella tularensis subsp. tularensis SCHU S4,177416.18,NC_006570,fig|177416.18.peg.1834,,VBIFraTul2086_1834,PATRIC.177416.18.NC_006570.CDS.1649243.1649623.rev,PATRIC,CDS,1649243,1649623,381,-,FIG01306568,PLF_262_00000001,PGF_01719295,,126,,Mobile element protein,
Francisella tularensis subsp. tularensis SCHU S4,177416.18,NC_006570,fig|177416.18.peg.1975,,VBIFraTul2086_1975,PATRIC.177416.18.NC_006570.CDS.1773260.1775722.fwd,PATRIC,CDS,1773260,1775722,2463,+,FIG00658051,PLF_262_00001025,PGF_00144570,,820,,hypothetical protein,
Francisella tularensis subsp. tularensis SCHU S4,177416.18,NC_006570,fig|177416.18.peg.340,,VBIFraTul2086_0340,PATRIC.177416.18.NC_006570.CDS.318672.319325.rev,PATRIC,CDS,318672,319325,654,-,FIG00731724,PLF_262_00000924,PGF_00028947,,217,,Oxygen-insensitive NAD(P)H nitroreductase (EC 1.-.-.-) / Dihydropteridine reductase (EC 1.5.1.34),
Francisella tularensis subsp. tularensis SCHU S4,177416.18,NC_006570,fig|177416.18.peg.171,FTT0155,VBIFraTul2086_0171,PATRIC.177416.18.NC_006570.CDS.171084.171929.fwd,PATRIC,CDS,171084,171929,846,+,FIG01320386,PLF_262_00000143,PGF_00015728,YP_169221.1,281,,Isopenicillin N synthase,
Francisella tularensis subsp. tularensis SCHU S4,177416.18,NC_006570,fig|177416.18.peg.1625,,VBIFraTul2086_1625,PATRIC.177416.18.NC_006570.CDS.1460826.1460951.rev,PATRIC,CDS,1460826,1460951,126,-,FIG00657740,PLF_262_00001729,PGF_01719518,,41,,hypothetical protein,
Francisella tularensis subsp. tularensis SCHU S4,177416.18,NC_006570,fig|177416.18.peg.852,,VBIFraTul2086_0852,PATRIC.177416.18.NC_006570.CDS.764002.765891.fwd,PATRIC,CDS,764002,765891,1890,+,FIG00658333,PLF_262_00000226,PGF_08225224,,629,,hypothetical protein,
Francisella tularensis subsp. tularensis SCHU S4,177416.18,NC_006570,,FTT0405,FTT0405,RefSeq.177416.18.NC_006570.CDS.410735.411430.fwd,RefSeq,CDS,410735,411430,696,+,,,,YP_169450.1,231,lolD,"lipoprotein releasing system, subunit D, ABC transporter, ATP-binding protein",
Francisella tularensis subsp. tularensis SCHU S4,177416.18,NC_006570,,FTT1660c,FTT1660c,RefSeq.177416.18.NC_006570.CDS.1725340.1726686.rev,RefSeq,CDS,1725340,1726686,1347,-,,,,YP_170568.1,448,pyrC,dihydroorotase,
Francisella tularensis subsp. tularensis SCHU S4,177416.18,NC_006570,,FTT1496c,FTT1496c,RefSeq.177416.18.NC_006570.CDS.1549630.1550643.rev,RefSeq,CDS,1549630,1550643,1014,-,,,,YP_170431.1,337,,hypothetical protein,
Francisella tularensis subsp. tularensis SCHU S4,177416.18,NC_006570,,FTT1514c,FTT1514c,RefSeq.177416.18.NC_006570.CDS.1568518.1568889.rev,RefSeq,CDS,1568518,1568889,372,-,,,,YP_170447.1,123,,hypothetical protein,
Francisella tularensis subsp. tularensis SCHU S4,177416.18,NC_006570,,FTT0390c,FTT0390c,RefSeq.177416.18.NC_006570.CDS.392818.393015.rev,RefSeq,CDS,392818,393015,198,-,,,,YP_169435.1,65,rpsU,30S ribosomal protein S21,
Francisella tularensis subsp. tularensis SCHU S4,177416.18,NC_006570,fig|177416.18.peg.1038,,VBIFraTul2086_1038,PATRIC.177416.18.NC_006570.CDS.916206.916847.fwd,PATRIC,CDS,916206,916847,642,+,FIG01304329,PLF_262_00000562,PGF_10441533,,213,,Chromosome (plasmid) partitioning protein ParA,
Francisella tularensis subsp. tularensis SCHU S4,177416.18,NC_006570,fig|177416.18.peg.1770,,VBIFraTul2086_1770,PATRIC.177416.18.NC_006570.CDS.1595622.1597037.rev,PATRIC,CDS,1595622,1597037,1416,-,FIG00002848,PLF_262_00000191,PGF_00025578,,471,,Nicotinamide phosphoribosyltransferase (EC 2.4.2.12),GO:0047280|nicotinamide phosphoribosyltransferase activity
Francisella tularensis subsp. tularensis SCHU S4,177416.18,NC_006570,,FTT0783,FTT0783,RefSeq.177416.18.NC_006570.CDS.802483.803445.fwd,RefSeq,CDS,802483,803445,963,+,,,,YP_169790.1,320,ars,arylsulfatase,
Francisella tularensis subsp. tularensis SCHU S4,177416.18,NC_006570,,FTT1634c,FTT1634c,RefSeq.177416.18.NC_006570.CDS.1698697.1699365.rev,RefSeq,CDS,1698697,1699365,669,-,,,,YP_170547.1,222,,hypothetical protein,
Francisella tularensis subsp. tularensis SCHU S4,177416.18,NC_006570,,FTT0291,FTT0291,RefSeq.177416.18.NC_006570.CDS.304822.305733.fwd,RefSeq,CDS,304822,305733,912,+,,,,YP_169341.1,303,,hypothetical protein,
Francisella tularensis subsp. tularensis SCHU S4,177416.18,NC_006570,,FTT0979c,FTT0979c,RefSeq.177416.18.NC_006570.CDS.989531.990898.rev,RefSeq,CDS,989531,990898,1368,-,,,,YP_169967.1,455,,amino-acid permease,
Francisella tularensis subsp. tularensis SCHU S4,177416.18,NC_006570,,FTT0177c,FTT0177c,RefSeq.177416.18.NC_006570.CDS.191745.192170.rev,RefSeq,CDS,191745,192170,426,-,,,,YP_169239.1,141,,acetyltransferase,
Francisella tularensis subsp. tularensis SCHU S4,177416.18,NC_006570,fig|177416.18.peg.1477,,VBIFraTul2086_1477,PATRIC.177416.18.NC_006570.CDS.1299641.1300384.rev,PATRIC,CDS,1299641,1300384,744,-,FIG00000788,PLF_262_00000955,PGF_02473279,,247,,tRNA (cytidine(32)/uridine(32)-2'-O)-methyltransferase (EC 2.1.1.200),
Francisella tularensis subsp. tularensis SCHU S4,177416.18,NC_006570,,FTT0829c,FTT0829c,RefSeq.177416.18.NC_006570.CDS.845081.846796.rev,RefSeq,CDS,845081,846796,1716,-,,,,YP_169835.1,571,,aspartate:alanine antiporter,
Francisella tularensis subsp. tularensis SCHU S4,177416.18,NC_006570,fig|177416.18.peg.1963,,VBIFraTul2086_1963,PATRIC.177416.18.NC_006570.CDS.1760372.1760896.fwd,PATRIC,CDS,1760372,1760896,525,+,FIG00657676,PLF_262_00000030,PGF_00275443,,174,,hypothetical protein,
Francisella tularensis subsp. tularensis SCHU S4,177416.18,NC_006570,fig|177416.18.peg.371,,VBIFraTul2086_0371,PATRIC.177416.18.NC_006570.CDS.342437.342805.fwd,PATRIC,CDS,342437,342805,369,+,FIG00090781,PLF_262_00000641,PGF_00016340,,122,,LSU ribosomal protein L14p (L23e),GO:0003735|structural constituent of ribosome;GO:0005622|intracellular;GO:0005840|ribosome;GO:0006412|translation
Francisella tularensis subsp. tularensis SCHU S4,177416.18,NC_006570,,FTT0857c,FTT0857c,RefSeq.177416.18.NC_006570.CDS.869389.869895.rev,RefSeq,CDS,869389,869895,507,-,,,,YP_169859.1,168,,hypothetical protein,
Francisella tularensis subsp. tularensis SCHU S4,177416.18,NC_006570,fig|177416.18.peg.1427,,VBIFraTul2086_1427,PATRIC.177416.18.NC_006570.CDS.1251367.1252668.rev,PATRIC,CDS,1251367,1252668,1302,-,FIG01304278,PLF_262_00000097,PGF_01722203,,433,,Di-tripeptide/H+ symporter,
Francisella tularensis subsp. tularensis SCHU S4,177416.18,NC_006570,fig|177416.18.peg.1791,,VBIFraTul2086_1791,PATRIC.177416.18.NC_006570.CDS.1610162.1610578.fwd,PATRIC,CDS,1610162,1610578,417,+,FIG01306568,PLF_262_00000002,PGF_01719295,,138,,Mobile element protein,
Francisella tularensis subsp. tularensis SCHU S4,177416.18,NC_006570,,FTT1383,FTT1383,RefSeq.177416.18.NC_006570.CDS.1427892.1429172.fwd,RefSeq,CDS,1427892,1429172,1281,+,,,,YP_170328.1,426,sun,Sun protein,
Francisella tularensis subsp. tularensis SCHU S4,177416.18,NC_006570,,FTT0205,FTT0205,RefSeq.177416.18.NC_006570.CDS.223955.224488.fwd,RefSeq,CDS,223955,224488,534,+,,,,YP_169265.1,177,hpt,hypoxanthine-guanine phosphoribosyltransferase,
Francisella tularensis subsp. tularensis SCHU S4,177416.18,NC_006570,,FTT0253c,FTT0253c,RefSeq.177416.18.NC_006570.CDS.269466.270250.rev,RefSeq,CDS,269466,270250,327,-,,,,YP_169305.1,261,isftu1,transposase,
Francisella tularensis subsp. tularensis SCHU S4,177416.18,NC_006570,fig|177416.18.peg.424,,VBIFraTul2086_0424,PATRIC.177416.18.NC_006570.CDS.382014.383363.rev,PATRIC,CDS,382014,383363,1350,-,FIG00129130,PLF_262_00000157,PGF_00024831,,449,,NADP-specific glutamate dehydrogenase (EC 1.4.1.4),GO:0004354|glutamate dehydrogenase (NADP+) activity
Francisella tularensis subsp. tularensis SCHU S4,177416.18,NC_006570,fig|177416.18.peg.125,FTT0113,VBIFraTul2086_0125,PATRIC.177416.18.NC_006570.CDS.121817.123061.fwd,PATRIC,CDS,121817,123061,1245,+,FIG00000738,PLF_262_00000722,PGF_00033904,YP_169183.1,414,deoB,Phosphopentomutase (EC 5.4.2.7),GO:0008973|phosphopentomutase activity
Francisella tularensis subsp. tularensis SCHU S4,177416.18,NC_006570,fig|177416.18.peg.1003,,VBIFraTul2086_1003,PATRIC.177416.18.NC_006570.CDS.883412.884182.rev,PATRIC,CDS,883412,884182,771,-,FIG01419932,PLF_262_00001360,PGF_00399617,,256,,hypothetical protein Fphi_0438,
Francisella tularensis subsp. tularensis SCHU S4,177416.18,NC_006570,fig|177416.18.peg.858,,VBIFraTul2086_0858,PATRIC.177416.18.NC_006570.CDS.769162.769935.rev,PATRIC,CDS,769162,769935,774,-,FIG01364763,PLF_262_00001010,PGF_06389977,,257,,"Tetrapartite efflux system, membrane fusion component FusE-like",
Francisella tularensis subsp. tularensis SCHU S4,177416.18,NC_006570,fig|177416.18.peg.1289,,VBIFraTul2086_1289,PATRIC.177416.18.NC_006570.CDS.1127638.1128210.rev,PATRIC,CDS,1127638,1128210,573,-,FIG00009017,PLF_262_00001311,PGF_06938364,,190,,Isochorismatase (EC 3.3.2.1),GO:0008908|isochorismatase activity
Francisella tularensis subsp. tularensis SCHU S4,177416.18,NC_006570,fig|177416.18.peg.2010,,VBIFraTul2086_2010,PATRIC.177416.18.NC_006570.CDS.1816777.1816986.rev,PATRIC,CDS,1816777,1816986,210,-,,PLF_262_00001916,PGF_01719638,,69,,hypothetical protein,
Francisella tularensis subsp. tularensis SCHU S4,177416.18,NC_006570,fig|177416.18.peg.380,,VBIFraTul2086_0380,PATRIC.177416.18.NC_006570.CDS.346092.346523.fwd,PATRIC,CDS,346092,346523,432,+,FIG00000166,PLF_262_00000392,PGF_00016342,,143,,LSU ribosomal protein L15p (L27Ae),GO:0003735|structural constituent of ribosome;GO:0005622|intracellular;GO:0005840|ribosome;GO:0006412|translation
Francisella tularensis subsp. tularensis SCHU S4,177416.18,NC_006570,fig|177416.18.peg.381,,VBIFraTul2086_0381,PATRIC.177416.18.NC_006570.CDS.346534.347859.fwd,PATRIC,CDS,346534,347859,1326,+,FIG00937056,PLF_262_00000428,PGF_05581732,,441,,Protein translocase subunit SecY,
Francisella tularensis subsp. tularensis SCHU S4,177416.18,NC_006570,fig|177416.18.peg.1494,,VBIFraTul2086_1494,PATRIC.177416.18.NC_006570.CDS.1317938.1318552.rev,PATRIC,CDS,1317938,1318552,615,-,FIG01304464,PLF_262_00001085,PGF_00054323,,204,,"YciO protein, TsaC/YrdC paralog",
Francisella tularensis subsp. tularensis SCHU S4,177416.18,NC_006570,fig|177416.18.peg.1420,,VBIFraTul2086_1420,PATRIC.177416.18.NC_006570.CDS.1243633.1246290.fwd,PATRIC,CDS,1243633,1246290,2658,+,FIG00000913,PLF_262_00000759,PGF_10461681,,885,,Ribonuclease E (EC 3.1.26.12),
Francisella tularensis subsp. tularensis SCHU S4,177416.18,NC_006570,,FTT1541c,FTT1541c,RefSeq.177416.18.NC_006570.CDS.1604161.1604535.rev,RefSeq,CDS,1604161,1604535,375,-,,,,YP_170469.1,124,,hypothetical protein,
Francisella tularensis subsp. tularensis SCHU S4,177416.18,NC_006570,,FTT1244c,FTT1244c,RefSeq.177416.18.NC_006570.CDS.1265426.1266250.rev,RefSeq,CDS,1265426,1266250,825,-,,,,YP_170202.1,274,yfiO,lipoprotein,
Francisella tularensis subsp. tularensis SCHU S4,177416.18,NC_006570,,FTT0713c,FTT0713c,RefSeq.177416.18.NC_006570.CDS.731244.732299.rev,RefSeq,CDS,731244,732299,1056,-,,,,YP_169728.1,351,tdh,L-threonine 3-dehydrogenase,
Francisella tularensis subsp. tularensis SCHU S4,177416.18,NC_006570,,FTT1048c,FTT1048c,RefSeq.177416.18.NC_006570.CDS.1058369.1058935.rev,RefSeq,CDS,1058369,1058935,567,-,,,,YP_170031.1,188,,hypothetical protein,
Francisella tularensis subsp. tularensis SCHU S4,177416.18,NC_006570,,FTT1212c,FTT1212c,RefSeq.177416.18.NC_006570.CDS.1231178.1231561.rev,RefSeq,CDS,1231178,1231561,384,-,,,,YP_170170.1,127,gloA,lactoylglutathione lyase,
Francisella tularensis subsp. tularensis SCHU S4,177416.18,NC_006570,fig|177416.18.peg.470,,VBIFraTul2086_0470,PATRIC.177416.18.NC_006570.CDS.437732.437911.fwd,PATRIC,CDS,437732,437911,180,+,,PLF_262_00001073,PGF_01719312,,59,,hypothetical protein,
Francisella tularensis subsp. tularensis SCHU S4,177416.18,NC_006570,fig|177416.18.peg.158,FTT0142,VBIFraTul2086_0158,PATRIC.177416.18.NC_006570.CDS.153811.154329.fwd,PATRIC,CDS,153811,154329,519,+,FIG00000159,PLF_262_00000916,PGF_01213071,YP_169208.1,172,rplJ,LSU ribosomal protein L10p (P0),GO:0005622|intracellular;GO:0042254|ribosome biogenesis and assembly
Francisella tularensis subsp. tularensis SCHU S4,177416.18,NC_006570,fig|177416.18.peg.2065,,VBIFraTul2086_2065,PATRIC.177416.18.NC_006570.CDS.1865149.1866654.rev,PATRIC,CDS,1865149,1866654,1506,-,FIG00553949,PLF_262_00000384,PGF_07370370,,501,,Voltage-gated H(+)/2Cl(-) exchange transporter ClcA,
Francisella tularensis subsp. tularensis SCHU S4,177416.18,NC_006570,fig|177416.18.peg.351,,VBIFraTul2086_0351,PATRIC.177416.18.NC_006570.CDS.330110.330859.fwd,PATRIC,CDS,330110,330859,750,+,FIG00001819,PLF_262_00000479,PGF_02923127,,249,,Uridylate kinase (EC 2.7.4.22),GO:0033862|UMP kinase activity
Francisella tularensis subsp. tularensis SCHU S4,177416.18,NC_006570,fig|177416.18.peg.1050,,VBIFraTul2086_1050,PATRIC.177416.18.NC_006570.CDS.929356.930801.fwd,PATRIC,CDS,929356,930801,1446,+,FIG00658138,PLF_262_00001203,PGF_00408265,,481,,putative lipoprotein,
Francisella tularensis subsp. tularensis SCHU S4,177416.18,NC_006570,fig|177416.18.peg.388,,VBIFraTul2086_0388,PATRIC.177416.18.NC_006570.CDS.351205.351585.fwd,PATRIC,CDS,351205,351585,381,+,FIG01306568,PLF_262_00000001,PGF_01719295,,126,,Mobile element protein,
Francisella tularensis subsp. tularensis SCHU S4,177416.18,NC_006570,fig|177416.18.peg.58,FTT0053,VBIFraTul2086_0058,PATRIC.177416.18.NC_006570.CDS.54954.56252.fwd,PATRIC,CDS,54954,56252,1299,+,FIG00657875,PLF_262_00000302,PGF_00973298,YP_169128.1,432,,Uncharacterized MFS-type transporter,
Francisella tularensis subsp. tularensis SCHU S4,177416.18,NC_006570,fig|177416.18.peg.1422,,VBIFraTul2086_1422,PATRIC.177416.18.NC_006570.CDS.1247096.1247920.fwd,PATRIC,CDS,1247096,1247920,825,+,FIG00000398,PLF_262_00000805,PGF_00056897,,274,,Thymidylate synthase (EC 2.1.1.45),GO:0004799|thymidylate synthase activity
Francisella tularensis subsp. tularensis SCHU S4,177416.18,NC_006570,,FTT1690,FTT1690,RefSeq.177416.18.NC_006570.CDS.1759480.1760145.fwd,RefSeq,CDS,1759480,1760145,666,+,,,,YP_170595.1,221,,NADH dehydrogenase,
Francisella tularensis subsp. tularensis SCHU S4,177416.18,NC_006570,fig|177416.18.peg.2100,,VBIFraTul2086_2100,PATRIC.177416.18.NC_006570.CDS.1890846.1892318.rev,PATRIC,CDS,1890846,1892318,1473,-,FIG00059426,PLF_262_00000203,PGF_01089656,,490,,Ribonuclease G,
Francisella tularensis subsp. tularensis SCHU S4,177416.18,NC_006570,,FTT0568,FTT0568,RefSeq.177416.18.NC_006570.CDS.585870.586520.fwd,RefSeq,CDS,585870,586520,651,+,,,,YP_169593.1,216,,hypothetical protein,
Francisella tularensis subsp. tularensis SCHU S4,177416.18,NC_006570,,FTT1478c,FTT1478c,RefSeq.177416.18.NC_006570.CDS.1530105.1530857.rev,RefSeq,CDS,1530105,1530857,753,-,,,,YP_170414.1,250,kdsB,3-deoxy-manno-octulosonate cytidylyltransferase,
Francisella tularensis subsp. tularensis SCHU S4,177416.18,NC_006570,,FTT0561,FTT0561,RefSeq.177416.18.NC_006570.CDS.578377.579161.fwd,RefSeq,CDS,578377,579161,459,+,,,,YP_169587.1,261,isftu1,transposase,
Francisella tularensis subsp. tularensis SCHU S4,177416.18,NC_006570,,FTT1794,FTT1794,RefSeq.177416.18.NC_006570.CDS.1882631.1883059.fwd,RefSeq,CDS,1882631,1883059,429,+,,,,YP_170678.1,142,,heat shock protein,
Francisella tularensis subsp. tularensis SCHU S4,177416.18,NC_006570,,FTT0678c,FTT0678c,RefSeq.177416.18.NC_006570.CDS.696311.696586.rev,RefSeq,CDS,696311,696586,276,-,,,,YP_169694.1,91,,hypothetical protein,
Francisella tularensis subsp. tularensis SCHU S4,177416.18,NC_006570,,FTT0777,FTT0777,RefSeq.177416.18.NC_006570.CDS.796879.798717.fwd,RefSeq,CDS,796879,798717,1839,+,,,,YP_169784.1,612,uvrC,excinuclease ABC subunit C,
Francisella tularensis subsp. tularensis SCHU S4,177416.18,NC_006570,,FTT0036,FTT0036,RefSeq.177416.18.NC_006570.CDS.34452.35726.fwd,RefSeq,CDS,34452,35726,1275,+,,,,YP_169112.1,424,nuoF,"NADH dehydrogenase I, F subunit",
Francisella tularensis subsp. tularensis SCHU S4,177416.18,NC_006570,,FTT0841,FTT0841,RefSeq.177416.18.NC_006570.CDS.855757.856008.fwd,RefSeq,CDS,855757,856008,252,+,,,,YP_169846.1,83,,lipoprotein,
Francisella tularensis subsp. tularensis SCHU S4,177416.18,NC_006570,,FTT1457c,FTT1457c,RefSeq.177416.18.NC_006570.CDS.1507574.1508674.rev,RefSeq,CDS,1507574,1508674,1101,-,,,,YP_170394.1,366,wbtG,glycosyl transferase,
Francisella tularensis subsp. tularensis SCHU S4,177416.18,NC_006570,,FTT0113,FTT0113,RefSeq.177416.18.NC_006570.CDS.121817.123061.fwd,RefSeq,CDS,121817,123061,1245,+,,,,YP_169183.1,414,deoB,phosphopentomutase,
Francisella tularensis subsp. tularensis SCHU S4,177416.18,NC_006570,,FTT0545,FTT0545,RefSeq.177416.18.NC_006570.CDS.565089.565304.fwd,RefSeq,CDS,565089,565304,216,+,,,,YP_169572.1,71,,hypothetical protein,
Francisella tularensis subsp. tularensis SCHU S4,177416.18,NC_006570,,FTT1198c,FTT1198c,RefSeq.177416.18.NC_006570.CDS.1215230.1216060.rev,RefSeq,CDS,1215230,1216060,831,-,,,,YP_170157.1,276,,hypothetical protein,
Francisella tularensis subsp. tularensis SCHU S4,177416.18,NC_006570,,FTT1340c,FTT1340c,RefSeq.177416.18.NC_006570.CDS.1370480.1371223.rev,RefSeq,CDS,1370480,1371223,744,-,,,,YP_170292.1,247,isftu2,transposase,
Francisella tularensis subsp. tularensis SCHU S4,177416.18,NC_006570,,FTT0376c,FTT0376c,RefSeq.177416.18.NC_006570.CDS.377482.378540.rev,RefSeq,CDS,377482,378540,1059,-,,,,YP_169422.1,352,,hypothetical protein,
Francisella tularensis subsp. tularensis SCHU S4,177416.18,NC_006570,fig|177416.18.peg.396,,VBIFraTul2086_0396,PATRIC.177416.18.NC_006570.CDS.357765.358145.rev,PATRIC,CDS,357765,358145,381,-,FIG01306568,PLF_262_00000001,PGF_01719295,,126,,Mobile element protein,
Francisella tularensis subsp. tularensis SCHU S4,177416.18,NC_006570,fig|177416.18.peg.75,FTT0069c,VBIFraTul2086_0075,PATRIC.177416.18.NC_006570.CDS.70747.70932.rev,PATRIC,CDS,70747,70932,186,-,FIG01272181,PLF_262_00001826,PGF_01719588,YP_169144.1,61,,hypothetical protein,
Francisella tularensis subsp. tularensis SCHU S4,177416.18,NC_006570,,FTT0468,FTT0468,RefSeq.177416.18.NC_006570.CDS.486449.487870.fwd,RefSeq,CDS,486449,487870,1422,+,,,,YP_169506.1,473,surA,peptidyl-prolyl cis-trans isomerase (PPIase),
Francisella tularensis subsp. tularensis SCHU S4,177416.18,NC_006570,,FTT0157c,FTT0157c,RefSeq.177416.18.NC_006570.CDS.172515.173399.rev,RefSeq,CDS,172515,173399,885,-,,,,YP_169223.1,294,,licB-like transmembrane protein,
Francisella tularensis subsp. tularensis SCHU S4,177416.18,NC_006570,,FTT0809c,FTT0809c,RefSeq.177416.18.NC_006570.CDS.829948.830550.rev,RefSeq,CDS,829948,830550,603,-,,,,YP_169816.1,200,recR,recombination protein RecR,
Francisella tularensis subsp. tularensis SCHU S4,177416.18,NC_006570,,FTT1306c,FTT1306c,RefSeq.177416.18.NC_006570.CDS.1329023.1330420.rev,RefSeq,CDS,1329023,1330420,1398,-,,,,YP_170260.1,465,engA,GTP-binding protein EngA,
Francisella tularensis subsp. tularensis SCHU S4,177416.18,NC_006570,,FTT0944,FTT0944,RefSeq.177416.18.NC_006570.CDS.955057.956439.fwd,RefSeq,CDS,955057,956439,1383,+,,,,YP_169937.1,460,,AMP-binding family protein,
Francisella tularensis subsp. tularensis SCHU S4,177416.18,NC_006570,fig|177416.18.peg.978,,VBIFraTul2086_0978,PATRIC.177416.18.NC_006570.CDS.865951.866328.fwd,PATRIC,CDS,865951,866328,378,+,FIG01370421,PLF_262_00001749,PGF_01719531,,125,,hypothetical protein,
Francisella tularensis subsp. tularensis SCHU S4,177416.18,NC_006570,fig|177416.18.peg.1619,,VBIFraTul2086_1619,PATRIC.177416.18.NC_006570.CDS.1457011.1458096.rev,PATRIC,CDS,1457011,1458096,1086,-,FIG00946206,PLF_262_00001483,PGF_01719397,,361,,ORF92,
Francisella tularensis subsp. tularensis SCHU S4,177416.18,NC_006570,fig|177416.18.peg.526,,VBIFraTul2086_0526,PATRIC.177416.18.NC_006570.CDS.488671.489498.fwd,PATRIC,CDS,488671,489498,828,+,FIG00020647,PLF_262_00000549,PGF_07763915,,275,,"Bis(5'-nucleosyl)-tetraphosphatase, symmetrical (EC 3.6.1.41)",GO:0016787|hydrolase activity
Francisella tularensis subsp. tularensis SCHU S4,177416.18,NC_006570,,FTT0855c,FTT0855c,RefSeq.177416.18.NC_006570.CDS.868159.868518.rev,RefSeq,CDS,868159,868518,360,-,,,,YP_169857.1,119,,hypothetical protein,
Francisella tularensis subsp. tularensis SCHU S4,177416.18,NC_006570,,FTT1018c,FTT1018c,RefSeq.177416.18.NC_006570.CDS.1026714.1028561.rev,RefSeq,CDS,1026714,1028561,1848,-,,,,YP_170003.1,615,dxs,1-deoxy-D-xylulose-5-phosphate synthase,
Francisella tularensis subsp. tularensis SCHU S4,177416.18,NC_006570,fig|177416.18.peg.1528,,VBIFraTul2086_1528,PATRIC.177416.18.NC_006570.CDS.1351888.1352499.rev,PATRIC,CDS,1351888,1352499,612,-,FIG00004121,PLF_262_00000878,PGF_00413319,,203,,tRNA-(ms[2]io[6]A)-hydroxylase,
Francisella tularensis subsp. tularensis SCHU S4,177416.18,NC_006570,fig|177416.18.peg.672,,VBIFraTul2086_0672,PATRIC.177416.18.NC_006570.CDS.609655.610113.fwd,PATRIC,CDS,609655,610113,459,+,FIG00000542,PLF_262_00000760,PGF_09258168,,152,,Ribonuclease HI (EC 3.1.26.4),GO:0003676|nucleic acid binding;GO:0004523|ribonuclease H activity
Francisella tularensis subsp. tularensis SCHU S4,177416.18,NC_006570,fig|177416.18.peg.265,,VBIFraTul2086_0265,PATRIC.177416.18.NC_006570.CDS.249464.249598.rev,PATRIC,CDS,249464,249598,135,-,FIG00000471,PLF_262_00000270,PGF_00016418,,44,,LSU ribosomal protein L34p,GO:0003735|structural constituent of ribosome;GO:0005622|intracellular;GO:0005840|ribosome;GO:0006412|translation
Francisella tularensis subsp. tularensis SCHU S4,177416.18,NC_006570,fig|177416.18.peg.2011,,VBIFraTul2086_2011,PATRIC.177416.18.NC_006570.CDS.1817326.1817724.rev,PATRIC,CDS,1817326,1817724,399,-,FIG01956052,PLF_262_00001685,PGF_03089553,,132,,"ABC transporter, ATP-binding protein",
Francisella tularensis subsp. tularensis SCHU S4,177416.18,NC_006570,fig|177416.18.peg.802,,VBIFraTul2086_0802,PATRIC.177416.18.NC_006570.CDS.723103.724452.fwd,PATRIC,CDS,723103,724452,1350,+,FIG01304282,PLF_262_00000508,PGF_07941512,,449,,23S rRNA (uracil(1939)-C(5))-methyltransferase (EC 2.1.1.190),
Francisella tularensis subsp. tularensis SCHU S4,177416.18,NC_006570,fig|177416.18.peg.1068,,VBIFraTul2086_1068,PATRIC.177416.18.NC_006570.CDS.945880.946557.rev,PATRIC,CDS,945880,946557,678,-,FIG00000423,PLF_262_00001711,PGF_03760224,,225,,Dethiobiotin synthase BioD (EC 6.3.3.3),GO:0004141|dethiobiotin synthase activity
Francisella tularensis subsp. tularensis SCHU S4,177416.18,NC_006570,fig|177416.18.peg.1332,,VBIFraTul2086_1332,PATRIC.177416.18.NC_006570.CDS.1166784.1166981.rev,PATRIC,CDS,1166784,1166981,198,-,FIG00658219,PLF_262_00001700,PGF_01719500,,65,,hypothetical protein,
Francisella tularensis subsp. tularensis SCHU S4,177416.18,NC_006570,fig|177416.18.peg.1845,,VBIFraTul2086_1845,PATRIC.177416.18.NC_006570.CDS.1658651.1659643.fwd,PATRIC,CDS,1658651,1659643,993,+,FIG01304134,PLF_262_00001597,PGF_00754803,,330,,"Transcriptional regulator, LysR family",
Francisella tularensis subsp. tularensis SCHU S4,177416.18,NC_006570,fig|177416.18.peg.1656,,VBIFraTul2086_1656,PATRIC.177416.18.NC_006570.CDS.1484008.1484253.rev,PATRIC,CDS,1484008,1484253,246,-,FIG00002713,PLF_262_00001915,PGF_01719637,,81,,Membrane protein,
Francisella tularensis subsp. tularensis SCHU S4,177416.18,NC_006570,fig|177416.18.peg.1098,,VBIFraTul2086_1098,PATRIC.177416.18.NC_006570.CDS.971946.972884.fwd,PATRIC,CDS,971946,972884,939,+,FIG01386622,PLF_262_00000032,PGF_00962714,,312,,Succinylglutamate desuccinylase/aspartoacylase,
Francisella tularensis subsp. tularensis SCHU S4,177416.18,NC_006570,fig|177416.18.peg.1638,,VBIFraTul2086_1638,PATRIC.177416.18.NC_006570.CDS.1471171.1471779.fwd,PATRIC,CDS,1471171,1471779,609,+,FIG01327014,PLF_262_00000778,PGF_02911177,,202,,SM-20-related protein,
Francisella tularensis subsp. tularensis SCHU S4,177416.18,NC_006570,fig|177416.18.peg.1761,,VBIFraTul2086_1761,PATRIC.177416.18.NC_006570.CDS.1584896.1585261.rev,PATRIC,CDS,1584896,1585261,366,-,FIG00000770,PLF_262_00001370,PGF_09375481,,121,,"Uncharacterized protein YfgD, not an arsenate reductase",
Francisella tularensis subsp. tularensis SCHU S4,177416.18,NC_006570,fig|177416.18.peg.1169,,VBIFraTul2086_1169,PATRIC.177416.18.NC_006570.CDS.1030280.1031824.rev,PATRIC,CDS,1030280,1031824,1545,-,FIG00745843,PLF_262_00000241,PGF_07229883,,514,,Amino acid-proton symporter related protein,
Francisella tularensis subsp. tularensis SCHU S4,177416.18,NC_006570,fig|177416.18.peg.1612,,VBIFraTul2086_1612,PATRIC.177416.18.NC_006570.CDS.1450536.1450922.rev,PATRIC,CDS,1450536,1450922,387,-,FIG00657881,PLF_262_00001028,PGF_01719300,,128,,hypothetical protein,
Francisella tularensis subsp. tularensis SCHU S4,177416.18,NC_006570,fig|177416.18.peg.1133,,VBIFraTul2086_1133,PATRIC.177416.18.NC_006570.CDS.996926.998821.fwd,PATRIC,CDS,996926,998821,1896,+,FIG01407418,PLF_262_00001183,PGF_01719329,,631,,Transglutaminase-like enzyme,
Francisella tularensis subsp. tularensis SCHU S4,177416.18,NC_006570,,FTT0151,FTT0151,RefSeq.177416.18.NC_006570.CDS.167900.168409.fwd,RefSeq,CDS,167900,168409,510,+,,,,YP_169217.1,169,rimM,16S rRNA processing protein RimM,
Francisella tularensis subsp. tularensis SCHU S4,177416.18,NC_006570,,FTT1228,FTT1228,RefSeq.177416.18.NC_006570.CDS.1246307.1247113.fwd,RefSeq,CDS,1246307,1247113,807,+,,,,YP_170186.1,268,lgt,prolipoprotein diacylglyceryl transferase,
Francisella tularensis subsp. tularensis SCHU S4,177416.18,NC_006570,,FTT0184,FTT0184,RefSeq.177416.18.NC_006570.CDS.200305.200766.fwd,RefSeq,CDS,200305,200766,462,+,,,,YP_169245.1,153,,zinc-binding domain-containing protein,
Francisella tularensis subsp. tularensis SCHU S4,177416.18,NC_006570,fig|177416.18.peg.2060,,VBIFraTul2086_2060,PATRIC.177416.18.NC_006570.CDS.1860899.1861237.fwd,PATRIC,CDS,1860899,1861237,339,+,FIG00016286,PLF_262_00001573,PGF_00048955,,112,,"Ribosyl nicotinamide transporter, PnuC-like",
Francisella tularensis subsp. tularensis SCHU S4,177416.18,NC_006570,,FTT1661,FTT1661,RefSeq.177416.18.NC_006570.CDS.1726818.1727498.fwd,RefSeq,CDS,1726818,1727498,681,+,,,,YP_170569.1,226,tmpT,thiopurine S-methyltransferase,
Francisella tularensis subsp. tularensis SCHU S4,177416.18,NC_006570,,FTT1647c,FTT1647c,RefSeq.177416.18.NC_006570.CDS.1712493.1713239.rev,RefSeq,CDS,1712493,1713239,747,-,,,,YP_170556.1,248,pyrD,diyroorotate dehydrogenase,
Francisella tularensis subsp. tularensis SCHU S4,177416.18,NC_006570,,FTT0018,FTT0018,RefSeq.177416.18.NC_006570.CDS.16728.17801.fwd,RefSeq,CDS,16728,17801,1074,+,,,,YP_169094.1,357,,secretion protein,
Francisella tularensis subsp. tularensis SCHU S4,177416.18,NC_006570,fig|177416.18.peg.559,,VBIFraTul2086_0559,PATRIC.177416.18.NC_006570.CDS.519198.519920.fwd,PATRIC,CDS,519198,519920,723,+,FIG00657987,PLF_262_00000094,PGF_00338611,,240,,hypothetical protein,
Francisella tularensis subsp. tularensis SCHU S4,177416.18,NC_006570,,FTT1606,FTT1606,RefSeq.177416.18.NC_006570.CDS.1672528.1673352.fwd,RefSeq,CDS,1672528,1673352,825,+,,,,YP_170522.1,274,minD,septum site-determining protein MinD,
Francisella tularensis subsp. tularensis SCHU S4,177416.18,NC_006570,,FTT0954c,FTT0954c,RefSeq.177416.18.NC_006570.CDS.967147.967467.rev,RefSeq,CDS,967147,967467,321,-,,,,YP_169944.1,106,,hypothetical protein,
Francisella tularensis subsp. tularensis SCHU S4,177416.18,NC_006570,fig|177416.18.peg.1617,,VBIFraTul2086_1617,PATRIC.177416.18.NC_006570.CDS.1455085.1455843.rev,PATRIC,CDS,1455085,1455843,759,-,FIG00000013,PLF_262_00001387,PGF_00906364,,252,,Hydroxyacylglutathione hydrolase (EC 3.1.2.6),GO:0004416|hydroxyacylglutathione hydrolase activity
Francisella tularensis subsp. tularensis SCHU S4,177416.18,NC_006570,fig|177416.18.peg.1564,,VBIFraTul2086_1564,PATRIC.177416.18.NC_006570.CDS.1405272.1405673.rev,PATRIC,CDS,1405272,1405673,402,-,,PLF_262_00000069,PGF_00055966,,133,,Anhydro-N-acetylmuramic acid kinase (EC 2.7.1.170),
Francisella tularensis subsp. tularensis SCHU S4,177416.18,NC_006570,fig|177416.18.peg.1404,,VBIFraTul2086_1404,PATRIC.177416.18.NC_006570.CDS.1230784.1231176.rev,PATRIC,CDS,1230784,1231176,393,-,FIG00657614,PLF_262_00001190,PGF_01719331,,130,,hypothetical protein,
Francisella tularensis subsp. tularensis SCHU S4,177416.18,NC_006570,fig|177416.18.peg.514,,VBIFraTul2086_0514,PATRIC.177416.18.NC_006570.CDS.476163.477182.fwd,PATRIC,CDS,476163,477182,1020,+,FIG01384358,PLF_262_00001134,PGF_10449588,,339,,"SohB protein, peptidase U7 family",
Francisella tularensis subsp. tularensis SCHU S4,177416.18,NC_006570,fig|177416.18.peg.1701,,VBIFraTul2086_1701,PATRIC.177416.18.NC_006570.CDS.1526036.1527418.rev,PATRIC,CDS,1526036,1527418,1383,-,FIG00002070,PLF_262_00001216,PGF_01719338,,460,,Arabinose-proton symporter,
Francisella tularensis subsp. tularensis SCHU S4,177416.18,NC_006570,,FTT1523c,FTT1523c,RefSeq.177416.18.NC_006570.CDS.1576266.1577009.rev,RefSeq,CDS,1576266,1577009,744,-,,,,YP_170453.1,247,isftu2,transposase,
Francisella tularensis subsp. tularensis SCHU S4,177416.18,NC_006570,,FTT1054c,FTT1054c,RefSeq.177416.18.NC_006570.CDS.1064390.1064878.rev,RefSeq,CDS,1064390,1064878,489,-,,,,YP_170035.1,162,rimI,ribosomal-protein-alanine acetyltransferase,
Francisella tularensis subsp. tularensis SCHU S4,177416.18,NC_006570,fig|177416.18.peg.617,,VBIFraTul2086_0617,PATRIC.177416.18.NC_006570.CDS.566273.566806.fwd,PATRIC,CDS,566273,566806,534,+,FIG00658089,PLF_262_00000016,PGF_00269852,,177,,hypothetical protein,
Francisella tularensis subsp. tularensis SCHU S4,177416.18,NC_006570,fig|177416.18.peg.634,,VBIFraTul2086_0634,PATRIC.177416.18.NC_006570.CDS.578744.579160.fwd,PATRIC,CDS,578744,579160,417,+,FIG01306568,PLF_262_00000002,PGF_01719295,,138,,Mobile element protein,
Francisella tularensis subsp. tularensis SCHU S4,177416.18,NC_006570,fig|177416.18.peg.195,,VBIFraTul2086_0195,PATRIC.177416.18.NC_006570.CDS.190324.191316.rev,PATRIC,CDS,190324,191316,993,-,FIG01288623,PLF_262_00001052,PGF_00969601,,330,,"ABC transporter, permease protein",
Francisella tularensis subsp. tularensis SCHU S4,177416.18,NC_006570,fig|177416.18.peg.1546,,VBIFraTul2086_1546,PATRIC.177416.18.NC_006570.CDS.1373509.1374288.rev,PATRIC,CDS,1373509,1374288,780,-,FIG00015188,PLF_262_00001541,PGF_00007508,,259,,"Gentisate 1,2-dioxygenase (EC 1.13.11.4)","GO:0047922|gentisate 1,2-dioxygenase activity"
Francisella tularensis subsp. tularensis SCHU S4,177416.18,NC_006570,fig|177416.18.peg.564,,VBIFraTul2086_0564,PATRIC.177416.18.NC_006570.CDS.522503.523375.rev,PATRIC,CDS,522503,523375,873,-,FIG00038611,PLF_262_00000799,PGF_00853393,,290,,Succinyl-CoA ligase [ADP-forming] alpha chain (EC 6.2.1.5),GO:0004775|succinate-CoA ligase (ADP-forming) activity
Francisella tularensis subsp. tularensis SCHU S4,177416.18,NC_006570,fig|177416.18.peg.595,,VBIFraTul2086_0595,PATRIC.177416.18.NC_006570.CDS.549569.550027.rev,PATRIC,CDS,549569,550027,459,-,FIG00023943,PLF_262_00000042,PGF_03787622,,152,,DNA polymerase IV (EC 2.7.7.7),GO:0003887|DNA-directed DNA polymerase activity
Francisella tularensis subsp. tularensis SCHU S4,177416.18,NC_006570,fig|177416.18.peg.1529,,VBIFraTul2086_1529,PATRIC.177416.18.NC_006570.CDS.1352615.1353418.fwd,PATRIC,CDS,1352615,1353418,804,+,FIG00016648,PLF_262_00001504,PGF_00066257,,267,,Uridine phosphorylase (EC 2.4.2.3),GO:0004850|uridine phosphorylase activity
Francisella tularensis subsp. tularensis SCHU S4,177416.18,NC_006570,fig|177416.18.peg.1522,,VBIFraTul2086_1522,PATRIC.177416.18.NC_006570.CDS.1345938.1347020.fwd,PATRIC,CDS,1345938,1347020,1083,+,FIG01327473,PLF_262_00001402,PGF_00031346,,360,,Lipopolysaccharide export system permease protein LptF,
Francisella tularensis subsp. tularensis SCHU S4,177416.18,NC_006570,fig|177416.18.peg.1805,,VBIFraTul2086_1805,PATRIC.177416.18.NC_006570.CDS.1621205.1622029.rev,PATRIC,CDS,1621205,1622029,825,-,FIG00133325,PLF_262_00001329,PGF_07609122,,274,,Pyrroline-5-carboxylate reductase (EC 1.5.1.2),GO:0004735|pyrroline-5-carboxylate reductase activity
Francisella tularensis subsp. tularensis SCHU S4,177416.18,NC_006570,,FTT0556c,FTT0556c,RefSeq.177416.18.NC_006570.CDS.574231.575100.rev,RefSeq,CDS,574231,575100,870,-,,,,YP_169582.1,289,oxyR,oxidative stress transcriptional regulator,
Francisella tularensis subsp. tularensis SCHU S4,177416.18,NC_006570,,FTT1396c,FTT1396c,RefSeq.177416.18.NC_006570.CDS.1444096.1444674.rev,RefSeq,CDS,1444096,1444674,579,-,,,,YP_170341.1,192,,hypothetical protein,
Francisella tularensis subsp. tularensis SCHU S4,177416.18,NC_006570,,FTT0789,FTT0789,RefSeq.177416.18.NC_006570.CDS.807003.807671.fwd,RefSeq,CDS,807003,807671,669,+,,,,YP_169796.1,222,rpe,D-ribulose-phosphate 3-epimerase,
Francisella tularensis subsp. tularensis SCHU S4,177416.18,NC_006570,fig|177416.18.peg.1442,,VBIFraTul2086_1442,PATRIC.177416.18.NC_006570.CDS.1269315.1270076.fwd,PATRIC,CDS,1269315,1270076,762,+,FIG00006151,PLF_262_00000214,PGF_12752958,,253,,Methionine ABC transporter ATP-binding protein,GO:0005524|ATP binding;GO:0016887|ATPase activity
Francisella tularensis subsp. tularensis SCHU S4,177416.18,NC_006570,fig|177416.18.peg.1462,,VBIFraTul2086_1462,PATRIC.177416.18.NC_006570.CDS.1286965.1287381.rev,PATRIC,CDS,1286965,1287381,417,-,FIG01306568,PLF_262_00000002,PGF_01719295,,138,,Mobile element protein,
Francisella tularensis subsp. tularensis SCHU S4,177416.18,NC_006570,,FTT1685,FTT1685,RefSeq.177416.18.NC_006570.CDS.1754921.1755646.fwd,RefSeq,CDS,1754921,1755646,726,+,,,,YP_170590.1,241,,hypothetical protein,
Francisella tularensis subsp. tularensis SCHU S4,177416.18,NC_006570,,FTT0681c,FTT0681c,RefSeq.177416.18.NC_006570.CDS.698279.699163.rev,RefSeq,CDS,698279,699163,885,-,,,,YP_169697.1,294,blaA,Beta-lactamase class A,
Francisella tularensis subsp. tularensis SCHU S4,177416.18,NC_006570,,FTT0902,FTT0902,RefSeq.177416.18.NC_006570.CDS.910563.911042.fwd,RefSeq,CDS,910563,911042,480,+,,,,YP_169899.1,159,,hypothetical protein,
Francisella tularensis subsp. tularensis SCHU S4,177416.18,NC_006570,fig|177416.18.peg.44,FTT0041,VBIFraTul2086_0044,PATRIC.177416.18.NC_006570.CDS.40353.40544.fwd,PATRIC,CDS,40353,40544,192,+,FIG00000559,PLF_262_00000685,PGF_08749001,YP_169117.1,63,nuoK,NADH-ubiquinone oxidoreductase chain K (EC 1.6.5.3),GO:0008137|NADH dehydrogenase (ubiquinone) activity
Francisella tularensis subsp. tularensis SCHU S4,177416.18,NC_006570,,FTT0125,FTT0125,RefSeq.177416.18.NC_006570.CDS.136633.137601.fwd,RefSeq,CDS,136633,137601,969,+,,,,YP_169192.1,322,oppD,"oligopeptide transporter, subunit D, ABC transporter, ATP-binding protein",
Francisella tularensis subsp. tularensis SCHU S4,177416.18,NC_006570,,FTT0305,FTT0305,RefSeq.177416.18.NC_006570.CDS.319466.319843.fwd,RefSeq,CDS,319466,319843,378,+,,,,YP_169354.1,125,,MutT/nudix family protein,
Francisella tularensis subsp. tularensis SCHU S4,177416.18,NC_006570,,FTT0507,FTT0507,RefSeq.177416.18.NC_006570.CDS.527635.528402.fwd,RefSeq,CDS,527635,528402,768,+,,,,YP_169542.1,255,,lipoprotein,
Francisella tularensis subsp. tularensis SCHU S4,177416.18,NC_006570,fig|177416.18.peg.2062,,VBIFraTul2086_2062,PATRIC.177416.18.NC_006570.CDS.1861734.1862543.rev,PATRIC,CDS,1861734,1862543,810,-,FIG00105533,PLF_262_00000821,PGF_00062023,,269,,Tryptophan synthase alpha chain (EC 4.2.1.20),GO:0004834|tryptophan synthase activity
Francisella tularensis subsp. tularensis SCHU S4,177416.18,NC_006570,fig|177416.18.peg.288,,VBIFraTul2086_0288,PATRIC.177416.18.NC_006570.CDS.275088.275186.fwd,PATRIC,CDS,275088,275186,99,+,FIG00638284,PLF_262_00001905,PGF_01719628,,32,,hypothetical protein,
Francisella tularensis subsp. tularensis SCHU S4,177416.18,NC_006570,fig|177416.18.peg.797,,VBIFraTul2086_0797,PATRIC.177416.18.NC_006570.CDS.720082.720432.fwd,PATRIC,CDS,720082,720432,351,+,FIG00000502,PLF_262_00000865,PGF_09545833,,116,,Iron-sulfur cluster insertion protein ErpA,
Francisella tularensis subsp. tularensis SCHU S4,177416.18,NC_006570,fig|177416.18.peg.1492,,VBIFraTul2086_1492,PATRIC.177416.18.NC_006570.CDS.1316066.1317289.fwd,PATRIC,CDS,1316066,1317289,1224,+,FIG00026673,PLF_262_00000251,PGF_03173405,,407,,D-galactonate transporter,
Francisella tularensis subsp. tularensis SCHU S4,177416.18,NC_006570,,FTT0215,FTT0215,RefSeq.177416.18.NC_006570.CDS.231975.234128.fwd,RefSeq,CDS,231975,234128,2154,+,,,,YP_169272.1,717,priA,primosomal protein N',
Francisella tularensis subsp. tularensis SCHU S4,177416.18,NC_006570,,FTT0834,FTT0834,RefSeq.177416.18.NC_006570.CDS.850799.851161.fwd,RefSeq,CDS,850799,851161,363,+,,,,YP_169839.1,120,aroQ,chorismate mutase,
Francisella tularensis subsp. tularensis SCHU S4,177416.18,NC_006570,,FTT0897,FTT0897,RefSeq.177416.18.NC_006570.CDS.905876.906973.fwd,RefSeq,CDS,905876,906973,1098,+,,,,YP_169894.1,365,purK,phosphoribosylaminoimidazole carboxylase ATPase subunit,
Francisella tularensis subsp. tularensis SCHU S4,177416.18,NC_006570,fig|177416.18.peg.1615,,VBIFraTul2086_1615,PATRIC.177416.18.NC_006570.CDS.1453967.1454191.rev,PATRIC,CDS,1453967,1454191,225,-,FIG00012728,PLF_262_00001234,PGF_09238933,,74,,Ferrous iron transporter-associated protein FeoA,
Francisella tularensis subsp. tularensis SCHU S4,177416.18,NC_006570,fig|177416.18.peg.1189,,VBIFraTul2086_1189,PATRIC.177416.18.NC_006570.CDS.1050539.1050736.rev,PATRIC,CDS,1050539,1050736,198,-,FIG00000178,PLF_262_00000785,PGF_04034430,,65,,SSU ribosomal protein S21p,GO:0003735|structural constituent of ribosome;GO:0005622|intracellular;GO:0005840|ribosome;GO:0006412|translation
Francisella tularensis subsp. tularensis SCHU S4,177416.18,NC_006570,fig|177416.18.peg.659,,VBIFraTul2086_0659,PATRIC.177416.18.NC_006570.CDS.597911.598462.fwd,PATRIC,CDS,597911,598462,552,+,FIG00138514,PLF_262_00000866,PGF_06661068,,183,,PaaD-like protein (DUF59) involved in Fe-S cluster assembly,
Francisella tularensis subsp. tularensis SCHU S4,177416.18,NC_006570,fig|177416.18.peg.2050,,VBIFraTul2086_2050,PATRIC.177416.18.NC_006570.CDS.1849746.1850465.fwd,PATRIC,CDS,1849746,1850465,720,+,FIG00657887,PLF_262_00000304,PGF_01720052,,239,,hypothetical protein,
Francisella tularensis subsp. tularensis SCHU S4,177416.18,NC_006570,fig|177416.18.peg.1542,,VBIFraTul2086_1542,PATRIC.177416.18.NC_006570.CDS.1368782.1370326.rev,PATRIC,CDS,1368782,1370326,1545,-,FIG00005216,PLF_262_00001886,PGF_02893668,,514,,Sulfate transporter,
Francisella tularensis subsp. tularensis SCHU S4,177416.18,NC_006570,fig|177416.18.peg.1925,,VBIFraTul2086_1925,PATRIC.177416.18.NC_006570.CDS.1725296.1726642.rev,PATRIC,CDS,1725296,1726642,1347,-,FIG00000032,PLF_262_00000903,PGF_00423378,,448,,Dihydroorotase (EC 3.5.2.3),GO:0004151|dihydroorotase activity
Francisella tularensis subsp. tularensis SCHU S4,177416.18,NC_006570,fig|177416.18.peg.1014,,VBIFraTul2086_1014,PATRIC.177416.18.NC_006570.CDS.891809.892999.rev,PATRIC,CDS,891809,892999,1191,-,FIG00719736,PLF_262_00000544,PGF_07097908,,396,,Alanine transaminase (EC 2.6.1.2),GO:0004021|L-alanine:2-oxoglutarate aminotransferase activity
Francisella tularensis subsp. tularensis SCHU S4,177416.18,NC_006570,fig|177416.18.peg.1455,,VBIFraTul2086_1455,PATRIC.177416.18.NC_006570.CDS.1283043.1283282.rev,PATRIC,CDS,1283043,1283282,240,-,FIG01312614,PLF_262_00000172,PGF_00062013,,79,,Tryptophan repressor binding protein,
Francisella tularensis subsp. tularensis SCHU S4,177416.18,NC_006570,fig|177416.18.peg.223,,VBIFraTul2086_0223,PATRIC.177416.18.NC_006570.CDS.219894.220130.fwd,PATRIC,CDS,219894,220130,237,+,FIG00033877,PLF_262_00000011,PGF_12907514,,78,,Serine transporter,GO:0006865|amino acid transport;GO:0009847|spore germination;GO:0016020|membrane;GO:0016021|integral to membrane
Francisella tularensis subsp. tularensis SCHU S4,177416.18,NC_006570,,FTT1667,FTT1667,RefSeq.177416.18.NC_006570.CDS.1735997.1736233.fwd,RefSeq,CDS,1735997,1736233,237,+,,,,YP_170574.1,78,,hypothetical protein,
Francisella tularensis subsp. tularensis SCHU S4,177416.18,NC_006570,,FTT1699,FTT1699,RefSeq.177416.18.NC_006570.CDS.1773304.1775766.fwd,RefSeq,CDS,1773304,1775766,2463,+,,,,YP_170604.1,820,pdpA1,hypothetical protein,
Francisella tularensis subsp. tularensis SCHU S4,177416.18,NC_006570,,FTT0243,FTT0243,RefSeq.177416.18.NC_006570.CDS.254793.255572.fwd,RefSeq,CDS,254793,255572,780,+,,,,YP_169296.1,259,,hypothetical protein,
Francisella tularensis subsp. tularensis SCHU S4,177416.18,NC_006570,,FTT0061,FTT0061,RefSeq.177416.18.NC_006570.CDS.61794.62318.fwd,RefSeq,CDS,61794,62318,525,+,,,,YP_169136.1,174,atpH,F0F1 ATP synthase subunit delta,
Francisella tularensis subsp. tularensis SCHU S4,177416.18,NC_006570,fig|177416.18.peg.1702,,VBIFraTul2086_1702,PATRIC.177416.18.NC_006570.CDS.1527509.1528534.fwd,PATRIC,CDS,1527509,1528534,1026,+,FIG00623809,PLF_262_00000910,PGF_01010490,,341,,Galactose-1-phosphate uridylyltransferase (EC 2.7.7.10),GO:0017103|UTP:galactose-1-phosphate uridylyltransferase activity
Francisella tularensis subsp. tularensis SCHU S4,177416.18,NC_006570,,FTT1137c,FTT1137c,RefSeq.177416.18.NC_006570.CDS.1149839.1150099.rev,RefSeq,CDS,1149839,1150099,261,-,,,,YP_170108.1,86,,hypothetical protein,
Francisella tularensis subsp. tularensis SCHU S4,177416.18,NC_006570,,FTT0396,FTT0396,RefSeq.177416.18.NC_006570.CDS.396434.398659.fwd,RefSeq,CDS,396434,398659,2226,+,,,,YP_169441.1,741,parC,DNA topoisomerase IV subunit A,
Francisella tularensis subsp. tularensis SCHU S4,177416.18,NC_006570,,FTT0090c,FTT0090c,RefSeq.177416.18.NC_006570.CDS.93768.94214.rev,RefSeq,CDS,93768,94214,447,-,,,,YP_169163.1,148,,hypothetical protein,
Francisella tularensis subsp. tularensis SCHU S4,177416.18,NC_006570,,FTT1508c,FTT1508c,RefSeq.177416.18.NC_006570.CDS.1561699.1563642.rev,RefSeq,CDS,1561699,1563642,1944,-,,,,YP_170442.1,647,relA,GTP pyrophosphokinase,
Francisella tularensis subsp. tularensis SCHU S4,177416.18,NC_006570,,FTT1289,FTT1289,RefSeq.177416.18.NC_006570.CDS.1313066.1313488.fwd,RefSeq,CDS,1313066,1313488,423,+,,,,YP_170244.1,140,,hypothetical protein,
Francisella tularensis subsp. tularensis SCHU S4,177416.18,NC_006570,,FTT1326,FTT1326,RefSeq.177416.18.NC_006570.CDS.1352649.1353452.fwd,RefSeq,CDS,1352649,1353452,804,+,,,,YP_170279.1,267,udp,uridine phosphorylase,
Francisella tularensis subsp. tularensis SCHU S4,177416.18,NC_006570,,FTT1395c,FTT1395c,RefSeq.177416.18.NC_006570.CDS.1442523.1443953.rev,RefSeq,CDS,1442523,1443953,1431,-,,,,YP_170340.1,476,,ATP-dependent DNA helicase,
Francisella tularensis subsp. tularensis SCHU S4,177416.18,NC_006570,,FTT0769,FTT0769,RefSeq.177416.18.NC_006570.CDS.788288.791008.fwd,RefSeq,CDS,788288,791008,2721,+,,,,YP_169779.1,906,secA,preprotein translocase subunit SecA,
Francisella tularensis subsp. tularensis SCHU S4,177416.18,NC_006570,,FTT1590c,FTT1590c,RefSeq.177416.18.NC_006570.CDS.1652826.1653521.rev,RefSeq,CDS,1652826,1653521,696,-,,,,YP_170508.1,231,ubiG,3-demethylubiquinone-9 3-methyltransferase,
Francisella tularensis subsp. tularensis SCHU S4,177416.18,NC_006570,fig|177416.18.peg.302,,VBIFraTul2086_0302,PATRIC.177416.18.NC_006570.CDS.285595.286218.fwd,PATRIC,CDS,285595,286218,624,+,FIG01954644,PLF_262_00001484,PGF_00027813,,207,,Outer membrane lipoprotein component of lipoprotein transport system LolB,
Francisella tularensis subsp. tularensis SCHU S4,177416.18,NC_006570,,FTT1215c,FTT1215c,RefSeq.177416.18.NC_006570.CDS.1234070.1235092.rev,RefSeq,CDS,1234070,1235092,1023,-,,,,YP_170173.1,340,queA,S-adenosylmethionine:tRNA ribosyltransferase-isomerase,
Francisella tularensis subsp. tularensis SCHU S4,177416.18,NC_006570,,FTT1658c,FTT1658c,RefSeq.177416.18.NC_006570.CDS.1723780.1724034.rev,RefSeq,CDS,1723780,1724034,255,-,,,,YP_170566.1,84,,hypothetical protein,
Francisella tularensis subsp. tularensis SCHU S4,177416.18,NC_006570,,FTT1336,FTT1336,RefSeq.177416.18.NC_006570.CDS.1365397.1367046.fwd,RefSeq,CDS,1365397,1367046,1650,+,,,,YP_170288.1,549,cydC,cysteine/glutathione ABC transporter membrane/ATP-binding component,
Francisella tularensis subsp. tularensis SCHU S4,177416.18,NC_006570,fig|177416.18.peg.1654,,VBIFraTul2086_1654,PATRIC.177416.18.NC_006570.CDS.1482109.1483032.rev,PATRIC,CDS,1482109,1483032,924,-,FIG00001005,PLF_262_00001481,PGF_06025565,,307,,"Uncharacterized efflux ABC transporter, ATP-binding protein YadG",
Francisella tularensis subsp. tularensis SCHU S4,177416.18,NC_006570,fig|177416.18.peg.828,,VBIFraTul2086_0828,PATRIC.177416.18.NC_006570.CDS.750457.750846.fwd,PATRIC,CDS,750457,750846,390,+,FIG00002351,PLF_262_00000274,PGF_00020256,,129,,Membrane-fusion protein,
Francisella tularensis subsp. tularensis SCHU S4,177416.18,NC_006570,fig|177416.18.peg.271,,VBIFraTul2086_0271,PATRIC.177416.18.NC_006570.CDS.254156.254719.fwd,PATRIC,CDS,254156,254719,564,+,FIG01325441,PLF_262_00001240,PGF_00012653,,187,,"Hydrolase, HAD subfamily IIIA",
Francisella tularensis subsp. tularensis SCHU S4,177416.18,NC_006570,fig|177416.18.peg.1989,,VBIFraTul2086_1989,PATRIC.177416.18.NC_006570.CDS.1792619.1794139.rev,PATRIC,CDS,1792619,1794139,1521,-,FIG00004734,PLF_262_00000083,PGF_04816404,,506,,T6SS component TssC (ImpC/VipB),
Francisella tularensis subsp. tularensis SCHU S4,177416.18,NC_006570,fig|177416.18.peg.979,,VBIFraTul2086_0979,PATRIC.177416.18.NC_006570.CDS.866499.867737.fwd,PATRIC,CDS,866499,867737,1239,+,FIG00081580,PLF_262_00000891,PGF_02229778,,412,,putative anion permease,
Francisella tularensis subsp. tularensis SCHU S4,177416.18,NC_006570,fig|177416.18.peg.1377,,VBIFraTul2086_1377,PATRIC.177416.18.NC_006570.CDS.1205054.1205182.rev,PATRIC,CDS,1205054,1205182,129,-,FIG01338306,PLF_262_00002877,PGF_01719969,,42,,hypothetical protein,
Francisella tularensis subsp. tularensis SCHU S4,177416.18,NC_006570,fig|177416.18.peg.866,,VBIFraTul2086_0866,PATRIC.177416.18.NC_006570.CDS.774330.774530.fwd,PATRIC,CDS,774330,774530,201,+,FIG00000178,PLF_262_00000009,PGF_04034430,,66,,SSU ribosomal protein S21p,GO:0003735|structural constituent of ribosome;GO:0005622|intracellular;GO:0005840|ribosome;GO:0006412|translation
Francisella tularensis subsp. tularensis SCHU S4,177416.18,NC_006570,fig|177416.18.peg.472,,VBIFraTul2086_0472,PATRIC.177416.18.NC_006570.CDS.438607.439701.rev,PATRIC,CDS,438607,439701,1095,-,FIG00026137,PLF_262_00000202,PGF_00067188,,364,,Aspartate-semialdehyde dehydrogenase (EC 1.2.1.11),GO:0004073|aspartate-semialdehyde dehydrogenase activity
Francisella tularensis subsp. tularensis SCHU S4,177416.18,NC_006570,fig|177416.18.peg.1983,,VBIFraTul2086_1983,PATRIC.177416.18.NC_006570.CDS.1784240.1785391.fwd,PATRIC,CDS,1784240,1785391,1152,+,FIG00657470,PLF_262_00000491,PGF_00386923,,383,,hypothetical protein,
Francisella tularensis subsp. tularensis SCHU S4,177416.18,NC_006570,fig|177416.18.peg.26,FTT0023c,VBIFraTul2086_0026,PATRIC.177416.18.NC_006570.CDS.21481.22332.rev,PATRIC,CDS,21481,22332,852,-,,PLF_262_00000450,PGF_01721071,YP_169099.1,283,,Secreted effector J SseJ,
Francisella tularensis subsp. tularensis SCHU S4,177416.18,NC_006570,fig|177416.18.peg.1972,,VBIFraTul2086_1972,PATRIC.177416.18.NC_006570.CDS.1766112.1766528.rev,PATRIC,CDS,1766112,1766528,417,-,FIG01306568,PLF_262_00000002,PGF_01719295,,138,,Mobile element protein,
Francisella tularensis subsp. tularensis SCHU S4,177416.18,NC_006570,fig|177416.18.peg.1693,,VBIFraTul2086_1693,PATRIC.177416.18.NC_006570.CDS.1518210.1518347.rev,PATRIC,CDS,1518210,1518347,138,-,FIG00000687,PLF_262_00001731,PGF_01719519,,45,,hypothetical protein,
Francisella tularensis subsp. tularensis SCHU S4,177416.18,NC_006570,fig|177416.18.peg.1508,,VBIFraTul2086_1508,PATRIC.177416.18.NC_006570.CDS.1328990.1330387.rev,PATRIC,CDS,1328990,1330387,1398,-,FIG00129616,PLF_262_00000370,PGF_00007024,,465,,GTP-binding protein EngA,GO:0005525|GTP binding;GO:0005622|intracellular
Francisella tularensis subsp. tularensis SCHU S4,177416.18,NC_006570,fig|177416.18.peg.1763,,VBIFraTul2086_1763,PATRIC.177416.18.NC_006570.CDS.1587203.1589443.fwd,PATRIC,CDS,1587203,1589443,2241,+,FIG00009149,PLF_262_00001167,PGF_10428547,,746,,Acyl-CoA dehydrogenase,
Francisella tularensis subsp. tularensis SCHU S4,177416.18,NC_006570,fig|177416.18.peg.1724,,VBIFraTul2086_1724,PATRIC.177416.18.NC_006570.CDS.1546741.1547625.rev,PATRIC,CDS,1546741,1547625,885,-,FIG00001103,PLF_262_00000673,PGF_00023835,,294,,N-acetylmuramic acid 6-phosphate etherase (EC 4.2.1.126),
Francisella tularensis subsp. tularensis SCHU S4,177416.18,NC_006570,,FTT0790,FTT0790,RefSeq.177416.18.NC_006570.CDS.807652.809046.fwd,RefSeq,CDS,807652,809046,1395,+,,,,YP_169797.1,464,,sugar transferase family protein,
Francisella tularensis subsp. tularensis SCHU S4,177416.18,NC_006570,fig|177416.18.peg.1350,,VBIFraTul2086_1350,PATRIC.177416.18.NC_006570.CDS.1182787.1183635.fwd,PATRIC,CDS,1182787,1183635,849,+,FIG00000840,PLF_262_00000519,PGF_00426877,,282,,LSU ribosomal maturation GTPase RbgA (B. subtilis YlqF),
Francisella tularensis subsp. tularensis SCHU S4,177416.18,NC_006570,fig|177416.18.peg.665,,VBIFraTul2086_0665,PATRIC.177416.18.NC_006570.CDS.605089.605469.fwd,PATRIC,CDS,605089,605469,381,+,FIG00023946,PLF_262_00001564,PGF_00415964,,126,,CRISPR-associated protein Cas1,
Francisella tularensis subsp. tularensis SCHU S4,177416.18,NC_006570,,FTT0805,FTT0805,RefSeq.177416.18.NC_006570.CDS.824838.826055.fwd,RefSeq,CDS,824838,826055,1218,+,,,,YP_169812.1,405,capB,capsule biosynthesis protein capB,
Francisella tularensis subsp. tularensis SCHU S4,177416.18,NC_006570,,FTT1011,FTT1011,RefSeq.177416.18.NC_006570.CDS.1021984.1022172.fwd,RefSeq,CDS,1021984,1022172,189,+,,,,YP_169997.1,62,,hypothetical protein,
Francisella tularensis subsp. tularensis SCHU S4,177416.18,NC_006570,,FTT1319,FTT1319,RefSeq.177416.18.NC_006570.CDS.1345972.1347054.fwd,RefSeq,CDS,1345972,1347054,1083,+,,,,YP_170272.1,360,,permease YjgP/YjgQ family protein,
Francisella tularensis subsp. tularensis SCHU S4,177416.18,NC_006570,,FTT0937c,FTT0937c,RefSeq.177416.18.NC_006570.CDS.948398.949339.rev,RefSeq,CDS,948398,949339,942,-,,,,YP_169930.1,313,bioB,biotin synthase,
Francisella tularensis subsp. tularensis SCHU S4,177416.18,NC_006570,,FTT1573c,FTT1573c,RefSeq.177416.18.NC_006570.CDS.1633753.1636131.rev,RefSeq,CDS,1633753,1636131,2379,-,,,,YP_170495.1,792,,outer membrane protein,
Francisella tularensis subsp. tularensis SCHU S4,177416.18,NC_006570,,FTT0153,FTT0153,RefSeq.177416.18.NC_006570.CDS.169570.169917.fwd,RefSeq,CDS,169570,169917,348,+,,,,YP_169219.1,115,rplS,50S ribosomal protein L19,
Francisella tularensis subsp. tularensis SCHU S4,177416.18,NC_006570,,FTT0282,FTT0282,RefSeq.177416.18.NC_006570.CDS.296622.298652.fwd,RefSeq,CDS,296622,298652,2031,+,,,,YP_169332.1,676,cyoB,cytochrome O ubiquinol oxidase subunit I,
Francisella tularensis subsp. tularensis SCHU S4,177416.18,NC_006570,,FTT1725c,FTT1725c,RefSeq.177416.18.NC_006570.CDS.1811118.1811738.rev,RefSeq,CDS,1811118,1811738,621,-,,,,YP_170627.1,206,pcm,protein-L-isoaspartate O-methyltransferase,
Francisella tularensis subsp. tularensis SCHU S4,177416.18,NC_006570,,FTT0573,FTT0573,RefSeq.177416.18.NC_006570.CDS.590358.591455.fwd,RefSeq,CDS,590358,591455,1098,+,,,,YP_169598.1,365,alr,alanine racemase,
Francisella tularensis subsp. tularensis SCHU S4,177416.18,NC_006570,,FTT0956c,FTT0956c,RefSeq.177416.18.NC_006570.CDS.968877.969596.rev,RefSeq,CDS,968877,969596,720,-,,,,YP_169946.1,239,,hypothetical protein,
Francisella tularensis subsp. tularensis SCHU S4,177416.18,NC_006570,,FTT1295c,FTT1295c,RefSeq.177416.18.NC_006570.CDS.1319515.1320531.rev,RefSeq,CDS,1319515,1320531,1017,-,,,,YP_170250.1,338,glk,glucose kinase,
Francisella tularensis subsp. tularensis SCHU S4,177416.18,NC_006570,,FTT1557c,FTT1557c,RefSeq.177416.18.NC_006570.CDS.1618777.1619463.rev,RefSeq,CDS,1618777,1619463,687,-,,,,YP_170481.1,228,,two-component response regulator,
Francisella tularensis subsp. tularensis SCHU S4,177416.18,NC_006570,,FTT0268,FTT0268,RefSeq.177416.18.NC_006570.CDS.283223.285109.fwd,RefSeq,CDS,283223,285109,1887,+,,,,YP_169320.1,628,,Sodium/hydrogen exchanger (antiporter) family protein,
Francisella tularensis subsp. tularensis SCHU S4,177416.18,NC_006570,,FTT0878c,FTT0878c,RefSeq.177416.18.NC_006570.CDS.886653.887165.rev,RefSeq,CDS,886653,887165,513,-,,,,YP_169878.1,170,msrB,methionine sulfoxide reductase B,
Francisella tularensis subsp. tularensis SCHU S4,177416.18,NC_006570,fig|177416.18.peg.1666,,VBIFraTul2086_1666,PATRIC.177416.18.NC_006570.CDS.1492411.1492734.fwd,PATRIC,CDS,1492411,1492734,324,+,FIG01318274,PLF_262_00000461,PGF_10345259,,107,,Thioredoxin,
Francisella tularensis subsp. tularensis SCHU S4,177416.18,NC_006570,fig|177416.18.peg.1371,,VBIFraTul2086_1371,PATRIC.177416.18.NC_006570.CDS.1201203.1201508.rev,PATRIC,CDS,1201203,1201508,306,-,FIG00894762,PLF_262_00001344,PGF_03225027,,101,,UPF0125 protein RatB,
Francisella tularensis subsp. tularensis SCHU S4,177416.18,NC_006570,fig|177416.18.peg.2076,,VBIFraTul2086_2076,PATRIC.177416.18.NC_006570.CDS.1873954.1874166.rev,PATRIC,CDS,1873954,1874166,213,-,FIG00657574,PLF_262_00000860,PGF_01722179,,70,,hypothetical protein,
Francisella tularensis subsp. tularensis SCHU S4,177416.18,NC_006570,fig|177416.18.peg.854,,VBIFraTul2086_0854,PATRIC.177416.18.NC_006570.CDS.767486.767782.rev,PATRIC,CDS,767486,767782,297,-,FIG01422083,PLF_262_00001784,PGF_00006633,,98,,"Tetrapartite efflux system, inner membrane component FusBC-like",
Francisella tularensis subsp. tularensis SCHU S4,177416.18,NC_006570,fig|177416.18.peg.1100,,VBIFraTul2086_1100,PATRIC.177416.18.NC_006570.CDS.973622.974260.fwd,PATRIC,CDS,973622,974260,639,+,FIG00015923,PLF_262_00000941,PGF_00723627,,212,,Intracellular protease,
Francisella tularensis subsp. tularensis SCHU S4,177416.18,NC_006570,fig|177416.18.peg.1061,,VBIFraTul2086_1061,PATRIC.177416.18.NC_006570.CDS.941128.941727.rev,PATRIC,CDS,941128,941727,600,-,FIG01954109,PLF_262_00000898,PGF_10463241,,199,,3-hydroxybutyrate dehydrogenase (EC 1.1.1.30),GO:0003858|3-hydroxybutyrate dehydrogenase activity
Francisella tularensis subsp. tularensis SCHU S4,177416.18,NC_006570,,FTT0658,FTT0658,RefSeq.177416.18.NC_006570.CDS.677568.678221.fwd,RefSeq,CDS,677568,678221,654,+,,,,YP_169675.1,217,ruvA,Holliday junction DNA helicase RuvA,
Francisella tularensis subsp. tularensis SCHU S4,177416.18,NC_006570,fig|177416.18.peg.1162,,VBIFraTul2086_1162,PATRIC.177416.18.NC_006570.CDS.1023158.1024204.rev,PATRIC,CDS,1023158,1024204,1047,-,FIG00000352,PLF_262_00000267,PGF_05049118,,348,,Holliday junction ATP-dependent DNA helicase RuvB (EC 3.6.4.12),
Francisella tularensis subsp. tularensis SCHU S4,177416.18,NC_006570,,FTT1322,FTT1322,RefSeq.177416.18.NC_006570.CDS.1349383.1350606.fwd,RefSeq,CDS,1349383,1350606,1224,+,,,,YP_170275.1,407,,peptidase M16 family protein,
Francisella tularensis subsp. tularensis SCHU S4,177416.18,NC_006570,,FTT0385,FTT0385,RefSeq.177416.18.NC_006570.CDS.386945.387925.fwd,RefSeq,CDS,386945,387925,981,+,,,,YP_169430.1,326,,hypothetical protein,
Francisella tularensis subsp. tularensis SCHU S4,177416.18,NC_006570,fig|177416.18.peg.598,,VBIFraTul2086_0598,PATRIC.177416.18.NC_006570.CDS.551337.551534.fwd,PATRIC,CDS,551337,551534,198,+,,PLF_262_00000264,PGF_00013003,,65,,Bis-ABC ATPase YheS,
Francisella tularensis subsp. tularensis SCHU S4,177416.18,NC_006570,,FTT1007c,FTT1007c,RefSeq.177416.18.NC_006570.CDS.1020043.1020765.rev,RefSeq,CDS,1020043,1020765,723,-,,,,YP_169993.1,240,,hypothetical protein,
Francisella tularensis subsp. tularensis SCHU S4,177416.18,NC_006570,,FTT0963c,FTT0963c,RefSeq.177416.18.NC_006570.CDS.974331.975443.rev,RefSeq,CDS,974331,975443,1113,-,,,,YP_169953.1,370,aroG,phospho-2-dehydro-3-deoxyheptonate aldolase,
Francisella tularensis subsp. tularensis SCHU S4,177416.18,NC_006570,,FTT0422,FTT0422,RefSeq.177416.18.NC_006570.CDS.436366.437724.fwd,RefSeq,CDS,436366,437724,1359,+,,,,YP_169465.1,452,murF,"UDP-N--acetylmuramoylalanyl-D-glutamyl-2,6- diaminopimelate-D-alanyl-D-alanyl ligase",
Francisella tularensis subsp. tularensis SCHU S4,177416.18,NC_006570,fig|177416.18.peg.282,,VBIFraTul2086_0282,PATRIC.177416.18.NC_006570.CDS.267995.269368.fwd,PATRIC,CDS,267995,269368,1374,+,FIG00000157,PLF_262_00000056,PGF_04294677,,457,,2-isopropylmalate synthase (EC 2.3.3.13),GO:0003852|2-isopropylmalate synthase activity
Francisella tularensis subsp. tularensis SCHU S4,177416.18,NC_006570,,FTT0820,FTT0820,RefSeq.177416.18.NC_006570.CDS.837824.838180.fwd,RefSeq,CDS,837824,838180,357,+,,,,YP_169827.1,118,rplT,50S ribosomal protein L20,
Francisella tularensis subsp. tularensis SCHU S4,177416.18,NC_006570,fig|177416.18.peg.1174,,VBIFraTul2086_1174,PATRIC.177416.18.NC_006570.CDS.1035951.1036784.rev,PATRIC,CDS,1035951,1036784,834,-,FIG00657721,PLF_262_00001314,PGF_00017644,,277,,Lipopolysaccharide export system protein LptA,
Francisella tularensis subsp. tularensis SCHU S4,177416.18,NC_006570,fig|177416.18.peg.1089,,VBIFraTul2086_1089,PATRIC.177416.18.NC_006570.CDS.964145.965470.fwd,PATRIC,CDS,964145,965470,1326,+,FIG00004345,PLF_262_00000183,PGF_10430960,,441,,ATP-dependent RNA helicase RhlE (EC 3.6.4.13),
Francisella tularensis subsp. tularensis SCHU S4,177416.18,NC_006570,fig|177416.18.peg.1059,,VBIFraTul2086_1059,PATRIC.177416.18.NC_006570.CDS.938084.939379.fwd,PATRIC,CDS,938084,939379,1296,+,FIG00000338,PLF_262_00000612,PGF_09019918,,431,,"Glutamate-1-semialdehyde 2,1-aminomutase (EC 5.4.3.8)","GO:0042286|glutamate-1-semialdehyde 2,1-aminomutase activity"
Francisella tularensis subsp. tularensis SCHU S4,177416.18,NC_006570,fig|177416.18.peg.1861,,VBIFraTul2086_1861,PATRIC.177416.18.NC_006570.CDS.1673320.1673592.fwd,PATRIC,CDS,1673320,1673592,273,+,FIG00000827,PLF_262_00000343,PGF_05220786,,90,,Cell division topological specificity factor MinE,
Francisella tularensis subsp. tularensis SCHU S4,177416.18,NC_006570,fig|177416.18.peg.1721,,VBIFraTul2086_1721,PATRIC.177416.18.NC_006570.CDS.1545228.1545854.rev,PATRIC,CDS,1545228,1545854,627,-,FIG00657871,PLF_262_00009059,PGF_00105927,,208,,hypothetical protein,
Francisella tularensis subsp. tularensis SCHU S4,177416.18,NC_006570,fig|177416.18.peg.1157,,VBIFraTul2086_1157,PATRIC.177416.18.NC_006570.CDS.1021117.1021653.fwd,PATRIC,CDS,1021117,1021653,537,+,FIG00946206,PLF_262_00000495,PGF_00408749,,178,,putative membrane protein,
Francisella tularensis subsp. tularensis SCHU S4,177416.18,NC_006570,fig|177416.18.peg.82,FTT0076,VBIFraTul2086_0082,PATRIC.177416.18.NC_006570.CDS.77187.80000.fwd,PATRIC,CDS,77187,80000,2814,+,FIG00000541,PLF_262_00000499,PGF_00406692,YP_169151.1,937,sucA,2-oxoglutarate dehydrogenase E1 component (EC 1.2.4.2),GO:0004591|oxoglutarate dehydrogenase (succinyl-transferring) activity
Francisella tularensis subsp. tularensis SCHU S4,177416.18,NC_006570,fig|177416.18.peg.1396,,VBIFraTul2086_1396,PATRIC.177416.18.NC_006570.CDS.1222292.1223326.rev,PATRIC,CDS,1222292,1223326,1035,-,FIG00657648,PLF_262_00001429,PGF_00211086,,344,,hypothetical protein,
Francisella tularensis subsp. tularensis SCHU S4,177416.18,NC_006570,fig|177416.18.peg.1458,,VBIFraTul2086_1458,PATRIC.177416.18.NC_006570.CDS.1283965.1284345.fwd,PATRIC,CDS,1283965,1284345,381,+,FIG01306568,PLF_262_00000001,PGF_01719295,,126,,Mobile element protein,
Francisella tularensis subsp. tularensis SCHU S4,177416.18,NC_006570,fig|177416.18.peg.1819,,VBIFraTul2086_1819,PATRIC.177416.18.NC_006570.CDS.1633079.1633582.rev,PATRIC,CDS,1633079,1633582,504,-,FIG00089707,PLF_262_00000974,PGF_12870748,,167,,Periplasmic chaperone of outer membrane proteins Skp @ Outer membrane protein H precursor,
Francisella tularensis subsp. tularensis SCHU S4,177416.18,NC_006570,fig|177416.18.peg.365,,VBIFraTul2086_0365,PATRIC.177416.18.NC_006570.CDS.340152.340430.fwd,PATRIC,CDS,340152,340430,279,+,FIG00000199,PLF_262_00001112,PGF_00049860,,92,,SSU ribosomal protein S19p (S15e),GO:0003735|structural constituent of ribosome;GO:0005622|intracellular;GO:0005840|ribosome;GO:0006412|translation
Francisella tularensis subsp. tularensis SCHU S4,177416.18,NC_006570,,FTT1034c,FTT1034c,RefSeq.177416.18.NC_006570.CDS.1045073.1046335.rev,RefSeq,CDS,1045073,1046335,1263,-,,,,YP_170017.1,420,ndh,NADH dehydrogenase,
Francisella tularensis subsp. tularensis SCHU S4,177416.18,NC_006570,,FTT1211c,FTT1211c,RefSeq.177416.18.NC_006570.CDS.1230786.1231178.rev,RefSeq,CDS,1230786,1231178,393,-,,,,YP_170169.1,130,,hypothetical protein,
Francisella tularensis subsp. tularensis SCHU S4,177416.18,NC_006570,,FTT1773c,FTT1773c,RefSeq.177416.18.NC_006570.CDS.1862587.1863777.rev,RefSeq,CDS,1862587,1863777,1191,-,,,,YP_170663.1,396,trpB,tryptophan synthase subunit beta,
Francisella tularensis subsp. tularensis SCHU S4,177416.18,NC_006570,,FTT0923,FTT0923,RefSeq.177416.18.NC_006570.CDS.933518.935671.fwd,RefSeq,CDS,933518,935671,2154,+,,,,YP_169919.1,717,rlmL,23S rRNA m(2)G2445 methyltransferase,
Francisella tularensis subsp. tularensis SCHU S4,177416.18,NC_006570,,FTT0811c,FTT0811c,RefSeq.177416.18.NC_006570.CDS.830898.832013.rev,RefSeq,CDS,830898,832013,1116,-,,,,YP_169818.1,371,murG,undecaprenyldiphospho-muramoylpentapeptide beta-N- acetylglucosaminyltransferase,
Francisella tularensis subsp. tularensis SCHU S4,177416.18,NC_006570,,FTT0144,FTT0144,RefSeq.177416.18.NC_006570.CDS.154923.158999.fwd,RefSeq,CDS,154923,158999,4077,+,,,,YP_169210.1,1358,rpoB,DNA-directed RNA polymerase subunit beta,
Francisella tularensis subsp. tularensis SCHU S4,177416.18,NC_006570,,FTT0560c,FTT0560c,RefSeq.177416.18.NC_006570.CDS.577005.578057.rev,RefSeq,CDS,577005,578057,1053,-,,,,YP_169586.1,350,serC,phosphoserine aminotransferase,
Francisella tularensis subsp. tularensis SCHU S4,177416.18,NC_006570,,FTT1461c,FTT1461c,RefSeq.177416.18.NC_006570.CDS.1512216.1513307.rev,RefSeq,CDS,1512216,1513307,1092,-,,,,YP_170398.1,363,wbtD,galacturonosyl transferase,
Francisella tularensis subsp. tularensis SCHU S4,177416.18,NC_006570,,FTT0684c,FTT0684c,RefSeq.177416.18.NC_006570.CDS.700879.702294.rev,RefSeq,CDS,700879,702294,1416,-,,,,YP_169700.1,471,sthA,soluble pyridine nucleotide transhydrogenase,
Francisella tularensis subsp. tularensis SCHU S4,177416.18,NC_006570,,FTT1191,FTT1191,RefSeq.177416.18.NC_006570.CDS.1207486.1208646.fwd,RefSeq,CDS,1207486,1208646,1161,+,,,,YP_170152.1,386,,aminoacylase,
Francisella tularensis subsp. tularensis SCHU S4,177416.18,NC_006570,,FTT0033,FTT0033,RefSeq.177416.18.NC_006570.CDS.32022.32672.fwd,RefSeq,CDS,32022,32672,651,+,,,,YP_169109.1,216,nuoC,NADH dehydrogenase I,
Francisella tularensis subsp. tularensis SCHU S4,177416.18,NC_006570,,FTT0577,FTT0577,RefSeq.177416.18.NC_006570.CDS.594822.596195.fwd,RefSeq,CDS,594822,596195,1374,+,,,,YP_169601.1,457,sdaA,L-serine dehydratase 1,
Francisella tularensis subsp. tularensis SCHU S4,177416.18,NC_006570,,FTT1388,FTT1388,RefSeq.177416.18.NC_006570.CDS.1433568.1434284.fwd,RefSeq,CDS,1433568,1434284,717,+,,,,YP_170333.1,238,,hypothetical protein,
Francisella tularensis subsp. tularensis SCHU S4,177416.18,NC_006570,,FTT1417,FTT1417,RefSeq.177416.18.NC_006570.CDS.1468179.1468964.fwd,RefSeq,CDS,1468179,1468964,786,+,,,,YP_170360.1,261,,carbon-nitrogen hydrolase,
Francisella tularensis subsp. tularensis SCHU S4,177416.18,NC_006570,fig|177416.18.peg.400,,VBIFraTul2086_0400,PATRIC.177416.18.NC_006570.CDS.360866.362215.rev,PATRIC,CDS,360866,362215,1350,-,FIG01387141,PLF_262_00000071,PGF_01722151,,449,,Glutamate/gamma-aminobutyrate antiporter,
Francisella tularensis subsp. tularensis SCHU S4,177416.18,NC_006570,fig|177416.18.peg.731,,VBIFraTul2086_0731,PATRIC.177416.18.NC_006570.CDS.661110.661517.fwd,PATRIC,CDS,661110,661517,408,+,FIG00136692,PLF_262_00001659,PGF_00025090,,135,,Acetolactate synthase large subunit (EC 2.2.1.6),GO:0003984|acetolactate synthase activity
Francisella tularensis subsp. tularensis SCHU S4,177416.18,NC_006570,,FTT0368c,FTT0368c,RefSeq.177416.18.NC_006570.CDS.368190.369734.rev,RefSeq,CDS,368190,369734,1545,-,,,,YP_169415.1,514,mviN,virulence factor MviN,
Francisella tularensis subsp. tularensis SCHU S4,177416.18,NC_006570,fig|177416.18.peg.1847,,VBIFraTul2086_1847,PATRIC.177416.18.NC_006570.CDS.1660212.1660610.fwd,PATRIC,CDS,1660212,1660610,399,+,,PLF_262_00001702,PGF_00136089,,132,,hypothetical protein,
Francisella tularensis subsp. tularensis SCHU S4,177416.18,NC_006570,,FTT0230c,FTT0230c,RefSeq.177416.18.NC_006570.CDS.244924.245331.rev,RefSeq,CDS,244924,245331,408,-,,,,YP_169283.1,135,,Type IV pili fiber building block protein,
Francisella tularensis subsp. tularensis SCHU S4,177416.18,NC_006570,,FTT1066c,FTT1066c,RefSeq.177416.18.NC_006570.CDS.1074366.1074740.rev,RefSeq,CDS,1074366,1074740,375,-,,,,YP_170047.1,124,,hypothetical protein,
Francisella tularensis subsp. tularensis SCHU S4,177416.18,NC_006570,fig|177416.18.peg.1139,,VBIFraTul2086_1139,PATRIC.177416.18.NC_006570.CDS.1003789.1004649.rev,PATRIC,CDS,1003789,1004649,861,-,FIG00001492,PLF_262_00000787,PGF_10561994,,286,,"Scaffold protein for [4Fe-4S] cluster assembly ApbC, MRP-like",
Francisella tularensis subsp. tularensis SCHU S4,177416.18,NC_006570,fig|177416.18.peg.1407,,VBIFraTul2086_1407,PATRIC.177416.18.NC_006570.CDS.1232642.1233433.rev,PATRIC,CDS,1232642,1233433,792,-,FIG00003535,PLF_262_00000625,PGF_00010468,,263,,Hydrolase (HAD superfamily) in cluster with DUF1447,
Francisella tularensis subsp. tularensis SCHU S4,177416.18,NC_006570,fig|177416.18.peg.187,,VBIFraTul2086_0187,PATRIC.177416.18.NC_006570.CDS.185497.185997.rev,PATRIC,CDS,185497,185997,501,-,FIG01280345,PLF_262_00000310,PGF_07480521,,166,,23S rRNA (pseudouridine(1915)-N(3))-methyltransferase (EC 2.1.1.177),
Francisella tularensis subsp. tularensis SCHU S4,177416.18,NC_006570,fig|177416.18.peg.1109,,VBIFraTul2086_1109,PATRIC.177416.18.NC_006570.CDS.980253.980801.fwd,PATRIC,CDS,980253,980801,549,+,FIG00657709,PLF_262_00002043,PGF_01719690,,182,,hypothetical protein,
Francisella tularensis subsp. tularensis SCHU S4,177416.18,NC_006570,fig|177416.18.peg.856,,VBIFraTul2086_0856,PATRIC.177416.18.NC_006570.CDS.767927.768283.rev,PATRIC,CDS,767927,768283,357,-,FIG00638284,PLF_262_00002956,PGF_00006633,,118,,"Tetrapartite efflux system, inner membrane component FusBC-like",
Francisella tularensis subsp. tularensis SCHU S4,177416.18,NC_006570,fig|177416.18.peg.570,,VBIFraTul2086_0570,PATRIC.177416.18.NC_006570.CDS.529425.530207.rev,PATRIC,CDS,529425,530207,783,-,FIG00657714,PLF_262_00000849,PGF_01722169,,260,,hypothetical protein,
Francisella tularensis subsp. tularensis SCHU S4,177416.18,NC_006570,,FTT0693c,FTT0693c,RefSeq.177416.18.NC_006570.CDS.711593.712417.rev,RefSeq,CDS,711593,712417,825,-,,,,YP_169709.1,274,mutM,formamidopyrimidine-DNA glycosylase,
Francisella tularensis subsp. tularensis SCHU S4,177416.18,NC_006570,,FTT0503c,FTT0503c,RefSeq.177416.18.NC_006570.CDS.522504.523376.rev,RefSeq,CDS,522504,523376,873,-,,,,YP_169538.1,290,sucD,"succinyl-CoA synthetase, alpha subunit",
Francisella tularensis subsp. tularensis SCHU S4,177416.18,NC_006570,,FTT0909,FTT0909,RefSeq.177416.18.NC_006570.CDS.917769.918476.fwd,RefSeq,CDS,917769,918476,708,+,,,,YP_169906.1,235,,"glutamine amidotransferase, class I",
Francisella tularensis subsp. tularensis SCHU S4,177416.18,NC_006570,fig|177416.18.peg.805,,VBIFraTul2086_0805,PATRIC.177416.18.NC_006570.CDS.725413.726177.fwd,PATRIC,CDS,725413,726177,765,+,FIG00016286,PLF_262_00001065,PGF_00048955,,254,,"Ribosyl nicotinamide transporter, PnuC-like",
Francisella tularensis subsp. tularensis SCHU S4,177416.18,NC_006570,fig|177416.18.peg.274,,VBIFraTul2086_0274,PATRIC.177416.18.NC_006570.CDS.258372.259208.fwd,PATRIC,CDS,258372,259208,837,+,FIG01328895,PLF_262_00000298,PGF_01720024,,278,,Universal stress protein,
Francisella tularensis subsp. tularensis SCHU S4,177416.18,NC_006570,fig|177416.18.peg.1896,,VBIFraTul2086_1896,PATRIC.177416.18.NC_006570.CDS.1701944.1702561.fwd,PATRIC,CDS,1701944,1702561,618,+,FIG00001098,PLF_262_00001245,PGF_09866709,,205,,Outer membrane lipoprotein carrier protein LolA,
Francisella tularensis subsp. tularensis SCHU S4,177416.18,NC_006570,fig|177416.18.peg.684,,VBIFraTul2086_0684,PATRIC.177416.18.NC_006570.CDS.619910.620092.fwd,PATRIC,CDS,619910,620092,183,+,,PLF_262_00001904,PGF_00360512,,60,,hypothetical protein,
Francisella tularensis subsp. tularensis SCHU S4,177416.18,NC_006570,fig|177416.18.peg.988,,VBIFraTul2086_0988,PATRIC.177416.18.NC_006570.CDS.872194.873267.rev,PATRIC,CDS,872194,873267,1074,-,FIG00005571,PLF_262_00000624,PGF_01405081,,357,,Heat shock protein HtpX,
Francisella tularensis subsp. tularensis SCHU S4,177416.18,NC_006570,fig|177416.18.peg.1436,,VBIFraTul2086_1436,PATRIC.177416.18.NC_006570.CDS.1262350.1263612.fwd,PATRIC,CDS,1262350,1263612,1263,+,FIG00658422,PLF_262_00000111,PGF_01719319,,420,,hypothetical protein,
Francisella tularensis subsp. tularensis SCHU S4,177416.18,NC_006570,fig|177416.18.peg.42,FTT0039,VBIFraTul2086_0042,PATRIC.177416.18.NC_006570.CDS.39136.39624.fwd,PATRIC,CDS,39136,39624,489,+,FIG00138210,PLF_262_00000683,PGF_01761390,YP_169115.1,162,nuoI,NADH-ubiquinone oxidoreductase chain I (EC 1.6.5.3),GO:0008137|NADH dehydrogenase (ubiquinone) activity
Francisella tularensis subsp. tularensis SCHU S4,177416.18,NC_006570,fig|177416.18.peg.1639,,VBIFraTul2086_1639,PATRIC.177416.18.NC_006570.CDS.1471772.1472521.rev,PATRIC,CDS,1471772,1472521,750,-,FIG01399785,PLF_262_00001175,PGF_00043136,,249,,Putative permease,
Francisella tularensis subsp. tularensis SCHU S4,177416.18,NC_006570,fig|177416.18.peg.813,,VBIFraTul2086_0813,PATRIC.177416.18.NC_006570.CDS.734050.736332.fwd,PATRIC,CDS,734050,736332,2283,+,FIG00001347,PLF_262_00000152,PGF_03139283,,760,,Chitinase (EC 3.2.1.14),GO:0004568|chitinase activity
Francisella tularensis subsp. tularensis SCHU S4,177416.18,NC_006570,fig|177416.18.peg.1947,,VBIFraTul2086_1947,PATRIC.177416.18.NC_006570.CDS.1749016.1749372.rev,PATRIC,CDS,1749016,1749372,357,-,FIG00431721,PLF_262_00000698,PGF_01722147,,118,,Outer membrane beta-barrel assembly protein BamE,
Francisella tularensis subsp. tularensis SCHU S4,177416.18,NC_006570,fig|177416.18.peg.2015,,VBIFraTul2086_2015,PATRIC.177416.18.NC_006570.CDS.1822572.1822988.rev,PATRIC,CDS,1822572,1822988,417,-,FIG01330172,PLF_262_00001773,PGF_00190689,,138,,hypothetical protein,
Francisella tularensis subsp. tularensis SCHU S4,177416.18,NC_006570,fig|177416.18.peg.225,FTT0203c,VBIFraTul2086_0225,PATRIC.177416.18.NC_006570.CDS.220941.222488.rev,PATRIC,CDS,220941,222488,1548,-,FIG00000275,PLF_262_00000627,PGF_00013509,YP_169263.1,515,purH,IMP cyclohydrolase (EC 3.5.4.10) / Phosphoribosylaminoimidazolecarboxamide formyltransferase (EC 2.1.2.3),GO:0003937|IMP cyclohydrolase activity;GO:0004643|phosphoribosylaminoimidazolecarboxamide formyltransferase activity
Francisella tularensis subsp. tularensis SCHU S4,177416.18,NC_006570,fig|177416.18.peg.1244,,VBIFraTul2086_1244,PATRIC.177416.18.NC_006570.CDS.1089080.1089892.rev,PATRIC,CDS,1089080,1089892,813,-,FIG01352145,PLF_262_00000098,PGF_00015483,,270,,Iron-regulated protein frpC,
Francisella tularensis subsp. tularensis SCHU S4,177416.18,NC_006570,fig|177416.18.peg.34,FTT0031,VBIFraTul2086_0034,PATRIC.177416.18.NC_006570.CDS.31160.31558.fwd,PATRIC,CDS,31160,31558,399,+,FIG00000558,PLF_262_00000677,PGF_02719231,YP_169107.1,132,nuoA,NADH ubiquinone oxidoreductase chain A (EC 1.6.5.3),GO:0008137|NADH dehydrogenase (ubiquinone) activity
Francisella tularensis subsp. tularensis SCHU S4,177416.18,NC_006570,,FTT0825c,FTT0825c,RefSeq.177416.18.NC_006570.CDS.841268.841603.rev,RefSeq,CDS,841268,841603,336,-,,,,YP_169832.1,111,,hypothetical protein,
Francisella tularensis subsp. tularensis SCHU S4,177416.18,NC_006570,fig|177416.18.peg.601,,VBIFraTul2086_0601,PATRIC.177416.18.NC_006570.CDS.554467.554727.rev,PATRIC,CDS,554467,554727,261,-,FIG01304762,PLF_262_00001472,PGF_00008347,,86,,Glutaredoxin,
Francisella tularensis subsp. tularensis SCHU S4,177416.18,NC_006570,fig|177416.18.peg.1673,,VBIFraTul2086_1673,PATRIC.177416.18.NC_006570.CDS.1499039.1500040.rev,PATRIC,CDS,1499039,1500040,1002,-,FIG00030688,PLF_262_00000485,PGF_03056683,,333,,"dTDP-glucose 4,6-dehydratase (EC 4.2.1.46)","GO:0008460|dTDP-glucose 4,6-dehydratase activity"
Francisella tularensis subsp. tularensis SCHU S4,177416.18,NC_006570,fig|177416.18.peg.136,,VBIFraTul2086_0136,PATRIC.177416.18.NC_006570.CDS.135166.135768.fwd,PATRIC,CDS,135166,135768,603,+,FIG00945384,PLF_262_00001109,PGF_00977978,,200,,"Oligopeptide ABC transporter, permease protein OppB (TC 3.A.1.5.1)",
Francisella tularensis subsp. tularensis SCHU S4,177416.18,NC_006570,fig|177416.18.peg.1258,,VBIFraTul2086_1258,PATRIC.177416.18.NC_006570.CDS.1101064.1101519.rev,PATRIC,CDS,1101064,1101519,456,-,FIG00657965,PLF_262_00001433,PGF_01719383,,151,,hypothetical protein,
Francisella tularensis subsp. tularensis SCHU S4,177416.18,NC_006570,fig|177416.18.peg.501,,VBIFraTul2086_0501,PATRIC.177416.18.NC_006570.CDS.460767.462194.fwd,PATRIC,CDS,460767,462194,1428,+,FIG00004528,PLF_262_00000106,PGF_02158779,,475,,Di-tripeptide/cation symporter,
Francisella tularensis subsp. tularensis SCHU S4,177416.18,NC_006570,fig|177416.18.peg.1710,,VBIFraTul2086_1710,PATRIC.177416.18.NC_006570.CDS.1532728.1532862.fwd,PATRIC,CDS,1532728,1532862,135,+,FIG01306568,PLF_262_00000006,PGF_01000105,,44,,Mobile element protein,
Francisella tularensis subsp. tularensis SCHU S4,177416.18,NC_006570,,FTT1216c,FTT1216c,RefSeq.177416.18.NC_006570.CDS.1235112.1235573.rev,RefSeq,CDS,1235112,1235573,462,-,,,,YP_170174.1,153,,hypothetical protein,
Francisella tularensis subsp. tularensis SCHU S4,177416.18,NC_006570,,FTT1183c,FTT1183c,RefSeq.177416.18.NC_006570.CDS.1199958.1201163.rev,RefSeq,CDS,1199958,1201163,1206,-,,,,YP_170145.1,401,,lipoprotein,
Francisella tularensis subsp. tularensis SCHU S4,177416.18,NC_006570,,FTT0357c,FTT0357c,RefSeq.177416.18.NC_006570.CDS.357362.358146.rev,RefSeq,CDS,357362,358146,459,-,,,,YP_169405.1,261,isftu1,transposase,
Francisella tularensis subsp. tularensis SCHU S4,177416.18,NC_006570,,FTT0338,FTT0338,RefSeq.177416.18.NC_006570.CDS.343715.344020.fwd,RefSeq,CDS,343715,344020,306,+,,,,YP_169387.1,101,rpsN,30S ribosomal protein S14,
Francisella tularensis subsp. tularensis SCHU S4,177416.18,NC_006570,fig|177416.18.peg.853,,VBIFraTul2086_0853,PATRIC.177416.18.NC_006570.CDS.766572.767387.fwd,PATRIC,CDS,766572,767387,816,+,FIG00657654,PLF_262_00000847,PGF_08225224,,271,,hypothetical protein,
Francisella tularensis subsp. tularensis SCHU S4,177416.18,NC_006570,fig|177416.18.peg.587,,VBIFraTul2086_0587,PATRIC.177416.18.NC_006570.CDS.544185.544361.fwd,PATRIC,CDS,544185,544361,177,+,FIG01366884,PLF_262_00002955,PGF_01720009,,58,,hypothetical protein,
Francisella tularensis subsp. tularensis SCHU S4,177416.18,NC_006570,,FTT1043,FTT1043,RefSeq.177416.18.NC_006570.CDS.1054250.1055062.fwd,RefSeq,CDS,1054250,1055062,813,+,,,,YP_170026.1,270,,FKBP-type peptidyl-prolyl cis-trans isomerase family protein,
Francisella tularensis subsp. tularensis SCHU S4,177416.18,NC_006570,,FTT1039,FTT1039,RefSeq.177416.18.NC_006570.CDS.1050993.1052396.fwd,RefSeq,CDS,1050993,1052396,1404,+,,,,YP_170022.1,467,dacB,D-alanyl-D-alanine carboxypeptidase (penicillin binding protein) family protein,
Francisella tularensis subsp. tularensis SCHU S4,177416.18,NC_006570,,FTT0981,FTT0981,RefSeq.177416.18.NC_006570.CDS.992707.993837.fwd,RefSeq,CDS,992707,993837,1131,+,,,,YP_169969.1,376,,hypothetical protein,
Francisella tularensis subsp. tularensis SCHU S4,177416.18,NC_006570,,FTT0017,FTT0017,RefSeq.177416.18.NC_006570.CDS.15179.16720.fwd,RefSeq,CDS,15179,16720,1542,+,,,,YP_169093.1,513,,hypothetical protein,
Francisella tularensis subsp. tularensis SCHU S4,177416.18,NC_006570,,FTT0178c,FTT0178c,RefSeq.177416.18.NC_006570.CDS.192157.193626.rev,RefSeq,CDS,192157,193626,1470,-,,,,YP_169240.1,489,rimK,30S ribosomal protein S6 modification protein-related protein,
Francisella tularensis subsp. tularensis SCHU S4,177416.18,NC_006570,,FTT0754c,FTT0754c,RefSeq.177416.18.NC_006570.CDS.774589.774768.rev,RefSeq,CDS,774589,774768,180,-,,,,YP_169765.1,59,,hypothetical protein,
Francisella tularensis subsp. tularensis SCHU S4,177416.18,NC_006570,fig|177416.18.peg.766,,VBIFraTul2086_0766,PATRIC.177416.18.NC_006570.CDS.689524.689931.rev,PATRIC,CDS,689524,689931,408,-,FIG00657773,PLF_262_00005759,PGF_00746982,,135,,hypothetical protein,
Francisella tularensis subsp. tularensis SCHU S4,177416.18,NC_006570,,FTT0570,FTT0570,RefSeq.177416.18.NC_006570.CDS.587611.588009.fwd,RefSeq,CDS,587611,588009,399,+,,,,YP_169595.1,132,,hypothetical protein,
Francisella tularensis subsp. tularensis SCHU S4,177416.18,NC_006570,,FTT1093c,FTT1093c,RefSeq.177416.18.NC_006570.CDS.1101547.1102512.rev,RefSeq,CDS,1101547,1102512,966,-,,,,YP_170072.1,321,talA,transaldolase B,
Francisella tularensis subsp. tularensis SCHU S4,177416.18,NC_006570,,FTT0794,FTT0794,RefSeq.177416.18.NC_006570.CDS.812984.814270.fwd,RefSeq,CDS,812984,814270,1287,+,,,,YP_169801.1,428,,hypothetical protein,
Francisella tularensis subsp. tularensis SCHU S4,177416.18,NC_006570,,FTT0671,FTT0671,RefSeq.177416.18.NC_006570.CDS.688238.689518.fwd,RefSeq,CDS,688238,689518,1281,+,,,,YP_169688.1,426,,major facilitator transporter,
Francisella tularensis subsp. tularensis SCHU S4,177416.18,NC_006570,,FTT1492c,FTT1492c,RefSeq.177416.18.NC_006570.CDS.1545263.1545889.rev,RefSeq,CDS,1545263,1545889,627,-,,,,YP_170427.1,208,,hypothetical protein,
Francisella tularensis subsp. tularensis SCHU S4,177416.18,NC_006570,,FTT0804,FTT0804,RefSeq.177416.18.NC_006570.CDS.823506.824762.fwd,RefSeq,CDS,823506,824762,1257,+,,,,YP_169811.1,418,,major facilitator transporter,
Francisella tularensis subsp. tularensis SCHU S4,177416.18,NC_006570,,FTT1341,FTT1341,RefSeq.177416.18.NC_006570.CDS.1371424.1372080.fwd,RefSeq,CDS,1371424,1372080,657,+,,,,YP_170293.1,218,,hypothetical protein,
Francisella tularensis subsp. tularensis SCHU S4,177416.18,NC_006570,,FTT1800c,FTT1800c,RefSeq.177416.18.NC_006570.CDS.1886470.1886922.rev,RefSeq,CDS,1886470,1886922,453,-,,,,YP_170683.1,150,,hypothetical protein,
Francisella tularensis subsp. tularensis SCHU S4,177416.18,NC_006570,,FTT1225c,FTT1225c,RefSeq.177416.18.NC_006570.CDS.1241888.1242217.rev,RefSeq,CDS,1241888,1242217,330,-,,,,YP_170183.1,109,,hypothetical protein,
Francisella tularensis subsp. tularensis SCHU S4,177416.18,NC_006570,fig|177416.18.peg.970,,VBIFraTul2086_0970,PATRIC.177416.18.NC_006570.CDS.858922.859152.fwd,PATRIC,CDS,858922,859152,231,+,FIG00657532,PLF_262_00001033,PGF_00037932,,76,,"Alcohol dehydrogenase, class IV",
Francisella tularensis subsp. tularensis SCHU S4,177416.18,NC_006570,fig|177416.18.peg.184,FTT0167,VBIFraTul2086_0184,PATRIC.177416.18.NC_006570.CDS.182329.183573.fwd,PATRIC,CDS,182329,183573,1245,+,FIG00004795,PLF_262_00000376,PGF_00008334,YP_169233.1,414,hemA,Glutamyl-tRNA reductase (EC 1.2.1.70),GO:0008883|glutamyl-tRNA reductase activity
Francisella tularensis subsp. tularensis SCHU S4,177416.18,NC_006570,fig|177416.18.peg.1276,,VBIFraTul2086_1276,PATRIC.177416.18.NC_006570.CDS.1116526.1117002.fwd,PATRIC,CDS,1116526,1117002,477,+,FIG01331849,PLF_262_00001341,PGF_00447946,,158,,Tryptophan-rich sensory protein,
Francisella tularensis subsp. tularensis SCHU S4,177416.18,NC_006570,fig|177416.18.peg.724,,VBIFraTul2086_0724,PATRIC.177416.18.NC_006570.CDS.656184.656549.fwd,PATRIC,CDS,656184,656549,366,+,FIG00000134,PLF_262_00000050,PGF_03316046,,121,,Threonine synthase (EC 4.2.3.1),GO:0004795|threonine synthase activity
Francisella tularensis subsp. tularensis SCHU S4,177416.18,NC_006570,fig|177416.18.peg.496,,VBIFraTul2086_0496,PATRIC.177416.18.NC_006570.CDS.456469.457512.fwd,PATRIC,CDS,456469,457512,1044,+,FIG01349516,PLF_262_00007743,PGF_00419149,,347,,hypothetical protein,
Francisella tularensis subsp. tularensis SCHU S4,177416.18,NC_006570,fig|177416.18.peg.191,,VBIFraTul2086_0191,PATRIC.177416.18.NC_006570.CDS.187296.187994.fwd,PATRIC,CDS,187296,187994,699,+,FIG00657953,PLF_262_00000844,PGF_02944240,,232,,hypothetical protein,
Francisella tularensis subsp. tularensis SCHU S4,177416.18,NC_006570,fig|177416.18.peg.1843,,VBIFraTul2086_1843,PATRIC.177416.18.NC_006570.CDS.1655827.1656990.rev,PATRIC,CDS,1655827,1656990,1164,-,FIG00002614,PLF_262_00001601,PGF_00114261,,387,,hypothetical protein,
Francisella tularensis subsp. tularensis SCHU S4,177416.18,NC_006570,fig|177416.18.peg.679,,VBIFraTul2086_0679,PATRIC.177416.18.NC_006570.CDS.614732.616126.fwd,PATRIC,CDS,614732,616126,1395,+,FIG00004562,PLF_262_00000286,PGF_00050369,,464,,Selenoprotein O and cysteine-containing homologs,
Francisella tularensis subsp. tularensis SCHU S4,177416.18,NC_006570,fig|177416.18.peg.1526,,VBIFraTul2086_1526,PATRIC.177416.18.NC_006570.CDS.1350573.1351151.fwd,PATRIC,CDS,1350573,1351151,579,+,FIG01958885,PLF_262_00001367,PGF_07133621,,192,,16S rRNA (guanine(966)-N(2))-methyltransferase (EC 2.1.1.171),
Francisella tularensis subsp. tularensis SCHU S4,177416.18,NC_006570,,FTT1615,FTT1615,RefSeq.177416.18.NC_006570.CDS.1678234.1679018.fwd,RefSeq,CDS,1678234,1679018,459,+,,,,YP_170530.1,261,isftu1,transposase,
Francisella tularensis subsp. tularensis SCHU S4,177416.18,NC_006570,,FTT1775c,FTT1775c,RefSeq.177416.18.NC_006570.CDS.1865193.1866722.rev,RefSeq,CDS,1865193,1866722,1530,-,,,,YP_170664.1,509,clcA,chloride channel protein,
Francisella tularensis subsp. tularensis SCHU S4,177416.18,NC_006570,,FTT0702,FTT0702,RefSeq.177416.18.NC_006570.CDS.721302.721967.fwd,RefSeq,CDS,721302,721967,666,+,,,,YP_169718.1,221,udk,uridine kinase,
Francisella tularensis subsp. tularensis SCHU S4,177416.18,NC_006570,,FTT1263c,FTT1263c,RefSeq.177416.18.NC_006570.CDS.1285072.1286067.rev,RefSeq,CDS,1285072,1286067,996,-,,,,YP_170220.1,331,,hypothetical protein,
Francisella tularensis subsp. tularensis SCHU S4,177416.18,NC_006570,,FTT1242,FTT1242,RefSeq.177416.18.NC_006570.CDS.1262352.1263614.fwd,RefSeq,CDS,1262352,1263614,1263,+,,,,YP_170200.1,420,,hypothetical protein,
Francisella tularensis subsp. tularensis SCHU S4,177416.18,NC_006570,,FTT0360,FTT0360,RefSeq.177416.18.NC_006570.CDS.360021.360845.fwd,RefSeq,CDS,360021,360845,825,+,,,,YP_169407.1,274,,Short-chain dehydrogenase/reductase,
Francisella tularensis subsp. tularensis SCHU S4,177416.18,NC_006570,,FTT0891,FTT0891,RefSeq.177416.18.NC_006570.CDS.899390.900109.fwd,RefSeq,CDS,899390,900109,720,+,,,,YP_169888.1,239,,hypothetical protein,
Francisella tularensis subsp. tularensis SCHU S4,177416.18,NC_006570,,FTT1791,FTT1791,RefSeq.177416.18.NC_006570.CDS.1878359.1878721.fwd,RefSeq,CDS,1878359,1878721,363,+,,,,YP_170676.1,120,,hypothetical protein,
Francisella tularensis subsp. tularensis SCHU S4,177416.18,NC_006570,,FTT1566c,FTT1566c,RefSeq.177416.18.NC_006570.CDS.1628539.1628835.rev,RefSeq,CDS,1628539,1628835,297,-,,,,YP_170488.1,98,,hypothetical protein,
Francisella tularensis subsp. tularensis SCHU S4,177416.18,NC_006570,,FTT0069c,FTT0069c,RefSeq.177416.18.NC_006570.CDS.70747.70932.rev,RefSeq,CDS,70747,70932,186,-,,,,YP_169144.1,61,,hypothetical protein,
Francisella tularensis subsp. tularensis SCHU S4,177416.18,NC_006570,,FTT0386,FTT0386,RefSeq.177416.18.NC_006570.CDS.387934.388977.fwd,RefSeq,CDS,387934,388977,1044,+,,,,YP_169431.1,347,nadM,bifunctional nicotinamide mononucleotide adenylyltransferase/ADP-ribose pyrophosphatase,
Francisella tularensis subsp. tularensis SCHU S4,177416.18,NC_006570,,FTT0534c,FTT0534c,RefSeq.177416.18.NC_006570.CDS.554732.556504.rev,RefSeq,CDS,554732,556504,1773,-,,,,YP_169563.1,590,nrdA,ribonucleotide-diphosphate reductase subunit alpha,
Francisella tularensis subsp. tularensis SCHU S4,177416.18,NC_006570,,FTT0995,FTT0995,RefSeq.177416.18.NC_006570.CDS.1004724.1005956.fwd,RefSeq,CDS,1004724,1005956,1233,+,,,,YP_169983.1,410,,major facilitator transporter,
Francisella tularensis subsp. tularensis SCHU S4,177416.18,NC_006570,,FTT0107c,FTT0107c,RefSeq.177416.18.NC_006570.CDS.113706.114197.rev,RefSeq,CDS,113706,114197,492,-,,,,YP_169177.1,163,dsbB,disulfide bond formation protein,
Francisella tularensis subsp. tularensis SCHU S4,177416.18,NC_006570,,FTT0028c,FTT0028c,RefSeq.177416.18.NC_006570.CDS.27088.28350.rev,RefSeq,CDS,27088,28350,1263,-,,,,YP_169104.1,420,,hypothetical protein,
Francisella tularensis subsp. tularensis SCHU S4,177416.18,NC_006570,,FTT1470c,FTT1470c,RefSeq.177416.18.NC_006570.CDS.1521809.1522381.rev,RefSeq,CDS,1521809,1522381,573,-,,,,YP_170406.1,190,gmk,guanylate kinase,
Francisella tularensis subsp. tularensis SCHU S4,177416.18,NC_006570,,FTT0858,FTT0858,RefSeq.177416.18.NC_006570.CDS.869994.870701.fwd,RefSeq,CDS,869994,870701,708,+,,,,YP_169860.1,235,rph,ribonuclease PH,
Francisella tularensis subsp. tularensis SCHU S4,177416.18,NC_006570,,FTT1373,FTT1373,RefSeq.177416.18.NC_006570.CDS.1419108.1420079.fwd,RefSeq,CDS,1419108,1420079,972,+,,,,YP_170322.1,323,fabH,3-oxoacyl-[acyl carrier protein] synthase III,
Francisella tularensis subsp. tularensis SCHU S4,177416.18,NC_006570,,FTT0869,FTT0869,RefSeq.177416.18.NC_006570.CDS.879522.880175.fwd,RefSeq,CDS,879522,880175,654,+,,,,YP_169869.1,217,,hypothetical protein,
Francisella tularensis subsp. tularensis SCHU S4,177416.18,NC_006570,fig|177416.18.peg.975,,VBIFraTul2086_0975,PATRIC.177416.18.NC_006570.CDS.863418.864023.fwd,PATRIC,CDS,863418,864023,606,+,FIG01311050,PLF_262_00000175,PGF_01013156,,201,,YheO-like PAS domain,
Francisella tularensis subsp. tularensis SCHU S4,177416.18,NC_006570,,FTT1635,FTT1635,RefSeq.177416.18.NC_006570.CDS.1699487.1701988.fwd,RefSeq,CDS,1699487,1701988,2502,+,,,,YP_170548.1,833,ftsK,cell division protein,
Francisella tularensis subsp. tularensis SCHU S4,177416.18,NC_006570,fig|177416.18.peg.1863,,VBIFraTul2086_1863,PATRIC.177416.18.NC_006570.CDS.1674509.1675177.fwd,PATRIC,CDS,1674509,1675177,669,+,FIG00065865,PLF_262_00000718,PGF_07114837,,222,,Phospholipid ABC transporter permease protein MlaE,
Francisella tularensis subsp. tularensis SCHU S4,177416.18,NC_006570,fig|177416.18.peg.1261,,VBIFraTul2086_1261,PATRIC.177416.18.NC_006570.CDS.1104026.1105375.rev,PATRIC,CDS,1104026,1105375,1350,-,FIG01358145,PLF_262_00000699,PGF_00063244,,449,,"Type I secretion outer membrane protein, TolC family",
Francisella tularensis subsp. tularensis SCHU S4,177416.18,NC_006570,fig|177416.18.peg.560,,VBIFraTul2086_0560,PATRIC.177416.18.NC_006570.CDS.520150.520410.fwd,PATRIC,CDS,520150,520410,261,+,FIG00658416,PLF_262_00000094,PGF_00338611,,86,,hypothetical protein,
Francisella tularensis subsp. tularensis SCHU S4,177416.18,NC_006570,fig|177416.18.peg.325,,VBIFraTul2086_0325,PATRIC.177416.18.NC_006570.CDS.303852.304808.fwd,PATRIC,CDS,303852,304808,957,+,FIG00002600,PLF_262_00000407,PGF_05079020,,318,,MoxR-like ATPase in aerotolerance operon,
Francisella tularensis subsp. tularensis SCHU S4,177416.18,NC_006570,fig|177416.18.peg.985,,VBIFraTul2086_0985,PATRIC.177416.18.NC_006570.CDS.870754.871077.rev,PATRIC,CDS,870754,871077,324,-,FIG00657824,PLF_262_00001293,PGF_00143529,,107,,hypothetical protein,
Francisella tularensis subsp. tularensis SCHU S4,177416.18,NC_006570,fig|177416.18.peg.568,,VBIFraTul2086_0568,PATRIC.177416.18.NC_006570.CDS.527634.528401.fwd,PATRIC,CDS,527634,528401,768,+,FIG01425919,PLF_262_00001206,PGF_01719336,,255,,27kDa outer membrane protein,
Francisella tularensis subsp. tularensis SCHU S4,177416.18,NC_006570,fig|177416.18.peg.1653,,VBIFraTul2086_1653,PATRIC.177416.18.NC_006570.CDS.1481321.1482100.rev,PATRIC,CDS,1481321,1482100,780,-,FIG00001785,PLF_262_00000670,PGF_00064506,,259,,"Uncharacterized efflux ABC transporter, permease protein YadH",
Francisella tularensis subsp. tularensis SCHU S4,177416.18,NC_006570,fig|177416.18.peg.1608,,VBIFraTul2086_1608,PATRIC.177416.18.NC_006570.CDS.1444575.1447814.rev,PATRIC,CDS,1444575,1447814,3240,-,FIG00493440,PLF_262_00000365,PGF_00425021,,1079,,Exodeoxyribonuclease V gamma chain (EC 3.1.11.5),GO:0008854|exodeoxyribonuclease V activity
Francisella tularensis subsp. tularensis SCHU S4,177416.18,NC_006570,fig|177416.18.peg.306,,VBIFraTul2086_0306,PATRIC.177416.18.NC_006570.CDS.287934.288350.fwd,PATRIC,CDS,287934,288350,417,+,FIG01306568,PLF_262_00000002,PGF_01719295,,138,,Mobile element protein,
Francisella tularensis subsp. tularensis SCHU S4,177416.18,NC_006570,fig|177416.18.peg.658,,VBIFraTul2086_0658,PATRIC.177416.18.NC_006570.CDS.597541.597897.fwd,PATRIC,CDS,597541,597897,357,+,FIG01303807,PLF_262_00000633,PGF_12914785,,118,,Iron-sulfur cluster assembly iron binding protein SufA,
Francisella tularensis subsp. tularensis SCHU S4,177416.18,NC_006570,fig|177416.18.peg.1099,,VBIFraTul2086_1099,PATRIC.177416.18.NC_006570.CDS.972892.973482.fwd,PATRIC,CDS,972892,973482,591,+,FIG01338467,PLF_262_00001394,PGF_01482614,,196,,Modulator of drug activity B,
Francisella tularensis subsp. tularensis SCHU S4,177416.18,NC_006570,fig|177416.18.peg.149,FTT0133,VBIFraTul2086_0149,PATRIC.177416.18.NC_006570.CDS.146209.146973.fwd,PATRIC,CDS,146209,146973,765,+,FIG00045413,PLF_262_00000912,PGF_00008542,YP_169200.1,254,glpF,Glycerol uptake facilitator protein,GO:0005215|transporter activity;GO:0006810|transport;GO:0016020|membrane
Francisella tularensis subsp. tularensis SCHU S4,177416.18,NC_006570,fig|177416.18.peg.1589,,VBIFraTul2086_1589,PATRIC.177416.18.NC_006570.CDS.1425007.1425849.fwd,PATRIC,CDS,1425007,1425849,843,+,FIG00004554,PLF_262_00000020,PGF_01719680,,280,,TsgA protein homolog,
Francisella tularensis subsp. tularensis SCHU S4,177416.18,NC_006570,fig|177416.18.peg.518,,VBIFraTul2086_0518,PATRIC.177416.18.NC_006570.CDS.479376.479843.fwd,PATRIC,CDS,479376,479843,468,+,FIG01958835,PLF_262_00000872,PGF_00413203,,155,,tRNA (cytidine(34)-2'-O)-methyltransferase (EC 2.1.1.207),
Francisella tularensis subsp. tularensis SCHU S4,177416.18,NC_006570,fig|177416.18.peg.1572,,VBIFraTul2086_1572,PATRIC.177416.18.NC_006570.CDS.1409013.1410038.fwd,PATRIC,CDS,1409013,1410038,1026,+,FIG00140044,PLF_262_00000171,PGF_00061788,,341,,Trehalase (EC 3.2.1.28) @ Periplasmic trehalase (EC 3.2.1.28),"GO:0004555|alpha,alpha-trehalase activity"
Francisella tularensis subsp. tularensis SCHU S4,177416.18,NC_006570,fig|177416.18.peg.377,,VBIFraTul2086_0377,PATRIC.177416.18.NC_006570.CDS.345012.345365.fwd,PATRIC,CDS,345012,345365,354,+,FIG00000200,PLF_262_00000642,PGF_00016353,,117,,LSU ribosomal protein L18p (L5e),GO:0003735|structural constituent of ribosome;GO:0005622|intracellular;GO:0005840|ribosome;GO:0006412|translation
Francisella tularensis subsp. tularensis SCHU S4,177416.18,NC_006570,fig|177416.18.peg.99,,VBIFraTul2086_0099,PATRIC.177416.18.NC_006570.CDS.95191.96285.rev,PATRIC,CDS,95191,96285,1095,-,FIG00080642,PLF_262_00000162,PGF_01605461,,364,,Cytochrome d ubiquinol oxidase subunit I (EC 1.10.3.-),GO:0008827|cytochrome o ubiquinol oxidase activity;GO:0008827|cytochrome bo3 ubiquinol oxidase activity
Francisella tularensis subsp. tularensis SCHU S4,177416.18,NC_006570,fig|177416.18.peg.114,,VBIFraTul2086_0114,PATRIC.177416.18.NC_006570.CDS.106707.106835.fwd,PATRIC,CDS,106707,106835,129,+,FIG00657575,PLF_262_00000306,PGF_05645821,,42,,hypothetical protein,
Francisella tularensis subsp. tularensis SCHU S4,177416.18,NC_006570,fig|177416.18.peg.592,,VBIFraTul2086_0592,PATRIC.177416.18.NC_006570.CDS.548145.548351.fwd,PATRIC,CDS,548145,548351,207,+,FIG00657942,PLF_262_00000063,PGF_08225224,,68,,hypothetical protein,
Francisella tularensis subsp. tularensis SCHU S4,177416.18,NC_006570,fig|177416.18.peg.2099,,VBIFraTul2086_2099,PATRIC.177416.18.NC_006570.CDS.1890085.1890372.rev,PATRIC,CDS,1890085,1890372,288,-,FIG00002770,PLF_262_00001021,PGF_01719298,,95,,Transcriptional repressor protein TrpR,
Francisella tularensis subsp. tularensis SCHU S4,177416.18,NC_006570,fig|177416.18.peg.2088,,VBIFraTul2086_2088,PATRIC.177416.18.NC_006570.CDS.1882587.1883015.fwd,PATRIC,CDS,1882587,1883015,429,+,FIG00687700,PLF_262_00001544,PGF_00827733,,142,,Small heat shock protein,
Francisella tularensis subsp. tularensis SCHU S4,177416.18,NC_006570,,FTT0688c,FTT0688c,RefSeq.177416.18.NC_006570.CDS.706537.707088.rev,RefSeq,CDS,706537,707088,552,-,,,,YP_169704.1,183,hslV,ATP-dependent protease peptidase subunit,
Francisella tularensis subsp. tularensis SCHU S4,177416.18,NC_006570,,FTT1170,FTT1170,RefSeq.177416.18.NC_006570.CDS.1183701.1185449.fwd,RefSeq,CDS,1183701,1185449,1749,+,,,,YP_170136.1,582,,lipoprotein,
Francisella tularensis subsp. tularensis SCHU S4,177416.18,NC_006570,,FTT1555c,FTT1555c,RefSeq.177416.18.NC_006570.CDS.1617210.1617902.rev,RefSeq,CDS,1617210,1617902,693,-,,,,YP_170479.1,230,rnc,ribonuclease III,
Francisella tularensis subsp. tularensis SCHU S4,177416.18,NC_006570,,FTT0562,FTT0562,RefSeq.177416.18.NC_006570.CDS.579543.580664.fwd,RefSeq,CDS,579543,580664,1122,+,,,,YP_169588.1,373,potG,"polyamine transporter, ABC transporter,ATP-binding protein",
Francisella tularensis subsp. tularensis SCHU S4,177416.18,NC_006570,,FTT0249,FTT0249,RefSeq.177416.18.NC_006570.CDS.260995.263238.fwd,RefSeq,CDS,260995,263238,2244,+,,,,YP_169301.1,747,feoB,ferrous iron transport protein,
Francisella tularensis subsp. tularensis SCHU S4,177416.18,NC_006570,,FTT0755,FTT0755,RefSeq.177416.18.NC_006570.CDS.775184.775678.fwd,RefSeq,CDS,775184,775678,495,+,,,,YP_169766.1,164,,hypothetical protein,
Francisella tularensis subsp. tularensis SCHU S4,177416.18,NC_006570,,FTT1334c,FTT1334c,RefSeq.177416.18.NC_006570.CDS.1362733.1363242.rev,RefSeq,CDS,1362733,1363242,510,-,,,,YP_170286.1,169,,hypothetical protein,
Francisella tularensis subsp. tularensis SCHU S4,177416.18,NC_006570,fig|177416.18.peg.1900,,VBIFraTul2086_1900,PATRIC.177416.18.NC_006570.CDS.1704743.1704991.rev,PATRIC,CDS,1704743,1704991,249,-,FIG00658195,PLF_262_00001422,PGF_00324055,,82,,hypothetical protein,
Francisella tularensis subsp. tularensis SCHU S4,177416.18,NC_006570,fig|177416.18.peg.1403,,VBIFraTul2086_1403,PATRIC.177416.18.NC_006570.CDS.1230342.1230722.rev,PATRIC,CDS,1230342,1230722,381,-,FIG01306568,PLF_262_00000001,PGF_01719295,,126,,Mobile element protein,
Francisella tularensis subsp. tularensis SCHU S4,177416.18,NC_006570,fig|177416.18.peg.24,FTT0021,VBIFraTul2086_0024,PATRIC.177416.18.NC_006570.CDS.19622.21043.fwd,PATRIC,CDS,19622,21043,1422,+,FIG00000399,PLF_262_00000546,PGF_00067554,YP_169097.1,473,gatB,Aspartyl-tRNA(Asn) amidotransferase subunit B (EC 6.3.5.6) @ Glutamyl-tRNA(Gln) amidotransferase subunit B (EC 6.3.5.7),
Francisella tularensis subsp. tularensis SCHU S4,177416.18,NC_006570,fig|177416.18.peg.1997,,VBIFraTul2086_1997,PATRIC.177416.18.NC_006570.CDS.1801135.1801515.rev,PATRIC,CDS,1801135,1801515,381,-,FIG01306568,PLF_262_00000001,PGF_01719295,,126,,Mobile element protein,
Francisella tularensis subsp. tularensis SCHU S4,177416.18,NC_006570,fig|177416.18.peg.1610,,VBIFraTul2086_1610,PATRIC.177416.18.NC_006570.CDS.1448517.1449476.rev,PATRIC,CDS,1448517,1449476,960,-,FIG01303823,PLF_262_00001914,PGF_00008112,,319,,Glutamate synthase,
Francisella tularensis subsp. tularensis SCHU S4,177416.18,NC_006570,fig|177416.18.peg.1686,,VBIFraTul2086_1686,PATRIC.177416.18.NC_006570.CDS.1512181.1513272.rev,PATRIC,CDS,1512181,1513272,1092,-,FIG00060464,PLF_262_00001638,PGF_01127519,,363,,Galacturonosyl transferase,
Francisella tularensis subsp. tularensis SCHU S4,177416.18,NC_006570,fig|177416.18.peg.1970,,VBIFraTul2086_1970,PATRIC.177416.18.NC_006570.CDS.1763937.1764224.fwd,PATRIC,CDS,1763937,1764224,288,+,FIG00009229,PLF_262_00000622,PGF_09581668,,95,,Heat shock protein 10 kDa family chaperone GroES,
Francisella tularensis subsp. tularensis SCHU S4,177416.18,NC_006570,fig|177416.18.peg.1665,,VBIFraTul2086_1665,PATRIC.177416.18.NC_006570.CDS.1491287.1492213.rev,PATRIC,CDS,1491287,1492213,927,-,FIG00066575,PLF_262_00001009,PGF_05471309,,308,,Exopolyphosphatase (EC 3.6.1.11),GO:0004309|exopolyphosphatase activity
Francisella tularensis subsp. tularensis SCHU S4,177416.18,NC_006570,fig|177416.18.peg.580,,VBIFraTul2086_0580,PATRIC.177416.18.NC_006570.CDS.537765.538592.fwd,PATRIC,CDS,537765,538592,828,+,FIG00104852,PLF_262_00000019,PGF_05063576,,275,,"Predicted D-lactate dehydrogenase, Fe-S protein, FAD/FMN-containing",GO:0005506|iron ion binding;GO:0006118|electron transport;GO:0009055|electron carrier activity
Francisella tularensis subsp. tularensis SCHU S4,177416.18,NC_006570,,FTT1738c,FTT1738c,RefSeq.177416.18.NC_006570.CDS.1827396.1829435.rev,RefSeq,CDS,1827396,1829435,2040,-,,,,YP_170637.1,679,kdpB,potassium-transporting ATPase B chain,
Francisella tularensis subsp. tularensis SCHU S4,177416.18,NC_006570,,FTT1348,FTT1348,RefSeq.177416.18.NC_006570.CDS.1386587.1388317.fwd,RefSeq,CDS,1386587,1388317,1731,+,,,,YP_170300.1,576,,hypothetical protein,
Francisella tularensis subsp. tularensis SCHU S4,177416.18,NC_006570,,FTT0776c,FTT0776c,RefSeq.177416.18.NC_006570.CDS.795676.796770.rev,RefSeq,CDS,795676,796770,1095,-,,,,YP_169783.1,364,rnd,ribonuclease D,
Francisella tularensis subsp. tularensis SCHU S4,177416.18,NC_006570,,FTT0055,FTT0055,RefSeq.177416.18.NC_006570.CDS.57315.58244.fwd,RefSeq,CDS,57315,58244,930,+,,,,YP_169130.1,309,rluC,ribosomal large subunit pseudouridine synthase C,
Francisella tularensis subsp. tularensis SCHU S4,177416.18,NC_006570,,FTT0990,FTT0990,RefSeq.177416.18.NC_006570.CDS.998930.1001371.fwd,RefSeq,CDS,998930,1001371,2442,+,,,,YP_169978.1,813,leuS,leucyl-tRNA synthetase,
Francisella tularensis subsp. tularensis SCHU S4,177416.18,NC_006570,,FTT0901,FTT0901,RefSeq.177416.18.NC_006570.CDS.909955.910404.fwd,RefSeq,CDS,909955,910404,450,+,,,,YP_169898.1,149,lpnA,lipoprotein,
Francisella tularensis subsp. tularensis SCHU S4,177416.18,NC_006570,,FTT1562,FTT1562,RefSeq.177416.18.NC_006570.CDS.1624146.1625027.fwd,RefSeq,CDS,1624146,1625027,882,+,,,,YP_170485.1,293,ispA,geranyltranstransferase,
Francisella tularensis subsp. tularensis SCHU S4,177416.18,NC_006570,fig|177416.18.peg.2083,,VBIFraTul2086_2083,PATRIC.177416.18.NC_006570.CDS.1878066.1878209.rev,PATRIC,CDS,1878066,1878209,144,-,FIG00000714,PLF_262_00001790,PGF_00019484,,47,,Membrane alanine aminopeptidase N (EC 3.4.11.2),
Francisella tularensis subsp. tularensis SCHU S4,177416.18,NC_006570,fig|177416.18.peg.521,,VBIFraTul2086_0521,PATRIC.177416.18.NC_006570.CDS.481782.481937.fwd,PATRIC,CDS,481782,481937,156,+,FIG00658588,PLF_262_00001517,PGF_01719411,,51,,hypothetical protein,
Francisella tularensis subsp. tularensis SCHU S4,177416.18,NC_006570,fig|177416.18.peg.1307,,VBIFraTul2086_1307,PATRIC.177416.18.NC_006570.CDS.1148315.1148560.rev,PATRIC,CDS,1148315,1148560,246,-,FIG01424673,PLF_262_00001709,PGF_01083152,,81,,putative RecF protein,
Francisella tularensis subsp. tularensis SCHU S4,177416.18,NC_006570,fig|177416.18.peg.1288,,VBIFraTul2086_1288,PATRIC.177416.18.NC_006570.CDS.1127347.1127520.rev,PATRIC,CDS,1127347,1127520,174,-,FIG00657438,PLF_262_00001558,PGF_01719434,,57,,hypothetical protein,
Francisella tularensis subsp. tularensis SCHU S4,177416.18,NC_006570,fig|177416.18.peg.1484,,VBIFraTul2086_1484,PATRIC.177416.18.NC_006570.CDS.1303123.1304013.rev,PATRIC,CDS,1303123,1304013,891,-,FIG01312420,PLF_262_00000402,PGF_00017885,,296,,LysR transcriptional regulator family protein,
Francisella tularensis subsp. tularensis SCHU S4,177416.18,NC_006570,,FTT0250,FTT0250,RefSeq.177416.18.NC_006570.CDS.264050.266698.fwd,RefSeq,CDS,264050,266698,2649,+,,,,YP_169302.1,882,ppdK,pyruvate phosphate dikinase,
Francisella tularensis subsp. tularensis SCHU S4,177416.18,NC_006570,fig|177416.18.peg.262,,VBIFraTul2086_0262,PATRIC.177416.18.NC_006570.CDS.247233.248888.rev,PATRIC,CDS,247233,248888,1656,-,FIG00002818,PLF_262_00000163,PGF_03751973,,551,,"Inner membrane protein translocase and chaperone YidC, long form",
Francisella tularensis subsp. tularensis SCHU S4,177416.18,NC_006570,fig|177416.18.peg.1257,,VBIFraTul2086_1257,PATRIC.177416.18.NC_006570.CDS.1100946.1101059.rev,PATRIC,CDS,1100946,1101059,114,-,FIG00657965,PLF_262_00001433,PGF_01719383,,37,,hypothetical protein,
Francisella tularensis subsp. tularensis SCHU S4,177416.18,NC_006570,fig|177416.18.peg.326,,VBIFraTul2086_0326,PATRIC.177416.18.NC_006570.CDS.304821.305732.fwd,PATRIC,CDS,304821,305732,912,+,FIG00137450,PLF_262_00001202,PGF_07460808,,303,,hypothetical protein PA3071,
Francisella tularensis subsp. tularensis SCHU S4,177416.18,NC_006570,fig|177416.18.peg.1055,,VBIFraTul2086_1055,PATRIC.177416.18.NC_006570.CDS.933517.935670.fwd,PATRIC,CDS,933517,935670,2154,+,FIG01956272,PLF_262_00000233,PGF_00415422,,717,,23S rRNA (guanine(2445)-N(2))-methyltransferase (EC 2.1.1.173) / 23S rRNA (guanine(2069)-N(7))-methyltransferase (EC 2.1.1.264),GO:0052915|23S rRNA (guanine(2445)-N(2))-methyltransferase activity
Francisella tularensis subsp. tularensis SCHU S4,177416.18,NC_006570,fig|177416.18.peg.663,,VBIFraTul2086_0663,PATRIC.177416.18.NC_006570.CDS.601162.604533.fwd,PATRIC,CDS,601162,604533,3372,+,FIG00657780,PLF_262_00000085,PGF_00240758,,1123,,hypothetical protein,
Francisella tularensis subsp. tularensis SCHU S4,177416.18,NC_006570,fig|177416.18.peg.1733,,VBIFraTul2086_1733,PATRIC.177416.18.NC_006570.CDS.1556722.1557939.fwd,PATRIC,CDS,1556722,1557939,1218,+,FIG00004484,PLF_262_00000824,PGF_10565096,,405,,Tyrosine-specific transport protein,
Francisella tularensis subsp. tularensis SCHU S4,177416.18,NC_006570,fig|177416.18.peg.1530,,VBIFraTul2086_1530,PATRIC.177416.18.NC_006570.CDS.1353439.1353840.fwd,PATRIC,CDS,1353439,1353840,402,+,FIG00000720,PLF_262_00001379,PGF_08837849,,133,,Cytidine deaminase (EC 3.5.4.5),GO:0004126|cytidine deaminase activity
Francisella tularensis subsp. tularensis SCHU S4,177416.18,NC_006570,fig|177416.18.peg.992,,VBIFraTul2086_0992,PATRIC.177416.18.NC_006570.CDS.875113.875985.fwd,PATRIC,CDS,875113,875985,873,+,FIG00657771,PLF_262_00001435,PGF_12731216,,290,,hypothetical protein,
Francisella tularensis subsp. tularensis SCHU S4,177416.18,NC_006570,fig|177416.18.peg.85,FTT0079,VBIFraTul2086_0085,PATRIC.177416.18.NC_006570.CDS.82073.83404.fwd,PATRIC,CDS,82073,83404,1332,+,FIG00009682,PLF_262_00000714,PGF_01137124,YP_169154.1,443,mrsA,Phosphoglucosamine mutase (EC 5.4.2.10),GO:0008966|phosphoglucosamine mutase activity
Francisella tularensis subsp. tularensis SCHU S4,177416.18,NC_006570,fig|177416.18.peg.212,FTT0192,VBIFraTul2086_0212,PATRIC.177416.18.NC_006570.CDS.208861.210543.fwd,PATRIC,CDS,208861,210543,1683,+,FIG00000300,PLF_262_00000661,PGF_00710545,YP_169253.1,560,lysU,Lysyl-tRNA synthetase (class II) (EC 6.1.1.6),GO:0004824|lysine-tRNA ligase activity
Francisella tularensis subsp. tularensis SCHU S4,177416.18,NC_006570,fig|177416.18.peg.2084,,VBIFraTul2086_2084,PATRIC.177416.18.NC_006570.CDS.1878315.1878677.fwd,PATRIC,CDS,1878315,1878677,363,+,FIG00657937,PLF_262_00001872,PGF_01719612,,120,,hypothetical protein,
Francisella tularensis subsp. tularensis SCHU S4,177416.18,NC_006570,,FTT1252,FTT1252,RefSeq.177416.18.NC_006570.CDS.1272263.1272991.fwd,RefSeq,CDS,1272263,1272991,729,+,,,,YP_170210.1,242,,16S ribosomal RNA methyltransferase RsmE,
Francisella tularensis subsp. tularensis SCHU S4,177416.18,NC_006570,,FTT1732c,FTT1732c,RefSeq.177416.18.NC_006570.CDS.1820825.1822021.rev,RefSeq,CDS,1820825,1822021,1197,-,,,,YP_170633.1,398,,aromatic amino acid HAAP transporter,
Francisella tularensis subsp. tularensis SCHU S4,177416.18,NC_006570,,FTT0262,FTT0262,RefSeq.177416.18.NC_006570.CDS.277883.278020.fwd,RefSeq,CDS,277883,278020,138,+,,,,YP_169314.1,45,,lipoprotein,
Francisella tularensis subsp. tularensis SCHU S4,177416.18,NC_006570,,FTT0316,FTT0316,RefSeq.177416.18.NC_006570.CDS.330889.331446.fwd,RefSeq,CDS,330889,331446,558,+,,,,YP_169365.1,185,frr,ribosome recycling factor,
Francisella tularensis subsp. tularensis SCHU S4,177416.18,NC_006570,,FTT1471c,FTT1471c,RefSeq.177416.18.NC_006570.CDS.1522498.1524207.rev,RefSeq,CDS,1522498,1524207,1710,-,,,,YP_170407.1,569,deaD,cold-shock DEAD-box protein A,
Francisella tularensis subsp. tularensis SCHU S4,177416.18,NC_006570,fig|177416.18.peg.100,,VBIFraTul2086_0100,PATRIC.177416.18.NC_006570.CDS.96325.96468.rev,PATRIC,CDS,96325,96468,144,-,FIG01960217,PLF_262_00001757,PGF_01605461,,47,,Cytochrome d ubiquinol oxidase subunit I (EC 1.10.3.-),GO:0008827|cytochrome o ubiquinol oxidase activity;GO:0008827|cytochrome bo3 ubiquinol oxidase activity
Francisella tularensis subsp. tularensis SCHU S4,177416.18,NC_006570,,FTT0367c,FTT0367c,RefSeq.177416.18.NC_006570.CDS.366632.368137.rev,RefSeq,CDS,366632,368137,1506,-,,,,YP_169414.1,501,gshA,glutamate--cysteine ligase,
Francisella tularensis subsp. tularensis SCHU S4,177416.18,NC_006570,,FTT0538c,FTT0538c,RefSeq.177416.18.NC_006570.CDS.558990.559559.rev,RefSeq,CDS,558990,559559,570,-,,,,YP_169567.1,189,,lipoprotein,
Francisella tularensis subsp. tularensis SCHU S4,177416.18,NC_006570,,FTT0492c,FTT0492c,RefSeq.177416.18.NC_006570.CDS.512055.512981.rev,RefSeq,CDS,512055,512981,927,-,,,,YP_169530.1,308,lysR,LysR family transcriptional regulator,
Francisella tularensis subsp. tularensis SCHU S4,177416.18,NC_006570,fig|177416.18.peg.1294,,VBIFraTul2086_1294,PATRIC.177416.18.NC_006570.CDS.1132161.1132556.rev,PATRIC,CDS,1132161,1132556,396,-,FIG00657964,PLF_262_00000494,PGF_01721448,,131,,putative lipoprotein,
Francisella tularensis subsp. tularensis SCHU S4,177416.18,NC_006570,,FTT1736c,FTT1736c,RefSeq.177416.18.NC_006570.CDS.1824040.1826721.rev,RefSeq,CDS,1824040,1826721,2682,-,,,,YP_170635.1,893,kdpD,two component sensor protein kdpD,
Francisella tularensis subsp. tularensis SCHU S4,177416.18,NC_006570,,FTT1280c,FTT1280c,RefSeq.177416.18.NC_006570.CDS.1300408.1300863.rev,RefSeq,CDS,1300408,1300863,456,-,,,,YP_170236.1,151,ptsN,PEP-dependent sugar phosphotransferase system (PTS) family protein,
Francisella tularensis subsp. tularensis SCHU S4,177416.18,NC_006570,,FTT1272,FTT1272,RefSeq.177416.18.NC_006570.CDS.1294604.1295788.fwd,RefSeq,CDS,1294604,1295788,1185,+,,,,YP_170228.1,394,,hypothetical protein,
Francisella tularensis subsp. tularensis SCHU S4,177416.18,NC_006570,,FTT1638,FTT1638,RefSeq.177416.18.NC_006570.CDS.1703319.1704773.fwd,RefSeq,CDS,1703319,1704773,1455,+,,,,YP_170551.1,484,trkH,potassium uptake protein,
Francisella tularensis subsp. tularensis SCHU S4,177416.18,NC_006570,fig|177416.18.peg.763,,VBIFraTul2086_0763,PATRIC.177416.18.NC_006570.CDS.685991.687127.fwd,PATRIC,CDS,685991,687127,1137,+,FIG00138880,PLF_262_00000911,PGF_01722191,,378,,Glutathione-regulated potassium-efflux system protein KefC,
Francisella tularensis subsp. tularensis SCHU S4,177416.18,NC_006570,fig|177416.18.peg.1883,,VBIFraTul2086_1883,PATRIC.177416.18.NC_006570.CDS.1687246.1687836.rev,PATRIC,CDS,1687246,1687836,591,-,FIG00657550,PLF_262_00001518,PGF_00365763,,196,,hypothetical protein,
Francisella tularensis subsp. tularensis SCHU S4,177416.18,NC_006570,fig|177416.18.peg.1795,,VBIFraTul2086_1795,PATRIC.177416.18.NC_006570.CDS.1611874.1612380.fwd,PATRIC,CDS,1611874,1612380,507,+,FIG00634455,PLF_262_00000367,PGF_00425799,,168,,FIG002577: Putative lipoprotein precursor,
Francisella tularensis subsp. tularensis SCHU S4,177416.18,NC_006570,fig|177416.18.peg.863,,VBIFraTul2086_0863,PATRIC.177416.18.NC_006570.CDS.773355.773558.rev,PATRIC,CDS,773355,773558,204,-,FIG00001928,PLF_262_00001005,PGF_02049468,,67,,Cold shock protein of CSP family,
Francisella tularensis subsp. tularensis SCHU S4,177416.18,NC_006570,fig|177416.18.peg.1655,,VBIFraTul2086_1655,PATRIC.177416.18.NC_006570.CDS.1483215.1483958.fwd,PATRIC,CDS,1483215,1483958,744,+,FIG01306568,PLF_262_00000003,PGF_01000105,,247,,Mobile element protein,
Francisella tularensis subsp. tularensis SCHU S4,177416.18,NC_006570,fig|177416.18.peg.1502,,VBIFraTul2086_1502,PATRIC.177416.18.NC_006570.CDS.1324443.1324793.rev,PATRIC,CDS,1324443,1324793,351,-,FIG00004440,PLF_262_00001305,PGF_07275226,,116,,"Competence protein F homolog, phosphoribosyltransferase domain; protein YhgH required for utilization of DNA as sole source of carbon and energy",
Francisella tularensis subsp. tularensis SCHU S4,177416.18,NC_006570,fig|177416.18.peg.394,,VBIFraTul2086_0394,PATRIC.177416.18.NC_006570.CDS.355151.357037.fwd,PATRIC,CDS,355151,357037,1887,+,FIG00000594,PLF_262_00000345,PGF_05421852,,628,,Chaperone protein HtpG,GO:0005524|ATP binding;GO:0006457|protein folding;GO:0051082|unfolded protein binding
Francisella tularensis subsp. tularensis SCHU S4,177416.18,NC_006570,fig|177416.18.peg.120,FTT0108c,VBIFraTul2086_0120,PATRIC.177416.18.NC_006570.CDS.114237.115319.rev,PATRIC,CDS,114237,115319,1083,-,FIG00000289,PLF_262_00001302,PGF_08398205,YP_169178.1,360,cca,CCA tRNA nucleotidyltransferase (EC 2.7.7.72),GO:0001680|tRNA 3'-terminal CCA addition;GO:0001680|CTP:tRNA cytidylyltransferase activity;GO:0001680|CTP:3'-cytidine-tRNA cytidylyltransferase activity;GO:0001680|ATP:3'-cytidine-cytidine-tRNA adenylyltransferase activity
Francisella tularensis subsp. tularensis SCHU S4,177416.18,NC_006570,fig|177416.18.peg.1603,,VBIFraTul2086_1603,PATRIC.177416.18.NC_006570.CDS.1436150.1436920.fwd,PATRIC,CDS,1436150,1436920,771,+,FIG00000695,PLF_262_00001014,PGF_04213876,,256,,"Pantothenate kinase type III, CoaX-like (EC 2.7.1.33)",GO:0004594|pantothenate kinase activity
Francisella tularensis subsp. tularensis SCHU S4,177416.18,NC_006570,fig|177416.18.peg.1423,,VBIFraTul2086_1423,PATRIC.177416.18.NC_006570.CDS.1247932.1249167.fwd,PATRIC,CDS,1247932,1249167,1236,+,FIG00031250,PLF_262_00000572,PGF_00012987,,411,,D-3-phosphoglycerate dehydrogenase (EC 1.1.1.95),GO:0004617|phosphoglycerate dehydrogenase activity
Francisella tularensis subsp. tularensis SCHU S4,177416.18,NC_006570,fig|177416.18.peg.106,FTT0097,VBIFraTul2086_0106,PATRIC.177416.18.NC_006570.CDS.101620.102141.fwd,PATRIC,CDS,101620,102141,522,+,FIG00657647,PLF_262_00001632,PGF_01719465,YP_169169.1,173,,hypothetical protein,
Francisella tularensis subsp. tularensis SCHU S4,177416.18,NC_006570,fig|177416.18.peg.266,,VBIFraTul2086_0266,PATRIC.177416.18.NC_006570.CDS.249690.250148.rev,PATRIC,CDS,249690,250148,459,-,FIG00657828,PLF_262_00001288,PGF_00132485,,152,,hypothetical protein,
Francisella tularensis subsp. tularensis SCHU S4,177416.18,NC_006570,fig|177416.18.peg.146,FTT0131c,VBIFraTul2086_0146,PATRIC.177416.18.NC_006570.CDS.143567.143983.rev,PATRIC,CDS,143567,143983,417,-,FIG01306568,PLF_262_00000002,PGF_01719295,YP_169198.1,138,isftu1,Mobile element protein,
Francisella tularensis subsp. tularensis SCHU S4,177416.18,NC_006570,fig|177416.18.peg.104,,VBIFraTul2086_0104,PATRIC.177416.18.NC_006570.CDS.100184.100282.fwd,PATRIC,CDS,100184,100282,99,+,,PLF_262_00002965,PGF_01720019,,32,,hypothetical protein,
Francisella tularensis subsp. tularensis SCHU S4,177416.18,NC_006570,fig|177416.18.peg.1125,,VBIFraTul2086_1125,PATRIC.177416.18.NC_006570.CDS.991132.992373.fwd,PATRIC,CDS,991132,992373,1242,+,FIG00000741,PLF_262_00007829,PGF_08212249,,413,,"Aminotransferase, class II (EC 2.3.1.-)","GO:0004147|dihydrolipoamide branched chain acyltransferase activity;GO:0004147|sterol O-acyltransferase activity;GO:0004147|N-acetyltransferase activity;GO:0004147|O-acyltransferase activity;GO:0004147|palmitoleoyl [acyl-carrier-protein]-dependent acyltransferase activity;GO:0004147|carnitine O-acyltransferase activity;GO:0004147|acetyltransferase activity;GO:0004147|C-acyltransferase activity;GO:0004147|palmitoyltransferase activity;GO:0004147|N-acyltransferase activity;GO:0004147|acylglycerol O-acyltransferase activity;GO:0004147|serine O-acyltransferase activity;GO:0004147|O-acetyltransferase activity;GO:0004147|O-octanoyltransferase activity;GO:0004147|octanoyltransferase activity;GO:0004147|O-palmitoyltransferase activity;GO:0004147|S-acyltransferase activity;GO:0004147|S-acetyltransferase activity;GO:0004147|S-malonyltransferase activity;GO:0004147|malonyltransferase activity;GO:0004147|C-palmitoyltransferase activity;GO:0004147|succinyltransferase activity;GO:0004147|N-succinyltransferase activity;GO:0004147|O-succinyltransferase activity;GO:0004147|S-succinyltransferase activity;GO:0004147|sinapoyltransferase activity;GO:0004147|O-sinapoyltransferase activity;GO:0004147|peptidyl-lysine N6-myristoyltransferase activity;GO:0004147|peptidyl-lysine N6-palmitoyltransferase activity;GO:0004147|benzoyl acetate-CoA thiolase activity;GO:0004147|3-hydroxybutyryl-CoA thiolase activity;GO:0004147|3-ketopimelyl-CoA thiolase activity;GO:0004147|N-palmitoyltransferase activity;GO:0004147|myristoyltransferase activity;GO:0004147|acyl-CoA N-acyltransferase activity;GO:0004147|protein-cysteine S-myristoyltransferase activity;GO:0004147|protein-cysteine S-acyltransferase activity;GO:0004147|dihydrolipoamide S-acyltransferase activity;GO:0004147|glucosaminyl-phosphotidylinositol O-acyltransferase activity;GO:0004147|ergosterol O-acyltransferase activity;GO:0004147|lanosterol O-acyltransferase activity;GO:0004147|naphthyl-2-oxomethyl-succinyl-CoA succinyl transferase activity;GO:0004147|2,4,4-trimethyl-3-oxopentanoyl-CoA 2-C-propanoyl transferase activity;GO:0004147|2-methylhexanoyl-CoA C-acetyltransferase activity;GO:0004147|butyryl-CoA 2-C-propionyltransferase activity;GO:0004147|2,6-dimethyl-5-methylene-3-oxo-heptanoyl-CoA C-acetyltransferase activity;GO:0004147|L-2-aminoadipate N-acetyltransferase activity;GO:0004147|UDP-3-O-[3-hydroxymyristoyl] glucosamine N-acyltransferase activity;GO:0004147|keto acid formate lyase activity;GO:0004147|Ras palmitoyltransferase activity;GO:0004147|azetidine-2-carboxylic acid acetyltransferase activity;GO:0004147|peptidyl-lysine N-acetyltransferase activity, acting on acetyl phosphate as donor;GO:0004147|acetyl-CoA:L-lysine N6-acetyltransferase"
Francisella tularensis subsp. tularensis SCHU S4,177416.18,NC_006570,fig|177416.18.peg.170,FTT0154,VBIFraTul2086_0170,PATRIC.177416.18.NC_006570.CDS.170083.170961.fwd,PATRIC,CDS,170083,170961,879,+,FIG01227142,PLF_262_00000793,PGF_00052943,YP_169220.1,292,xerD,Site-specific tyrosine recombinase XerD,
Francisella tularensis subsp. tularensis SCHU S4,177416.18,NC_006570,,FTT0604,FTT0604,RefSeq.177416.18.NC_006570.CDS.623729.624163.fwd,RefSeq,CDS,623729,624163,435,+,,,,YP_169626.1,144,,hypothetical protein,
Francisella tularensis subsp. tularensis SCHU S4,177416.18,NC_006570,,FTT0116,FTT0116,RefSeq.177416.18.NC_006570.CDS.124993.126195.fwd,RefSeq,CDS,124993,126195,1203,+,,,,YP_169186.1,400,nupC,nucleoside permease NUP family protein,
Francisella tularensis subsp. tularensis SCHU S4,177416.18,NC_006570,,FTT1530,FTT1530,RefSeq.177416.18.NC_006570.CDS.1589551.1592247.fwd,RefSeq,CDS,1589551,1592247,2697,+,,,,YP_170460.1,898,fadB/acbP,fusion product of 3-hydroxacyl-CoA dehydrogenase and acyl-CoA-binding protein,
Francisella tularensis subsp. tularensis SCHU S4,177416.18,NC_006570,,FTT0675,FTT0675,RefSeq.177416.18.NC_006570.CDS.693076.693366.fwd,RefSeq,CDS,693076,693366,291,+,,,,YP_169691.1,96,rplY,50S ribosomal protein L25,
Francisella tularensis subsp. tularensis SCHU S4,177416.18,NC_006570,,FTT1556c,FTT1556c,RefSeq.177416.18.NC_006570.CDS.1617909.1618772.rev,RefSeq,CDS,1617909,1618772,864,-,,,,YP_170480.1,287,lepB,signal peptidase I,
Francisella tularensis subsp. tularensis SCHU S4,177416.18,NC_006570,fig|177416.18.peg.108,,VBIFraTul2086_0108,PATRIC.177416.18.NC_006570.CDS.102619.102999.rev,PATRIC,CDS,102619,102999,381,-,FIG01306568,PLF_262_00000001,PGF_01719295,,126,,Mobile element protein,
Francisella tularensis subsp. tularensis SCHU S4,177416.18,NC_006570,fig|177416.18.peg.1441,,VBIFraTul2086_1441,PATRIC.177416.18.NC_006570.CDS.1268200.1269300.fwd,PATRIC,CDS,1268200,1269300,1101,+,FIG00137583,PLF_262_00000319,PGF_02321834,,366,,"ABC transporter, permease protein (cluster 9, phospholipid)",
Francisella tularensis subsp. tularensis SCHU S4,177416.18,NC_006570,fig|177416.18.peg.1912,,VBIFraTul2086_1912,PATRIC.177416.18.NC_006570.CDS.1713197.1713829.rev,PATRIC,CDS,1713197,1713829,633,-,FIG00000173,PLF_262_00000695,PGF_00777371,,210,,Orotidine 5'-phosphate decarboxylase (EC 4.1.1.23),GO:0004590|orotidine-5'-phosphate decarboxylase activity
Francisella tularensis subsp. tularensis SCHU S4,177416.18,NC_006570,fig|177416.18.peg.789,,VBIFraTul2086_0789,PATRIC.177416.18.NC_006570.CDS.711141.711521.rev,PATRIC,CDS,711141,711521,381,-,FIG01306568,PLF_262_00000001,PGF_01719295,,126,,Mobile element protein,
Francisella tularensis subsp. tularensis SCHU S4,177416.18,NC_006570,fig|177416.18.peg.1062,,VBIFraTul2086_1062,PATRIC.177416.18.NC_006570.CDS.941728.941910.rev,PATRIC,CDS,941728,941910,183,-,FIG01954109,PLF_262_00001740,PGF_01719525,,60,,3-hydroxyacyl-CoA dehydrogenase,
Francisella tularensis subsp. tularensis SCHU S4,177416.18,NC_006570,,FTT1313c,FTT1313c,RefSeq.177416.18.NC_006570.CDS.1339377.1339859.rev,RefSeq,CDS,1339377,1339859,483,-,,,,YP_170266.1,160,greA,transcriptional elongation factor,
Francisella tularensis subsp. tularensis SCHU S4,177416.18,NC_006570,,FTT0537,FTT0537,RefSeq.177416.18.NC_006570.CDS.558346.558981.fwd,RefSeq,CDS,558346,558981,636,+,,,,YP_169566.1,211,,ubiquinone biosynthesis protein,
Francisella tularensis subsp. tularensis SCHU S4,177416.18,NC_006570,,FTT0241c,FTT0241c,RefSeq.177416.18.NC_006570.CDS.253347.253817.rev,RefSeq,CDS,253347,253817,471,-,,,,YP_169294.1,156,,hypothetical protein,
Francisella tularensis subsp. tularensis SCHU S4,177416.18,NC_006570,,FTT0619,FTT0619,RefSeq.177416.18.NC_006570.CDS.638701.639375.fwd,RefSeq,CDS,638701,639375,675,+,,,,YP_169640.1,224,,o-methyltransferase family protein,
Francisella tularensis subsp. tularensis SCHU S4,177416.18,NC_006570,fig|177416.18.peg.1360,,VBIFraTul2086_1360,PATRIC.177416.18.NC_006570.CDS.1192036.1192224.rev,PATRIC,CDS,1192036,1192224,189,-,FIG00016514,PLF_262_00001722,PGF_00414310,,62,,"Type I restriction-modification system, restriction subunit R (EC 3.1.21.3)",GO:0009035|Type I site-specific deoxyribonuclease activity
Francisella tularensis subsp. tularensis SCHU S4,177416.18,NC_006570,fig|177416.18.peg.1191,,VBIFraTul2086_1191,PATRIC.177416.18.NC_006570.CDS.1052380.1052496.rev,PATRIC,CDS,1052380,1052496,117,-,FIG00638284,PLF_262_00002062,PGF_01719702,,38,,hypothetical protein,
Francisella tularensis subsp. tularensis SCHU S4,177416.18,NC_006570,,FTT0931,FTT0931,RefSeq.177416.18.NC_006570.CDS.942810.944069.fwd,RefSeq,CDS,942810,944069,1260,+,,,,YP_169925.1,419,,major facilitator transporter,
Francisella tularensis subsp. tularensis SCHU S4,177416.18,NC_006570,,FTT1427,FTT1427,RefSeq.177416.18.NC_006570.CDS.1476057.1476841.fwd,RefSeq,CDS,1476057,1476841,459,+,,,,YP_170370.1,261,isftu1,transposase,
Francisella tularensis subsp. tularensis SCHU S4,177416.18,NC_006570,,FTT0876c,FTT0876c,RefSeq.177416.18.NC_006570.CDS.884782.885840.rev,RefSeq,CDS,884782,885840,1059,-,,,,YP_169876.1,352,aroC,chorismate synthase,
Francisella tularensis subsp. tularensis SCHU S4,177416.18,NC_006570,,FTT0371c,FTT0371c,RefSeq.177416.18.NC_006570.CDS.371289.372470.rev,RefSeq,CDS,371289,372470,1182,-,,,,YP_169418.1,393,folC,FolC bifunctional protein,
Francisella tularensis subsp. tularensis SCHU S4,177416.18,NC_006570,,FTT1217c,FTT1217c,RefSeq.177416.18.NC_006570.CDS.1235595.1236830.rev,RefSeq,CDS,1235595,1236830,1236,-,,,,YP_170175.1,411,visC,monooxygenase family protein,
Francisella tularensis subsp. tularensis SCHU S4,177416.18,NC_006570,,FTT0746c,FTT0746c,RefSeq.177416.18.NC_006570.CDS.768382.769173.rev,RefSeq,CDS,768382,769173,792,-,,,,YP_169757.1,263,,hypothetical protein,
Francisella tularensis subsp. tularensis SCHU S4,177416.18,NC_006570,,FTT1567c,FTT1567c,RefSeq.177416.18.NC_006570.CDS.1629006.1629593.rev,RefSeq,CDS,1629006,1629593,588,-,,,,YP_170489.1,195,,hypothetical protein,
Francisella tularensis subsp. tularensis SCHU S4,177416.18,NC_006570,,FTT1338c,FTT1338c,RefSeq.177416.18.NC_006570.CDS.1368437.1368817.rev,RefSeq,CDS,1368437,1368817,381,-,,,,YP_170290.1,126,,translation initiation inhibitor,
Francisella tularensis subsp. tularensis SCHU S4,177416.18,NC_006570,,FTT1778c,FTT1778c,RefSeq.177416.18.NC_006570.CDS.1867625.1868017.rev,RefSeq,CDS,1867625,1868017,393,-,,,,YP_170667.1,130,,hypothetical protein,
Francisella tularensis subsp. tularensis SCHU S4,177416.18,NC_006570,,FTT0406,FTT0406,RefSeq.177416.18.NC_006570.CDS.411547.413688.fwd,RefSeq,CDS,411547,413688,2142,+,,,,YP_169451.1,713,cadA,"lysine decarboxylase, inducable",
Francisella tularensis subsp. tularensis SCHU S4,177416.18,NC_006570,,FTT0863c,FTT0863c,RefSeq.177416.18.NC_006570.CDS.873272.873847.rev,RefSeq,CDS,873272,873847,576,-,,,,YP_169865.1,191,,LemA-like protein,
Francisella tularensis subsp. tularensis SCHU S4,177416.18,NC_006570,,FTT1676,FTT1676,RefSeq.177416.18.NC_006570.CDS.1744555.1745547.fwd,RefSeq,CDS,1744555,1745547,993,+,,,,YP_170582.1,330,,hypothetical protein,
Francisella tularensis subsp. tularensis SCHU S4,177416.18,NC_006570,fig|177416.18.peg.1357,,VBIFraTul2086_1357,PATRIC.177416.18.NC_006570.CDS.1188833.1189042.rev,PATRIC,CDS,1188833,1189042,210,-,FIG00657504,PLF_262_00001704,PGF_01719503,,69,,hypothetical protein,
Francisella tularensis subsp. tularensis SCHU S4,177416.18,NC_006570,fig|177416.18.peg.981,,VBIFraTul2086_0981,PATRIC.177416.18.NC_006570.CDS.868158.868517.rev,PATRIC,CDS,868158,868517,360,-,FIG00657534,PLF_262_00001076,PGF_00379068,,119,,hypothetical protein,
Francisella tularensis subsp. tularensis SCHU S4,177416.18,NC_006570,,FTT0555,FTT0555,RefSeq.177416.18.NC_006570.CDS.573497.574228.fwd,RefSeq,CDS,573497,574228,732,+,,,,YP_169581.1,243,,hypothetical protein,
Francisella tularensis subsp. tularensis SCHU S4,177416.18,NC_006570,,FTT0895,FTT0895,RefSeq.177416.18.NC_006570.CDS.904689.905264.fwd,RefSeq,CDS,904689,905264,576,+,,,,YP_169892.1,191,purN,phosphoribosylglycinamide formyltransferase,
Francisella tularensis subsp. tularensis SCHU S4,177416.18,NC_006570,,FTT0508c,FTT0508c,RefSeq.177416.18.NC_006570.CDS.528409.529392.rev,RefSeq,CDS,528409,529392,984,-,,,,YP_169543.1,327,dusA,tRNA-dihydrouridine synthase A,
Francisella tularensis subsp. tularensis SCHU S4,177416.18,NC_006570,,FTT0436c,FTT0436c,RefSeq.177416.18.NC_006570.CDS.449761.450477.rev,RefSeq,CDS,449761,450477,717,-,,,,YP_169476.1,238,lpxH,"UDP-2,3-diacylglucosamine hydrolase",
Francisella tularensis subsp. tularensis SCHU S4,177416.18,NC_006570,,FTT1193c,FTT1193c,RefSeq.177416.18.NC_006570.CDS.1209929.1210447.rev,RefSeq,CDS,1209929,1210447,519,-,,,,YP_170153.1,172,,hypothetical protein,
Francisella tularensis subsp. tularensis SCHU S4,177416.18,NC_006570,,FTT0689,FTT0689,RefSeq.177416.18.NC_006570.CDS.707280.708029.fwd,RefSeq,CDS,707280,708029,750,+,,,,YP_169705.1,249,,hypothetical protein,
Francisella tularensis subsp. tularensis SCHU S4,177416.18,NC_006570,fig|177416.18.peg.335,,VBIFraTul2086_0335,PATRIC.177416.18.NC_006570.CDS.312388.315147.fwd,PATRIC,CDS,312388,315147,2760,+,FIG00000129,PLF_262_00000481,PGF_05500127,,919,,Valyl-tRNA synthetase (EC 6.1.1.9),GO:0004832|valine-tRNA ligase activity
Francisella tularensis subsp. tularensis SCHU S4,177416.18,NC_006570,fig|177416.18.peg.835,,VBIFraTul2086_0835,PATRIC.177416.18.NC_006570.CDS.754752.754853.rev,PATRIC,CDS,754752,754853,102,-,FIG00638284,PLF_262_00001927,PGF_01719645,,33,,hypothetical protein,
Francisella tularensis subsp. tularensis SCHU S4,177416.18,NC_006570,fig|177416.18.peg.721,,VBIFraTul2086_0721,PATRIC.177416.18.NC_006570.CDS.654039.654965.fwd,PATRIC,CDS,654039,654965,927,+,FIG00018201,PLF_262_00000386,PGF_00902417,,308,,HflC protein,
Francisella tularensis subsp. tularensis SCHU S4,177416.18,NC_006570,fig|177416.18.peg.333,,VBIFraTul2086_0333,PATRIC.177416.18.NC_006570.CDS.311303.311785.fwd,PATRIC,CDS,311303,311785,483,+,FIG00657567,PLF_262_00005747,PGF_01721410,,160,,hypothetical protein,
Francisella tularensis subsp. tularensis SCHU S4,177416.18,NC_006570,fig|177416.18.peg.248,,VBIFraTul2086_0248,PATRIC.177416.18.NC_006570.CDS.237886.239430.fwd,PATRIC,CDS,237886,239430,1545,+,FIG01339894,PLF_262_00001323,PGF_06208122,,514,,Acid phosphatase (EC 3.1.3.2),GO:0003993|acid phosphatase activity
Francisella tularensis subsp. tularensis SCHU S4,177416.18,NC_006570,,FTT0620,FTT0620,RefSeq.177416.18.NC_006570.CDS.639384.640127.fwd,RefSeq,CDS,639384,640127,744,+,,,,YP_169641.1,247,,HAD superfamily protein,
Francisella tularensis subsp. tularensis SCHU S4,177416.18,NC_006570,fig|177416.18.peg.475,,VBIFraTul2086_0475,PATRIC.177416.18.NC_006570.CDS.442075.442215.fwd,PATRIC,CDS,442075,442215,141,+,,PLF_262_00007725,PGF_04992191,,46,,Aspartokinase (EC 2.7.2.4) / Homoserine dehydrogenase (EC 1.1.1.3),GO:0004072|aspartate kinase activity;GO:0004412|homoserine dehydrogenase activity
Francisella tularensis subsp. tularensis SCHU S4,177416.18,NC_006570,,FTT1651,FTT1651,RefSeq.177416.18.NC_006570.CDS.1718277.1718903.fwd,RefSeq,CDS,1718277,1718903,627,+,,,,YP_170559.1,208,,hypothetical protein,
Francisella tularensis subsp. tularensis SCHU S4,177416.18,NC_006570,fig|177416.18.peg.1728,,VBIFraTul2086_1728,PATRIC.177416.18.NC_006570.CDS.1551112.1552059.rev,PATRIC,CDS,1551112,1552059,948,-,FIG00000442,PLF_262_00000534,PGF_05399159,,315,,Acetyl-coenzyme A carboxyl transferase alpha chain (EC 6.4.1.2),GO:0003989|acetyl-CoA carboxylase activity
Francisella tularensis subsp. tularensis SCHU S4,177416.18,NC_006570,fig|177416.18.peg.1106,,VBIFraTul2086_1106,PATRIC.177416.18.NC_006570.CDS.978441.978989.rev,PATRIC,CDS,978441,978989,549,-,FIG00773824,PLF_262_00000123,PGF_00019703,,182,,Membrane protein,
Francisella tularensis subsp. tularensis SCHU S4,177416.18,NC_006570,fig|177416.18.peg.2009,,VBIFraTul2086_2009,PATRIC.177416.18.NC_006570.CDS.1816233.1816619.rev,PATRIC,CDS,1816233,1816619,387,-,FIG01956052,PLF_262_00000958,PGF_03089553,,128,,"ABC transporter, ATP-binding protein",
Francisella tularensis subsp. tularensis SCHU S4,177416.18,NC_006570,fig|177416.18.peg.1330,,VBIFraTul2086_1330,PATRIC.177416.18.NC_006570.CDS.1165833.1166120.rev,PATRIC,CDS,1165833,1166120,288,-,FIG00004389,PLF_262_00000837,PGF_02069837,,95,,"Succinate dehydrogenase flavin-adding protein, antitoxin of CptAB toxin-antitoxin",
Francisella tularensis subsp. tularensis SCHU S4,177416.18,NC_006570,fig|177416.18.peg.1769,,VBIFraTul2086_1769,PATRIC.177416.18.NC_006570.CDS.1595321.1595482.rev,PATRIC,CDS,1595321,1595482,162,-,FIG00657716,PLF_262_00002553,PGF_00341610,,53,,hypothetical protein,
Francisella tularensis subsp. tularensis SCHU S4,177416.18,NC_006570,fig|177416.18.peg.1351,,VBIFraTul2086_1351,PATRIC.177416.18.NC_006570.CDS.1183702.1185447.fwd,PATRIC,CDS,1183702,1185447,1746,+,FIG00657954,PLF_262_00001431,PGF_00157345,,581,,hypothetical protein,
Francisella tularensis subsp. tularensis SCHU S4,177416.18,NC_006570,fig|177416.18.peg.103,FTT0095,VBIFraTul2086_0103,PATRIC.177416.18.NC_006570.CDS.99224.100180.fwd,PATRIC,CDS,99224,100180,957,+,FIG00657552,PLF_262_00000084,PGF_01722164,YP_169167.1,318,,hypothetical protein,
Francisella tularensis subsp. tularensis SCHU S4,177416.18,NC_006570,,FTT1538c,FTT1538c,RefSeq.177416.18.NC_006570.CDS.1600869.1601852.rev,RefSeq,CDS,1600869,1601852,984,-,,,,YP_170466.1,327,,hypothetical protein,
Francisella tularensis subsp. tularensis SCHU S4,177416.18,NC_006570,,FTT1684,FTT1684,RefSeq.177416.18.NC_006570.CDS.1753817.1754719.fwd,RefSeq,CDS,1753817,1754719,903,+,,,,YP_170589.1,300,,transcription regulator,
Francisella tularensis subsp. tularensis SCHU S4,177416.18,NC_006570,,FTT0699,FTT0699,RefSeq.177416.18.NC_006570.CDS.717996.720077.fwd,RefSeq,CDS,717996,720077,2082,+,,,,YP_169715.1,693,pnp,polynucleotide phosphorylase/polyadenylase,
Francisella tularensis subsp. tularensis SCHU S4,177416.18,NC_006570,,FTT0762c,FTT0762c,RefSeq.177416.18.NC_006570.CDS.780787.781836.rev,RefSeq,CDS,780787,781836,1050,-,,,,YP_169772.1,349,recF,DNA replication and repair protein recF,
Francisella tularensis subsp. tularensis SCHU S4,177416.18,NC_006570,fig|177416.18.peg.880,,VBIFraTul2086_0880,PATRIC.177416.18.NC_006570.CDS.785370.785786.fwd,PATRIC,CDS,785370,785786,417,+,FIG01306568,PLF_262_00000002,PGF_01719295,,138,,Mobile element protein,
Francisella tularensis subsp. tularensis SCHU S4,177416.18,NC_006570,,FTT0180,FTT0180,RefSeq.177416.18.NC_006570.CDS.195907.196797.fwd,RefSeq,CDS,195907,196797,891,+,,,,YP_169241.1,296,,putative acyltransferase,
Francisella tularensis subsp. tularensis SCHU S4,177416.18,NC_006570,,FTT0715,FTT0715,RefSeq.177416.18.NC_006570.CDS.734051.736333.fwd,RefSeq,CDS,734051,736333,2283,+,,,,YP_169730.1,760,,chitinase family 18 protein,
Francisella tularensis subsp. tularensis SCHU S4,177416.18,NC_006570,,FTT0934c,FTT0934c,RefSeq.177416.18.NC_006570.CDS.945881.946558.rev,RefSeq,CDS,945881,946558,678,-,,,,YP_169927.1,225,bioD,dethiobiotin synthetase,
Francisella tularensis subsp. tularensis SCHU S4,177416.18,NC_006570,fig|177416.18.peg.1707,,VBIFraTul2086_1707,PATRIC.177416.18.NC_006570.CDS.1531388.1531687.rev,PATRIC,CDS,1531388,1531687,300,-,FIG00658220,PLF_262_00000041,PGF_10426322,,99,,Pap2 superfamily protein,
Francisella tularensis subsp. tularensis SCHU S4,177416.18,NC_006570,fig|177416.18.peg.814,,VBIFraTul2086_0814,PATRIC.177416.18.NC_006570.CDS.736526.737155.fwd,PATRIC,CDS,736526,737155,630,+,FIG00000396,PLF_262_00000988,PGF_00403095,,209,,Uracil phosphoribosyltransferase (EC 2.4.2.9),GO:0004845|uracil phosphoribosyltransferase activity
Francisella tularensis subsp. tularensis SCHU S4,177416.18,NC_006570,fig|177416.18.peg.330,,VBIFraTul2086_0330,PATRIC.177416.18.NC_006570.CDS.308187.309002.fwd,PATRIC,CDS,308187,309002,816,+,FIG00030033,PLF_262_00000893,PGF_02305956,,271,,Aerotolerance protein BatC,
Francisella tularensis subsp. tularensis SCHU S4,177416.18,NC_006570,fig|177416.18.peg.2,FTT0002,VBIFraTul2086_0002,PATRIC.177416.18.NC_006570.CDS.1558.2661.fwd,PATRIC,CDS,1558,2661,1104,+,FIG00066425,PLF_262_00000577,PGF_06473395,YP_169085.1,367,dnaN,DNA polymerase III beta subunit (EC 2.7.7.7),GO:0003887|DNA-directed DNA polymerase activity
Francisella tularensis subsp. tularensis SCHU S4,177416.18,NC_006570,fig|177416.18.peg.807,,VBIFraTul2086_0807,PATRIC.177416.18.NC_006570.CDS.727627.728997.fwd,PATRIC,CDS,727627,728997,1371,+,FIG00000118,PLF_262_00000590,PGF_02516909,,456,,Enolase (EC 4.2.1.11),GO:0004634|phosphopyruvate hydratase activity
Francisella tularensis subsp. tularensis SCHU S4,177416.18,NC_006570,fig|177416.18.peg.734,,VBIFraTul2086_0734,PATRIC.177416.18.NC_006570.CDS.661979.662092.fwd,PATRIC,CDS,661979,662092,114,+,FIG00000244,PLF_262_00000080,PGF_00015855,,37,,Ketol-acid reductoisomerase (NADP(+)) (EC 1.1.1.86),GO:0004455|ketol-acid reductoisomerase activity
Francisella tularensis subsp. tularensis SCHU S4,177416.18,NC_006570,fig|177416.18.peg.1123,,VBIFraTul2086_1123,PATRIC.177416.18.NC_006570.CDS.989530.990726.rev,PATRIC,CDS,989530,990726,1197,-,FIG01334790,PLF_262_00001035,PGF_01719302,,398,,Amino-acid permease rocE,
Francisella tularensis subsp. tularensis SCHU S4,177416.18,NC_006570,fig|177416.18.peg.1956,,VBIFraTul2086_1956,PATRIC.177416.18.NC_006570.CDS.1755756.1756424.rev,PATRIC,CDS,1755756,1756424,669,-,FIG00003955,PLF_262_00000387,PGF_04498026,,222,,Pyridoxal phosphate-containing protein YggS,
Francisella tularensis subsp. tularensis SCHU S4,177416.18,NC_006570,fig|177416.18.peg.211,FTT0191,VBIFraTul2086_0211,PATRIC.177416.18.NC_006570.CDS.207703.208680.fwd,PATRIC,CDS,207703,208680,978,+,FIG00624891,PLF_262_00000417,PGF_00696203,YP_169252.1,325,prfB,Peptide chain release factor 2 @ programmed frameshift-containing,
Francisella tularensis subsp. tularensis SCHU S4,177416.18,NC_006570,fig|177416.18.peg.1993,,VBIFraTul2086_1993,PATRIC.177416.18.NC_006570.CDS.1799021.1799620.rev,PATRIC,CDS,1799021,1799620,600,-,FIG00002931,PLF_262_00000069,PGF_00055966,,199,,Anhydro-N-acetylmuramic acid kinase (EC 2.7.1.170),
Francisella tularensis subsp. tularensis SCHU S4,177416.18,NC_006570,fig|177416.18.peg.857,,VBIFraTul2086_0857,PATRIC.177416.18.NC_006570.CDS.768381.769079.rev,PATRIC,CDS,768381,769079,699,-,FIG00638284,PLF_262_00000131,PGF_00006633,,232,,"Tetrapartite efflux system, inner membrane component FusBC-like",
Francisella tularensis subsp. tularensis SCHU S4,177416.18,NC_006570,fig|177416.18.peg.1630,,VBIFraTul2086_1630,PATRIC.177416.18.NC_006570.CDS.1466033.1466515.fwd,PATRIC,CDS,1466033,1466515,483,+,FIG00638284,PLF_262_00001631,PGF_00233933,,160,,hypothetical protein,
Francisella tularensis subsp. tularensis SCHU S4,177416.18,NC_006570,fig|177416.18.peg.806,,VBIFraTul2086_0806,PATRIC.177416.18.NC_006570.CDS.726280.727518.fwd,PATRIC,CDS,726280,727518,1239,+,FIG01318878,PLF_262_00000662,PGF_01722141,,412,,Uncharacterized MFS-type transporter,
Francisella tularensis subsp. tularensis SCHU S4,177416.18,NC_006570,,FTT1240c,FTT1240c,RefSeq.177416.18.NC_006570.CDS.1260165.1260713.rev,RefSeq,CDS,1260165,1260713,549,-,,,,YP_170198.1,182,,hypothetical protein,
Francisella tularensis subsp. tularensis SCHU S4,177416.18,NC_006570,,FTT0027c,FTT0027c,RefSeq.177416.18.NC_006570.CDS.25842.27095.rev,RefSeq,CDS,25842,27095,1254,-,,,,YP_169103.1,417,lysA,diaminopimelate decarboxylase,
Francisella tularensis subsp. tularensis SCHU S4,177416.18,NC_006570,,FTT1344,FTT1344,RefSeq.177416.18.NC_006570.CDS.1379960.1382422.fwd,RefSeq,CDS,1379960,1382422,2463,+,,,,YP_170296.1,820,pdpA,hypothetical protein,
Francisella tularensis subsp. tularensis SCHU S4,177416.18,NC_006570,,FTT1026c,FTT1026c,RefSeq.177416.18.NC_006570.CDS.1036772.1037398.rev,RefSeq,CDS,1036772,1037398,627,-,,,,YP_170011.1,208,,hypothetical protein,
Francisella tularensis subsp. tularensis SCHU S4,177416.18,NC_006570,,FTT1436,FTT1436,RefSeq.177416.18.NC_006570.CDS.1483250.1483993.fwd,RefSeq,CDS,1483250,1483993,744,+,,,,YP_170377.1,247,isftu2,transposase,
Francisella tularensis subsp. tularensis SCHU S4,177416.18,NC_006570,,FTT0093,FTT0093,RefSeq.177416.18.NC_006570.CDS.96803.97684.fwd,RefSeq,CDS,96803,97684,882,+,,,,YP_169165.1,293,,hypothetical protein,
Francisella tularensis subsp. tularensis SCHU S4,177416.18,NC_006570,,FTT0742,FTT0742,RefSeq.177416.18.NC_006570.CDS.763904.765892.fwd,RefSeq,CDS,763904,765892,1989,+,,,,YP_169753.1,662,,lipoprotein,
Francisella tularensis subsp. tularensis SCHU S4,177416.18,NC_006570,,FTT0932,FTT0932,RefSeq.177416.18.NC_006570.CDS.944104.944955.fwd,RefSeq,CDS,944104,944955,852,+,,,,YP_169926.1,283,,ROK family protein,
Francisella tularensis subsp. tularensis SCHU S4,177416.18,NC_006570,,FTT0914c,FTT0914c,RefSeq.177416.18.NC_006570.CDS.921247.921732.rev,RefSeq,CDS,921247,921732,486,-,,,,YP_169911.1,161,lspA,lipoprotein signal peptidase II,
Francisella tularensis subsp. tularensis SCHU S4,177416.18,NC_006570,,FTT0050,FTT0050,RefSeq.177416.18.NC_006570.CDS.50700.53240.fwd,RefSeq,CDS,50700,53240,2541,+,,,,YP_169125.1,846,infB,translation initiation factor IF-2,
Francisella tularensis subsp. tularensis SCHU S4,177416.18,NC_006570,,FTT0622c,FTT0622c,RefSeq.177416.18.NC_006570.CDS.640779.641243.rev,RefSeq,CDS,640779,641243,465,-,,,,YP_169643.1,154,,hypothetical protein,
Francisella tularensis subsp. tularensis SCHU S4,177416.18,NC_006570,,FTT0109,FTT0109,RefSeq.177416.18.NC_006570.CDS.115424.117253.fwd,RefSeq,CDS,115424,117253,1830,+,,,,YP_169179.1,609,valA,"Lipid A transport protein, ABC transporter,ATP-binding and membrane protein",
Francisella tularensis subsp. tularensis SCHU S4,177416.18,NC_006570,fig|177416.18.peg.345,,VBIFraTul2086_0345,PATRIC.177416.18.NC_006570.CDS.323934.324677.rev,PATRIC,CDS,323934,324677,744,-,FIG01306568,PLF_262_00000003,PGF_01000105,,247,,Mobile element protein,
Francisella tularensis subsp. tularensis SCHU S4,177416.18,NC_006570,fig|177416.18.peg.717,,VBIFraTul2086_0717,PATRIC.177416.18.NC_006570.CDS.649909.650238.fwd,PATRIC,CDS,649909,650238,330,+,FIG00000583,PLF_262_00000754,PGF_00046622,,109,,RNA-binding protein Hfq,GO:0016071|mRNA metabolic process;GO:0030529|ribonucleoprotein complex
Francisella tularensis subsp. tularensis SCHU S4,177416.18,NC_006570,fig|177416.18.peg.1985,,VBIFraTul2086_1985,PATRIC.177416.18.NC_006570.CDS.1786170.1790156.fwd,PATRIC,CDS,1786170,1790156,3987,+,FIG01361777,PLF_262_00001143,PGF_00283583,,1328,,hypothetical protein,
Francisella tularensis subsp. tularensis SCHU S4,177416.18,NC_006570,,FTT1698c,FTT1698c,RefSeq.177416.18.NC_006570.CDS.1766998.1767714.rev,RefSeq,CDS,1766998,1767714,717,-,,,,YP_170603.1,238,fdh,formate dehydrogenase,
Francisella tularensis subsp. tularensis SCHU S4,177416.18,NC_006570,,FTT0993c,FTT0993c,RefSeq.177416.18.NC_006570.CDS.1003212.1003778.rev,RefSeq,CDS,1003212,1003778,567,-,,,,YP_169981.1,188,dcd,deoxycytidine triphosphate deaminase,
Francisella tularensis subsp. tularensis SCHU S4,177416.18,NC_006570,fig|177416.18.peg.1587,,VBIFraTul2086_1587,PATRIC.177416.18.NC_006570.CDS.1423843.1424529.rev,PATRIC,CDS,1423843,1424529,687,-,FIG01958882,PLF_262_00001534,PGF_03138336,,228,,tRNA (5-methylaminomethyl-2-thiouridylate)-methyltransferase (EC 2.1.1.61),GO:0004808|tRNA (5-methylaminomethyl-2-thiouridylate)-methyltransferase activity
Francisella tularensis subsp. tularensis SCHU S4,177416.18,NC_006570,,FTT0774,FTT0774,RefSeq.177416.18.NC_006570.CDS.794063.794440.fwd,RefSeq,CDS,794063,794440,378,+,,,,YP_169782.1,125,,hypothetical protein,
Francisella tularensis subsp. tularensis SCHU S4,177416.18,NC_006570,,FTT1488,FTT1488,RefSeq.177416.18.NC_006570.CDS.1541415.1542419.fwd,RefSeq,CDS,1541415,1542419,1005,+,,,,YP_170423.1,334,trpS,tryptophanyl-tRNA synthetase,
Francisella tularensis subsp. tularensis SCHU S4,177416.18,NC_006570,fig|177416.18.peg.1400,,VBIFraTul2086_1400,PATRIC.177416.18.NC_006570.CDS.1227190.1227864.fwd,PATRIC,CDS,1227190,1227864,675,+,FIG00000415,PLF_262_00000764,PGF_05657253,,224,,Ribose-5-phosphate isomerase A (EC 5.3.1.6),GO:0004751|ribose-5-phosphate isomerase activity
Francisella tularensis subsp. tularensis SCHU S4,177416.18,NC_006570,,FTT0984c,FTT0984c,RefSeq.177416.18.NC_006570.CDS.994787.995197.rev,RefSeq,CDS,994787,995197,411,-,,,,YP_169972.1,136,mutT,Mutator protein,
Francisella tularensis subsp. tularensis SCHU S4,177416.18,NC_006570,fig|177416.18.peg.72,FTT0066,VBIFraTul2086_0072,PATRIC.177416.18.NC_006570.CDS.67007.69679.fwd,PATRIC,CDS,67007,69679,2673,+,FIG00001347,PLF_262_00001159,PGF_00417614,YP_169141.1,890,,Chitinase (EC 3.2.1.14),GO:0004568|chitinase activity
Francisella tularensis subsp. tularensis SCHU S4,177416.18,NC_006570,,FTT1204c,FTT1204c,RefSeq.177416.18.NC_006570.CDS.1222294.1223376.rev,RefSeq,CDS,1222294,1223376,1083,-,,,,YP_170163.1,360,,hypothetical protein,
Francisella tularensis subsp. tularensis SCHU S4,177416.18,NC_006570,,FTT0955c,FTT0955c,RefSeq.177416.18.NC_006570.CDS.967478.968839.rev,RefSeq,CDS,967478,968839,1362,-,,,,YP_169945.1,453,gor,glutathione reductase,
Francisella tularensis subsp. tularensis SCHU S4,177416.18,NC_006570,fig|177416.18.peg.1725,,VBIFraTul2086_1725,PATRIC.177416.18.NC_006570.CDS.1547622.1549586.rev,PATRIC,CDS,1547622,1549586,1965,-,FIG00657707,PLF_262_00001046,PGF_00089084,,654,,hypothetical protein,
Francisella tularensis subsp. tularensis SCHU S4,177416.18,NC_006570,,FTT0209c,FTT0209c,RefSeq.177416.18.NC_006570.CDS.226786.227703.rev,RefSeq,CDS,226786,227703,918,-,,,,YP_169268.1,305,,periplasmic solute binding family protein,
Francisella tularensis subsp. tularensis SCHU S4,177416.18,NC_006570,fig|177416.18.peg.792,,VBIFraTul2086_0792,PATRIC.177416.18.NC_006570.CDS.714615.715532.fwd,PATRIC,CDS,714615,715532,918,+,FIG00000172,PLF_262_00001151,PGF_02390924,,305,,16S rRNA (cytosine(1402)-N(4))-methyltransferase (EC 2.1.1.199),
Francisella tularensis subsp. tularensis SCHU S4,177416.18,NC_006570,fig|177416.18.peg.1485,,VBIFraTul2086_1485,PATRIC.177416.18.NC_006570.CDS.1304148.1304993.fwd,PATRIC,CDS,1304148,1304993,846,+,FIG00009563,PLF_262_00001100,PGF_00931013,,281,,Choloylglycine hydrolase (EC 3.5.1.24),
Francisella tularensis subsp. tularensis SCHU S4,177416.18,NC_006570,,FTT1134,FTT1134,RefSeq.177416.18.NC_006570.CDS.1147014.1148243.fwd,RefSeq,CDS,1147014,1148243,1230,+,,,,YP_170106.1,409,pilC,Type IV pili polytopic inner membrane protein,
Francisella tularensis subsp. tularensis SCHU S4,177416.18,NC_006570,,FTT0152,FTT0152,RefSeq.177416.18.NC_006570.CDS.168806.169570.fwd,RefSeq,CDS,168806,169570,765,+,,,,YP_169218.1,254,trmD,tRNA (guanine-N(1)-)-methyltransferase,
Francisella tularensis subsp. tularensis SCHU S4,177416.18,NC_006570,,FTT0150,FTT0150,RefSeq.177416.18.NC_006570.CDS.167609.167857.fwd,RefSeq,CDS,167609,167857,249,+,,,,YP_169216.1,82,rpsP,30S ribosomal protein S16,
Francisella tularensis subsp. tularensis SCHU S4,177416.18,NC_006570,,FTT0013c,FTT0013c,RefSeq.177416.18.NC_006570.CDS.11434.12216.rev,RefSeq,CDS,11434,12216,783,-,,,,YP_169089.1,260,,lipoprotein,
Francisella tularensis subsp. tularensis SCHU S4,177416.18,NC_006570,,FTT0605c,FTT0605c,RefSeq.177416.18.NC_006570.CDS.624349.624537.rev,RefSeq,CDS,624349,624537,189,-,,,,YP_169627.1,62,,hypothetical protein,
Francisella tularensis subsp. tularensis SCHU S4,177416.18,NC_006570,,FTT0793,FTT0793,RefSeq.177416.18.NC_006570.CDS.811288.812970.fwd,RefSeq,CDS,811288,812970,1683,+,,,,YP_169800.1,560,,"ABC transporter, ATP-binding and membrane protein",
Francisella tularensis subsp. tularensis SCHU S4,177416.18,NC_006570,,FTT0959c,FTT0959c,RefSeq.177416.18.NC_006570.CDS.970830.971618.rev,RefSeq,CDS,970830,971618,789,-,,,,YP_169949.1,262,xthA,exodeoxyribonuclease III,
Francisella tularensis subsp. tularensis SCHU S4,177416.18,NC_006570,,FTT0781c,FTT0781c,RefSeq.177416.18.NC_006570.CDS.800555.801268.rev,RefSeq,CDS,800555,801268,714,-,,,,YP_169788.1,237,,hypothetical protein,
Francisella tularensis subsp. tularensis SCHU S4,177416.18,NC_006570,,FTT0121,FTT0121,RefSeq.177416.18.NC_006570.CDS.130986.133208.fwd,RefSeq,CDS,130986,133208,2223,+,,,,YP_169191.1,740,uvrD,DNA helicase II,
Francisella tularensis subsp. tularensis SCHU S4,177416.18,NC_006570,,FTT0578,FTT0578,RefSeq.177416.18.NC_006570.CDS.596298.597521.fwd,RefSeq,CDS,596298,597521,1224,+,,,,YP_169602.1,407,csdB,selenocysteine lyase,
Francisella tularensis subsp. tularensis SCHU S4,177416.18,NC_006570,,FTT0373c,FTT0373c,RefSeq.177416.18.NC_006570.CDS.373429.373851.rev,RefSeq,CDS,373429,373851,423,-,,,,YP_169420.1,140,ndk,nucleoside diphosphate kinase,
Francisella tularensis subsp. tularensis SCHU S4,177416.18,NC_006570,fig|177416.18.peg.1971,,VBIFraTul2086_1971,PATRIC.177416.18.NC_006570.CDS.1764262.1765896.fwd,PATRIC,CDS,1764262,1765896,1635,+,FIG00000056,PLF_262_00000385,PGF_01212739,,544,,Heat shock protein 60 kDa family chaperone GroEL,
Francisella tularensis subsp. tularensis SCHU S4,177416.18,NC_006570,fig|177416.18.peg.567,,VBIFraTul2086_0567,PATRIC.177416.18.NC_006570.CDS.526661.526975.rev,PATRIC,CDS,526661,526975,315,-,FIG01539077,PLF_262_00001627,PGF_00203639,,104,,hypothetical protein,
Francisella tularensis subsp. tularensis SCHU S4,177416.18,NC_006570,,FTT1230,FTT1230,RefSeq.177416.18.NC_006570.CDS.1247925.1249169.fwd,RefSeq,CDS,1247925,1249169,1245,+,,,,YP_170188.1,414,serA,D-3-phosphoglycerate dehydrogenase,
Francisella tularensis subsp. tularensis SCHU S4,177416.18,NC_006570,,FTT1585,FTT1585,RefSeq.177416.18.NC_006570.CDS.1649740.1649904.fwd,RefSeq,CDS,1649740,1649904,165,+,,,,YP_170505.1,54,,hypothetical protein,
Francisella tularensis subsp. tularensis SCHU S4,177416.18,NC_006570,,FTT0344,FTT0344,RefSeq.177416.18.NC_006570.CDS.346093.346524.fwd,RefSeq,CDS,346093,346524,432,+,,,,YP_169393.1,143,rplO,50S ribosomal protein L15,
Francisella tularensis subsp. tularensis SCHU S4,177416.18,NC_006570,,FTT1624c,FTT1624c,RefSeq.177416.18.NC_006570.CDS.1686871.1687191.rev,RefSeq,CDS,1686871,1687191,321,-,,,,YP_170537.1,106,,hypothetical protein,
Francisella tularensis subsp. tularensis SCHU S4,177416.18,NC_006570,fig|177416.18.peg.357,,VBIFraTul2086_0357,PATRIC.177416.18.NC_006570.CDS.334250.334624.fwd,PATRIC,CDS,334250,334624,375,+,FIG00000203,PLF_262_00000441,PGF_06941403,,124,,SSU ribosomal protein S12p (S23e),GO:0003735|structural constituent of ribosome;GO:0005622|intracellular;GO:0005840|ribosome;GO:0006412|translation
Francisella tularensis subsp. tularensis SCHU S4,177416.18,NC_006570,fig|177416.18.peg.53,FTT0048,VBIFraTul2086_0053,PATRIC.177416.18.NC_006570.CDS.48722.49174.fwd,PATRIC,CDS,48722,49174,453,+,FIG01303778,PLF_262_00001003,PGF_01682834,YP_169123.1,150,,Bacterial ribosome SSU maturation protein RimP,
Francisella tularensis subsp. tularensis SCHU S4,177416.18,NC_006570,fig|177416.18.peg.2003,,VBIFraTul2086_2003,PATRIC.177416.18.NC_006570.CDS.1808886.1809527.rev,PATRIC,CDS,1808886,1809527,642,-,FIG00001501,PLF_262_00007746,PGF_10369163,,213,,4'-phosphopantetheinyl transferase (EC 2.7.8.-),GO:0000287|magnesium ion binding;GO:0006633|fatty acid biosynthetic process;GO:0008897|phosphopantetheinyltransferase activity
Francisella tularensis subsp. tularensis SCHU S4,177416.18,NC_006570,fig|177416.18.peg.1886,,VBIFraTul2086_1886,PATRIC.177416.18.NC_006570.CDS.1690037.1690168.rev,PATRIC,CDS,1690037,1690168,132,-,,PLF_262_00005706,PGF_04016886,,43,,hypothetical protein,
Francisella tularensis subsp. tularensis SCHU S4,177416.18,NC_006570,fig|177416.18.peg.2073,,VBIFraTul2086_2073,PATRIC.177416.18.NC_006570.CDS.1869829.1870563.rev,PATRIC,CDS,1869829,1870563,735,-,FIG01311978,PLF_262_00001043,PGF_00049334,,244,,S-adenosylmethionine-dependent methyltransferase,
Francisella tularensis subsp. tularensis SCHU S4,177416.18,NC_006570,fig|177416.18.peg.2039,,VBIFraTul2086_2039,PATRIC.177416.18.NC_006570.CDS.1843755.1844495.fwd,PATRIC,CDS,1843755,1844495,741,+,FIG01515664,PLF_262_00000458,PGF_07204877,,246,,Succinate-semialdehyde dehydrogenase [NAD(P)+] (EC 1.2.1.16),GO:0009013|succinate-semialdehyde dehydrogenase [NAD(P)+] activity
Francisella tularensis subsp. tularensis SCHU S4,177416.18,NC_006570,fig|177416.18.peg.1585,,VBIFraTul2086_1585,PATRIC.177416.18.NC_006570.CDS.1422229.1423488.fwd,PATRIC,CDS,1422229,1423488,1260,+,FIG00002246,PLF_262_00000316,PGF_06652053,,419,,"3-oxoacyl-[acyl-carrier-protein] synthase, KASII (EC 2.3.1.179)",GO:0033817|beta-ketoacyl-acyl-carrier-protein synthase II activity
Francisella tularensis subsp. tularensis SCHU S4,177416.18,NC_006570,fig|177416.18.peg.539,,VBIFraTul2086_0539,PATRIC.177416.18.NC_006570.CDS.502364.503251.rev,PATRIC,CDS,502364,503251,888,-,FIG00000464,PLF_262_00000771,PGF_00048928,,295,,Ribosome small subunit biogenesis RbfA-release protein RsgA,
Francisella tularensis subsp. tularensis SCHU S4,177416.18,NC_006570,fig|177416.18.peg.207,FTT0187,VBIFraTul2086_0207,PATRIC.177416.18.NC_006570.CDS.202442.203704.fwd,PATRIC,CDS,202442,203704,1263,+,FIG00000385,PLF_262_00001055,PGF_00843497,YP_169248.1,420,ftsA,Cell division protein FtsA,
Francisella tularensis subsp. tularensis SCHU S4,177416.18,NC_006570,fig|177416.18.peg.1047,,VBIFraTul2086_1047,PATRIC.177416.18.NC_006570.CDS.924618.925538.rev,PATRIC,CDS,924618,925538,921,-,FIG00000220,PLF_262_00001165,PGF_02623406,,306,,FMN adenylyltransferase (EC 2.7.7.2) / Riboflavin kinase (EC 2.7.1.26),GO:0003919|FMN adenylyltransferase activity;GO:0008531|riboflavin kinase activity
Francisella tularensis subsp. tularensis SCHU S4,177416.18,NC_006570,fig|177416.18.peg.867,,VBIFraTul2086_0867,PATRIC.177416.18.NC_006570.CDS.774588.774761.rev,PATRIC,CDS,774588,774761,174,-,FIG00657520,PLF_262_00005703,PGF_03979076,,57,,hypothetical protein,
Francisella tularensis subsp. tularensis SCHU S4,177416.18,NC_006570,fig|177416.18.peg.1832,,VBIFraTul2086_1832,PATRIC.177416.18.NC_006570.CDS.1648544.1648765.fwd,PATRIC,CDS,1648544,1648765,222,+,FIG01306568,PLF_262_00000006,PGF_01000105,,73,,Mobile element protein,
Francisella tularensis subsp. tularensis SCHU S4,177416.18,NC_006570,fig|177416.18.peg.1179,,VBIFraTul2086_1179,PATRIC.177416.18.NC_006570.CDS.1040089.1040373.fwd,PATRIC,CDS,1040089,1040373,285,+,FIG00002301,PLF_262_00000736,PGF_03767152,,94,,Proposed lipoate regulatory protein YbeD,
Francisella tularensis subsp. tularensis SCHU S4,177416.18,NC_006570,fig|177416.18.peg.194,,VBIFraTul2086_0194,PATRIC.177416.18.NC_006570.CDS.189590.190327.rev,PATRIC,CDS,189590,190327,738,-,FIG01288623,PLF_262_00006564,PGF_00969601,,245,,"ABC transporter, permease protein",
Francisella tularensis subsp. tularensis SCHU S4,177416.18,NC_006570,fig|177416.18.peg.1772,,VBIFraTul2086_1772,PATRIC.177416.18.NC_006570.CDS.1597455.1597964.rev,PATRIC,CDS,1597455,1597964,510,-,FIG00000614,PLF_262_00000055,PGF_02601796,,169,,Ornithine cyclodeaminase (EC 4.3.1.12),GO:0008473|ornithine cyclodeaminase activity
Francisella tularensis subsp. tularensis SCHU S4,177416.18,NC_006570,fig|177416.18.peg.1500,,VBIFraTul2086_1500,PATRIC.177416.18.NC_006570.CDS.1323590.1323928.fwd,PATRIC,CDS,1323590,1323928,339,+,FIG01309521,PLF_262_00000621,PGF_02197880,,112,,HIT family hydrolase,
Francisella tularensis subsp. tularensis SCHU S4,177416.18,NC_006570,fig|177416.18.peg.817,,VBIFraTul2086_0817,PATRIC.177416.18.NC_006570.CDS.738163.738507.fwd,PATRIC,CDS,738163,738507,345,+,FIG00657745,PLF_262_00001512,PGF_00168055,,114,,hypothetical protein,
Francisella tularensis subsp. tularensis SCHU S4,177416.18,NC_006570,fig|177416.18.peg.50,,VBIFraTul2086_0050,PATRIC.177416.18.NC_006570.CDS.46147.47256.fwd,PATRIC,CDS,46147,47256,1110,+,FIG00000635,PLF_262_00000046,PGF_05877811,,369,,"AAA+ ATPase superfamily protein YifB/ComM, associated with DNA recombination",
Francisella tularensis subsp. tularensis SCHU S4,177416.18,NC_006570,,FTT0885,FTT0885,RefSeq.177416.18.NC_006570.CDS.893289.894068.fwd,RefSeq,CDS,893289,894068,780,+,,,,YP_169882.1,259,,cation transporter,
Francisella tularensis subsp. tularensis SCHU S4,177416.18,NC_006570,,FTT1597,FTT1597,RefSeq.177416.18.NC_006570.CDS.1660712.1662169.fwd,RefSeq,CDS,1660712,1662169,1458,+,,,,YP_170513.1,485,,hypothetical protein,
Francisella tularensis subsp. tularensis SCHU S4,177416.18,NC_006570,,FTT0639,FTT0639,RefSeq.177416.18.NC_006570.CDS.657871.657981.fwd,RefSeq,CDS,657871,657981,111,+,,,,YP_169659.1,36,,hypothetical protein,
Francisella tularensis subsp. tularensis SCHU S4,177416.18,NC_006570,fig|177416.18.peg.426,,VBIFraTul2086_0426,PATRIC.177416.18.NC_006570.CDS.384570.384674.fwd,PATRIC,CDS,384570,384674,105,+,FIG00638284,PLF_262_00001953,PGF_01719663,,34,,hypothetical protein,
Francisella tularensis subsp. tularensis SCHU S4,177416.18,NC_006570,,FTT0133,FTT0133,RefSeq.177416.18.NC_006570.CDS.146209.146973.fwd,RefSeq,CDS,146209,146973,765,+,,,,YP_169200.1,254,glpF,glycerol uptake facilitator protein,
Francisella tularensis subsp. tularensis SCHU S4,177416.18,NC_006570,,FTT0611c,FTT0611c,RefSeq.177416.18.NC_006570.CDS.630248.631111.rev,RefSeq,CDS,630248,631111,864,-,,,,YP_169632.1,287,,beta-lactamase,
Francisella tularensis subsp. tularensis SCHU S4,177416.18,NC_006570,,FTT1323,FTT1323,RefSeq.177416.18.NC_006570.CDS.1350607.1351185.fwd,RefSeq,CDS,1350607,1351185,579,+,,,,YP_170276.1,192,,methylase,
Francisella tularensis subsp. tularensis SCHU S4,177416.18,NC_006570,,FTT1444c,FTT1444c,RefSeq.177416.18.NC_006570.CDS.1491322.1492257.rev,RefSeq,CDS,1491322,1492257,936,-,,,,YP_170382.1,311,ppx,exopolyphosphatase,
Francisella tularensis subsp. tularensis SCHU S4,177416.18,NC_006570,,FTT1416c,FTT1416c,RefSeq.177416.18.NC_006570.CDS.1467612.1468025.rev,RefSeq,CDS,1467612,1468025,414,-,,,,YP_170359.1,137,,lipoprotein,
Francisella tularensis subsp. tularensis SCHU S4,177416.18,NC_006570,,FTT0972,FTT0972,RefSeq.177416.18.NC_006570.CDS.984281.985030.fwd,RefSeq,CDS,984281,985030,750,+,,,,YP_169961.1,249,,"ABC transporter, ATP-binding protein",
Francisella tularensis subsp. tularensis SCHU S4,177416.18,NC_006570,,FTT1294,FTT1294,RefSeq.177416.18.NC_006570.CDS.1318646.1319176.fwd,RefSeq,CDS,1318646,1319176,531,+,,,,YP_170249.1,176,ispZ,intracellular septation protein A family protein,
Francisella tularensis subsp. tularensis SCHU S4,177416.18,NC_006570,,FTT0163c,FTT0163c,RefSeq.177416.18.NC_006570.CDS.176959.178842.rev,RefSeq,CDS,176959,178842,1884,-,,,,YP_169229.1,627,parE,DNA topoisomerase IV subunit B,
Francisella tularensis subsp. tularensis SCHU S4,177416.18,NC_006570,fig|177416.18.peg.9,,VBIFraTul2086_0009,PATRIC.177416.18.NC_006570.CDS.7959.8294.fwd,PATRIC,CDS,7959,8294,336,+,FIG01560076,PLF_262_00001542,PGF_01719424,,111,,"Glycosyl transferase, group 1",
Francisella tularensis subsp. tularensis SCHU S4,177416.18,NC_006570,fig|177416.18.peg.884,,VBIFraTul2086_0884,PATRIC.177416.18.NC_006570.CDS.788287.791007.fwd,PATRIC,CDS,788287,791007,2721,+,FIG00034293,PLF_262_00000738,PGF_10049811,,906,,Protein translocase subunit SecA,
Francisella tularensis subsp. tularensis SCHU S4,177416.18,NC_006570,fig|177416.18.peg.138,,VBIFraTul2086_0138,PATRIC.177416.18.NC_006570.CDS.135973.136629.fwd,PATRIC,CDS,135973,136629,657,+,FIG00455853,PLF_262_00000060,PGF_10569020,,218,,"Oligopeptide ABC transporter, permease protein OppC (TC 3.A.1.5.1)",
Francisella tularensis subsp. tularensis SCHU S4,177416.18,NC_006570,fig|177416.18.peg.69,FTT0063,VBIFraTul2086_0069,PATRIC.177416.18.NC_006570.CDS.63893.64789.fwd,PATRIC,CDS,63893,64789,897,+,FIG00023994,PLF_262_00000528,PGF_00015259,YP_169138.1,298,atpG,ATP synthase gamma chain (EC 3.6.3.14),"GO:0046933|hydrogen ion transporting ATP synthase activity, rotational mechanism;GO:0046961|hydrogen ion transporting ATPase activity, rotational mechanism"
Francisella tularensis subsp. tularensis SCHU S4,177416.18,NC_006570,,FTT1003c,FTT1003c,RefSeq.177416.18.NC_006570.CDS.1015114.1016127.rev,RefSeq,CDS,1015114,1016127,1014,-,,,,YP_169989.1,337,pheS,phenylalanyl-tRNA synthetase subunit alpha,
Francisella tularensis subsp. tularensis SCHU S4,177416.18,NC_006570,,FTT0744c,FTT0744c,RefSeq.177416.18.NC_006570.CDS.767487.767906.rev,RefSeq,CDS,767487,767906,420,-,,,,YP_169755.1,139,,hypothetical protein,
Francisella tularensis subsp. tularensis SCHU S4,177416.18,NC_006570,,FTT0725c,FTT0725c,RefSeq.177416.18.NC_006570.CDS.747572.748888.rev,RefSeq,CDS,747572,748888,1317,-,,,,YP_169738.1,438,glpT,glycerol-3-phosphate transporter,
Francisella tularensis subsp. tularensis SCHU S4,177416.18,NC_006570,fig|177416.18.peg.1495,,VBIFraTul2086_1495,PATRIC.177416.18.NC_006570.CDS.1318613.1319143.fwd,PATRIC,CDS,1318613,1319143,531,+,FIG01073239,PLF_262_00003785,PGF_08092662,,176,,Intracellular septation protein IspA,
Francisella tularensis subsp. tularensis SCHU S4,177416.18,NC_006570,fig|177416.18.peg.1911,,VBIFraTul2086_1911,PATRIC.177416.18.NC_006570.CDS.1712449.1713207.rev,PATRIC,CDS,1712449,1713207,759,-,FIG00000475,PLF_262_00000359,PGF_01720384,,252,,Dihydroorotate dehydrogenase (quinone) (EC 1.3.5.2),GO:0004152|dihydroorotate dehydrogenase activity
Francisella tularensis subsp. tularensis SCHU S4,177416.18,NC_006570,fig|177416.18.peg.844,,VBIFraTul2086_0844,PATRIC.177416.18.NC_006570.CDS.757924.758571.fwd,PATRIC,CDS,757924,758571,648,+,FIG01320296,PLF_262_00001170,PGF_02098199,,215,,Lipase,
Francisella tularensis subsp. tularensis SCHU S4,177416.18,NC_006570,fig|177416.18.peg.65,FTT0059,VBIFraTul2086_0065,PATRIC.177416.18.NC_006570.CDS.60953.61258.fwd,PATRIC,CDS,60953,61258,306,+,FIG00017607,PLF_262_00000525,PGF_10444145,YP_169134.1,101,atpE,ATP synthase F0 sector subunit c (EC 3.6.3.14),
Francisella tularensis subsp. tularensis SCHU S4,177416.18,NC_006570,fig|177416.18.peg.1611,,VBIFraTul2086_1611,PATRIC.177416.18.NC_006570.CDS.1449653.1450522.fwd,PATRIC,CDS,1449653,1450522,870,+,FIG00846773,PLF_262_00000420,PGF_07201805,,289,,Permease of the drug/metabolite transporter (DMT) superfamily,GO:0016020|membrane
Francisella tularensis subsp. tularensis SCHU S4,177416.18,NC_006570,,FTT1655,FTT1655,RefSeq.177416.18.NC_006570.CDS.1721335.1722399.fwd,RefSeq,CDS,1721335,1722399,1065,+,,,,YP_170563.1,354,,hypothetical protein,
Francisella tularensis subsp. tularensis SCHU S4,177416.18,NC_006570,,FTT0703,FTT0703,RefSeq.177416.18.NC_006570.CDS.721960.722178.fwd,RefSeq,CDS,721960,722178,219,+,,,,YP_169719.1,72,rpoZ,DNA-directed RNA polymerase omega subunit,
Francisella tularensis subsp. tularensis SCHU S4,177416.18,NC_006570,,FTT0899c,FTT0899c,RefSeq.177416.18.NC_006570.CDS.907390.909411.rev,RefSeq,CDS,907390,909411,2022,-,,,,YP_169896.1,673,prlC,oligopeptidase A,
Francisella tularensis subsp. tularensis SCHU S4,177416.18,NC_006570,,FTT0721c,FTT0721c,RefSeq.177416.18.NC_006570.CDS.741201.743426.rev,RefSeq,CDS,741201,743426,2226,-,,,,YP_169735.1,741,katG,peroxidase/catalase,
Francisella tularensis subsp. tularensis SCHU S4,177416.18,NC_006570,,FTT0333,FTT0333,RefSeq.177416.18.NC_006570.CDS.341882.342082.fwd,RefSeq,CDS,341882,342082,201,+,,,,YP_169382.1,66,rpmC,50S ribosomal protein L29,
Francisella tularensis subsp. tularensis SCHU S4,177416.18,NC_006570,,FTT1769c,FTT1769c,RefSeq.177416.18.NC_006570.CDS.1857772.1860351.rev,RefSeq,CDS,1857772,1860351,2580,-,,,,YP_170660.1,859,clpB,ClpB protein,
Francisella tularensis subsp. tularensis SCHU S4,177416.18,NC_006570,fig|177416.18.peg.260,,VBIFraTul2086_0260,PATRIC.177416.18.NC_006570.CDS.245343.246266.rev,PATRIC,CDS,245343,246266,924,-,FIG00000545,PLF_262_00000211,PGF_01763778,,307,,Lipid A biosynthesis lauroyl acyltransferase (EC 2.3.1.241),
Francisella tularensis subsp. tularensis SCHU S4,177416.18,NC_006570,fig|177416.18.peg.729,,VBIFraTul2086_0729,PATRIC.177416.18.NC_006570.CDS.658004.659659.fwd,PATRIC,CDS,658004,659659,1656,+,FIG00138258,PLF_262_00000087,PGF_05070366,,551,,Dihydroxy-acid dehydratase (EC 4.2.1.9),GO:0004160|dihydroxy-acid dehydratase activity
Francisella tularensis subsp. tularensis SCHU S4,177416.18,NC_006570,fig|177416.18.peg.1373,,VBIFraTul2086_1373,PATRIC.177416.18.NC_006570.CDS.1202014.1202487.fwd,PATRIC,CDS,1202014,1202487,474,+,FIG00000194,PLF_262_00000881,PGF_00413554,,157,,tmRNA-binding protein SmpB,
Francisella tularensis subsp. tularensis SCHU S4,177416.18,NC_006570,fig|177416.18.peg.980,,VBIFraTul2086_0980,PATRIC.177416.18.NC_006570.CDS.867716.868138.rev,PATRIC,CDS,867716,868138,423,-,FIG01304534,PLF_262_00001232,PGF_00003697,,140,,FIG173184: hypothetical protein,
Francisella tularensis subsp. tularensis SCHU S4,177416.18,NC_006570,fig|177416.18.peg.263,,VBIFraTul2086_0263,PATRIC.177416.18.NC_006570.CDS.248897.249169.rev,PATRIC,CDS,248897,249169,273,-,FIG00004843,PLF_262_00001824,PGF_03751658,,90,,Membrane protein insertion efficiency factor YidD,
Francisella tularensis subsp. tularensis SCHU S4,177416.18,NC_006570,fig|177416.18.peg.66,FTT0060,VBIFraTul2086_0066,PATRIC.177416.18.NC_006570.CDS.61304.61774.fwd,PATRIC,CDS,61304,61774,471,+,FIG00000186,PLF_262_00000524,PGF_10546429,YP_169135.1,156,atpF,ATP synthase F0 sector subunit b (EC 3.6.3.14),
Francisella tularensis subsp. tularensis SCHU S4,177416.18,NC_006570,fig|177416.18.peg.1740,,VBIFraTul2086_1740,PATRIC.177416.18.NC_006570.CDS.1563976.1564332.rev,PATRIC,CDS,1563976,1564332,357,-,FIG00657496,PLF_262_00001199,PGF_00164778,,118,,hypothetical protein,
Francisella tularensis subsp. tularensis SCHU S4,177416.18,NC_006570,fig|177416.18.peg.1077,,VBIFraTul2086_1077,PATRIC.177416.18.NC_006570.CDS.954633.954986.rev,PATRIC,CDS,954633,954986,354,-,FIG00000373,PLF_262_00000902,PGF_01722190,,117,,Dihydroneopterin aldolase (EC 4.1.2.25),GO:0004150|dihydroneopterin aldolase activity
Francisella tularensis subsp. tularensis SCHU S4,177416.18,NC_006570,fig|177416.18.peg.1406,,VBIFraTul2086_1406,PATRIC.177416.18.NC_006570.CDS.1231675.1232388.fwd,PATRIC,CDS,1231675,1232388,714,+,FIG00002792,PLF_262_00000748,PGF_02873160,,237,,Putative preQ0 transporter YhhQ,
Francisella tularensis subsp. tularensis SCHU S4,177416.18,NC_006570,fig|177416.18.peg.1631,,VBIFraTul2086_1631,PATRIC.177416.18.NC_006570.CDS.1466704.1467525.fwd,PATRIC,CDS,1466704,1467525,822,+,FIG00658019,PLF_262_00001510,PGF_00233933,,273,,hypothetical protein,
Francisella tularensis subsp. tularensis SCHU S4,177416.18,NC_006570,fig|177416.18.peg.1359,,VBIFraTul2086_1359,PATRIC.177416.18.NC_006570.CDS.1189877.1191343.rev,PATRIC,CDS,1189877,1191343,1467,-,FIG00016514,PLF_262_00001736,PGF_00414310,,488,,"Type I restriction-modification system, restriction subunit R (EC 3.1.21.3)",GO:0009035|Type I site-specific deoxyribonuclease activity
Francisella tularensis subsp. tularensis SCHU S4,177416.18,NC_006570,fig|177416.18.peg.769,,VBIFraTul2086_0769,PATRIC.177416.18.NC_006570.CDS.692007.692975.fwd,PATRIC,CDS,692007,692975,969,+,FIG00096830,PLF_262_00000765,PGF_00048782,,322,,Ribose-phosphate pyrophosphokinase (EC 2.7.6.1),GO:0004749|ribose phosphate diphosphokinase activity
Francisella tularensis subsp. tularensis SCHU S4,177416.18,NC_006570,fig|177416.18.peg.522,,VBIFraTul2086_0522,PATRIC.177416.18.NC_006570.CDS.481989.483734.rev,PATRIC,CDS,481989,483734,1746,-,FIG00000088,PLF_262_00000244,PGF_00926109,,581,,Arginyl-tRNA synthetase (EC 6.1.1.19),GO:0004814|arginine-tRNA ligase activity
Francisella tularensis subsp. tularensis SCHU S4,177416.18,NC_006570,,FTT0087,FTT0087,RefSeq.177416.18.NC_006570.CDS.88770.91583.fwd,RefSeq,CDS,88770,91583,2814,+,,,,YP_169161.1,937,acnA,aconitate hydratase,
Francisella tularensis subsp. tularensis SCHU S4,177416.18,NC_006570,,FTT0337,FTT0337,RefSeq.177416.18.NC_006570.CDS.343157.343696.fwd,RefSeq,CDS,343157,343696,540,+,,,,YP_169386.1,179,rplE,50S ribosomal protein L5,
Francisella tularensis subsp. tularensis SCHU S4,177416.18,NC_006570,,FTT1109,FTT1109,RefSeq.177416.18.NC_006570.CDS.1119936.1120904.fwd,RefSeq,CDS,1119936,1120904,969,+,,,,YP_170083.1,322,,choloylglycine hydrolase family protein,
Francisella tularensis subsp. tularensis SCHU S4,177416.18,NC_006570,,FTT0900,FTT0900,RefSeq.177416.18.NC_006570.CDS.909503.909874.fwd,RefSeq,CDS,909503,909874,372,+,,,,YP_169897.1,123,,hypothetical protein,
Francisella tularensis subsp. tularensis SCHU S4,177416.18,NC_006570,,FTT1450c,FTT1450c,RefSeq.177416.18.NC_006570.CDS.1499074.1500120.rev,RefSeq,CDS,1499074,1500120,1047,-,,,,YP_170387.1,348,wbtM,"dTDP-D-glucose 4,6-dehydratase",
Francisella tularensis subsp. tularensis SCHU S4,177416.18,NC_006570,,FTT0363,FTT0363,RefSeq.177416.18.NC_006570.CDS.363515.364299.fwd,RefSeq,CDS,363515,364299,327,+,,,,YP_169410.1,261,isftu1,transposase,
Francisella tularensis subsp. tularensis SCHU S4,177416.18,NC_006570,,FTT1529,FTT1529,RefSeq.177416.18.NC_006570.CDS.1587238.1589478.fwd,RefSeq,CDS,1587238,1589478,2241,+,,,,YP_170459.2,746,fadE,acyl-CoA dehydrogenase,
Francisella tularensis subsp. tularensis SCHU S4,177416.18,NC_006570,,FTT0174,FTT0174,RefSeq.177416.18.NC_006570.CDS.188216.188785.fwd,RefSeq,CDS,188216,188785,570,+,,,,YP_169237.1,189,,YggT family protein,
Francisella tularensis subsp. tularensis SCHU S4,177416.18,NC_006570,,FTT0616c,FTT0616c,RefSeq.177416.18.NC_006570.CDS.635667.636173.rev,RefSeq,CDS,635667,636173,507,-,,,,YP_169637.1,168,,hypothetical protein,
Francisella tularensis subsp. tularensis SCHU S4,177416.18,NC_006570,,FTT1207,FTT1207,RefSeq.177416.18.NC_006570.CDS.1225820.1227190.fwd,RefSeq,CDS,1225820,1227190,1371,+,,,,YP_170166.1,456,,hypothetical protein,
Francisella tularensis subsp. tularensis SCHU S4,177416.18,NC_006570,,FTT1223,FTT1223,RefSeq.177416.18.NC_006570.CDS.1240483.1241130.fwd,RefSeq,CDS,1240483,1241130,648,+,,,,YP_170181.1,215,dedA1,DedA family protein,
Francisella tularensis subsp. tularensis SCHU S4,177416.18,NC_006570,,FTT1122c,FTT1122c,RefSeq.177416.18.NC_006570.CDS.1132163.1132633.rev,RefSeq,CDS,1132163,1132633,471,-,,,,YP_170095.1,156,,lipoprotein,
Francisella tularensis subsp. tularensis SCHU S4,177416.18,NC_006570,,FTT0893,FTT0893,RefSeq.177416.18.NC_006570.CDS.901330.902373.fwd,RefSeq,CDS,901330,902373,1044,+,,,,YP_169890.1,347,purM,phosphoribosylaminoimidazole synthetase,
Francisella tularensis subsp. tularensis SCHU S4,177416.18,NC_006570,,FTT0942c,FTT0942c,RefSeq.177416.18.NC_006570.CDS.953367.954632.rev,RefSeq,CDS,953367,954632,1266,-,,,,YP_169935.1,421,folK,2-amino-4-hydroxy-6- hydroxymethyldihydropteridine pyrophosphokinase/dihydropteroate synthase,
Francisella tularensis subsp. tularensis SCHU S4,177416.18,NC_006570,,FTT0711,FTT0711,RefSeq.177416.18.NC_006570.CDS.729286.729975.fwd,RefSeq,CDS,729286,729975,690,+,,,,YP_169726.1,229,ispD,2-C-methyl-D-erythritol 4-phosphate cytidylyltransferase,
Francisella tularensis subsp. tularensis SCHU S4,177416.18,NC_006570,,FTT1499,FTT1499,RefSeq.177416.18.NC_006570.CDS.1552228.1554801.fwd,RefSeq,CDS,1552228,1554801,2574,+,,,,YP_170434.1,857,muts,DNA mismatch repair protein MutS,
Francisella tularensis subsp. tularensis SCHU S4,177416.18,NC_006570,,FTT0389,FTT0389,RefSeq.177416.18.NC_006570.CDS.392301.392825.fwd,RefSeq,CDS,392301,392825,525,+,,,,YP_169434.1,174,,acetyltransferase,
Francisella tularensis subsp. tularensis SCHU S4,177416.18,NC_006570,,FTT1511,FTT1511,RefSeq.177416.18.NC_006570.CDS.1565788.1566672.fwd,RefSeq,CDS,1565788,1566672,885,+,,,,YP_170445.1,294,,hypothetical protein,
Francisella tularensis subsp. tularensis SCHU S4,177416.18,NC_006570,fig|177416.18.peg.1649,,VBIFraTul2086_1649,PATRIC.177416.18.NC_006570.CDS.1478134.1478592.rev,PATRIC,CDS,1478134,1478592,459,-,FIG00002733,PLF_262_00000137,PGF_06530721,,152,,tRNA (guanine(46)-N(7))-methyltransferase (EC 2.1.1.33),GO:0008176|tRNA (guanine-N7-)-methyltransferase activity
Francisella tularensis subsp. tularensis SCHU S4,177416.18,NC_006570,fig|177416.18.peg.1745,,VBIFraTul2086_1745,PATRIC.177416.18.NC_006570.CDS.1568483.1568890.rev,PATRIC,CDS,1568483,1568890,408,-,FIG00658245,PLF_262_00001047,PGF_00172545,,135,,hypothetical protein,
Francisella tularensis subsp. tularensis SCHU S4,177416.18,NC_006570,fig|177416.18.peg.219,FTT0199,VBIFraTul2086_0219,PATRIC.177416.18.NC_006570.CDS.216975.217808.fwd,PATRIC,CDS,216975,217808,834,+,FIG01364131,PLF_262_00001059,PGF_01719307,YP_169260.1,277,,INTERNALIN A,
Francisella tularensis subsp. tularensis SCHU S4,177416.18,NC_006570,fig|177416.18.peg.629,,VBIFraTul2086_0629,PATRIC.177416.18.NC_006570.CDS.575197.575721.fwd,PATRIC,CDS,575197,575721,525,+,FIG01031051,PLF_262_00000492,PGF_00971231,,174,,hypothetical protein,
Francisella tularensis subsp. tularensis SCHU S4,177416.18,NC_006570,fig|177416.18.peg.1411,,VBIFraTul2086_1411,PATRIC.177416.18.NC_006570.CDS.1236818.1238029.rev,PATRIC,CDS,1236818,1238029,1212,-,FIG00000772,PLF_262_00000182,PGF_01719585,,403,,2-polyprenyl-6-methoxyphenol hydroxylase,
Francisella tularensis subsp. tularensis SCHU S4,177416.18,NC_006570,fig|177416.18.peg.1365,,VBIFraTul2086_1365,PATRIC.177416.18.NC_006570.CDS.1196328.1196651.fwd,PATRIC,CDS,1196328,1196651,324,+,,PLF_262_00000074,PGF_06788576,,107,,SAM-dependent methyltransferase,
Francisella tularensis subsp. tularensis SCHU S4,177416.18,NC_006570,fig|177416.18.peg.948,,VBIFraTul2086_0948,PATRIC.177416.18.NC_006570.CDS.844462.845067.rev,PATRIC,CDS,844462,845067,606,-,FIG00657770,PLF_262_00000072,PGF_00016061,,201,,L-aspartate-beta-decarboxylase,
Francisella tularensis subsp. tularensis SCHU S4,177416.18,NC_006570,fig|177416.18.peg.836,,VBIFraTul2086_0836,PATRIC.177416.18.NC_006570.CDS.754847.755137.fwd,PATRIC,CDS,754847,755137,291,+,FIG00657463,PLF_262_00001434,PGF_01719384,,96,,FIG00657464: hypothetical protein,
Francisella tularensis subsp. tularensis SCHU S4,177416.18,NC_006570,fig|177416.18.peg.2019,,VBIFraTul2086_2019,PATRIC.177416.18.NC_006570.CDS.1826781.1827335.rev,PATRIC,CDS,1826781,1827335,555,-,FIG00007507,PLF_262_00001488,PGF_00035407,,184,,Potassium-transporting ATPase C chain (EC 3.6.3.12) (TC 3.A.3.7.1),GO:0008556|potassium-transporting ATPase activity
Francisella tularensis subsp. tularensis SCHU S4,177416.18,NC_006570,fig|177416.18.peg.1857,,VBIFraTul2086_1857,PATRIC.177416.18.NC_006570.CDS.1671314.1671550.fwd,PATRIC,CDS,1671314,1671550,237,+,FIG00000266,PLF_262_00000648,PGF_03278866,,78,,"LSU ribosomal protein L28p @ LSU ribosomal protein L28p, zinc-independent",
Francisella tularensis subsp. tularensis SCHU S4,177416.18,NC_006570,fig|177416.18.peg.803,,VBIFraTul2086_0803,PATRIC.177416.18.NC_006570.CDS.724462.725229.fwd,PATRIC,CDS,724462,725229,768,+,FIG01311223,PLF_262_00001494,PGF_00039689,,255,,Putative ROK-family transcriptional regulator,
Francisella tularensis subsp. tularensis SCHU S4,177416.18,NC_006570,fig|177416.18.peg.1203,,VBIFraTul2086_1203,PATRIC.177416.18.NC_006570.CDS.1061830.1061994.rev,PATRIC,CDS,1061830,1061994,165,-,FIG00657847,PLF_262_00001738,PGF_01719523,,54,,hypothetical protein,
Francisella tularensis subsp. tularensis SCHU S4,177416.18,NC_006570,fig|177416.18.peg.1464,,VBIFraTul2086_1464,PATRIC.177416.18.NC_006570.CDS.1287773.1288486.rev,PATRIC,CDS,1287773,1288486,714,-,FIG01328838,PLF_262_00001486,PGF_08462977,,237,,Pirin,
Francisella tularensis subsp. tularensis SCHU S4,177416.18,NC_006570,fig|177416.18.peg.795,,VBIFraTul2086_0795,PATRIC.177416.18.NC_006570.CDS.717672.717938.fwd,PATRIC,CDS,717672,717938,267,+,FIG00000144,PLF_262_00000781,PGF_00049847,,88,,SSU ribosomal protein S15p (S13e),GO:0003735|structural constituent of ribosome;GO:0005622|intracellular;GO:0005840|ribosome;GO:0006412|translation
Francisella tularensis subsp. tularensis SCHU S4,177416.18,NC_006570,fig|177416.18.peg.1897,,VBIFraTul2086_1897,PATRIC.177416.18.NC_006570.CDS.1702588.1702710.rev,PATRIC,CDS,1702588,1702710,123,-,FIG00638284,PLF_262_00001528,PGF_01719418,,40,,hypothetical protein,
Francisella tularensis subsp. tularensis SCHU S4,177416.18,NC_006570,fig|177416.18.peg.636,,VBIFraTul2086_0636,PATRIC.177416.18.NC_006570.CDS.579542.580663.fwd,PATRIC,CDS,579542,580663,1122,+,FIG00032740,PLF_262_00000750,PGF_04965976,,373,,Putrescine transport ATP-binding protein PotG (TC 3.A.1.11.2),
Francisella tularensis subsp. tularensis SCHU S4,177416.18,NC_006570,fig|177416.18.peg.1919,,VBIFraTul2086_1919,PATRIC.177416.18.NC_006570.CDS.1720351.1721316.fwd,PATRIC,CDS,1720351,1721316,966,+,FIG00001080,PLF_262_00001557,PGF_01719433,,321,,putative membrane protein,
Francisella tularensis subsp. tularensis SCHU S4,177416.18,NC_006570,fig|177416.18.peg.548,,VBIFraTul2086_0548,PATRIC.177416.18.NC_006570.CDS.511339.511998.rev,PATRIC,CDS,511339,511998,660,-,FIG00003555,PLF_262_00000927,PGF_10460277,,219,,Phosphoglycolate phosphatase (EC 3.1.3.18),
Francisella tularensis subsp. tularensis SCHU S4,177416.18,NC_006570,fig|177416.18.peg.1994,,VBIFraTul2086_1994,PATRIC.177416.18.NC_006570.CDS.1799755.1799970.fwd,PATRIC,CDS,1799755,1799970,216,+,FIG00139235,PLF_262_00000038,PGF_00036526,,71,,"Predicted trehalose permease, MFS family, FucP subfamily",
Francisella tularensis subsp. tularensis SCHU S4,177416.18,NC_006570,fig|177416.18.peg.1142,,VBIFraTul2086_1142,PATRIC.177416.18.NC_006570.CDS.1006957.1007433.fwd,PATRIC,CDS,1006957,1007433,477,+,FIG00052605,PLF_262_00007852,PGF_10482116,,158,,"Cardiolipin synthase, bacterial type ClsA",
Francisella tularensis subsp. tularensis SCHU S4,177416.18,NC_006570,fig|177416.18.peg.216,FTT0196c,VBIFraTul2086_0216,PATRIC.177416.18.NC_006570.CDS.214073.215110.rev,PATRIC,CDS,214073,215110,1038,-,FIG00078081,PLF_262_00000375,PGF_00008260,YP_169257.1,345,glnA,"Glutamine synthetase type II, eukaryotic (EC 6.3.1.2)",
Francisella tularensis subsp. tularensis SCHU S4,177416.18,NC_006570,,FTT0420,FTT0420,RefSeq.177416.18.NC_006570.CDS.434135.435574.fwd,RefSeq,CDS,434135,435574,1440,+,,,,YP_169464.1,479,murE,"UDP-N-acetylmuramoylalanyl-D-glutamate--2,6- diaminopimelate ligase",
Francisella tularensis subsp. tularensis SCHU S4,177416.18,NC_006570,,FTT1505c,FTT1505c,RefSeq.177416.18.NC_006570.CDS.1559594.1560208.rev,RefSeq,CDS,1559594,1560208,615,-,,,,YP_170439.1,204,,hypothetical protein,
Francisella tularensis subsp. tularensis SCHU S4,177416.18,NC_006570,,FTT1283,FTT1283,RefSeq.177416.18.NC_006570.CDS.1301566.1302918.fwd,RefSeq,CDS,1301566,1302918,1353,+,,,,YP_170239.1,450,trmE,tRNA modification GTPase TrmE,
Francisella tularensis subsp. tularensis SCHU S4,177416.18,NC_006570,,FTT1705,FTT1705,RefSeq.177416.18.NC_006570.CDS.1782196.1783626.fwd,RefSeq,CDS,1782196,1783626,1431,+,,,,YP_170610.1,476,,hypothetical protein,
Francisella tularensis subsp. tularensis SCHU S4,177416.18,NC_006570,,FTT0720c,FTT0720c,RefSeq.177416.18.NC_006570.CDS.739772.741097.rev,RefSeq,CDS,739772,741097,1326,-,,,,YP_169734.1,441,dgt,deoxyguanosinetriphosphate triphosphohydrolase,
Francisella tularensis subsp. tularensis SCHU S4,177416.18,NC_006570,fig|177416.18.peg.433,,VBIFraTul2086_0433,PATRIC.177416.18.NC_006570.CDS.392354.392824.fwd,PATRIC,CDS,392354,392824,471,+,FIG01272034,PLF_262_00001243,PGF_10519603,,156,,"Acetyltransferase, GNAT family",
Francisella tularensis subsp. tularensis SCHU S4,177416.18,NC_006570,fig|177416.18.peg.1600,,VBIFraTul2086_1600,PATRIC.177416.18.NC_006570.CDS.1434251.1435045.fwd,PATRIC,CDS,1434251,1435045,795,+,FIG00000364,PLF_262_00000512,PGF_00419915,,264,,3-methyl-2-oxobutanoate hydroxymethyltransferase (EC 2.1.2.11),GO:0003864|3-methyl-2-oxobutanoate hydroxymethyltransferase activity
Francisella tularensis subsp. tularensis SCHU S4,177416.18,NC_006570,,FTT1543,FTT1543,RefSeq.177416.18.NC_006570.CDS.1605332.1606021.fwd,RefSeq,CDS,1605332,1606021,690,+,,,,YP_170471.1,229,,two component response regulator,
Francisella tularensis subsp. tularensis SCHU S4,177416.18,NC_006570,,FTT1627c,FTT1627c,RefSeq.177416.18.NC_006570.CDS.1689295.1690098.rev,RefSeq,CDS,1689295,1690098,804,-,,,,YP_170540.1,267,,hypothetical protein,
Francisella tularensis subsp. tularensis SCHU S4,177416.18,NC_006570,,FTT0455c,FTT0455c,RefSeq.177416.18.NC_006570.CDS.472981.474744.rev,RefSeq,CDS,472981,474744,1764,-,,,,YP_169493.1,587,,dolichyl-phosphate-mannose-protein mannosyltransferase family protein,
Francisella tularensis subsp. tularensis SCHU S4,177416.18,NC_006570,,FTT0044,FTT0044,RefSeq.177416.18.NC_006570.CDS.44188.45645.fwd,RefSeq,CDS,44188,45645,1458,+,,,,YP_169120.1,485,nuoN,"NADH dehydrogenase I, N subunit",
Francisella tularensis subsp. tularensis SCHU S4,177416.18,NC_006570,,FTT1045c,FTT1045c,RefSeq.177416.18.NC_006570.CDS.1056147.1056578.rev,RefSeq,CDS,1056147,1056578,432,-,,,,YP_170028.1,143,,hypothetical protein,
Francisella tularensis subsp. tularensis SCHU S4,177416.18,NC_006570,,FTT0130,FTT0130,RefSeq.177416.18.NC_006570.CDS.141966.143474.fwd,RefSeq,CDS,141966,143474,1509,+,,,,YP_169197.1,502,glpK,glycerol kinase,
Francisella tularensis subsp. tularensis SCHU S4,177416.18,NC_006570,fig|177416.18.peg.221,,VBIFraTul2086_0221,PATRIC.177416.18.NC_006570.CDS.218746.218955.fwd,PATRIC,CDS,218746,218955,210,+,FIG00033877,PLF_262_00001755,PGF_01719534,,69,,hypothetical protein,
Francisella tularensis subsp. tularensis SCHU S4,177416.18,NC_006570,fig|177416.18.peg.2091,,VBIFraTul2086_2091,PATRIC.177416.18.NC_006570.CDS.1884882.1885571.rev,PATRIC,CDS,1884882,1885571,690,-,FIG00001824,PLF_262_00000984,PGF_01722209,,229,,Teichoic acid export ATP-binding protein TagH (EC 3.6.3.40),
Francisella tularensis subsp. tularensis SCHU S4,177416.18,NC_006570,,FTT1118c,FTT1118c,RefSeq.177416.18.NC_006570.CDS.1128224.1129099.rev,RefSeq,CDS,1128224,1129099,876,-,,,,YP_170092.1,291,,hypothetical protein,
Francisella tularensis subsp. tularensis SCHU S4,177416.18,NC_006570,,FTT0748,FTT0748,RefSeq.177416.18.NC_006570.CDS.770328.771047.fwd,RefSeq,CDS,770328,771047,720,+,,,,YP_169759.1,239,,hypothetical protein,
Francisella tularensis subsp. tularensis SCHU S4,177416.18,NC_006570,,FTT1031,FTT1031,RefSeq.177416.18.NC_006570.CDS.1040384.1041004.fwd,RefSeq,CDS,1040384,1041004,621,+,,,,YP_170016.1,206,lipB,lipoyltransferase,
Francisella tularensis subsp. tularensis SCHU S4,177416.18,NC_006570,,FTT1038c,FTT1038c,RefSeq.177416.18.NC_006570.CDS.1050540.1050737.rev,RefSeq,CDS,1050540,1050737,198,-,,,,YP_170021.1,65,rpsU,30S ribosomal protein S21,
Francisella tularensis subsp. tularensis SCHU S4,177416.18,NC_006570,,FTT1243c,FTT1243c,RefSeq.177416.18.NC_006570.CDS.1263496.1265349.rev,RefSeq,CDS,1263496,1265349,1854,-,,,,YP_170201.1,617,mreA,FAD binding family protein,
Francisella tularensis subsp. tularensis SCHU S4,177416.18,NC_006570,,FTT0425c,FTT0425c,RefSeq.177416.18.NC_006570.CDS.438608.439702.rev,RefSeq,CDS,438608,439702,1095,-,,,,YP_169468.1,364,asd,aspartate-semialdehyde dehydrogenase,
Francisella tularensis subsp. tularensis SCHU S4,177416.18,NC_006570,fig|177416.18.peg.933,,VBIFraTul2086_0933,PATRIC.177416.18.NC_006570.CDS.832868.833464.rev,PATRIC,CDS,832868,833464,597,-,FIG00002614,PLF_262_00001765,PGF_01719543,,198,,hypothetical protein,
Francisella tularensis subsp. tularensis SCHU S4,177416.18,NC_006570,fig|177416.18.peg.1166,,VBIFraTul2086_1166,PATRIC.177416.18.NC_006570.CDS.1026362.1026697.rev,PATRIC,CDS,1026362,1026697,336,-,FIG00657651,PLF_262_00001553,PGF_08225224,,111,,hypothetical protein,
Francisella tularensis subsp. tularensis SCHU S4,177416.18,NC_006570,fig|177416.18.peg.1306,,VBIFraTul2086_1306,PATRIC.177416.18.NC_006570.CDS.1147012.1148241.fwd,PATRIC,CDS,1147012,1148241,1230,+,FIG00001244,PLF_262_00000173,PGF_10309996,,409,,Type IV fimbrial assembly protein PilC,
Francisella tularensis subsp. tularensis SCHU S4,177416.18,NC_006570,,FTT0025c,FTT0025c,RefSeq.177416.18.NC_006570.CDS.23022.24551.rev,RefSeq,CDS,23022,24551,1530,-,,,,YP_169101.1,509,,hypothetical protein,
Francisella tularensis subsp. tularensis SCHU S4,177416.18,NC_006570,fig|177416.18.peg.1240,,VBIFraTul2086_1240,PATRIC.177416.18.NC_006570.CDS.1086629.1086805.rev,PATRIC,CDS,1086629,1086805,177,-,FIG00658081,PLF_262_00001721,PGF_01719512,,58,,hypothetical protein,
Francisella tularensis subsp. tularensis SCHU S4,177416.18,NC_006570,fig|177416.18.peg.1752,,VBIFraTul2086_1752,PATRIC.177416.18.NC_006570.CDS.1572403.1572642.fwd,PATRIC,CDS,1572403,1572642,240,+,FIG00658099,PLF_262_00001201,PGF_01719335,,79,,hypothetical protein,
Francisella tularensis subsp. tularensis SCHU S4,177416.18,NC_006570,fig|177416.18.peg.1735,,VBIFraTul2086_1735,PATRIC.177416.18.NC_006570.CDS.1558827.1559552.fwd,PATRIC,CDS,1558827,1559552,726,+,FIG00657511,PLF_262_00001295,PGF_00008510,,241,,16S rRNA (guanine(1516)-N(2))-methyltransferase (EC 2.1.1.242),
Francisella tularensis subsp. tularensis SCHU S4,177416.18,NC_006570,fig|177416.18.peg.911,,VBIFraTul2086_0911,PATRIC.177416.18.NC_006570.CDS.810061.811290.fwd,PATRIC,CDS,810061,811290,1230,+,FIG01193496,PLF_262_00001106,PGF_04305571,,409,,Glycosyltransferase,
Francisella tularensis subsp. tularensis SCHU S4,177416.18,NC_006570,fig|177416.18.peg.1222,,VBIFraTul2086_1222,PATRIC.177416.18.NC_006570.CDS.1072519.1072872.fwd,PATRIC,CDS,1072519,1072872,354,+,FIG00657557,PLF_262_00001432,PGF_01719382,,117,,hypothetical protein,
Francisella tularensis subsp. tularensis SCHU S4,177416.18,NC_006570,fig|177416.18.peg.1241,,VBIFraTul2086_1241,PATRIC.177416.18.NC_006570.CDS.1087103.1087330.fwd,PATRIC,CDS,1087103,1087330,228,+,FIG00555656,PLF_262_00001640,PGF_01719471,,75,,HipB protein @ Antitoxin HigA,
Francisella tularensis subsp. tularensis SCHU S4,177416.18,NC_006570,fig|177416.18.peg.1367,,VBIFraTul2086_1367,PATRIC.177416.18.NC_006570.CDS.1197099.1198820.rev,PATRIC,CDS,1197099,1198820,1722,-,FIG00005992,PLF_262_00000609,PGF_02890229,,573,,Gamma-glutamyltranspeptidase (EC 2.3.2.2) @ Glutathione hydrolase (EC 3.4.19.13),GO:0003840|gamma-glutamyltransferase activity;GO:0036374|glutathione hydrolase activity
Francisella tularensis subsp. tularensis SCHU S4,177416.18,NC_006570,fig|177416.18.peg.295,,VBIFraTul2086_0295,PATRIC.177416.18.NC_006570.CDS.278449.278622.rev,PATRIC,CDS,278449,278622,174,-,FIG00657525,PLF_262_00000863,PGF_02328820,,57,,Uncharacterized protein CbuG_0353,
Francisella tularensis subsp. tularensis SCHU S4,177416.18,NC_006570,fig|177416.18.peg.140,FTT0126,VBIFraTul2086_0140,PATRIC.177416.18.NC_006570.CDS.137602.138576.fwd,PATRIC,CDS,137602,138576,975,+,FIG00018865,PLF_262_00001399,PGF_07131324,YP_169193.1,324,oppF,"Oligopeptide ABC transporter, ATP-binding protein OppF (TC 3.A.1.5.1)",
Francisella tularensis subsp. tularensis SCHU S4,177416.18,NC_006570,fig|177416.18.peg.204,FTT0184,VBIFraTul2086_0204,PATRIC.177416.18.NC_006570.CDS.200305.200766.fwd,PATRIC,CDS,200305,200766,462,+,FIG00000291,PLF_262_00007860,PGF_07596127,YP_169245.1,153,,tRNA-specific adenosine-34 deaminase (EC 3.5.4.33),
Francisella tularensis subsp. tularensis SCHU S4,177416.18,NC_006570,fig|177416.18.peg.1102,,VBIFraTul2086_1102,PATRIC.177416.18.NC_006570.CDS.975474.976850.rev,PATRIC,CDS,975474,976850,1377,-,FIG00000113,PLF_262_00000791,PGF_00052238,,458,,Signal recognition particle protein Ffh,
Francisella tularensis subsp. tularensis SCHU S4,177416.18,NC_006570,fig|177416.18.peg.953,,VBIFraTul2086_0953,PATRIC.177416.18.NC_006570.CDS.847264.847950.rev,PATRIC,CDS,847264,847950,687,-,FIG00035268,PLF_262_00000049,PGF_09432500,,228,,Rossmann fold nucleotide-binding protein Smf possibly involved in DNA uptake,
Francisella tularensis subsp. tularensis SCHU S4,177416.18,NC_006570,fig|177416.18.peg.89,,VBIFraTul2086_0089,PATRIC.177416.18.NC_006570.CDS.85276.85638.fwd,PATRIC,CDS,85276,85638,363,+,FIG00657905,PLF_262_00001707,PGF_01719505,,120,,hypothetical protein,
Francisella tularensis subsp. tularensis SCHU S4,177416.18,NC_006570,fig|177416.18.peg.2005,,VBIFraTul2086_2005,PATRIC.177416.18.NC_006570.CDS.1811074.1811694.rev,PATRIC,CDS,1811074,1811694,621,-,FIG00069725,PLF_262_00001493,PGF_00038769,,206,,Protein-L-isoaspartate O-methyltransferase (EC 2.1.1.77),
Francisella tularensis subsp. tularensis SCHU S4,177416.18,NC_006570,fig|177416.18.peg.1355,,VBIFraTul2086_1355,PATRIC.177416.18.NC_006570.CDS.1188173.1188397.rev,PATRIC,CDS,1188173,1188397,225,-,FIG01316564,PLF_262_00001697,PGF_04563108,,74,,"Type I restriction-modification system, specificity subunit S",
Francisella tularensis subsp. tularensis SCHU S4,177416.18,NC_006570,fig|177416.18.peg.1882,,VBIFraTul2086_1882,PATRIC.177416.18.NC_006570.CDS.1686826.1687104.rev,PATRIC,CDS,1686826,1687104,279,-,FIG00657639,PLF_262_00001679,PGF_00326789,,92,,hypothetical protein,
Francisella tularensis subsp. tularensis SCHU S4,177416.18,NC_006570,fig|177416.18.peg.1449,,VBIFraTul2086_1449,PATRIC.177416.18.NC_006570.CDS.1276493.1277338.rev,PATRIC,CDS,1276493,1277338,846,-,FIG00510130,PLF_262_00000814,PGF_01671660,,281,,"Transcriptional regulator, AraC family",
Francisella tularensis subsp. tularensis SCHU S4,177416.18,NC_006570,,FTT1776c,FTT1776c,RefSeq.177416.18.NC_006570.CDS.1866793.1867191.rev,RefSeq,CDS,1866793,1867191,399,-,,,,YP_170665.1,132,,hypothetical protein,
Francisella tularensis subsp. tularensis SCHU S4,177416.18,NC_006570,,FTT1324,FTT1324,RefSeq.177416.18.NC_006570.CDS.1351219.1351869.fwd,RefSeq,CDS,1351219,1351869,651,+,,,,YP_170277.1,216,,hypothetical protein,
Francisella tularensis subsp. tularensis SCHU S4,177416.18,NC_006570,,FTT0666c,FTT0666c,RefSeq.177416.18.NC_006570.CDS.684011.684592.rev,RefSeq,CDS,684011,684592,582,-,,,,YP_169683.1,193,,methylpurine-DNA glycosylase family protein,
Francisella tularensis subsp. tularensis SCHU S4,177416.18,NC_006570,,FTT0004c,FTT0004c,RefSeq.177416.18.NC_006570.CDS.3204.3988.rev,RefSeq,CDS,3204,3988,459,-,,,,YP_169086.1,261,isftu1,transposase,
Francisella tularensis subsp. tularensis SCHU S4,177416.18,NC_006570,,FTT0175c,FTT0175c,RefSeq.177416.18.NC_006570.CDS.188779.189561.rev,RefSeq,CDS,188779,189561,783,-,,,,YP_169238.1,260,,"ABC transporter, ATP-binding protein",
Francisella tularensis subsp. tularensis SCHU S4,177416.18,NC_006570,,FTT0860c,FTT0860c,RefSeq.177416.18.NC_006570.CDS.871183.871434.rev,RefSeq,CDS,871183,871434,252,-,,,,YP_169862.1,83,,hypothetical protein,
Francisella tularensis subsp. tularensis SCHU S4,177416.18,NC_006570,fig|177416.18.peg.1780,,VBIFraTul2086_1780,PATRIC.177416.18.NC_006570.CDS.1604618.1605154.rev,PATRIC,CDS,1604618,1605154,537,-,FIG01317064,PLF_262_00001320,PGF_00028244,,178,,Outer membrane protein 26,
Francisella tularensis subsp. tularensis SCHU S4,177416.18,NC_006570,,FTT0965c,FTT0965c,RefSeq.177416.18.NC_006570.CDS.977195.978100.rev,RefSeq,CDS,977195,978100,906,-,,,,YP_169955.1,301,,hypothetical protein,
Francisella tularensis subsp. tularensis SCHU S4,177416.18,NC_006570,fig|177416.18.peg.777,,VBIFraTul2086_0777,PATRIC.177416.18.NC_006570.CDS.699171.700016.rev,PATRIC,CDS,699171,700016,846,-,FIG00002575,PLF_262_00001260,PGF_00056679,,281,,Thiol:disulfide interchange protein DsbG precursor,
Francisella tularensis subsp. tularensis SCHU S4,177416.18,NC_006570,fig|177416.18.peg.1235,,VBIFraTul2086_1235,PATRIC.177416.18.NC_006570.CDS.1084045.1084674.fwd,PATRIC,CDS,1084045,1084674,630,+,FIG00658423,PLF_262_00001803,PGF_08225224,,209,,hypothetical protein,
Francisella tularensis subsp. tularensis SCHU S4,177416.18,NC_006570,,FTT0452,FTT0452,RefSeq.177416.18.NC_006570.CDS.469515.470720.fwd,RefSeq,CDS,469515,470720,1206,+,,,,YP_169490.1,401,ftsW,cell division protein FtsW,
Francisella tularensis subsp. tularensis SCHU S4,177416.18,NC_006570,,FTT1190c,FTT1190c,RefSeq.177416.18.NC_006570.CDS.1205948.1207333.rev,RefSeq,CDS,1205948,1207333,1386,-,,,,YP_170151.1,461,xseA,exodeoxyribonuclease VII large subunit,
Francisella tularensis subsp. tularensis SCHU S4,177416.18,NC_006570,,FTT0289c,FTT0289c,RefSeq.177416.18.NC_006570.CDS.303273.303707.rev,RefSeq,CDS,303273,303707,435,-,,,,YP_169339.1,144,,hypothetical protein,
Francisella tularensis subsp. tularensis SCHU S4,177416.18,NC_006570,,FTT0393,FTT0393,RefSeq.177416.18.NC_006570.CDS.393922.394692.fwd,RefSeq,CDS,393922,394692,771,+,,,,YP_169438.1,256,map,methionine aminopeptidase,
Francisella tularensis subsp. tularensis SCHU S4,177416.18,NC_006570,,FTT0595c,FTT0595c,RefSeq.177416.18.NC_006570.CDS.613747.613917.rev,RefSeq,CDS,613747,613917,171,-,,,,YP_169618.1,56,rubA,rubredoxin,
Francisella tularensis subsp. tularensis SCHU S4,177416.18,NC_006570,fig|177416.18.peg.71,FTT0065,VBIFraTul2086_0071,PATRIC.177416.18.NC_006570.CDS.66188.66625.fwd,PATRIC,CDS,66188,66625,438,+,FIG00000249,PLF_262_00000527,PGF_07919746,YP_169140.1,145,atpC,ATP synthase epsilon chain (EC 3.6.3.14),"GO:0046933|hydrogen ion transporting ATP synthase activity, rotational mechanism;GO:0046961|hydrogen ion transporting ATPase activity, rotational mechanism"
Francisella tularensis subsp. tularensis SCHU S4,177416.18,NC_006570,fig|177416.18.peg.976,,VBIFraTul2086_0976,PATRIC.177416.18.NC_006570.CDS.864047.864805.fwd,PATRIC,CDS,864047,864805,759,+,FIG00946206,PLF_262_00000301,PGF_01720031,,252,,hypothetical protein,
Francisella tularensis subsp. tularensis SCHU S4,177416.18,NC_006570,fig|177416.18.peg.1581,,VBIFraTul2086_1581,PATRIC.177416.18.NC_006570.CDS.1419073.1420044.fwd,PATRIC,CDS,1419073,1420044,972,+,FIG00015100,PLF_262_00000514,PGF_00420953,,323,,"3-oxoacyl-[acyl-carrier-protein] synthase, KASIII (EC 2.3.1.180)",GO:0033818|beta-ketoacyl-acyl-carrier-protein synthase III activity
Francisella tularensis subsp. tularensis SCHU S4,177416.18,NC_006570,fig|177416.18.peg.1824,,VBIFraTul2086_1824,PATRIC.177416.18.NC_006570.CDS.1640711.1641796.fwd,PATRIC,CDS,1640711,1641796,1086,+,FIG00638284,PLF_262_00000197,PGF_00366485,,361,,hypothetical protein,
Francisella tularensis subsp. tularensis SCHU S4,177416.18,NC_006570,fig|177416.18.peg.1648,,VBIFraTul2086_1648,PATRIC.177416.18.NC_006570.CDS.1477825.1478091.rev,PATRIC,CDS,1477825,1478091,267,-,FIG01500908,PLF_262_00000062,PGF_01722137,,88,,hypothetical protein,
Francisella tularensis subsp. tularensis SCHU S4,177416.18,NC_006570,fig|177416.18.peg.1192,,VBIFraTul2086_1192,PATRIC.177416.18.NC_006570.CDS.1052528.1053007.fwd,PATRIC,CDS,1052528,1053007,480,+,FIG00657948,PLF_262_00000848,PGF_07198978,,159,,hypothetical protein,
Francisella tularensis subsp. tularensis SCHU S4,177416.18,NC_006570,fig|177416.18.peg.829,,VBIFraTul2086_0829,PATRIC.177416.18.NC_006570.CDS.750854.751018.fwd,PATRIC,CDS,750854,751018,165,+,FIG00002351,PLF_262_00001941,PGF_01719655,,54,,hypothetical protein,
Francisella tularensis subsp. tularensis SCHU S4,177416.18,NC_006570,fig|177416.18.peg.1070,,VBIFraTul2086_1070,PATRIC.177416.18.NC_006570.CDS.947276.948403.rev,PATRIC,CDS,947276,948403,1128,-,FIG00051001,PLF_262_00001001,PGF_07541421,,375,,8-amino-7-oxononanoate synthase (EC 2.3.1.47),GO:0008710|8-amino-7-oxononanoate synthase activity
Francisella tularensis subsp. tularensis SCHU S4,177416.18,NC_006570,fig|177416.18.peg.1650,,VBIFraTul2086_1650,PATRIC.177416.18.NC_006570.CDS.1478662.1479297.fwd,PATRIC,CDS,1478662,1479297,636,+,FIG00000250,PLF_262_00007840,PGF_08189588,,211,,Threonine efflux protein,
Francisella tularensis subsp. tularensis SCHU S4,177416.18,NC_006570,fig|177416.18.peg.840,,VBIFraTul2086_0840,PATRIC.177416.18.NC_006570.CDS.756467.756844.fwd,PATRIC,CDS,756467,756844,378,+,FIG01337433,PLF_262_00001644,PGF_01719473,,125,,hypothetical protein,
Francisella tularensis subsp. tularensis SCHU S4,177416.18,NC_006570,fig|177416.18.peg.203,FTT0183c,VBIFraTul2086_0203,PATRIC.177416.18.NC_006570.CDS.198487.200157.rev,PATRIC,CDS,198487,200157,1671,-,FIG00000210,PLF_262_00000444,PGF_09939762,YP_169244.1,556,rpsA,SSU ribosomal protein S1p,GO:0003723|RNA binding
Francisella tularensis subsp. tularensis SCHU S4,177416.18,NC_006570,fig|177416.18.peg.963,,VBIFraTul2086_0963,PATRIC.177416.18.NC_006570.CDS.854445.855752.fwd,PATRIC,CDS,854445,855752,1308,+,FIG00000654,PLF_262_00000806,PGF_10535181,,435,,Tol-Pal system beta propeller repeat protein TolB,
Francisella tularensis subsp. tularensis SCHU S4,177416.18,NC_006570,fig|177416.18.peg.27,FTT0024c,VBIFraTul2086_0027,PATRIC.177416.18.NC_006570.CDS.22630.22974.rev,PATRIC,CDS,22630,22974,345,-,FIG00658272,PLF_262_00001806,PGF_01719571,YP_169100.1,114,,hypothetical protein,
Francisella tularensis subsp. tularensis SCHU S4,177416.18,NC_006570,fig|177416.18.peg.362,,VBIFraTul2086_0362,PATRIC.177416.18.NC_006570.CDS.338372.338995.fwd,PATRIC,CDS,338372,338995,624,+,FIG00000263,PLF_262_00001088,PGF_04512522,,207,,LSU ribosomal protein L4p (L1e),GO:0003735|structural constituent of ribosome;GO:0005622|intracellular;GO:0005840|ribosome;GO:0006412|translation
Francisella tularensis subsp. tularensis SCHU S4,177416.18,NC_006570,fig|177416.18.peg.1175,,VBIFraTul2086_1175,PATRIC.177416.18.NC_006570.CDS.1036771.1037331.rev,PATRIC,CDS,1036771,1037331,561,-,FIG00658050,PLF_262_00001477,PGF_00017303,,186,,Lipopolysaccharide export system protein LptC,
Francisella tularensis subsp. tularensis SCHU S4,177416.18,NC_006570,fig|177416.18.peg.648,,VBIFraTul2086_0648,PATRIC.177416.18.NC_006570.CDS.588188.588727.fwd,PATRIC,CDS,588188,588727,540,+,FIG01323161,PLF_262_00000486,PGF_01721370,,179,,failed axon connections protein,
Francisella tularensis subsp. tularensis SCHU S4,177416.18,NC_006570,fig|177416.18.peg.1087,,VBIFraTul2086_1087,PATRIC.177416.18.NC_006570.CDS.963119.963274.fwd,PATRIC,CDS,963119,963274,156,+,FIG00657711,PLF_262_00001907,PGF_01719630,,51,,hypothetical protein,
Francisella tularensis subsp. tularensis SCHU S4,177416.18,NC_006570,fig|177416.18.peg.122,FTT0110,VBIFraTul2086_0122,PATRIC.177416.18.NC_006570.CDS.117259.118227.fwd,PATRIC,CDS,117259,118227,969,+,FIG00138202,PLF_262_00001340,PGF_08244241,YP_169180.1,322,lpxK,Tetraacyldisaccharide 4'-kinase (EC 2.7.1.130),GO:0009029|tetraacyldisaccharide 4'-kinase activity
Francisella tularensis subsp. tularensis SCHU S4,177416.18,NC_006570,fig|177416.18.peg.1344,,VBIFraTul2086_1344,PATRIC.177416.18.NC_006570.CDS.1177474.1177890.rev,PATRIC,CDS,1177474,1177890,417,-,FIG00658074,PLF_262_00001438,PGF_01719385,,138,,hypothetical protein,
Francisella tularensis subsp. tularensis SCHU S4,177416.18,NC_006570,fig|177416.18.peg.144,FTT0129,VBIFraTul2086_0144,PATRIC.177416.18.NC_006570.CDS.140686.141909.fwd,PATRIC,CDS,140686,141909,1224,+,FIG00657501,PLF_262_00000992,PGF_01722213,YP_169196.1,407,,hypothetical protein,
Francisella tularensis subsp. tularensis SCHU S4,177416.18,NC_006570,fig|177416.18.peg.2031,,VBIFraTul2086_2031,PATRIC.177416.18.NC_006570.CDS.1836612.1837151.fwd,PATRIC,CDS,1836612,1837151,540,+,FIG01111221,PLF_262_00001040,PGF_01719303,,179,,Periplasmic chaperone of outer membrane proteins Skp @ Outer membrane protein H precursor,
Francisella tularensis subsp. tularensis SCHU S4,177416.18,NC_006570,fig|177416.18.peg.324,,VBIFraTul2086_0324,PATRIC.177416.18.NC_006570.CDS.303272.303706.rev,PATRIC,CDS,303272,303706,435,-,FIG00657661,PLF_262_00001198,PGF_00129650,,144,,hypothetical protein,
Francisella tularensis subsp. tularensis SCHU S4,177416.18,NC_006570,fig|177416.18.peg.1071,,VBIFraTul2086_1071,PATRIC.177416.18.NC_006570.CDS.948397.949338.rev,PATRIC,CDS,948397,949338,942,-,FIG00000467,PLF_262_00001004,PGF_01400330,,313,,Biotin synthase (EC 2.8.1.6),GO:0004076|biotin synthase activity
Francisella tularensis subsp. tularensis SCHU S4,177416.18,NC_006570,fig|177416.18.peg.1256,,VBIFraTul2086_1256,PATRIC.177416.18.NC_006570.CDS.1100419.1100907.fwd,PATRIC,CDS,1100419,1100907,489,+,FIG00067300,PLF_262_00001559,PGF_01719435,,162,,hypothetical protein,
Francisella tularensis subsp. tularensis SCHU S4,177416.18,NC_006570,fig|177416.18.peg.1786,,VBIFraTul2086_1786,PATRIC.177416.18.NC_006570.CDS.1608547.1608762.fwd,PATRIC,CDS,1608547,1608762,216,+,FIG01367222,PLF_262_00000021,PGF_06149846,,71,,FIG001571: Hypothetical protein,
Francisella tularensis subsp. tularensis SCHU S4,177416.18,NC_006570,fig|177416.18.peg.2040,,VBIFraTul2086_2040,PATRIC.177416.18.NC_006570.CDS.1844748.1845164.rev,PATRIC,CDS,1844748,1845164,417,-,FIG01306568,PLF_262_00000002,PGF_01719295,,138,,Mobile element protein,
Francisella tularensis subsp. tularensis SCHU S4,177416.18,NC_006570,,FTT0541c,FTT0541c,RefSeq.177416.18.NC_006570.CDS.561929.562528.rev,RefSeq,CDS,561929,562528,600,-,,,,YP_169569.1,199,yqaB,haloacid dehalogenase,
Francisella tularensis subsp. tularensis SCHU S4,177416.18,NC_006570,,FTT1320,FTT1320,RefSeq.177416.18.NC_006570.CDS.1347054.1348115.fwd,RefSeq,CDS,1347054,1348115,1062,+,,,,YP_170273.1,353,,permease YjgP/YjgQ family protein,
Francisella tularensis subsp. tularensis SCHU S4,177416.18,NC_006570,,FTT1574c,FTT1574c,RefSeq.177416.18.NC_006570.CDS.1636137.1637294.rev,RefSeq,CDS,1636137,1637294,1158,-,,,,YP_170496.1,385,dxr,1-deoxy-D-xylulose 5-phosphate reductoisomerase,
Francisella tularensis subsp. tularensis SCHU S4,177416.18,NC_006570,,FTT1683c,FTT1683c,RefSeq.177416.18.NC_006570.CDS.1752569.1753720.rev,RefSeq,CDS,1752569,1753720,1152,-,,,,YP_170588.1,383,,major facilitator transporter,
Francisella tularensis subsp. tularensis SCHU S4,177416.18,NC_006570,,FTT0200,FTT0200,RefSeq.177416.18.NC_006570.CDS.217756.218373.fwd,RefSeq,CDS,217756,218373,618,+,,,,YP_169261.1,205,,hypothetical protein,
Francisella tularensis subsp. tularensis SCHU S4,177416.18,NC_006570,,FTT1485c,FTT1485c,RefSeq.177416.18.NC_006570.CDS.1536259.1538940.rev,RefSeq,CDS,1536259,1538940,2682,-,,,,YP_170420.1,893,aceE,pyruvate dehydrogenase subunit E1,
Francisella tularensis subsp. tularensis SCHU S4,177416.18,NC_006570,fig|177416.18.peg.1532,,VBIFraTul2086_1532,PATRIC.177416.18.NC_006570.CDS.1357287.1358825.fwd,PATRIC,CDS,1357287,1358825,1539,+,FIG00000624,PLF_262_00000199,PGF_00021217,,512,,"2,3-bisphosphoglycerate-independent phosphoglycerate mutase (EC 5.4.2.12)",
Francisella tularensis subsp. tularensis SCHU S4,177416.18,NC_006570,fig|177416.18.peg.1969,,VBIFraTul2086_1969,PATRIC.177416.18.NC_006570.CDS.1763781.1763900.fwd,PATRIC,CDS,1763781,1763900,120,+,FIG00638284,PLF_262_00001737,PGF_01719522,,39,,hypothetical protein,
Francisella tularensis subsp. tularensis SCHU S4,177416.18,NC_006570,fig|177416.18.peg.673,,VBIFraTul2086_0673,PATRIC.177416.18.NC_006570.CDS.610115.611152.fwd,PATRIC,CDS,610115,611152,1038,+,FIG01274668,PLF_262_00000164,PGF_00016047,,345,,"L-asparaginase I, cytoplasmic (EC 3.5.1.1)",
Francisella tularensis subsp. tularensis SCHU S4,177416.18,NC_006570,fig|177416.18.peg.1482,,VBIFraTul2086_1482,PATRIC.177416.18.NC_006570.CDS.1301535.1302887.fwd,PATRIC,CDS,1301535,1302887,1353,+,FIG00000279,PLF_262_00000373,PGF_00007057,,450,,tRNA-5-carboxymethylaminomethyl-2-thiouridine(34) synthesis protein MnmE,
Francisella tularensis subsp. tularensis SCHU S4,177416.18,NC_006570,,FTT0308,FTT0308,RefSeq.177416.18.NC_006570.CDS.322934.323911.fwd,RefSeq,CDS,322934,323911,978,+,,,,YP_169357.1,325,,hypothetical protein,
Francisella tularensis subsp. tularensis SCHU S4,177416.18,NC_006570,,FTT0696,FTT0696,RefSeq.177416.18.NC_006570.CDS.715530.715880.fwd,RefSeq,CDS,715530,715880,351,+,,,,YP_169712.1,116,,hypothetical protein,
Francisella tularensis subsp. tularensis SCHU S4,177416.18,NC_006570,,FTT1628c,FTT1628c,RefSeq.177416.18.NC_006570.CDS.1690499.1691809.rev,RefSeq,CDS,1690499,1691809,1311,-,,,,YP_170541.1,436,,metal ion transporter,
Francisella tularensis subsp. tularensis SCHU S4,177416.18,NC_006570,fig|177416.18.peg.1510,,VBIFraTul2086_1510,PATRIC.177416.18.NC_006570.CDS.1331184.1331768.rev,PATRIC,CDS,1331184,1331768,585,-,FIG00657866,PLF_262_00001771,PGF_01719548,,194,,hypothetical protein,
Francisella tularensis subsp. tularensis SCHU S4,177416.18,NC_006570,fig|177416.18.peg.1112,,VBIFraTul2086_1112,PATRIC.177416.18.NC_006570.CDS.982796.984241.fwd,PATRIC,CDS,982796,984241,1446,+,FIG00000451,PLF_262_00000389,PGF_00015514,,481,,Iron-sulfur cluster assembly protein SufB,
Francisella tularensis subsp. tularensis SCHU S4,177416.18,NC_006570,fig|177416.18.peg.1889,,VBIFraTul2086_1889,PATRIC.177416.18.NC_006570.CDS.1691775.1693424.rev,PATRIC,CDS,1691775,1693424,1650,-,FIG00657706,PLF_262_00000871,PGF_01722185,,549,,"similar to beta-(1-3)-glucosyl transferase GB:AAC62210 GI:3687658 from [Bradyrhizobium japonicum], cellulose synthase from Agrobacterium tumeficiens [gi:710492] and Agrobacterium radiobacter [gi:710493]; contains Pfam glycosyl transferase, group 2 family protein domain PF00535; go_function: transferase activity, transferring glycosyl groups [goid 0016757]; go_function: cellulose synthase activity [goid 0016759] / glycosyl transferase family 2 protein",
Francisella tularensis subsp. tularensis SCHU S4,177416.18,NC_006570,,FTT1646,FTT1646,RefSeq.177416.18.NC_006570.CDS.1711793.1712122.fwd,RefSeq,CDS,1711793,1712122,330,+,,,,YP_170555.1,109,dtd,D-tyrosyl-tRNA(Tyr) deacylase,
Francisella tularensis subsp. tularensis SCHU S4,177416.18,NC_006570,,FTT0647c,FTT0647c,RefSeq.177416.18.NC_006570.CDS.668566.668997.rev,RefSeq,CDS,668566,668997,432,-,,,,YP_169665.1,143,,hypothetical protein,
Francisella tularensis subsp. tularensis SCHU S4,177416.18,NC_006570,,FTT0723c,FTT0723c,RefSeq.177416.18.NC_006570.CDS.745381.746169.rev,RefSeq,CDS,745381,746169,789,-,,,,YP_169737.1,262,,Short-chain dehydrogenase/reductase family protein,
Francisella tularensis subsp. tularensis SCHU S4,177416.18,NC_006570,,FTT0960,FTT0960,RefSeq.177416.18.NC_006570.CDS.971902.972885.fwd,RefSeq,CDS,971902,972885,984,+,,,,YP_169950.1,327,,hypothetical protein,
Francisella tularensis subsp. tularensis SCHU S4,177416.18,NC_006570,,FTT0438,FTT0438,RefSeq.177416.18.NC_006570.CDS.451253.452623.fwd,RefSeq,CDS,451253,452623,1371,+,,,,YP_169478.1,456,mpl,UDP-N-acetylmuramate:L-alanyl-gamma-D-glutamyl- me so-diaminopimelate ligase,
Francisella tularensis subsp. tularensis SCHU S4,177416.18,NC_006570,,FTT0309c,FTT0309c,RefSeq.177416.18.NC_006570.CDS.323935.324678.rev,RefSeq,CDS,323935,324678,744,-,,,,YP_169358.1,247,isftu2,transposase,
Francisella tularensis subsp. tularensis SCHU S4,177416.18,NC_006570,fig|177416.18.peg.1323,,VBIFraTul2086_1323,PATRIC.177416.18.NC_006570.CDS.1156322.1156528.fwd,PATRIC,CDS,1156322,1156528,207,+,FIG00554702,PLF_262_00001539,PGF_00416769,,68,,Cation transport regulator chaB,
Francisella tularensis subsp. tularensis SCHU S4,177416.18,NC_006570,fig|177416.18.peg.605,,VBIFraTul2086_0605,PATRIC.177416.18.NC_006570.CDS.558345.558980.fwd,PATRIC,CDS,558345,558980,636,+,FIG01306610,PLF_262_00000834,PGF_00064746,,211,,"2-polyprenyl-3-methyl-6-methoxy-1,4-benzoquinol hydroxylase, coq7 type",
Francisella tularensis subsp. tularensis SCHU S4,177416.18,NC_006570,fig|177416.18.peg.747,,VBIFraTul2086_0747,PATRIC.177416.18.NC_006570.CDS.674924.675670.fwd,PATRIC,CDS,674924,675670,747,+,FIG01303887,PLF_262_00000426,PGF_05767868,,248,,Probable transcriptional regulatory protein YebC,
Francisella tularensis subsp. tularensis SCHU S4,177416.18,NC_006570,fig|177416.18.peg.303,,VBIFraTul2086_0303,PATRIC.177416.18.NC_006570.CDS.286206.287033.fwd,PATRIC,CDS,286206,287033,828,+,FIG00000377,PLF_262_00001297,PGF_00423533,,275,,4-diphosphocytidyl-2-C-methyl-D-erythritol kinase (EC 2.7.1.148),GO:0050515|4-(cytidine 5'-diphospho)-2-C-methyl-D-erythritol kinase activity
Francisella tularensis subsp. tularensis SCHU S4,177416.18,NC_006570,fig|177416.18.peg.1171,,VBIFraTul2086_1171,PATRIC.177416.18.NC_006570.CDS.1032659.1034491.rev,PATRIC,CDS,1032659,1034491,1833,-,FIG01336978,PLF_262_00000160,PGF_01719452,,610,,5'-methylthioadenosine phosphorylase (EC 2.4.2.28) / Putative esterase,GO:0017061|S-methyl-5-thioadenosine phosphorylase activity
Francisella tularensis subsp. tularensis SCHU S4,177416.18,NC_006570,fig|177416.18.peg.624,,VBIFraTul2086_0624,PATRIC.177416.18.NC_006570.CDS.570846.572342.fwd,PATRIC,CDS,570846,572342,1497,+,FIG00138741,PLF_262_00000185,PGF_04147121,,498,,Aldehyde dehydrogenase B (EC 1.2.1.22),GO:0008911|lactaldehyde dehydrogenase activity
Francisella tularensis subsp. tularensis SCHU S4,177416.18,NC_006570,fig|177416.18.peg.423,,VBIFraTul2086_0423,PATRIC.177416.18.NC_006570.CDS.381341.381820.fwd,PATRIC,CDS,381341,381820,480,+,FIG01306568,PLF_262_00000003,PGF_01000105,,159,,Mobile element protein,
Francisella tularensis subsp. tularensis SCHU S4,177416.18,NC_006570,fig|177416.18.peg.255,,VBIFraTul2086_0255,PATRIC.177416.18.NC_006570.CDS.243142.243522.rev,PATRIC,CDS,243142,243522,381,-,FIG01306568,PLF_262_00000001,PGF_01719295,,126,,Mobile element protein,
Francisella tularensis subsp. tularensis SCHU S4,177416.18,NC_006570,fig|177416.18.peg.1965,,VBIFraTul2086_1965,PATRIC.177416.18.NC_006570.CDS.1761288.1761704.fwd,PATRIC,CDS,1761288,1761704,417,+,FIG01306568,PLF_262_00000002,PGF_01719295,,138,,Mobile element protein,
Francisella tularensis subsp. tularensis SCHU S4,177416.18,NC_006570,fig|177416.18.peg.2063,,VBIFraTul2086_2063,PATRIC.177416.18.NC_006570.CDS.1862543.1863733.rev,PATRIC,CDS,1862543,1863733,1191,-,FIG00116323,PLF_262_00000822,PGF_00062027,,396,,Tryptophan synthase beta chain (EC 4.2.1.20),GO:0004834|tryptophan synthase activity
Francisella tularensis subsp. tularensis SCHU S4,177416.18,NC_006570,fig|177416.18.peg.1922,,VBIFraTul2086_1922,PATRIC.177416.18.NC_006570.CDS.1723486.1723689.rev,PATRIC,CDS,1723486,1723689,204,-,FIG00657459,PLF_262_00001633,PGF_01719466,,67,,hypothetical protein,
Francisella tularensis subsp. tularensis SCHU S4,177416.18,NC_006570,fig|177416.18.peg.1225,,VBIFraTul2086_1225,PATRIC.177416.18.NC_006570.CDS.1074364.1074705.rev,PATRIC,CDS,1074364,1074705,342,-,FIG00657911,PLF_262_00001794,PGF_01719564,,113,,hypothetical protein,
Francisella tularensis subsp. tularensis SCHU S4,177416.18,NC_006570,fig|177416.18.peg.603,,VBIFraTul2086_0603,PATRIC.177416.18.NC_006570.CDS.556707.557666.rev,PATRIC,CDS,556707,557666,960,-,FIG00000455,PLF_262_00000663,PGF_00018952,,319,,Malate dehydrogenase (EC 1.1.1.37),GO:0030060|L-malate dehydrogenase activity
Francisella tularensis subsp. tularensis SCHU S4,177416.18,NC_006570,fig|177416.18.peg.872,,VBIFraTul2086_0872,PATRIC.177416.18.NC_006570.CDS.778376.779248.fwd,PATRIC,CDS,778376,779248,873,+,FIG00022631,PLF_262_00001211,PGF_10523783,,290,,Acetyl-CoA synthetase (EC 6.2.1.1),GO:0003987|acetate-CoA ligase activity
Francisella tularensis subsp. tularensis SCHU S4,177416.18,NC_006570,fig|177416.18.peg.859,,VBIFraTul2086_0859,PATRIC.177416.18.NC_006570.CDS.770327.771046.fwd,PATRIC,CDS,770327,771046,720,+,FIG00022569,PLF_262_00001502,PGF_08238312,,239,,"Transcriptional regulator, IclR family",GO:0003677|DNA binding
Francisella tularensis subsp. tularensis SCHU S4,177416.18,NC_006570,fig|177416.18.peg.278,,VBIFraTul2086_0278,PATRIC.177416.18.NC_006570.CDS.260420.260893.fwd,PATRIC,CDS,260420,260893,474,+,FIG00657544,PLF_262_00001271,PGF_01719348,,157,,hypothetical protein,
Francisella tularensis subsp. tularensis SCHU S4,177416.18,NC_006570,fig|177416.18.peg.647,,VBIFraTul2086_0647,PATRIC.177416.18.NC_006570.CDS.587673.588008.fwd,PATRIC,CDS,587673,588008,336,+,FIG00657606,PLF_262_00001193,PGF_00286307,,111,,hypothetical protein,
Francisella tularensis subsp. tularensis SCHU S4,177416.18,NC_006570,fig|177416.18.peg.1898,,VBIFraTul2086_1898,PATRIC.177416.18.NC_006570.CDS.1702959.1703159.rev,PATRIC,CDS,1702959,1703159,201,-,FIG00658083,PLF_262_00000862,PGF_01722181,,66,,hypothetical protein,
Francisella tularensis subsp. tularensis SCHU S4,177416.18,NC_006570,fig|177416.18.peg.1536,,VBIFraTul2086_1536,PATRIC.177416.18.NC_006570.CDS.1362470.1362670.rev,PATRIC,CDS,1362470,1362670,201,-,FIG00658177,PLF_262_00001587,PGF_01719447,,66,,hypothetical protein,
Francisella tularensis subsp. tularensis SCHU S4,177416.18,NC_006570,fig|177416.18.peg.517,,VBIFraTul2086_0517,PATRIC.177416.18.NC_006570.CDS.478398.479372.fwd,PATRIC,CDS,478398,479372,975,+,FIG00000348,PLF_262_00008676,PGF_00489714,,324,,Porphobilinogen synthase (EC 4.2.1.24),GO:0004655|porphobilinogen synthase activity
Francisella tularensis subsp. tularensis SCHU S4,177416.18,NC_006570,fig|177416.18.peg.1842,,VBIFraTul2086_1842,PATRIC.177416.18.NC_006570.CDS.1655332.1655424.fwd,PATRIC,CDS,1655332,1655424,93,+,FIG00638284,PLF_262_00001940,PGF_01719654,,30,,hypothetical protein,
Francisella tularensis subsp. tularensis SCHU S4,177416.18,NC_006570,fig|177416.18.peg.148,FTT0132,VBIFraTul2086_0148,PATRIC.177416.18.NC_006570.CDS.144667.146199.fwd,PATRIC,CDS,144667,146199,1533,+,FIG00229386,PLF_262_00000913,PGF_07527179,YP_169199.1,510,glpA,Glycerol-3-phosphate dehydrogenase (EC 1.1.5.3),
Francisella tularensis subsp. tularensis SCHU S4,177416.18,NC_006570,fig|177416.18.peg.1310,,VBIFraTul2086_1310,PATRIC.177416.18.NC_006570.CDS.1149837.1150088.rev,PATRIC,CDS,1149837,1150088,252,-,FIG00638284,PLF_262_00000855,PGF_01722175,,83,,hypothetical protein,
Francisella tularensis subsp. tularensis SCHU S4,177416.18,NC_006570,fig|177416.18.peg.2094,,VBIFraTul2086_2094,PATRIC.177416.18.NC_006570.CDS.1886211.1886357.rev,PATRIC,CDS,1886211,1886357,147,-,,PLF_262_00001077,PGF_01719314,,48,,hypothetical protein,
Francisella tularensis subsp. tularensis SCHU S4,177416.18,NC_006570,fig|177416.18.peg.599,,VBIFraTul2086_0599,PATRIC.177416.18.NC_006570.CDS.551627.553231.fwd,PATRIC,CDS,551627,553231,1605,+,FIG00001955,PLF_262_00000264,PGF_00013003,,534,,Bis-ABC ATPase YheS,
Francisella tularensis subsp. tularensis SCHU S4,177416.18,NC_006570,fig|177416.18.peg.1008,,VBIFraTul2086_1008,PATRIC.177416.18.NC_006570.CDS.887325.887882.fwd,PATRIC,CDS,887325,887882,558,+,FIG00001181,PLF_262_00001338,PGF_07854425,,185,,Superoxide dismutase [Cu-Zn] precursor (EC 1.15.1.1),GO:0004784|superoxide dismutase activity
Francisella tularensis subsp. tularensis SCHU S4,177416.18,NC_006570,fig|177416.18.peg.36,FTT0033,VBIFraTul2086_0036,PATRIC.177416.18.NC_006570.CDS.32028.32672.fwd,PATRIC,CDS,32028,32672,645,+,FIG00000785,PLF_262_00000156,PGF_04571944,YP_169109.1,214,nuoC,NADH-ubiquinone oxidoreductase chain C (EC 1.6.5.3),GO:0008137|NADH dehydrogenase (ubiquinone) activity
Francisella tularensis subsp. tularensis SCHU S4,177416.18,NC_006570,,FTT0889c,FTT0889c,RefSeq.177416.18.NC_006570.CDS.898028.898468.rev,RefSeq,CDS,898028,898468,441,-,,,,YP_169886.1,146,,Type IV pili fiber building block protein,
Francisella tularensis subsp. tularensis SCHU S4,177416.18,NC_006570,,FTT0535c,FTT0535c,RefSeq.177416.18.NC_006570.CDS.556708.557667.rev,RefSeq,CDS,556708,557667,960,-,,,,YP_169564.1,319,mdh,lactate dehydrogenase,
Francisella tularensis subsp. tularensis SCHU S4,177416.18,NC_006570,,FTT1467c,FTT1467c,RefSeq.177416.18.NC_006570.CDS.1518401.1519888.rev,RefSeq,CDS,1518401,1519888,1488,-,,,,YP_170403.1,495,nadB,L-aspartate oxidase,
Francisella tularensis subsp. tularensis SCHU S4,177416.18,NC_006570,,FTT1553c,FTT1553c,RefSeq.177416.18.NC_006570.CDS.1614025.1616322.rev,RefSeq,CDS,1614025,1616322,2298,-,,,,YP_170477.1,765,rnr,ribonuclease R,
Francisella tularensis subsp. tularensis SCHU S4,177416.18,NC_006570,fig|177416.18.peg.1362,,VBIFraTul2086_1362,PATRIC.177416.18.NC_006570.CDS.1192556.1193614.rev,PATRIC,CDS,1192556,1193614,1059,-,FIG00657924,PLF_262_00000086,PGF_00371085,,352,,hypothetical protein,
Francisella tularensis subsp. tularensis SCHU S4,177416.18,NC_006570,,FTT1024c,FTT1024c,RefSeq.177416.18.NC_006570.CDS.1035147.1035878.rev,RefSeq,CDS,1035147,1035878,732,-,,,,YP_170009.1,243,yhbG,"ABC transporter, ATP-binding protein",
Francisella tularensis subsp. tularensis SCHU S4,177416.18,NC_006570,fig|177416.18.peg.1197,,VBIFraTul2086_1197,PATRIC.177416.18.NC_006570.CDS.1056146.1056577.rev,PATRIC,CDS,1056146,1056577,432,-,FIG00657825,PLF_262_00001440,PGF_00178470,,143,,hypothetical protein,
Francisella tularensis subsp. tularensis SCHU S4,177416.18,NC_006570,fig|177416.18.peg.834,,VBIFraTul2086_0834,PATRIC.177416.18.NC_006570.CDS.754247.754693.rev,PATRIC,CDS,754247,754693,447,-,FIG00657507,PLF_262_00001197,PGF_01719333,,148,,hypothetical protein,
Francisella tularensis subsp. tularensis SCHU S4,177416.18,NC_006570,fig|177416.18.peg.1491,,VBIFraTul2086_1491,PATRIC.177416.18.NC_006570.CDS.1314190.1316049.fwd,PATRIC,CDS,1314190,1316049,1860,+,FIG01265301,PLF_262_00000405,PGF_03609651,,619,,Methionyl-tRNA synthetase (EC 6.1.1.10),GO:0004825|methionine-tRNA ligase activity
Francisella tularensis subsp. tularensis SCHU S4,177416.18,NC_006570,fig|177416.18.peg.1380,,VBIFraTul2086_1380,PATRIC.177416.18.NC_006570.CDS.1205946.1207331.rev,PATRIC,CDS,1205946,1207331,1386,-,FIG00000323,PLF_262_00001228,PGF_00425024,,461,,Exodeoxyribonuclease VII large subunit (EC 3.1.11.6),GO:0008855|exodeoxyribonuclease VII activity
Francisella tularensis subsp. tularensis SCHU S4,177416.18,NC_006570,fig|177416.18.peg.1647,,VBIFraTul2086_1647,PATRIC.177416.18.NC_006570.CDS.1477487.1477723.rev,PATRIC,CDS,1477487,1477723,237,-,,PLF_262_00000062,PGF_01722137,,78,,hypothetical protein,
Francisella tularensis subsp. tularensis SCHU S4,177416.18,NC_006570,fig|177416.18.peg.1435,,VBIFraTul2086_1435,PATRIC.177416.18.NC_006570.CDS.1260815.1262068.fwd,PATRIC,CDS,1260815,1262068,1254,+,FIG00000040,PLF_262_00000451,PGF_05622318,,417,,Serine hydroxymethyltransferase (EC 2.1.2.1),GO:0004372|glycine hydroxymethyltransferase activity
Francisella tularensis subsp. tularensis SCHU S4,177416.18,NC_006570,fig|177416.18.peg.1773,,VBIFraTul2086_1773,PATRIC.177416.18.NC_006570.CDS.1597970.1598131.rev,PATRIC,CDS,1597970,1598131,162,-,FIG00000614,PLF_262_00001779,PGF_02601796,,53,,Ornithine cyclodeaminase (EC 4.3.1.12),GO:0008473|ornithine cyclodeaminase activity
Francisella tularensis subsp. tularensis SCHU S4,177416.18,NC_006570,fig|177416.18.peg.1095,,VBIFraTul2086_1095,PATRIC.177416.18.NC_006570.CDS.970101.970808.rev,PATRIC,CDS,970101,970808,708,-,FIG00621114,PLF_262_00001642,PGF_10532194,,235,,"Oxidoreductase, short-chain dehydrogenase/reductase family",
Francisella tularensis subsp. tularensis SCHU S4,177416.18,NC_006570,fig|177416.18.peg.1771,,VBIFraTul2086_1771,PATRIC.177416.18.NC_006570.CDS.1597108.1597422.rev,PATRIC,CDS,1597108,1597422,315,-,FIG00000614,PLF_262_00000055,PGF_02601796,,104,,Ornithine cyclodeaminase (EC 4.3.1.12),GO:0008473|ornithine cyclodeaminase activity
Francisella tularensis subsp. tularensis SCHU S4,177416.18,NC_006570,,FTT1531,FTT1531,RefSeq.177416.18.NC_006570.CDS.1592260.1593447.fwd,RefSeq,CDS,1592260,1593447,1188,+,,,,YP_170461.1,395,fadA,acetyl-CoA acetyltransferase,
Francisella tularensis subsp. tularensis SCHU S4,177416.18,NC_006570,,FTT1394c,FTT1394c,RefSeq.177416.18.NC_006570.CDS.1438798.1442451.rev,RefSeq,CDS,1438798,1442451,3654,-,,,,YP_170339.1,1217,recB,exodeoxyribonuclease V beta chain,
Francisella tularensis subsp. tularensis SCHU S4,177416.18,NC_006570,fig|177416.18.peg.1287,,VBIFraTul2086_1287,PATRIC.177416.18.NC_006570.CDS.1126728.1127084.rev,PATRIC,CDS,1126728,1127084,357,-,FIG00051656,PLF_262_00000731,PGF_00685189,,118,,Protein translocase subunit YajC,
Francisella tularensis subsp. tularensis SCHU S4,177416.18,NC_006570,fig|177416.18.peg.544,,VBIFraTul2086_0544,PATRIC.177416.18.NC_006570.CDS.507066.507755.fwd,PATRIC,CDS,507066,507755,690,+,FIG01502366,PLF_262_00001276,PGF_01719349,,229,,hypothetical protein,
Francisella tularensis subsp. tularensis SCHU S4,177416.18,NC_006570,,FTT0370c,FTT0370c,RefSeq.177416.18.NC_006570.CDS.370901.371311.rev,RefSeq,CDS,370901,371311,411,-,,,,YP_169417.1,136,yjeE,"nucleotide-binding protein, yjeE",
Francisella tularensis subsp. tularensis SCHU S4,177416.18,NC_006570,,FTT0670c,FTT0670c,RefSeq.177416.18.NC_006570.CDS.687461.687925.rev,RefSeq,CDS,687461,687925,465,-,,,,YP_169687.1,154,,hypothetical protein,
Francisella tularensis subsp. tularensis SCHU S4,177416.18,NC_006570,fig|177416.18.peg.1101,,VBIFraTul2086_1101,PATRIC.177416.18.NC_006570.CDS.974330.975442.rev,PATRIC,CDS,974330,975442,1113,-,FIG00002110,PLF_262_00000312,PGF_00070354,,370,,2-keto-3-deoxy-D-arabino-heptulosonate-7-phosphate synthase I alpha (EC 2.5.1.54),
Francisella tularensis subsp. tularensis SCHU S4,177416.18,NC_006570,,FTT1234,FTT1234,RefSeq.177416.18.NC_006570.CDS.1252948.1254093.fwd,RefSeq,CDS,1252948,1254093,1146,+,,,,YP_170192.1,381,,choloylglycine hydrolase family protein,
Francisella tularensis subsp. tularensis SCHU S4,177416.18,NC_006570,,FTT1051c,FTT1051c,RefSeq.177416.18.NC_006570.CDS.1061832.1061996.rev,RefSeq,CDS,1061832,1061996,165,-,,,,YP_170033.1,54,,hypothetical protein,
Francisella tularensis subsp. tularensis SCHU S4,177416.18,NC_006570,,FTT1688,FTT1688,RefSeq.177416.18.NC_006570.CDS.1757182.1758387.fwd,RefSeq,CDS,1757182,1758387,1206,+,,,,YP_170593.1,401,,aromatic amino acid HAAP transporter,
Francisella tularensis subsp. tularensis SCHU S4,177416.18,NC_006570,,FTT1099c,FTT1099c,RefSeq.177416.18.NC_006570.CDS.1110706.1111041.rev,RefSeq,CDS,1110706,1111041,336,-,,,,YP_170077.1,111,,hypothetical protein,
Francisella tularensis subsp. tularensis SCHU S4,177416.18,NC_006570,,FTT0304c,FTT0304c,RefSeq.177416.18.NC_006570.CDS.318673.319326.rev,RefSeq,CDS,318673,319326,654,-,,,,YP_169353.1,217,nfnB,dihydropteridine reductase,
Francisella tularensis subsp. tularensis SCHU S4,177416.18,NC_006570,fig|177416.18.peg.987,,VBIFraTul2086_0987,PATRIC.177416.18.NC_006570.CDS.871496.872089.rev,PATRIC,CDS,871496,872089,594,-,FIG01411330,PLF_262_00001342,PGF_00063679,,197,,Type IV pili fiber building block protein,
Francisella tularensis subsp. tularensis SCHU S4,177416.18,NC_006570,fig|177416.18.peg.208,FTT0188,VBIFraTul2086_0208,PATRIC.177416.18.NC_006570.CDS.203748.204893.fwd,PATRIC,CDS,203748,204893,1146,+,FIG00000145,PLF_262_00000558,PGF_03520151,YP_169249.1,381,ftsZ,Cell division protein FtsZ,
Francisella tularensis subsp. tularensis SCHU S4,177416.18,NC_006570,fig|177416.18.peg.1923,,VBIFraTul2086_1923,PATRIC.177416.18.NC_006570.CDS.1723736.1723990.rev,PATRIC,CDS,1723736,1723990,255,-,FIG00657660,PLF_262_00001756,PGF_01719535,,84,,hypothetical protein,
Francisella tularensis subsp. tularensis SCHU S4,177416.18,NC_006570,fig|177416.18.peg.897,,VBIFraTul2086_0897,PATRIC.177416.18.NC_006570.CDS.799235.799615.fwd,PATRIC,CDS,799235,799615,381,+,FIG01306568,PLF_262_00000001,PGF_01719295,,126,,Mobile element protein,
Francisella tularensis subsp. tularensis SCHU S4,177416.18,NC_006570,fig|177416.18.peg.1505,,VBIFraTul2086_1505,PATRIC.177416.18.NC_006570.CDS.1325907.1326782.rev,PATRIC,CDS,1325907,1326782,876,-,FIG00657500,PLF_262_00001389,PGF_01719365,,291,,Large low complexity coiled coil protein with large repeat region,
Francisella tularensis subsp. tularensis SCHU S4,177416.18,NC_006570,,FTT1599c,FTT1599c,RefSeq.177416.18.NC_006570.CDS.1665164.1665948.rev,RefSeq,CDS,1665164,1665948,327,-,,,,YP_170515.1,261,isftu1,transposase,
Francisella tularensis subsp. tularensis SCHU S4,177416.18,NC_006570,,FTT0423,FTT0423,RefSeq.177416.18.NC_006570.CDS.437733.437912.fwd,RefSeq,CDS,437733,437912,180,+,,,,YP_169466.1,59,,hypothetical protein,
Francisella tularensis subsp. tularensis SCHU S4,177416.18,NC_006570,,FTT1370,FTT1370,RefSeq.177416.18.NC_006570.CDS.1417137.1417640.fwd,RefSeq,CDS,1417137,1417640,504,+,,,,YP_170319.1,167,,hypothetical protein,
Francisella tularensis subsp. tularensis SCHU S4,177416.18,NC_006570,,FTT0761c,FTT0761c,RefSeq.177416.18.NC_006570.CDS.780472.780765.rev,RefSeq,CDS,780472,780765,294,-,,,,YP_169771.1,97,,hypothetical protein,
Francisella tularensis subsp. tularensis SCHU S4,177416.18,NC_006570,,FTT0298,FTT0298,RefSeq.177416.18.NC_006570.CDS.311817.312257.fwd,RefSeq,CDS,311817,312257,441,+,,,,YP_169347.1,146,holC,DNA polymerase III (chi subunit) protein,
Francisella tularensis subsp. tularensis SCHU S4,177416.18,NC_006570,,FTT0994c,FTT0994c,RefSeq.177416.18.NC_006570.CDS.1003790.1004650.rev,RefSeq,CDS,1003790,1004650,861,-,,,,YP_169982.1,286,,MRP like protein,
Francisella tularensis subsp. tularensis SCHU S4,177416.18,NC_006570,,FTT0919,FTT0919,RefSeq.177416.18.NC_006570.CDS.929357.930802.fwd,RefSeq,CDS,929357,930802,1446,+,,,,YP_169916.1,481,,hypothetical protein,
Francisella tularensis subsp. tularensis SCHU S4,177416.18,NC_006570,fig|177416.18.peg.1119,,VBIFraTul2086_1119,PATRIC.177416.18.NC_006570.CDS.988168.988449.fwd,PATRIC,CDS,988168,988449,282,+,FIG00658065,PLF_262_00001841,PGF_01719597,,93,,hypothetical protein,
Francisella tularensis subsp. tularensis SCHU S4,177416.18,NC_006570,fig|177416.18.peg.794,,VBIFraTul2086_0794,PATRIC.177416.18.NC_006570.CDS.715962.717566.fwd,PATRIC,CDS,715962,717566,1605,+,FIG00046929,PLF_262_00000342,PGF_10302926,,534,,Cell division protein FtsI [Peptidoglycan synthetase] (EC 2.4.1.129),
Francisella tularensis subsp. tularensis SCHU S4,177416.18,NC_006570,fig|177416.18.peg.411,,VBIFraTul2086_0411,PATRIC.177416.18.NC_006570.CDS.369756.370817.rev,PATRIC,CDS,369756,370817,1062,-,FIG00657781,PLF_262_00001280,PGF_00223496,,353,,hypothetical protein,
Francisella tularensis subsp. tularensis SCHU S4,177416.18,NC_006570,fig|177416.18.peg.714,,VBIFraTul2086_0714,PATRIC.177416.18.NC_006570.CDS.647057.647329.fwd,PATRIC,CDS,647057,647329,273,+,FIG00615494,PLF_262_00008698,PGF_08648458,,90,,DNA-binding protein HU,
Francisella tularensis subsp. tularensis SCHU S4,177416.18,NC_006570,,FTT0618c,FTT0618c,RefSeq.177416.18.NC_006570.CDS.637150.638478.rev,RefSeq,CDS,637150,638478,1329,-,,,,YP_169639.1,442,yleA,hypothetical protein,
Francisella tularensis subsp. tularensis SCHU S4,177416.18,NC_006570,fig|177416.18.peg.489,,VBIFraTul2086_0489,PATRIC.177416.18.NC_006570.CDS.452619.453275.fwd,PATRIC,CDS,452619,453275,657,+,FIG00001049,PLF_262_00000068,PGF_08582746,,218,,23S rRNA (guanosine(2251)-2'-O)-methyltransferase (EC 2.1.1.185),
Francisella tularensis subsp. tularensis SCHU S4,177416.18,NC_006570,,FTT0252,FTT0252,RefSeq.177416.18.NC_006570.CDS.267996.269369.fwd,RefSeq,CDS,267996,269369,1374,+,,,,YP_169304.1,457,leuA,2-isopropylmalate synthase,
Francisella tularensis subsp. tularensis SCHU S4,177416.18,NC_006570,,FTT0644c,FTT0644c,RefSeq.177416.18.NC_006570.CDS.663035.666460.rev,RefSeq,CDS,663035,666460,3426,-,,,,YP_169662.1,1141,mfd,transcription-repair coupling factor,
Francisella tularensis subsp. tularensis SCHU S4,177416.18,NC_006570,fig|177416.18.peg.1777,,VBIFraTul2086_1777,PATRIC.177416.18.NC_006570.CDS.1601828.1603258.rev,PATRIC,CDS,1601828,1603258,1431,-,FIG01311955,PLF_262_00000934,PGF_01722197,,476,,Putative periplasmic protein,
Francisella tularensis subsp. tularensis SCHU S4,177416.18,NC_006570,fig|177416.18.peg.2026,,VBIFraTul2086_2026,PATRIC.177416.18.NC_006570.CDS.1832254.1832577.rev,PATRIC,CDS,1832254,1832577,324,-,FIG01306568,PLF_262_00000001,PGF_01719295,,107,,Mobile element protein,
Francisella tularensis subsp. tularensis SCHU S4,177416.18,NC_006570,,FTT0495,FTT0495,RefSeq.177416.18.NC_006570.CDS.515335.515838.fwd,RefSeq,CDS,515335,515838,504,+,,,,YP_169532.1,167,,hypothetical protein,
Francisella tularensis subsp. tularensis SCHU S4,177416.18,NC_006570,,FTT1462c,FTT1462c,RefSeq.177416.18.NC_006570.CDS.1513297.1514088.rev,RefSeq,CDS,1513297,1514088,792,-,,,,YP_170399.1,263,wbtC,UDP-glucose 4-epimerase,
Francisella tularensis subsp. tularensis SCHU S4,177416.18,NC_006570,,FTT0035,FTT0035,RefSeq.177416.18.NC_006570.CDS.33957.34445.fwd,RefSeq,CDS,33957,34445,489,+,,,,YP_169111.1,162,nuoE,"NADH dehydrogenase I, E subunit",
Francisella tularensis subsp. tularensis SCHU S4,177416.18,NC_006570,,FTT1518,FTT1518,RefSeq.177416.18.NC_006570.CDS.1571663.1572235.fwd,RefSeq,CDS,1571663,1572235,573,+,,,,YP_170450.1,190,ogt,methylated-DNA--protein-cysteine methyltransferase,
Francisella tularensis subsp. tularensis SCHU S4,177416.18,NC_006570,,FTT0787,FTT0787,RefSeq.177416.18.NC_006570.CDS.805301.805891.fwd,RefSeq,CDS,805301,805891,591,+,,,,YP_169794.1,196,,DoxD-like family protein,
Francisella tularensis subsp. tularensis SCHU S4,177416.18,NC_006570,fig|177416.18.peg.361,,VBIFraTul2086_0361,PATRIC.177416.18.NC_006570.CDS.337707.338342.fwd,PATRIC,CDS,337707,338342,636,+,FIG00001818,PLF_262_00001087,PGF_00016431,,211,,LSU ribosomal protein L3p (L3e),GO:0003735|structural constituent of ribosome;GO:0005622|intracellular;GO:0005840|ribosome;GO:0006412|translation
Francisella tularensis subsp. tularensis SCHU S4,177416.18,NC_006570,,FTT0701,FTT0701,RefSeq.177416.18.NC_006570.CDS.720443.721291.fwd,RefSeq,CDS,720443,721291,849,+,,,,YP_169717.1,282,kdsA,2-dehydro-3-deoxyphosphooctonate aldolase,
Francisella tularensis subsp. tularensis SCHU S4,177416.18,NC_006570,,FTT0108c,FTT0108c,RefSeq.177416.18.NC_006570.CDS.114237.115319.rev,RefSeq,CDS,114237,115319,1083,-,,,,YP_169178.1,360,cca,tRNA CCA-pyrophosphorylase,
Francisella tularensis subsp. tularensis SCHU S4,177416.18,NC_006570,,FTT0884c,FTT0884c,RefSeq.177416.18.NC_006570.CDS.891810.893000.rev,RefSeq,CDS,891810,893000,1191,-,,,,YP_169881.1,396,aspC1,aspartate aminotransferase,
Francisella tularensis subsp. tularensis SCHU S4,177416.18,NC_006570,fig|177416.18.peg.98,FTT0091c,VBIFraTul2086_0098,PATRIC.177416.18.NC_006570.CDS.94225.95187.rev,PATRIC,CDS,94225,95187,963,-,FIG00032582,PLF_262_00000115,PGF_01060032,YP_169164.1,320,appB,Cytochrome d ubiquinol oxidase subunit II (EC 1.10.3.-),GO:0008827|cytochrome o ubiquinol oxidase activity;GO:0008827|cytochrome bo3 ubiquinol oxidase activity
Francisella tularensis subsp. tularensis SCHU S4,177416.18,NC_006570,,FTT1404,FTT1404,RefSeq.177416.18.NC_006570.CDS.1454335.1455042.fwd,RefSeq,CDS,1454335,1455042,708,+,,,,YP_170348.1,235,,cell division protein,
Francisella tularensis subsp. tularensis SCHU S4,177416.18,NC_006570,,FTT0733,FTT0733,RefSeq.177416.18.NC_006570.CDS.755167.755637.fwd,RefSeq,CDS,755167,755637,471,+,,,,YP_169746.1,156,,glutathione peroxidase,
Francisella tularensis subsp. tularensis SCHU S4,177416.18,NC_006570,,FTT1126,FTT1126,RefSeq.177416.18.NC_006570.CDS.1136389.1137600.fwd,RefSeq,CDS,1136389,1137600,1212,+,,,,YP_170099.1,403,,aromatic amino acid HAAP transporter,
Francisella tularensis subsp. tularensis SCHU S4,177416.18,NC_006570,,FTT1105c,FTT1105c,RefSeq.177416.18.NC_006570.CDS.1115545.1116399.rev,RefSeq,CDS,1115545,1116399,855,-,,,,YP_170080.1,284,msrA1,bifunctional methionine sulfoxide reductase B/A protein,
Francisella tularensis subsp. tularensis SCHU S4,177416.18,NC_006570,,FTT1259,FTT1259,RefSeq.177416.18.NC_006570.CDS.1281671.1282420.fwd,RefSeq,CDS,1281671,1282420,750,+,,,,YP_170217.1,249,nadE,NH(3)-dependent NAD(+) synthetase,
Francisella tularensis subsp. tularensis SCHU S4,177416.18,NC_006570,fig|177416.18.peg.163,FTT0147,VBIFraTul2086_0163,PATRIC.177416.18.NC_006570.CDS.163653.164663.fwd,PATRIC,CDS,163653,164663,1011,+,FIG01304867,PLF_262_00000671,PGF_07915158,YP_169213.1,336,gcp,N(6)-L-threonylcarbamoyladenine synthase (EC 2.3.1.234),
Francisella tularensis subsp. tularensis SCHU S4,177416.18,NC_006570,fig|177416.18.peg.91,FTT0084c,VBIFraTul2086_0091,PATRIC.177416.18.NC_006570.CDS.86193.87335.rev,PATRIC,CDS,86193,87335,1143,-,FIG00094409,PLF_262_00001256,PGF_04991657,YP_169158.1,380,hemN,Oxygen-independent coproporphyrinogen-III oxidase-like protein YggW,
Francisella tularensis subsp. tularensis SCHU S4,177416.18,NC_006570,,FTT0799,FTT0799,RefSeq.177416.18.NC_006570.CDS.817652.818665.fwd,RefSeq,CDS,817652,818665,1014,+,,,,YP_169806.1,337,,glycosyl transferases group 1 family protein,
Francisella tularensis subsp. tularensis SCHU S4,177416.18,NC_006570,fig|177416.18.peg.1135,,VBIFraTul2086_1135,PATRIC.177416.18.NC_006570.CDS.1001381.1001953.fwd,PATRIC,CDS,1001381,1001953,573,+,FIG01442312,PLF_262_00001257,PGF_00016305,,190,,LPS-assembly lipoprotein LptE,
Francisella tularensis subsp. tularensis SCHU S4,177416.18,NC_006570,fig|177416.18.peg.710,,VBIFraTul2086_0710,PATRIC.177416.18.NC_006570.CDS.641397.642713.fwd,PATRIC,CDS,641397,642713,1317,+,FIG00000286,PLF_262_00000344,PGF_02452671,,438,,Cell division trigger factor (EC 5.2.1.8),
Francisella tularensis subsp. tularensis SCHU S4,177416.18,NC_006570,fig|177416.18.peg.630,,VBIFraTul2086_0630,PATRIC.177416.18.NC_006570.CDS.575724.576335.fwd,PATRIC,CDS,575724,576335,612,+,FIG01324048,PLF_262_00001176,PGF_00044007,,203,,Putative short-chain dehydrogenase,
Francisella tularensis subsp. tularensis SCHU S4,177416.18,NC_006570,fig|177416.18.peg.383,,VBIFraTul2086_0383,PATRIC.177416.18.NC_006570.CDS.348113.348469.fwd,PATRIC,CDS,348113,348469,357,+,FIG00000160,PLF_262_00000442,PGF_00049840,,118,,SSU ribosomal protein S13p (S18e),GO:0003723|RNA binding;GO:0003735|structural constituent of ribosome;GO:0005622|intracellular;GO:0005840|ribosome;GO:0006412|translation
Francisella tularensis subsp. tularensis SCHU S4,177416.18,NC_006570,fig|177416.18.peg.62,,VBIFraTul2086_0062,PATRIC.177416.18.NC_006570.CDS.59219.59356.fwd,PATRIC,CDS,59219,59356,138,+,FIG00657482,PLF_262_00002486,PGF_01719798,,45,,hypothetical protein,
Francisella tularensis subsp. tularensis SCHU S4,177416.18,NC_006570,fig|177416.18.peg.1473,,VBIFraTul2086_1473,PATRIC.177416.18.NC_006570.CDS.1296837.1297406.fwd,PATRIC,CDS,1296837,1297406,570,+,FIG00001437,PLF_262_00000795,PGF_01722158,,189,,Stringent starvation protein A,
Francisella tularensis subsp. tularensis SCHU S4,177416.18,NC_006570,fig|177416.18.peg.1974,,VBIFraTul2086_1974,PATRIC.177416.18.NC_006570.CDS.1766954.1767670.rev,PATRIC,CDS,1766954,1767670,717,-,FIG00063488,PLF_262_00001569,PGF_00024464,,238,,NAD-dependent formate dehydrogenase (EC 1.2.1.2),GO:0008863|formate dehydrogenase activity
Francisella tularensis subsp. tularensis SCHU S4,177416.18,NC_006570,fig|177416.18.peg.1131,,VBIFraTul2086_1131,PATRIC.177416.18.NC_006570.CDS.996324.996521.fwd,PATRIC,CDS,996324,996521,198,+,FIG00658485,PLF_262_00001626,PGF_01719462,,65,,hypothetical protein,
Francisella tularensis subsp. tularensis SCHU S4,177416.18,NC_006570,fig|177416.18.peg.744,,VBIFraTul2086_0744,PATRIC.177416.18.NC_006570.CDS.672532.673029.rev,PATRIC,CDS,672532,673029,498,-,FIG00998729,PLF_262_00002583,PGF_06077968,,165,,Bacterial non-heme ferritin (EC 1.16.3.2),
Francisella tularensis subsp. tularensis SCHU S4,177416.18,NC_006570,fig|177416.18.peg.1438,,VBIFraTul2086_1438,PATRIC.177416.18.NC_006570.CDS.1265424.1266248.rev,PATRIC,CDS,1265424,1266248,825,-,FIG00002754,PLF_262_00000697,PGF_01722146,,274,,Outer membrane beta-barrel assembly protein BamD,
Francisella tularensis subsp. tularensis SCHU S4,177416.18,NC_006570,fig|177416.18.peg.1405,,VBIFraTul2086_1405,PATRIC.177416.18.NC_006570.CDS.1231176.1231559.rev,PATRIC,CDS,1231176,1231559,384,-,FIG00004743,PLF_262_00000656,PGF_00016546,,127,,Lactoylglutathione lyase (EC 4.4.1.5),GO:0004462|lactoylglutathione lyase activity
Francisella tularensis subsp. tularensis SCHU S4,177416.18,NC_006570,fig|177416.18.peg.19,FTT0016,VBIFraTul2086_0019,PATRIC.177416.18.NC_006570.CDS.14622.15092.fwd,PATRIC,CDS,14622,15092,471,+,FIG00657894,PLF_262_00001655,PGF_01719479,YP_169092.1,156,,hypothetical protein,
Francisella tularensis subsp. tularensis SCHU S4,177416.18,NC_006570,fig|177416.18.peg.1731,,VBIFraTul2086_1731,PATRIC.177416.18.NC_006570.CDS.1555475.1556506.fwd,PATRIC,CDS,1555475,1556506,1032,+,FIG00000333,PLF_262_00000300,PGF_00338611,,343,,hypothetical protein,
Francisella tularensis subsp. tularensis SCHU S4,177416.18,NC_006570,fig|177416.18.peg.1623,,VBIFraTul2086_1623,PATRIC.177416.18.NC_006570.CDS.1459935.1460471.fwd,PATRIC,CDS,1459935,1460471,537,+,FIG00920505,PLF_262_00001410,PGF_00041549,,178,,Putative inner membrane protein,
Francisella tularensis subsp. tularensis SCHU S4,177416.18,NC_006570,fig|177416.18.peg.950,,VBIFraTul2086_0950,PATRIC.177416.18.NC_006570.CDS.846365.846559.fwd,PATRIC,CDS,846365,846559,195,+,FIG00657462,PLF_262_00001664,PGF_01719482,,64,,hypothetical protein,
Francisella tularensis subsp. tularensis SCHU S4,177416.18,NC_006570,fig|177416.18.peg.1243,,VBIFraTul2086_1243,PATRIC.177416.18.NC_006570.CDS.1088713.1089099.rev,PATRIC,CDS,1088713,1089099,387,-,FIG00657693,PLF_262_00000098,PGF_00015483,,128,,Iron-regulated protein frpC,
Francisella tularensis subsp. tularensis SCHU S4,177416.18,NC_006570,fig|177416.18.peg.1634,,VBIFraTul2086_1634,PATRIC.177416.18.NC_006570.CDS.1468913.1469338.rev,PATRIC,CDS,1468913,1469338,426,-,FIG00016836,PLF_262_00000813,PGF_10450086,,141,,Transcription termination protein NusB,GO:0003723|RNA binding
Francisella tularensis subsp. tularensis SCHU S4,177416.18,NC_006570,fig|177416.18.peg.1083,,VBIFraTul2086_1083,PATRIC.177416.18.NC_006570.CDS.959971.961035.rev,PATRIC,CDS,959971,961035,1065,-,FIG01322374,PLF_262_00003375,PGF_03844200,,354,,"Tas protein, an NADP(H)-dependent aldo-keto reductase",
Francisella tularensis subsp. tularensis SCHU S4,177416.18,NC_006570,fig|177416.18.peg.837,,VBIFraTul2086_0837,PATRIC.177416.18.NC_006570.CDS.755166.755636.fwd,PATRIC,CDS,755166,755636,471,+,FIG00440770,PLF_262_00000378,PGF_08363070,,156,,Glutathione peroxidase (EC 1.11.1.9) @ Thioredoxin peroxidase (EC 1.11.1.15),GO:0004602|glutathione peroxidase activity;GO:0051920|peroxiredoxin activity
Francisella tularensis subsp. tularensis SCHU S4,177416.18,NC_006570,fig|177416.18.peg.1737,,VBIFraTul2086_1737,PATRIC.177416.18.NC_006570.CDS.1560261.1560839.fwd,PATRIC,CDS,1560261,1560839,579,+,FIG00657510,PLF_262_00001427,PGF_00090296,,192,,hypothetical protein,
Francisella tularensis subsp. tularensis SCHU S4,177416.18,NC_006570,,FTT1703,FTT1703,RefSeq.177416.18.NC_006570.CDS.1779931.1781661.fwd,RefSeq,CDS,1779931,1781661,1731,+,,,,YP_170608.1,576,,hypothetical protein,
Francisella tularensis subsp. tularensis SCHU S4,177416.18,NC_006570,,FTT0697,FTT0697,RefSeq.177416.18.NC_006570.CDS.715873.717567.fwd,RefSeq,CDS,715873,717567,1695,+,,,,YP_169713.1,564,ftsI,penicillin binding protein (peptidoglycan synthetase),
Francisella tularensis subsp. tularensis SCHU S4,177416.18,NC_006570,,FTT1408c,FTT1408c,RefSeq.177416.18.NC_006570.CDS.1458097.1458846.rev,RefSeq,CDS,1458097,1458846,750,-,,,,YP_170352.1,249,hemD,uroporphyrinogen III synthase,
Francisella tularensis subsp. tularensis SCHU S4,177416.18,NC_006570,,FTT0480c,FTT0480c,RefSeq.177416.18.NC_006570.CDS.498404.499813.rev,RefSeq,CDS,498404,499813,1410,-,,,,YP_169518.1,469,xasA,glutamate:gamma-aminobutyric acid antiporter family protein (APC family protein),
Francisella tularensis subsp. tularensis SCHU S4,177416.18,NC_006570,,FTT0975,FTT0975,RefSeq.177416.18.NC_006570.CDS.987157.987846.fwd,RefSeq,CDS,987157,987846,690,+,,,,YP_169963.1,229,,hypothetical protein,
Francisella tularensis subsp. tularensis SCHU S4,177416.18,NC_006570,,FTT0648c,FTT0648c,RefSeq.177416.18.NC_006570.CDS.668994.669632.rev,RefSeq,CDS,668994,669632,639,-,,,,YP_169666.1,212,nth,endonuclease III,
Francisella tularensis subsp. tularensis SCHU S4,177416.18,NC_006570,,FTT0853,FTT0853,RefSeq.177416.18.NC_006570.CDS.866500.867738.fwd,RefSeq,CDS,866500,867738,1239,+,,,,YP_169855.1,412,,arsenite permease family protein,
Francisella tularensis subsp. tularensis SCHU S4,177416.18,NC_006570,,FTT0198,FTT0198,RefSeq.177416.18.NC_006570.CDS.216335.216811.fwd,RefSeq,CDS,216335,216811,477,+,,,,YP_169259.1,158,blc,outer membrane lipoprotein,
Francisella tularensis subsp. tularensis SCHU S4,177416.18,NC_006570,,FTT0327,FTT0327,RefSeq.177416.18.NC_006570.CDS.338993.339292.fwd,RefSeq,CDS,338993,339292,300,+,,,,YP_169376.1,99,rplW,50S ribosomal protein L23,
Francisella tularensis subsp. tularensis SCHU S4,177416.18,NC_006570,fig|177416.18.peg.153,FTT0137,VBIFraTul2086_0153,PATRIC.177416.18.NC_006570.CDS.150045.151229.fwd,PATRIC,CDS,150045,151229,1185,+,FIG00000039,PLF_262_00001067,PGF_00060428,YP_169203.1,394,tufA,Translation elongation factor Tu,GO:0005525|GTP binding;GO:0006412|translation
Francisella tularensis subsp. tularensis SCHU S4,177416.18,NC_006570,,FTT0079,FTT0079,RefSeq.177416.18.NC_006570.CDS.82073.83404.fwd,RefSeq,CDS,82073,83404,1332,+,,,,YP_169154.1,443,mrsA,phosphoglucosamine mutase,
Francisella tularensis subsp. tularensis SCHU S4,177416.18,NC_006570,,FTT0593c,FTT0593c,RefSeq.177416.18.NC_006570.CDS.612197.612802.rev,RefSeq,CDS,612197,612802,606,-,,,,YP_169616.1,201,,hypothetical protein,
Francisella tularensis subsp. tularensis SCHU S4,177416.18,NC_006570,,FTT1113c,FTT1113c,RefSeq.177416.18.NC_006570.CDS.1123211.1123741.rev,RefSeq,CDS,1123211,1123741,531,-,,,,YP_170087.1,176,,hypothetical protein,
Francisella tularensis subsp. tularensis SCHU S4,177416.18,NC_006570,fig|177416.18.peg.1078,,VBIFraTul2086_1078,PATRIC.177416.18.NC_006570.CDS.955056.956438.fwd,PATRIC,CDS,955056,956438,1383,+,FIG00000860,PLF_262_00001398,PGF_00026800,,460,,CoA ligase,
Francisella tularensis subsp. tularensis SCHU S4,177416.18,NC_006570,,FTT0131c,FTT0131c,RefSeq.177416.18.NC_006570.CDS.143567.144351.rev,RefSeq,CDS,143567,144351,327,-,,,,YP_169198.1,261,isftu1,transposase,
Francisella tularensis subsp. tularensis SCHU S4,177416.18,NC_006570,,FTT1402c,FTT1402c,RefSeq.177416.18.NC_006570.CDS.1452351.1453985.rev,RefSeq,CDS,1452351,1453985,1635,-,,,,YP_170346.1,544,,hypothetical protein,
Francisella tularensis subsp. tularensis SCHU S4,177416.18,NC_006570,,FTT0977c,FTT0977c,RefSeq.177416.18.NC_006570.CDS.988575.988868.rev,RefSeq,CDS,988575,988868,294,-,,,,YP_169965.1,97,,hypothetical protein,
Francisella tularensis subsp. tularensis SCHU S4,177416.18,NC_006570,,FTT1527c,FTT1527c,RefSeq.177416.18.NC_006570.CDS.1584931.1585296.rev,RefSeq,CDS,1584931,1585296,366,-,,,,YP_170457.1,121,arsC2,arsenate reductase,
Francisella tularensis subsp. tularensis SCHU S4,177416.18,NC_006570,fig|177416.18.peg.532,,VBIFraTul2086_0532,PATRIC.177416.18.NC_006570.CDS.493760.494683.rev,PATRIC,CDS,493760,494683,924,-,FIG00587265,PLF_262_00000815,PGF_00060424,,307,,Translation elongation factor P Lys34--(R)-beta-lysine ligase,
Francisella tularensis subsp. tularensis SCHU S4,177416.18,NC_006570,fig|177416.18.peg.1670,,VBIFraTul2086_1670,PATRIC.177416.18.NC_006570.CDS.1498325.1498435.rev,PATRIC,CDS,1498325,1498435,111,-,FIG01316038,PLF_262_00002964,PGF_01720018,,36,,hypothetical protein,
Francisella tularensis subsp. tularensis SCHU S4,177416.18,NC_006570,fig|177416.18.peg.1150,,VBIFraTul2086_1150,PATRIC.177416.18.NC_006570.CDS.1012720.1015092.rev,PATRIC,CDS,1012720,1015092,2373,-,FIG00000116,PLF_262_00000709,PGF_00033095,,790,,Phenylalanyl-tRNA synthetase beta chain (EC 6.1.1.20),GO:0004826|phenylalanine-tRNA ligase activity
Francisella tularensis subsp. tularensis SCHU S4,177416.18,NC_006570,fig|177416.18.peg.116,FTT0104c,VBIFraTul2086_0116,PATRIC.177416.18.NC_006570.CDS.107798.108781.rev,PATRIC,CDS,107798,108781,984,-,FIG00657764,PLF_262_00001346,PGF_00874351,YP_169174.1,327,,Uncharacterized MFS-type transporter,
Francisella tularensis subsp. tularensis SCHU S4,177416.18,NC_006570,fig|177416.18.peg.1382,,VBIFraTul2086_1382,PATRIC.177416.18.NC_006570.CDS.1208694.1208939.rev,PATRIC,CDS,1208694,1208939,246,-,FIG00453060,PLF_262_00000039,PGF_00038071,,81,,"Protein containing transglutaminase-like domain, putative cysteine protease",
Francisella tularensis subsp. tularensis SCHU S4,177416.18,NC_006570,fig|177416.18.peg.439,,VBIFraTul2086_0439,PATRIC.177416.18.NC_006570.CDS.395587.396300.fwd,PATRIC,CDS,395587,396300,714,+,FIG00657739,PLF_262_00001547,PGF_08863192,,237,,hypothetical protein,
Francisella tularensis subsp. tularensis SCHU S4,177416.18,NC_006570,fig|177416.18.peg.968,,VBIFraTul2086_0968,PATRIC.177416.18.NC_006570.CDS.858177.858356.fwd,PATRIC,CDS,858177,858356,180,+,,PLF_262_00001912,PGF_01719635,,59,,hypothetical protein,
Francisella tularensis subsp. tularensis SCHU S4,177416.18,NC_006570,fig|177416.18.peg.931,,VBIFraTul2086_0931,PATRIC.177416.18.NC_006570.CDS.832116.832496.fwd,PATRIC,CDS,832116,832496,381,+,FIG00000296,PLF_262_00001105,PGF_01674551,,126,,Glycine cleavage system H protein,GO:0005960|glycine cleavage complex;GO:0006546|glycine catabolic process
Francisella tularensis subsp. tularensis SCHU S4,177416.18,NC_006570,fig|177416.18.peg.681,,VBIFraTul2086_0681,PATRIC.177416.18.NC_006570.CDS.617014.617145.fwd,PATRIC,CDS,617014,617145,132,+,FIG00658012,PLF_262_00001930,PGF_01719648,,43,,hypothetical protein,
Francisella tularensis subsp. tularensis SCHU S4,177416.18,NC_006570,fig|177416.18.peg.93,FTT0087,VBIFraTul2086_0093,PATRIC.177416.18.NC_006570.CDS.88770.91583.fwd,PATRIC,CDS,88770,91583,2814,+,FIG00022996,PLF_262_00000535,PGF_04243787,YP_169161.1,937,acnA,Aconitate hydratase (EC 4.2.1.3),GO:0003994|aconitate hydratase activity
Francisella tularensis subsp. tularensis SCHU S4,177416.18,NC_006570,,FTT1074,FTT1074,RefSeq.177416.18.NC_006570.CDS.1085437.1086221.fwd,RefSeq,CDS,1085437,1086221,459,+,,,,YP_170053.1,261,isftu1,transposase,
Francisella tularensis subsp. tularensis SCHU S4,177416.18,NC_006570,fig|177416.18.peg.1048,,VBIFraTul2086_1048,PATRIC.177416.18.NC_006570.CDS.925689.927503.fwd,PATRIC,CDS,925689,927503,1815,+,FIG00000835,PLF_262_00000215,PGF_00024480,,604,,NAD-dependent malic enzyme (EC 1.1.1.38),GO:0016619|malate dehydrogenase (oxaloacetate-decarboxylating) activity
Francisella tularensis subsp. tularensis SCHU S4,177416.18,NC_006570,,FTT1374,FTT1374,RefSeq.177416.18.NC_006570.CDS.1420127.1421047.fwd,RefSeq,CDS,1420127,1421047,921,+,,,,YP_170323.1,306,,malonyl CoA-acyl carrier protein transacylase,
Francisella tularensis subsp. tularensis SCHU S4,177416.18,NC_006570,,FTT1781c,FTT1781c,RefSeq.177416.18.NC_006570.CDS.1869873.1870622.rev,RefSeq,CDS,1869873,1870622,750,-,,,,YP_170669.1,249,,hypothetical protein,
Francisella tularensis subsp. tularensis SCHU S4,177416.18,NC_006570,,FTT1367c,FTT1367c,RefSeq.177416.18.NC_006570.CDS.1412770.1413948.rev,RefSeq,CDS,1412770,1413948,1179,-,,,,YP_170316.1,392,pgk,phosphoglycerate kinase,
Francisella tularensis subsp. tularensis SCHU S4,177416.18,NC_006570,fig|177416.18.peg.166,FTT0150,VBIFraTul2086_0166,PATRIC.177416.18.NC_006570.CDS.167609.167857.fwd,PATRIC,CDS,167609,167857,249,+,FIG00000193,PLF_262_00000782,PGF_00178044,YP_169216.1,82,rpsP,SSU ribosomal protein S16p,GO:0003735|structural constituent of ribosome;GO:0005622|intracellular;GO:0005840|ribosome;GO:0006412|translation
Francisella tularensis subsp. tularensis SCHU S4,177416.18,NC_006570,fig|177416.18.peg.1592,,VBIFraTul2086_1592,PATRIC.177416.18.NC_006570.CDS.1427069.1427857.fwd,PATRIC,CDS,1427069,1427857,789,+,FIG00002332,PLF_262_00000631,PGF_10300175,,262,,Inositol-1-monophosphatase (EC 3.1.3.25),
Francisella tularensis subsp. tularensis SCHU S4,177416.18,NC_006570,fig|177416.18.peg.1010,,VBIFraTul2086_1010,PATRIC.177416.18.NC_006570.CDS.888650.890044.rev,PATRIC,CDS,888650,890044,1395,-,FIG01228909,PLF_262_00000960,PGF_08047520,,464,,"Uncharacterized amino acid permease, GabP family",
Francisella tularensis subsp. tularensis SCHU S4,177416.18,NC_006570,fig|177416.18.peg.755,,VBIFraTul2086_0755,PATRIC.177416.18.NC_006570.CDS.680316.680516.rev,PATRIC,CDS,680316,680516,201,-,,PLF_262_00001592,PGF_01719449,,66,,hypothetical protein,
Francisella tularensis subsp. tularensis SCHU S4,177416.18,NC_006570,fig|177416.18.peg.1878,,VBIFraTul2086_1878,PATRIC.177416.18.NC_006570.CDS.1683806.1684222.fwd,PATRIC,CDS,1683806,1684222,417,+,FIG01306568,PLF_262_00000002,PGF_01719295,,138,,Mobile element protein,
Francisella tularensis subsp. tularensis SCHU S4,177416.18,NC_006570,fig|177416.18.peg.627,,VBIFraTul2086_0627,PATRIC.177416.18.NC_006570.CDS.573526.574227.fwd,PATRIC,CDS,573526,574227,702,+,FIG00657798,PLF_262_00001072,PGF_08225224,,233,,hypothetical protein,
Francisella tularensis subsp. tularensis SCHU S4,177416.18,NC_006570,fig|177416.18.peg.128,FTT0116,VBIFraTul2086_0128,PATRIC.177416.18.NC_006570.CDS.125137.126195.fwd,PATRIC,CDS,125137,126195,1059,+,FIG00003474,PLF_262_00001316,PGF_02314384,YP_169186.1,352,nupC,Na+ dependent nucleoside transporter NupC,
Francisella tularensis subsp. tularensis SCHU S4,177416.18,NC_006570,fig|177416.18.peg.833,,VBIFraTul2086_0833,PATRIC.177416.18.NC_006570.CDS.753264.754007.fwd,PATRIC,CDS,753264,754007,744,+,FIG01306568,PLF_262_00000003,PGF_01000105,,247,,Mobile element protein,
Francisella tularensis subsp. tularensis SCHU S4,177416.18,NC_006570,fig|177416.18.peg.1892,,VBIFraTul2086_1892,PATRIC.177416.18.NC_006570.CDS.1696303.1696941.rev,PATRIC,CDS,1696303,1696941,639,-,FIG01030910,PLF_262_00007849,PGF_03001544,,212,,"Hydrolase PA4440, alpha/beta fold family",
Francisella tularensis subsp. tularensis SCHU S4,177416.18,NC_006570,fig|177416.18.peg.618,,VBIFraTul2086_0618,PATRIC.177416.18.NC_006570.CDS.566858.567550.fwd,PATRIC,CDS,566858,567550,693,+,FIG00008411,PLF_262_00000254,PGF_10506571,,230,,DNA polymerase III epsilon subunit (EC 2.7.7.7),GO:0003887|DNA-directed DNA polymerase activity
Francisella tularensis subsp. tularensis SCHU S4,177416.18,NC_006570,fig|177416.18.peg.360,,VBIFraTul2086_0360,PATRIC.177416.18.NC_006570.CDS.337286.337603.fwd,PATRIC,CDS,337286,337603,318,+,FIG00001107,PLF_262_00001089,PGF_00049828,,105,,SSU ribosomal protein S10p (S20e),GO:0003735|structural constituent of ribosome;GO:0005622|intracellular;GO:0005840|ribosome;GO:0006412|translation
Francisella tularensis subsp. tularensis SCHU S4,177416.18,NC_006570,fig|177416.18.peg.382,,VBIFraTul2086_0382,PATRIC.177416.18.NC_006570.CDS.347883.347996.fwd,PATRIC,CDS,347883,347996,114,+,FIG00000229,PLF_262_00000653,PGF_00016424,,37,,"LSU ribosomal protein L36p @ LSU ribosomal protein L36p, zinc-dependent",
Francisella tularensis subsp. tularensis SCHU S4,177416.18,NC_006570,,FTT0401,FTT0401,RefSeq.177416.18.NC_006570.CDS.403507.404229.fwd,RefSeq,CDS,403507,404229,723,+,,,,YP_169446.1,240,,hypothetical protein,
Francisella tularensis subsp. tularensis SCHU S4,177416.18,NC_006570,,FTT0687c,FTT0687c,RefSeq.177416.18.NC_006570.CDS.705162.706529.rev,RefSeq,CDS,705162,706529,1368,-,,,,YP_169703.1,455,hslU,ATP-dependent protease ATP-binding subunit HslU,
Francisella tularensis subsp. tularensis SCHU S4,177416.18,NC_006570,fig|177416.18.peg.1454,,VBIFraTul2086_1454,PATRIC.177416.18.NC_006570.CDS.1282522.1282944.fwd,PATRIC,CDS,1282522,1282944,423,+,FIG00657498,PLF_262_00001430,PGF_00261887,,140,,hypothetical protein,
Francisella tularensis subsp. tularensis SCHU S4,177416.18,NC_006570,,FTT1405c,FTT1405c,RefSeq.177416.18.NC_006570.CDS.1455120.1455878.rev,RefSeq,CDS,1455120,1455878,759,-,,,,YP_170349.1,252,gloB,hydroxyacylglutathione hydrolase,
Francisella tularensis subsp. tularensis SCHU S4,177416.18,NC_006570,,FTT0094c,FTT0094c,RefSeq.177416.18.NC_006570.CDS.97681.99108.rev,RefSeq,CDS,97681,99108,1428,-,,,,YP_169166.1,475,qseC,sensor histidine kinase,
Francisella tularensis subsp. tularensis SCHU S4,177416.18,NC_006570,,FTT0341,FTT0341,RefSeq.177416.18.NC_006570.CDS.345013.345366.fwd,RefSeq,CDS,345013,345366,354,+,,,,YP_169390.1,117,rplR,50S ribosomal protein L18,
Francisella tularensis subsp. tularensis SCHU S4,177416.18,NC_006570,fig|177416.18.peg.215,FTT0195c,VBIFraTul2086_0215,PATRIC.177416.18.NC_006570.CDS.212450.213979.rev,PATRIC,CDS,212450,213979,1530,-,FIG00001174,PLF_262_00000263,PGF_00008192,YP_169256.1,509,,Glutaminase (EC 3.5.1.2),
Francisella tularensis subsp. tularensis SCHU S4,177416.18,NC_006570,,FTT1125,FTT1125,RefSeq.177416.18.NC_006570.CDS.1134846.1136318.fwd,RefSeq,CDS,1134846,1136318,1473,+,,,,YP_170098.1,490,metIQ,"D-methionine binding transport protein, ABC transporter, membrane and periplasmic protein",
Francisella tularensis subsp. tularensis SCHU S4,177416.18,NC_006570,,FTT0021,FTT0021,RefSeq.177416.18.NC_006570.CDS.19622.21043.fwd,RefSeq,CDS,19622,21043,1422,+,,,,YP_169097.1,473,gatB,aspartyl/glutamyl-tRNA amidotransferase subunit B,
Francisella tularensis subsp. tularensis SCHU S4,177416.18,NC_006570,,FTT0920,FTT0920,RefSeq.177416.18.NC_006570.CDS.930937.931721.fwd,RefSeq,CDS,930937,931721,327,+,,,,YP_169917.1,261,isftu1,transposase,
Francisella tularensis subsp. tularensis SCHU S4,177416.18,NC_006570,,FTT0822,FTT0822,RefSeq.177416.18.NC_006570.CDS.839218.840002.fwd,RefSeq,CDS,839218,840002,459,+,,,,YP_169829.1,261,isftu1,transposase,
Francisella tularensis subsp. tularensis SCHU S4,177416.18,NC_006570,,FTT0912c,FTT0912c,RefSeq.177416.18.NC_006570.CDS.920007.920627.rev,RefSeq,CDS,920007,920627,621,-,,,,YP_169909.1,206,rrmJ,ribosomal large subunit methyltransferase J,
Francisella tularensis subsp. tularensis SCHU S4,177416.18,NC_006570,,FTT1331,FTT1331,RefSeq.177416.18.NC_006570.CDS.1360265.1361164.fwd,RefSeq,CDS,1360265,1361164,900,+,,,,YP_170283.1,299,cscK,fructokinase,
Francisella tularensis subsp. tularensis SCHU S4,177416.18,NC_006570,,FTT0896,FTT0896,RefSeq.177416.18.NC_006570.CDS.905381.905872.fwd,RefSeq,CDS,905381,905872,492,+,,,,YP_169893.1,163,purE,"phosphoribosylaminoimidazole carboxylase,catalyic subunit",
Francisella tularensis subsp. tularensis SCHU S4,177416.18,NC_006570,,FTT0571,FTT0571,RefSeq.177416.18.NC_006570.CDS.588021.588728.fwd,RefSeq,CDS,588021,588728,708,+,,,,YP_169596.1,235,,hypothetical protein,
Francisella tularensis subsp. tularensis SCHU S4,177416.18,NC_006570,,FTT1253,FTT1253,RefSeq.177416.18.NC_006570.CDS.1273221.1274708.fwd,RefSeq,CDS,1273221,1274708,1488,+,,,,YP_170211.1,495,,proton-dependent oligopeptide transport (POT) family protein,
Francisella tularensis subsp. tularensis SCHU S4,177416.18,NC_006570,,FTT0451,FTT0451,RefSeq.177416.18.NC_006570.CDS.468255.469505.fwd,RefSeq,CDS,468255,469505,1251,+,,,,YP_169489.1,416,murD,UDP-N-acetylmuramoylalanine--D-glutamate ligase,
Francisella tularensis subsp. tularensis SCHU S4,177416.18,NC_006570,fig|177416.18.peg.196,FTT0177c,VBIFraTul2086_0196,PATRIC.177416.18.NC_006570.CDS.191745.192170.rev,PATRIC,CDS,191745,192170,426,-,FIG01313145,PLF_262_00001462,PGF_10420503,YP_169239.1,141,,Acetyltransferase,
Francisella tularensis subsp. tularensis SCHU S4,177416.18,NC_006570,fig|177416.18.peg.725,,VBIFraTul2086_0725,PATRIC.177416.18.NC_006570.CDS.656617.656928.fwd,PATRIC,CDS,656617,656928,312,+,FIG00000134,PLF_262_00000050,PGF_03316046,,103,,Threonine synthase (EC 4.2.3.1),GO:0004795|threonine synthase activity
Francisella tularensis subsp. tularensis SCHU S4,177416.18,NC_006570,fig|177416.18.peg.1595,,VBIFraTul2086_1595,PATRIC.177416.18.NC_006570.CDS.1429699.1429965.rev,PATRIC,CDS,1429699,1429965,267,-,FIG00657474,PLF_262_00001720,PGF_05146839,,88,,hypothetical protein,
Francisella tularensis subsp. tularensis SCHU S4,177416.18,NC_006570,fig|177416.18.peg.1277,,VBIFraTul2086_1277,PATRIC.177416.18.NC_006570.CDS.1116995.1118359.rev,PATRIC,CDS,1116995,1118359,1365,-,FIG00001690,PLF_262_00000122,PGF_00979882,,454,,High-affinity choline uptake protein BetT,
Francisella tularensis subsp. tularensis SCHU S4,177416.18,NC_006570,fig|177416.18.peg.1525,,VBIFraTul2086_1525,PATRIC.177416.18.NC_006570.CDS.1349412.1350572.fwd,PATRIC,CDS,1349412,1350572,1161,+,FIG01103156,PLF_262_00000840,PGF_01722165,,386,,FIG015287: Zinc protease,
Francisella tularensis subsp. tularensis SCHU S4,177416.18,NC_006570,fig|177416.18.peg.860,,VBIFraTul2086_0860,PATRIC.177416.18.NC_006570.CDS.771106.772092.rev,PATRIC,CDS,771106,772092,987,-,FIG00967246,PLF_262_00001327,PGF_02012539,,328,,Putative exported protein precursor,
Francisella tularensis subsp. tularensis SCHU S4,177416.18,NC_006570,fig|177416.18.peg.945,,VBIFraTul2086_0945,PATRIC.177416.18.NC_006570.CDS.841267.841602.rev,PATRIC,CDS,841267,841602,336,-,FIG00658024,PLF_262_00000996,PGF_01722217,,111,,hypothetical protein,
Francisella tularensis subsp. tularensis SCHU S4,177416.18,NC_006570,fig|177416.18.peg.1160,,VBIFraTul2086_1160,PATRIC.177416.18.NC_006570.CDS.1022350.1022523.fwd,PATRIC,CDS,1022350,1022523,174,+,FIG01426333,PLF_262_00006589,PGF_00405747,,57,,putative Bax protein,
Francisella tularensis subsp. tularensis SCHU S4,177416.18,NC_006570,fig|177416.18.peg.623,,VBIFraTul2086_0623,PATRIC.177416.18.NC_006570.CDS.570384.570833.fwd,PATRIC,CDS,570384,570833,450,+,FIG01481243,PLF_262_00000012,PGF_00751526,,149,,L-lysine dehydrogenase,
Francisella tularensis subsp. tularensis SCHU S4,177416.18,NC_006570,fig|177416.18.peg.438,,VBIFraTul2086_0438,PATRIC.177416.18.NC_006570.CDS.394693.395541.fwd,PATRIC,CDS,394693,395541,849,+,FIG00657731,PLF_262_00000864,PGF_01722182,,282,,interaptin,
Francisella tularensis subsp. tularensis SCHU S4,177416.18,NC_006570,fig|177416.18.peg.2048,,VBIFraTul2086_2048,PATRIC.177416.18.NC_006570.CDS.1847963.1848436.rev,PATRIC,CDS,1847963,1848436,474,-,FIG01629328,PLF_262_00000070,PGF_01722150,,157,,C3: similar to Vanillate O-demethylase oxygenase,
Francisella tularensis subsp. tularensis SCHU S4,177416.18,NC_006570,fig|177416.18.peg.1263,,VBIFraTul2086_1263,PATRIC.177416.18.NC_006570.CDS.1108169.1108615.fwd,PATRIC,CDS,1108169,1108615,447,+,FIG00657467,PLF_262_00001352,PGF_00137374,,148,,hypothetical protein,
Francisella tularensis subsp. tularensis SCHU S4,177416.18,NC_006570,fig|177416.18.peg.2092,,VBIFraTul2086_2092,PATRIC.177416.18.NC_006570.CDS.1885655.1886023.rev,PATRIC,CDS,1885655,1886023,369,-,FIG00638284,PLF_262_00001200,PGF_01719334,,122,,hypothetical protein,
Francisella tularensis subsp. tularensis SCHU S4,177416.18,NC_006570,fig|177416.18.peg.791,,VBIFraTul2086_0791,PATRIC.177416.18.NC_006570.CDS.712510.714609.fwd,PATRIC,CDS,712510,714609,2100,+,FIG01024699,PLF_262_00000743,PGF_01722154,,699,,2-acylglycerophosphoethanolamine acyltransferase (EC 2.3.1.40) / Acyl-[acyl-carrier-protein] synthetase (EC 6.2.1.20),GO:0008779|acyl-[acyl-carrier-protein]-phospholipid O-acyltransferase activity;GO:0008922|long-chain fatty acid [acyl-carrier-protein] ligase activity
Francisella tularensis subsp. tularensis SCHU S4,177416.18,NC_006570,fig|177416.18.peg.395,,VBIFraTul2086_0395,PATRIC.177416.18.NC_006570.CDS.357361.357777.rev,PATRIC,CDS,357361,357777,417,-,FIG01306568,PLF_262_00000002,PGF_01719295,,138,,Mobile element protein,
Francisella tularensis subsp. tularensis SCHU S4,177416.18,NC_006570,fig|177416.18.peg.1671,,VBIFraTul2086_1671,PATRIC.177416.18.NC_006570.CDS.1498410.1498526.rev,PATRIC,CDS,1498410,1498526,117,-,FIG01318104,PLF_262_00000002,PGF_01719295,,38,,Mobile element protein,
Francisella tularensis subsp. tularensis SCHU S4,177416.18,NC_006570,fig|177416.18.peg.68,FTT0062,VBIFraTul2086_0068,PATRIC.177416.18.NC_006570.CDS.62337.63878.fwd,PATRIC,CDS,62337,63878,1542,+,FIG00000082,PLF_262_00000526,PGF_04569524,YP_169137.1,513,atpA,ATP synthase alpha chain (EC 3.6.3.14),"GO:0046933|hydrogen ion transporting ATP synthase activity, rotational mechanism;GO:0046961|hydrogen ion transporting ATPase activity, rotational mechanism"
Francisella tularensis subsp. tularensis SCHU S4,177416.18,NC_006570,,FTT0146,FTT0146,RefSeq.177416.18.NC_006570.CDS.163417.163653.fwd,RefSeq,CDS,163417,163653,237,+,,,,YP_169212.1,78,,hypothetical protein,
Francisella tularensis subsp. tularensis SCHU S4,177416.18,NC_006570,,FTT1510c,FTT1510c,RefSeq.177416.18.NC_006570.CDS.1564401.1565597.rev,RefSeq,CDS,1564401,1565597,1197,-,,,,YP_170444.1,398,,aromatic amino acid HAAP transporter,
Francisella tularensis subsp. tularensis SCHU S4,177416.18,NC_006570,,FTT1744c,FTT1744c,RefSeq.177416.18.NC_006570.CDS.1833415.1835112.rev,RefSeq,CDS,1833415,1835112,1698,-,,,,YP_170639.1,565,ipdC,indolepyruvate decarboxylase,
Francisella tularensis subsp. tularensis SCHU S4,177416.18,NC_006570,fig|177416.18.peg.1497,,VBIFraTul2086_1497,PATRIC.177416.18.NC_006570.CDS.1320592.1321344.fwd,PATRIC,CDS,1320592,1321344,753,+,FIG01303154,PLF_262_00000502,PGF_00401752,,250,,"2-methoxy-6-polyprenyl-1,4-benzoquinol methylase (EC 2.1.1.201)",
Francisella tularensis subsp. tularensis SCHU S4,177416.18,NC_006570,,FTT1106,FTT1106,RefSeq.177416.18.NC_006570.CDS.1116528.1117004.fwd,RefSeq,CDS,1116528,1117004,477,+,,,,YP_170081.1,158,tspO,tryptophan-rich sensory protein,
Francisella tularensis subsp. tularensis SCHU S4,177416.18,NC_006570,,FTT0504c,FTT0504c,RefSeq.177416.18.NC_006570.CDS.523408.524571.rev,RefSeq,CDS,523408,524571,1164,-,,,,YP_169539.1,387,sucC,succinyl-CoA synthetase subunit beta,
Francisella tularensis subsp. tularensis SCHU S4,177416.18,NC_006570,,FTT0188,FTT0188,RefSeq.177416.18.NC_006570.CDS.203748.204893.fwd,RefSeq,CDS,203748,204893,1146,+,,,,YP_169249.1,381,ftsZ,cell division protein FtsZ,
Francisella tularensis subsp. tularensis SCHU S4,177416.18,NC_006570,fig|177416.18.peg.778,,VBIFraTul2086_0778,PATRIC.177416.18.NC_006570.CDS.700056.700874.rev,PATRIC,CDS,700056,700874,819,-,FIG00001257,PLF_262_00001108,PGF_09449034,,272,,Leader peptidase (Prepilin peptidase) (EC 3.4.23.43) / N-methyltransferase (EC 2.1.1.-),
Francisella tularensis subsp. tularensis SCHU S4,177416.18,NC_006570,,FTT0679c,FTT0679c,RefSeq.177416.18.NC_006570.CDS.696601.697692.rev,RefSeq,CDS,696601,697692,1092,-,,,,YP_169695.1,363,,GTP-dependent nucleic acid-binding protein EngD,
Francisella tularensis subsp. tularensis SCHU S4,177416.18,NC_006570,,FTT1010,FTT1010,RefSeq.177416.18.NC_006570.CDS.1021669.1021872.fwd,RefSeq,CDS,1021669,1021872,204,+,,,,YP_169996.1,67,,helix-turn-helix family protein,
Francisella tularensis subsp. tularensis SCHU S4,177416.18,NC_006570,,FTT1140,FTT1140,RefSeq.177416.18.NC_006570.CDS.1153451.1153648.fwd,RefSeq,CDS,1153451,1153648,198,+,,,,YP_170110.1,65,,hypothetical protein,
Francisella tularensis subsp. tularensis SCHU S4,177416.18,NC_006570,,FTT1213,FTT1213,RefSeq.177416.18.NC_006570.CDS.1231677.1232390.fwd,RefSeq,CDS,1231677,1232390,714,+,,,,YP_170171.1,237,,YhhQ family protein,
Francisella tularensis subsp. tularensis SCHU S4,177416.18,NC_006570,,FTT1742c,FTT1742c,RefSeq.177416.18.NC_006570.CDS.1831894.1832678.rev,RefSeq,CDS,1831894,1832678,327,-,,,,YP_170638.1,261,isftu1,transposase,
Francisella tularensis subsp. tularensis SCHU S4,177416.18,NC_006570,,FTT0105c,FTT0105c,RefSeq.177416.18.NC_006570.CDS.109207.112320.rev,RefSeq,CDS,109207,112320,3114,-,,,,YP_169175.1,1037,,AcrB/AcrD/AcrF family transporter,
Francisella tularensis subsp. tularensis SCHU S4,177416.18,NC_006570,fig|177416.18.peg.1870,,VBIFraTul2086_1870,PATRIC.177416.18.NC_006570.CDS.1678557.1678973.fwd,PATRIC,CDS,1678557,1678973,417,+,FIG01306568,PLF_262_00000002,PGF_01719295,,138,,Mobile element protein,
Francisella tularensis subsp. tularensis SCHU S4,177416.18,NC_006570,,FTT0325,FTT0325,RefSeq.177416.18.NC_006570.CDS.337708.338343.fwd,RefSeq,CDS,337708,338343,636,+,,,,YP_169374.1,211,rplC,50S ribosomal protein L3,
Francisella tularensis subsp. tularensis SCHU S4,177416.18,NC_006570,fig|177416.18.peg.408,,VBIFraTul2086_0408,PATRIC.177416.18.NC_006570.CDS.366205.366420.fwd,PATRIC,CDS,366205,366420,216,+,FIG01956156,PLF_262_00000649,PGF_05770273,,71,,"LSU ribosomal protein L31p @ LSU ribosomal protein L31p, zinc-dependent",GO:0003735|structural constituent of ribosome;GO:0005622|intracellular;GO:0005840|ribosome;GO:0006412|translation
Francisella tularensis subsp. tularensis SCHU S4,177416.18,NC_006570,fig|177416.18.peg.123,FTT0111,VBIFraTul2086_0123,PATRIC.177416.18.NC_006570.CDS.118323.121016.fwd,PATRIC,CDS,118323,121016,2694,+,FIG00000404,PLF_262_00000576,PGF_10347756,YP_169181.1,897,polA,DNA polymerase I (EC 2.7.7.7),GO:0003887|DNA-directed DNA polymerase activity
Francisella tularensis subsp. tularensis SCHU S4,177416.18,NC_006570,,FTT0831c,FTT0831c,RefSeq.177416.18.NC_006570.CDS.847951.849204.rev,RefSeq,CDS,847951,849204,1254,-,,,,YP_169836.1,417,,OmpA family protein,
Francisella tularensis subsp. tularensis SCHU S4,177416.18,NC_006570,,FTT0788c,FTT0788c,RefSeq.177416.18.NC_006570.CDS.805895.806878.rev,RefSeq,CDS,805895,806878,984,-,,,,YP_169795.1,327,kdsD,arabinose phosphate isomerase,
Francisella tularensis subsp. tularensis SCHU S4,177416.18,NC_006570,,FTT1255c,FTT1255c,RefSeq.177416.18.NC_006570.CDS.1276495.1277343.rev,RefSeq,CDS,1276495,1277343,849,-,,,,YP_170213.1,282,,transcriptional regulator araC family protein,
Francisella tularensis subsp. tularensis SCHU S4,177416.18,NC_006570,,FTT1231,FTT1231,RefSeq.177416.18.NC_006570.CDS.1249170.1250366.fwd,RefSeq,CDS,1249170,1250366,1197,+,,,,YP_170189.1,398,mesJ,PP-loop family protein,
Francisella tularensis subsp. tularensis SCHU S4,177416.18,NC_006570,,FTT1305c,FTT1305c,RefSeq.177416.18.NC_006570.CDS.1327750.1329084.rev,RefSeq,CDS,1327750,1329084,1335,-,,,,YP_170259.1,444,murA,UDP-N-acetylglucosamine 1-carboxyvinyltransferase,
Francisella tularensis subsp. tularensis SCHU S4,177416.18,NC_006570,fig|177416.18.peg.2029,,VBIFraTul2086_2029,PATRIC.177416.18.NC_006570.CDS.1835322.1835525.rev,PATRIC,CDS,1835322,1835525,204,-,FIG00000664,PLF_262_00001963,PGF_02295498,,67,,"Ferredoxin, 2Fe-2S",GO:0005506|iron ion binding;GO:0006118|electron transport;GO:0009055|electron carrier activity
Francisella tularensis subsp. tularensis SCHU S4,177416.18,NC_006570,fig|177416.18.peg.321,,VBIFraTul2086_0321,PATRIC.177416.18.NC_006570.CDS.300608.301651.rev,PATRIC,CDS,300608,301651,1044,-,FIG00138404,PLF_262_00000118,PGF_00063948,,347,,UDP-3-O-[3-hydroxymyristoyl] glucosamine N-acyltransferase (EC 2.3.1.191),
Francisella tularensis subsp. tularensis SCHU S4,177416.18,NC_006570,fig|177416.18.peg.378,,VBIFraTul2086_0378,PATRIC.177416.18.NC_006570.CDS.345393.345893.fwd,PATRIC,CDS,345393,345893,501,+,FIG00000155,PLF_262_00000447,PGF_00049896,,166,,SSU ribosomal protein S5p (S2e),GO:0003735|structural constituent of ribosome;GO:0005622|intracellular;GO:0005840|ribosome;GO:0006412|translation
Francisella tularensis subsp. tularensis SCHU S4,177416.18,NC_006570,fig|177416.18.peg.2037,,VBIFraTul2086_2037,PATRIC.177416.18.NC_006570.CDS.1840480.1841634.fwd,PATRIC,CDS,1840480,1841634,1155,+,FIG00067248,PLF_262_00001080,PGF_09945671,,384,,Acetate kinase (EC 2.7.2.1),GO:0008776|acetate kinase activity
Francisella tularensis subsp. tularensis SCHU S4,177416.18,NC_006570,fig|177416.18.peg.416,,VBIFraTul2086_0416,PATRIC.177416.18.NC_006570.CDS.373923.375563.rev,PATRIC,CDS,373923,375563,1641,-,FIG00000176,PLF_262_00000551,PGF_00416129,,546,,CTP synthase (EC 6.3.4.2),GO:0003883|CTP synthase activity
Francisella tularensis subsp. tularensis SCHU S4,177416.18,NC_006570,fig|177416.18.peg.1632,,VBIFraTul2086_1632,PATRIC.177416.18.NC_006570.CDS.1467577.1467990.rev,PATRIC,CDS,1467577,1467990,414,-,FIG00657826,PLF_262_00001450,PGF_01719389,,137,,hypothetical protein,
Francisella tularensis subsp. tularensis SCHU S4,177416.18,NC_006570,fig|177416.18.peg.1672,,VBIFraTul2086_1672,PATRIC.177416.18.NC_006570.CDS.1498514.1498894.rev,PATRIC,CDS,1498514,1498894,381,-,FIG01306568,PLF_262_00000001,PGF_01719295,,126,,Mobile element protein,
Francisella tularensis subsp. tularensis SCHU S4,177416.18,NC_006570,fig|177416.18.peg.218,FTT0198,VBIFraTul2086_0218,PATRIC.177416.18.NC_006570.CDS.216293.216811.fwd,PATRIC,CDS,216293,216811,519,+,FIG01460784,PLF_262_00001312,PGF_07300582,YP_169259.1,172,blc,Lipocalin Blc,
Francisella tularensis subsp. tularensis SCHU S4,177416.18,NC_006570,fig|177416.18.peg.2089,,VBIFraTul2086_2089,PATRIC.177416.18.NC_006570.CDS.1883012.1884373.rev,PATRIC,CDS,1883012,1884373,1362,-,FIG00023726,PLF_262_00000388,PGF_00014053,,453,,Indole-3-glycerol phosphate synthase (EC 4.1.1.48) / Phosphoribosylanthranilate isomerase (EC 5.3.1.24),GO:0004425|indole-3-glycerol-phosphate synthase activity;GO:0004640|phosphoribosylanthranilate isomerase activity
Francisella tularensis subsp. tularensis SCHU S4,177416.18,NC_006570,fig|177416.18.peg.1132,,VBIFraTul2086_1132,PATRIC.177416.18.NC_006570.CDS.996644.996832.fwd,PATRIC,CDS,996644,996832,189,+,FIG00657433,PLF_262_00001511,PGF_01719406,,62,,hypothetical protein,
Francisella tularensis subsp. tularensis SCHU S4,177416.18,NC_006570,fig|177416.18.peg.1872,,VBIFraTul2086_1872,PATRIC.177416.18.NC_006570.CDS.1679460.1680839.fwd,PATRIC,CDS,1679460,1680839,1380,+,FIG00000086,PLF_262_00000570,PGF_02797400,,459,,Cysteinyl-tRNA synthetase (EC 6.1.1.16),GO:0004817|cysteine-tRNA ligase activity
Francisella tularensis subsp. tularensis SCHU S4,177416.18,NC_006570,,FTT1073c,FTT1073c,RefSeq.177416.18.NC_006570.CDS.1084832.1085203.rev,RefSeq,CDS,1084832,1085203,372,-,,,,YP_170052.1,123,,hypothetical protein,
Francisella tularensis subsp. tularensis SCHU S4,177416.18,NC_006570,fig|177416.18.peg.1837,,VBIFraTul2086_1837,PATRIC.177416.18.NC_006570.CDS.1650177.1651616.rev,PATRIC,CDS,1650177,1651616,1440,-,FIG01426800,PLF_262_00000130,PGF_07229883,,479,,Amino acid-proton symporter related protein,
Francisella tularensis subsp. tularensis SCHU S4,177416.18,NC_006570,fig|177416.18.peg.3,,VBIFraTul2086_0003,PATRIC.177416.18.NC_006570.CDS.2692.3096.rev,PATRIC,CDS,2692,3096,405,-,FIG01435430,PLF_262_00001490,PGF_01719399,,134,,Proline/betaine transporter,
Francisella tularensis subsp. tularensis SCHU S4,177416.18,NC_006570,fig|177416.18.peg.2057,,VBIFraTul2086_2057,PATRIC.177416.18.NC_006570.CDS.1855286.1857106.rev,PATRIC,CDS,1855286,1857106,1821,-,FIG00001347,PLF_262_00001036,PGF_03139283,,606,,Chitinase (EC 3.2.1.14),GO:0004568|chitinase activity
Francisella tularensis subsp. tularensis SCHU S4,177416.18,NC_006570,fig|177416.18.peg.1193,,VBIFraTul2086_1193,PATRIC.177416.18.NC_006570.CDS.1053023.1053439.fwd,PATRIC,CDS,1053023,1053439,417,+,FIG00002515,PLF_262_00001461,PGF_00424232,,138,,4-hydroxybenzoyl-CoA thioesterase family active site,GO:0003824|catalytic activity
Francisella tularensis subsp. tularensis SCHU S4,177416.18,NC_006570,fig|177416.18.peg.410,,VBIFraTul2086_0410,PATRIC.177416.18.NC_006570.CDS.368189.369733.rev,PATRIC,CDS,368189,369733,1545,-,FIG00001204,PLF_262_00001421,PGF_07235150,,514,,Peptidoglycan lipid II flippase MurJ,
Francisella tularensis subsp. tularensis SCHU S4,177416.18,NC_006570,fig|177416.18.peg.1538,,VBIFraTul2086_1538,PATRIC.177416.18.NC_006570.CDS.1363584.1365365.fwd,PATRIC,CDS,1363584,1365365,1782,+,FIG01010650,PLF_262_00000818,PGF_00596539,,593,,"Efflux ABC transporter for glutathione/L-cysteine, essential for assembly of bd-type respiratory oxidases => CydD subunit",
Francisella tularensis subsp. tularensis SCHU S4,177416.18,NC_006570,fig|177416.18.peg.2016,,VBIFraTul2086_2016,PATRIC.177416.18.NC_006570.CDS.1823001.1823216.rev,PATRIC,CDS,1823001,1823216,216,-,FIG00657774,PLF_262_00001520,PGF_00190689,,71,,hypothetical protein,
Francisella tularensis subsp. tularensis SCHU S4,177416.18,NC_006570,fig|177416.18.peg.2049,,VBIFraTul2086_2049,PATRIC.177416.18.NC_006570.CDS.1848530.1849681.fwd,PATRIC,CDS,1848530,1849681,1152,+,FIG00000831,PLF_262_00000690,PGF_06945838,,383,,Na+/H+ antiporter NhaA type,
Francisella tularensis subsp. tularensis SCHU S4,177416.18,NC_006570,fig|177416.18.peg.192,FTT0174,VBIFraTul2086_0192,PATRIC.177416.18.NC_006570.CDS.188216.188785.fwd,PATRIC,CDS,188216,188785,570,+,FIG00005898,PLF_262_00000555,PGF_03081665,YP_169237.1,189,,"Cell division integral membrane protein, YggT and half-length relatives",
Francisella tularensis subsp. tularensis SCHU S4,177416.18,NC_006570,fig|177416.18.peg.1999,,VBIFraTul2086_1999,PATRIC.177416.18.NC_006570.CDS.1801877.1802080.rev,PATRIC,CDS,1801877,1802080,204,-,FIG00003334,PLF_262_00001689,PGF_01889325,,67,,DNA-cytosine methyltransferase (EC 2.1.1.37),
Francisella tularensis subsp. tularensis SCHU S4,177416.18,NC_006570,fig|177416.18.peg.331,,VBIFraTul2086_0331,PATRIC.177416.18.NC_006570.CDS.308992.310617.fwd,PATRIC,CDS,308992,310617,1626,+,FIG00009446,PLF_262_00001157,PGF_00400128,,541,,Aerotolerance protein BatD,
Francisella tularensis subsp. tularensis SCHU S4,177416.18,NC_006570,,FTT1132c,FTT1132c,RefSeq.177416.18.NC_006570.CDS.1144310.1145062.rev,RefSeq,CDS,1144310,1145062,753,-,,,,YP_170104.1,250,glpQ,glycerophosphoryl diester phosphodiesterase,
Francisella tularensis subsp. tularensis SCHU S4,177416.18,NC_006570,,FTT1465c,FTT1465c,RefSeq.177416.18.NC_006570.CDS.1516553.1517296.rev,RefSeq,CDS,1516553,1517296,744,-,,,,YP_170402.1,247,isftu2,transposase,
Francisella tularensis subsp. tularensis SCHU S4,177416.18,NC_006570,,FTT1422,FTT1422,RefSeq.177416.18.NC_006570.CDS.1471194.1471814.fwd,RefSeq,CDS,1471194,1471814,621,+,,,,YP_170365.1,206,,oxidoreductase,
Francisella tularensis subsp. tularensis SCHU S4,177416.18,NC_006570,,FTT1701,FTT1701,RefSeq.177416.18.NC_006570.CDS.1779042.1779419.fwd,RefSeq,CDS,1779042,1779419,378,+,,,,YP_170606.1,125,,hypothetical protein,
Francisella tularensis subsp. tularensis SCHU S4,177416.18,NC_006570,,FTT1498c,FTT1498c,RefSeq.177416.18.NC_006570.CDS.1551147.1552094.rev,RefSeq,CDS,1551147,1552094,948,-,,,,YP_170433.1,315,accA,Acetyl-coenzyme A carboxylase carboxyl transferase subunit alpha,
Francisella tularensis subsp. tularensis SCHU S4,177416.18,NC_006570,,FTT0554,FTT0554,RefSeq.177416.18.NC_006570.CDS.573211.573483.fwd,RefSeq,CDS,573211,573483,273,+,,,,YP_169580.1,90,,hypothetical protein,
Francisella tularensis subsp. tularensis SCHU S4,177416.18,NC_006570,,FTT1477c,FTT1477c,RefSeq.177416.18.NC_006570.CDS.1529717.1530112.rev,RefSeq,CDS,1529717,1530112,396,-,,,,YP_170413.1,131,,hypothetical protein,
Francisella tularensis subsp. tularensis SCHU S4,177416.18,NC_006570,fig|177416.18.peg.786,,VBIFraTul2086_0786,PATRIC.177416.18.NC_006570.CDS.709046.710236.fwd,PATRIC,CDS,709046,710236,1191,+,,PLF_262_00001155,PGF_00063916,,396,,Tyrosyl-tRNA synthetase (EC 6.1.1.1),GO:0004831|tyrosine-tRNA ligase activity
Francisella tularensis subsp. tularensis SCHU S4,177416.18,NC_006570,fig|177416.18.peg.1412,,VBIFraTul2086_1412,PATRIC.177416.18.NC_006570.CDS.1238038.1238574.rev,PATRIC,CDS,1238038,1238574,537,-,FIG00037488,PLF_262_00001308,PGF_00003056,,178,,FIG037488: Putative conserved exported protein precursor,
Francisella tularensis subsp. tularensis SCHU S4,177416.18,NC_006570,,FTT0722c,FTT0722c,RefSeq.177416.18.NC_006570.CDS.744290.745074.rev,RefSeq,CDS,744290,745074,327,-,,,,YP_169736.1,261,isftu1,transposase,
Francisella tularensis subsp. tularensis SCHU S4,177416.18,NC_006570,fig|177416.18.peg.1389,,VBIFraTul2086_1389,PATRIC.177416.18.NC_006570.CDS.1214431.1215228.rev,PATRIC,CDS,1214431,1215228,798,-,FIG00000397,PLF_262_00000261,PGF_00008106,,265,,Glutamate racemase (EC 5.1.1.3),GO:0008881|glutamate racemase activity
Francisella tularensis subsp. tularensis SCHU S4,177416.18,NC_006570,fig|177416.18.peg.422,,VBIFraTul2086_0422,PATRIC.177416.18.NC_006570.CDS.379982.380947.rev,PATRIC,CDS,379982,380947,966,-,FIG00657767,PLF_262_00000067,PGF_01722143,,321,,hypothetical protein,
Francisella tularensis subsp. tularensis SCHU S4,177416.18,NC_006570,fig|177416.18.peg.1375,,VBIFraTul2086_1375,PATRIC.177416.18.NC_006570.CDS.1203515.1204150.fwd,PATRIC,CDS,1203515,1204150,636,+,FIG00658039,PLF_262_00001645,PGF_01719474,,211,,hypothetical protein,
Francisella tularensis subsp. tularensis SCHU S4,177416.18,NC_006570,fig|177416.18.peg.2038,,VBIFraTul2086_2038,PATRIC.177416.18.NC_006570.CDS.1841776.1843740.fwd,PATRIC,CDS,1841776,1843740,1965,+,FIG00000522,PLF_262_00000894,PGF_01937476,,654,,BioD-like N-terminal domain / Phosphate acetyltransferase (EC 2.3.1.8),GO:0008959|phosphate acetyltransferase activity
Francisella tularensis subsp. tularensis SCHU S4,177416.18,NC_006570,fig|177416.18.peg.1358,,VBIFraTul2086_1358,PATRIC.177416.18.NC_006570.CDS.1189242.1189769.rev,PATRIC,CDS,1189242,1189769,528,-,FIG00657923,PLF_262_00001701,PGF_01719501,,175,,hypothetical protein,
Francisella tularensis subsp. tularensis SCHU S4,177416.18,NC_006570,,FTT1576,FTT1576,RefSeq.177416.18.NC_006570.CDS.1640165.1640710.fwd,RefSeq,CDS,1640165,1640710,546,+,,,,YP_170498.1,181,,hypothetical protein,
Francisella tularensis subsp. tularensis SCHU S4,177416.18,NC_006570,,FTT0355c,FTT0355c,RefSeq.177416.18.NC_006570.CDS.354206.354990.rev,RefSeq,CDS,354206,354990,327,-,,,,YP_169403.1,261,isftu1,transposase,
Francisella tularensis subsp. tularensis SCHU S4,177416.18,NC_006570,,FTT1368c,FTT1368c,RefSeq.177416.18.NC_006570.CDS.1413967.1415013.rev,RefSeq,CDS,1413967,1415013,1047,-,,,,YP_170317.1,348,gapA,glyceraldehyde-3-phosphate dehydrogenase,
Francisella tularensis subsp. tularensis SCHU S4,177416.18,NC_006570,,FTT1502,FTT1502,RefSeq.177416.18.NC_006570.CDS.1556757.1557974.fwd,RefSeq,CDS,1556757,1557974,1218,+,,,,YP_170436.1,405,,aromatic amino acid HAAP transporter,
Francisella tularensis subsp. tularensis SCHU S4,177416.18,NC_006570,fig|177416.18.peg.671,,VBIFraTul2086_0671,PATRIC.177416.18.NC_006570.CDS.609090.609680.fwd,PATRIC,CDS,609090,609680,591,+,FIG00657994,PLF_262_00001452,PGF_01720335,,196,,hypothetical protein,
Francisella tularensis subsp. tularensis SCHU S4,177416.18,NC_006570,,FTT0690c,FTT0690c,RefSeq.177416.18.NC_006570.CDS.708032.708934.rev,RefSeq,CDS,708032,708934,903,-,,,,YP_169706.1,300,lplA,lipoate-protein ligase A,
Francisella tularensis subsp. tularensis SCHU S4,177416.18,NC_006570,,FTT1307c,FTT1307c,RefSeq.177416.18.NC_006570.CDS.1330636.1331172.rev,RefSeq,CDS,1330636,1331172,537,-,,,,YP_170261.1,178,,hypothetical protein,
Francisella tularensis subsp. tularensis SCHU S4,177416.18,NC_006570,,FTT0582,FTT0582,RefSeq.177416.18.NC_006570.CDS.598968.599213.fwd,RefSeq,CDS,598968,599213,246,+,,,,YP_169606.1,81,fdx,ferredoxin,
Francisella tularensis subsp. tularensis SCHU S4,177416.18,NC_006570,,FTT1702,FTT1702,RefSeq.177416.18.NC_006570.CDS.1779432.1779926.fwd,RefSeq,CDS,1779432,1779926,495,+,,,,YP_170607.1,164,,hypothetical protein,
Francisella tularensis subsp. tularensis SCHU S4,177416.18,NC_006570,,FTT0319,FTT0319,RefSeq.177416.18.NC_006570.CDS.333070.333516.fwd,RefSeq,CDS,333070,333516,447,+,,,,YP_169368.1,148,dut,deoxyuridine 5'-triphosphate nucleotidohydrolase,
Francisella tularensis subsp. tularensis SCHU S4,177416.18,NC_006570,,FTT0968c,FTT0968c,RefSeq.177416.18.NC_006570.CDS.979374.980789.rev,RefSeq,CDS,979374,980789,1416,-,,,,YP_169957.1,471,,amino acid antiporter,
Francisella tularensis subsp. tularensis SCHU S4,177416.18,NC_006570,,FTT0913,FTT0913,RefSeq.177416.18.NC_006570.CDS.920785.921252.fwd,RefSeq,CDS,920785,921252,468,+,,,,YP_169910.1,155,,hypothetical protein,
Francisella tularensis subsp. tularensis SCHU S4,177416.18,NC_006570,,FTT0378c,FTT0378c,RefSeq.177416.18.NC_006570.CDS.379983.380978.rev,RefSeq,CDS,379983,380978,996,-,,,,YP_169424.1,331,,hypothetical protein,
Francisella tularensis subsp. tularensis SCHU S4,177416.18,NC_006570,,FTT1578c,FTT1578c,RefSeq.177416.18.NC_006570.CDS.1641866.1642528.rev,RefSeq,CDS,1641866,1642528,663,-,,,,YP_170500.1,220,ung,uracil-DNA glycosylase,
Francisella tularensis subsp. tularensis SCHU S4,177416.18,NC_006570,,FTT0751c,FTT0751c,RefSeq.177416.18.NC_006570.CDS.773356.773559.rev,RefSeq,CDS,773356,773559,204,-,,,,YP_169762.1,67,cspA,cold shock protein,
Francisella tularensis subsp. tularensis SCHU S4,177416.18,NC_006570,fig|177416.18.peg.1551,,VBIFraTul2086_1551,PATRIC.177416.18.NC_006570.CDS.1386552.1388282.fwd,PATRIC,CDS,1386552,1388282,1731,+,FIG00000404,PLF_262_00001056,PGF_00421470,,576,,DNA polymerase I (EC 2.7.7.7),GO:0003887|DNA-directed DNA polymerase activity
Francisella tularensis subsp. tularensis SCHU S4,177416.18,NC_006570,fig|177416.18.peg.928,,VBIFraTul2086_0928,PATRIC.177416.18.NC_006570.CDS.829947.830549.rev,PATRIC,CDS,829947,830549,603,-,FIG00000190,PLF_262_00000437,PGF_02463284,,200,,Recombination protein RecR,GO:0003676|nucleic acid binding;GO:0006281|DNA repair;GO:0006304|DNA modification;GO:0006310|DNA recombination
Francisella tularensis subsp. tularensis SCHU S4,177416.18,NC_006570,fig|177416.18.peg.1249,,VBIFraTul2086_1249,PATRIC.177416.18.NC_006570.CDS.1092791.1093651.rev,PATRIC,CDS,1092791,1093651,861,-,FIG00001214,PLF_262_00000899,PGF_01722189,,286,,DNA recombination-dependent growth factor RdgC,
Francisella tularensis subsp. tularensis SCHU S4,177416.18,NC_006570,fig|177416.18.peg.845,,VBIFraTul2086_0845,PATRIC.177416.18.NC_006570.CDS.758582.758710.rev,PATRIC,CDS,758582,758710,129,-,FIG00638284,PLF_262_00001556,PGF_01719432,,42,,hypothetical protein,
Francisella tularensis subsp. tularensis SCHU S4,177416.18,NC_006570,fig|177416.18.peg.1503,,VBIFraTul2086_1503,PATRIC.177416.18.NC_006570.CDS.1324735.1325100.rev,PATRIC,CDS,1324735,1325100,366,-,FIG00004440,PLF_262_00002487,PGF_01719799,,121,,hypothetical protein,
Francisella tularensis subsp. tularensis SCHU S4,177416.18,NC_006570,fig|177416.18.peg.1552,,VBIFraTul2086_1552,PATRIC.177416.18.NC_006570.CDS.1388283.1388804.fwd,PATRIC,CDS,1388283,1388804,522,+,FIG00658125,PLF_262_00001049,PGF_00221574,,173,,hypothetical protein,
Francisella tularensis subsp. tularensis SCHU S4,177416.18,NC_006570,fig|177416.18.peg.811,,VBIFraTul2086_0811,PATRIC.177416.18.NC_006570.CDS.731243.732298.rev,PATRIC,CDS,731243,732298,1056,-,FIG00003022,PLF_262_00000639,PGF_03237586,,351,,L-threonine 3-dehydrogenase (EC 1.1.1.103),GO:0008743|L-threonine 3-dehydrogenase activity
Francisella tularensis subsp. tularensis SCHU S4,177416.18,NC_006570,fig|177416.18.peg.1967,,VBIFraTul2086_1967,PATRIC.177416.18.NC_006570.CDS.1763028.1763159.fwd,PATRIC,CDS,1763028,1763159,132,+,FIG00658014,PLF_262_00001744,PGF_01719528,,43,,hypothetical protein,
Francisella tularensis subsp. tularensis SCHU S4,177416.18,NC_006570,fig|177416.18.peg.1180,,VBIFraTul2086_1180,PATRIC.177416.18.NC_006570.CDS.1040383.1041003.fwd,PATRIC,CDS,1040383,1041003,621,+,FIG00000528,PLF_262_00000412,PGF_04007946,,206,,Octanoate-[acyl-carrier-protein]-protein-N-octanoyltransferase (EC 2.3.1.181),GO:0033819|lipoyl(octanoyl) transferase activity
Francisella tularensis subsp. tularensis SCHU S4,177416.18,NC_006570,fig|177416.18.peg.231,FTT0208c,VBIFraTul2086_0231,PATRIC.177416.18.NC_006570.CDS.226107.226784.rev,PATRIC,CDS,226107,226784,678,-,FIG00059280,PLF_262_00000839,PGF_08228852,YP_169267.1,225,,"Zinc ABC transporter, ATP-binding protein ZnuC",GO:0005524|ATP binding;GO:0016887|ATPase activity
Francisella tularensis subsp. tularensis SCHU S4,177416.18,NC_006570,fig|177416.18.peg.1606,,VBIFraTul2086_1606,PATRIC.177416.18.NC_006570.CDS.1442488.1443918.rev,PATRIC,CDS,1442488,1443918,1431,-,FIG01349536,PLF_262_00001619,PGF_06247943,,476,,Uncharacterized protein BT3327,
Francisella tularensis subsp. tularensis SCHU S4,177416.18,NC_006570,fig|177416.18.peg.1774,,VBIFraTul2086_1774,PATRIC.177416.18.NC_006570.CDS.1598380.1599294.rev,PATRIC,CDS,1598380,1599294,915,-,FIG00657431,PLF_262_00000303,PGF_08225224,,304,,hypothetical protein,
Francisella tularensis subsp. tularensis SCHU S4,177416.18,NC_006570,fig|177416.18.peg.1363,,VBIFraTul2086_1363,PATRIC.177416.18.NC_006570.CDS.1193671.1193919.rev,PATRIC,CDS,1193671,1193919,249,-,FIG00657924,PLF_262_00001716,PGF_00371085,,82,,hypothetical protein,
Francisella tularensis subsp. tularensis SCHU S4,177416.18,NC_006570,fig|177416.18.peg.720,,VBIFraTul2086_0720,PATRIC.177416.18.NC_006570.CDS.652970.654037.fwd,PATRIC,CDS,652970,654037,1068,+,FIG00002847,PLF_262_00000265,PGF_00011634,,355,,HflK protein,
Francisella tularensis subsp. tularensis SCHU S4,177416.18,NC_006570,fig|177416.18.peg.1667,,VBIFraTul2086_1667,PATRIC.177416.18.NC_006570.CDS.1492777.1494039.fwd,PATRIC,CDS,1492777,1494039,1263,+,FIG00000392,PLF_262_00000292,PGF_00057483,,420,,Transcription termination factor Rho,GO:0003715|transcription termination factor activity;GO:0003723|RNA binding;GO:0005524|ATP binding;GO:0006353|transcription termination;GO:0015986|ATP synthesis coupled proton transport;GO:0016469|proton-transporting two-sector ATPase complex
Francisella tularensis subsp. tularensis SCHU S4,177416.18,NC_006570,fig|177416.18.peg.280,,VBIFraTul2086_0280,PATRIC.177416.18.NC_006570.CDS.264064.266697.fwd,PATRIC,CDS,264064,266697,2634,+,FIG00001076,PLF_262_00000283,PGF_00045999,,877,,"Pyruvate,phosphate dikinase (EC 2.7.9.1)","GO:0050242|pyruvate, phosphate dikinase activity"
Francisella tularensis subsp. tularensis SCHU S4,177416.18,NC_006570,,FTT0966,FTT0966,RefSeq.177416.18.NC_006570.CDS.978194.978412.fwd,RefSeq,CDS,978194,978412,219,+,,,,YP_169956.1,72,infA,translation initiation factor IF-1,
Francisella tularensis subsp. tularensis SCHU S4,177416.18,NC_006570,,FTT0272,FTT0272,RefSeq.177416.18.NC_006570.CDS.287223.287543.fwd,RefSeq,CDS,287223,287543,321,+,,,,YP_169324.1,106,,hypothetical protein,
Francisella tularensis subsp. tularensis SCHU S4,177416.18,NC_006570,,FTT0356,FTT0356,RefSeq.177416.18.NC_006570.CDS.355152.357038.fwd,RefSeq,CDS,355152,357038,1887,+,,,,YP_169404.1,628,htpG,heat shock protein 90,
Francisella tularensis subsp. tularensis SCHU S4,177416.18,NC_006570,,FTT0917,FTT0917,RefSeq.177416.18.NC_006570.CDS.925690.927504.fwd,RefSeq,CDS,925690,927504,1815,+,,,,YP_169914.1,604,maeA,malate dehydrogenase,
Francisella tularensis subsp. tularensis SCHU S4,177416.18,NC_006570,,FTT1390,FTT1390,RefSeq.177416.18.NC_006570.CDS.1435067.1435852.fwd,RefSeq,CDS,1435067,1435852,786,+,,,,YP_170335.1,261,panC,pantoate-beta-alanine ligase,
Francisella tularensis subsp. tularensis SCHU S4,177416.18,NC_006570,,FTT0431,FTT0431,RefSeq.177416.18.NC_006570.CDS.445373.446242.fwd,RefSeq,CDS,445373,446242,870,+,,,,YP_169471.1,289,speE,spermidine synthase,
Francisella tularensis subsp. tularensis SCHU S4,177416.18,NC_006570,,FTT0795,FTT0795,RefSeq.177416.18.NC_006570.CDS.814209.814892.fwd,RefSeq,CDS,814209,814892,684,+,,,,YP_169802.1,227,,hypothetical protein,
Francisella tularensis subsp. tularensis SCHU S4,177416.18,NC_006570,,FTT1076,FTT1076,RefSeq.177416.18.NC_006570.CDS.1087317.1088591.fwd,RefSeq,CDS,1087317,1088591,1275,+,,,,YP_170055.1,424,hipA,transcription regulator,
Francisella tularensis subsp. tularensis SCHU S4,177416.18,NC_006570,,FTT1689c,FTT1689c,RefSeq.177416.18.NC_006570.CDS.1758384.1759076.rev,RefSeq,CDS,1758384,1759076,693,-,,,,YP_170594.1,230,,hypothetical protein,
Francisella tularensis subsp. tularensis SCHU S4,177416.18,NC_006570,,FTT1522c,FTT1522c,RefSeq.177416.18.NC_006570.CDS.1575307.1575897.rev,RefSeq,CDS,1575307,1575897,591,-,,,,YP_170452.1,196,,hypothetical protein,
Francisella tularensis subsp. tularensis SCHU S4,177416.18,NC_006570,,FTT0871,FTT0871,RefSeq.177416.18.NC_006570.CDS.880495.881493.fwd,RefSeq,CDS,880495,881493,999,+,,,,YP_169871.1,332,gpsA,glycerol-3-phosphate dehydrogenase (NAD(P)+),
Francisella tularensis subsp. tularensis SCHU S4,177416.18,NC_006570,,FTT1116c,FTT1116c,RefSeq.177416.18.NC_006570.CDS.1126730.1127086.rev,RefSeq,CDS,1126730,1127086,357,-,,,,YP_170090.1,118,yajC,preprotein translocase family protein,
Francisella tularensis subsp. tularensis SCHU S4,177416.18,NC_006570,,FTT1372,FTT1372,RefSeq.177416.18.NC_006570.CDS.1417965.1419011.fwd,RefSeq,CDS,1417965,1419011,1047,+,,,,YP_170321.1,348,plsX,putative glycerol-3-phosphate acyltransferase PlsX,
Francisella tularensis subsp. tularensis SCHU S4,177416.18,NC_006570,,FTT0922,FTT0922,RefSeq.177416.18.NC_006570.CDS.932889.933443.fwd,RefSeq,CDS,932889,933443,555,+,,,,YP_169918.1,184,,fatty acid hydroxylase,
Francisella tularensis subsp. tularensis SCHU S4,177416.18,NC_006570,,FTT0747c,FTT0747c,RefSeq.177416.18.NC_006570.CDS.769163.769948.rev,RefSeq,CDS,769163,769948,786,-,,,,YP_169758.1,261,,hypothetical protein,
Francisella tularensis subsp. tularensis SCHU S4,177416.18,NC_006570,fig|177416.18.peg.1704,,VBIFraTul2086_1704,PATRIC.177416.18.NC_006570.CDS.1529682.1530077.rev,PATRIC,CDS,1529682,1530077,396,-,FIG00537186,PLF_262_00000588,PGF_10322199,,131,,Diadenosine tetraphosphate (Ap4A) hydrolase and other HIT family hydrolases,
Francisella tularensis subsp. tularensis SCHU S4,177416.18,NC_006570,fig|177416.18.peg.14,,VBIFraTul2086_0014,PATRIC.177416.18.NC_006570.CDS.10557.11048.fwd,PATRIC,CDS,10557,11048,492,+,FIG01423602,PLF_262_00000126,PGF_01719343,,163,,aldose epimerase family protein,
Francisella tularensis subsp. tularensis SCHU S4,177416.18,NC_006570,,FTT0892,FTT0892,RefSeq.177416.18.NC_006570.CDS.900248.901096.fwd,RefSeq,CDS,900248,901096,849,+,,,,YP_169889.1,282,folD,methylenetetrahydrofolate dehydrogenase/methenyltetrahydrofolate cyclohydrolase putative bifunctional protein,
Francisella tularensis subsp. tularensis SCHU S4,177416.18,NC_006570,fig|177416.18.peg.641,,VBIFraTul2086_0641,PATRIC.177416.18.NC_006570.CDS.583792.584184.rev,PATRIC,CDS,583792,584184,393,-,FIG00004528,PLF_262_00001742,PGF_01719527,,130,,hypothetical protein,
Francisella tularensis subsp. tularensis SCHU S4,177416.18,NC_006570,fig|177416.18.peg.443,,VBIFraTul2086_0443,PATRIC.177416.18.NC_006570.CDS.399923.401041.rev,PATRIC,CDS,399923,401041,1119,-,FIG01317149,PLF_262_00001464,PGF_03005785,,372,,3-deoxy-D-manno-octulosonic acid hydrolase,
Francisella tularensis subsp. tularensis SCHU S4,177416.18,NC_006570,fig|177416.18.peg.1268,,VBIFraTul2086_1268,PATRIC.177416.18.NC_006570.CDS.1111070.1111477.fwd,PATRIC,CDS,1111070,1111477,408,+,FIG00135315,PLF_262_00000770,PGF_00435430,,135,,Ribosomal silencing factor RsfA,
Francisella tularensis subsp. tularensis SCHU S4,177416.18,NC_006570,fig|177416.18.peg.1675,,VBIFraTul2086_1675,PATRIC.177416.18.NC_006570.CDS.1500487.1500612.rev,PATRIC,CDS,1500487,1500612,126,-,,PLF_262_00001879,PGF_01719619,,41,,hypothetical protein,
Francisella tularensis subsp. tularensis SCHU S4,177416.18,NC_006570,fig|177416.18.peg.1544,,VBIFraTul2086_1544,PATRIC.177416.18.NC_006570.CDS.1371422.1372045.fwd,PATRIC,CDS,1371422,1372045,624,+,FIG00004556,PLF_262_00001480,PGF_00019818,,207,,Membrane protein,
Francisella tularensis subsp. tularensis SCHU S4,177416.18,NC_006570,fig|177416.18.peg.670,,VBIFraTul2086_0670,PATRIC.177416.18.NC_006570.CDS.607810.609087.fwd,PATRIC,CDS,607810,609087,1278,+,FIG00075970,PLF_262_00000518,PGF_07844318,,425,,3-phosphoshikimate 1-carboxyvinyltransferase (EC 2.5.1.19),GO:0003866|3-phosphoshikimate 1-carboxyvinyltransferase activity
Francisella tularensis subsp. tularensis SCHU S4,177416.18,NC_006570,fig|177416.18.peg.1395,,VBIFraTul2086_1395,PATRIC.177416.18.NC_006570.CDS.1221400.1222305.rev,PATRIC,CDS,1221400,1222305,906,-,FIG00657751,PLF_262_00001141,PGF_00286337,,301,,hypothetical protein,
Francisella tularensis subsp. tularensis SCHU S4,177416.18,NC_006570,fig|177416.18.peg.2021,,VBIFraTul2086_2021,PATRIC.177416.18.NC_006570.CDS.1829401.1830582.rev,PATRIC,CDS,1829401,1830582,1182,-,FIG00002960,PLF_262_00000027,PGF_00035405,,393,,Potassium-transporting ATPase A chain (EC 3.6.3.12) (TC 3.A.3.7.1),GO:0008556|potassium-transporting ATPase activity
Francisella tularensis subsp. tularensis SCHU S4,177416.18,NC_006570,fig|177416.18.peg.2036,,VBIFraTul2086_2036,PATRIC.177416.18.NC_006570.CDS.1839898.1840374.fwd,PATRIC,CDS,1839898,1840374,477,+,FIG00077620,PLF_262_00000454,PGF_02142873,,158,,Single-stranded DNA-binding protein,GO:0003697|single-stranded DNA binding
Francisella tularensis subsp. tularensis SCHU S4,177416.18,NC_006570,fig|177416.18.peg.907,,VBIFraTul2086_0907,PATRIC.177416.18.NC_006570.CDS.805894.806865.rev,PATRIC,CDS,805894,806865,972,-,FIG00000743,PLF_262_00000573,PGF_00420903,,323,,D-arabinose-5-phosphate isomerase (EC 5.3.1.13),GO:0019146|arabinose-5-phosphate isomerase activity
Francisella tularensis subsp. tularensis SCHU S4,177416.18,NC_006570,fig|177416.18.peg.1945,,VBIFraTul2086_1945,PATRIC.177416.18.NC_006570.CDS.1746616.1748400.rev,PATRIC,CDS,1746616,1748400,1785,-,FIG00000165,PLF_262_00000466,PGF_00060414,,594,,Translation elongation factor LepA,
Francisella tularensis subsp. tularensis SCHU S4,177416.18,NC_006570,fig|177416.18.peg.92,FTT0086,VBIFraTul2086_0092,PATRIC.177416.18.NC_006570.CDS.87787.88665.fwd,PATRIC,CDS,87787,88665,879,+,FIG01304837,PLF_262_00001266,PGF_01719346,YP_169160.1,292,,TyrA protein,
Francisella tularensis subsp. tularensis SCHU S4,177416.18,NC_006570,,FTT1084c,FTT1084c,RefSeq.177416.18.NC_006570.CDS.1092793.1093653.rev,RefSeq,CDS,1092793,1093653,861,-,,,,YP_170063.1,286,rdgC,recombination associated protein,
Francisella tularensis subsp. tularensis SCHU S4,177416.18,NC_006570,,FTT1459c,FTT1459c,RefSeq.177416.18.NC_006570.CDS.1509917.1510888.rev,RefSeq,CDS,1509917,1510888,972,-,,,,YP_170396.1,323,wbtF,NAD dependent epimerase,
Francisella tularensis subsp. tularensis SCHU S4,177416.18,NC_006570,,FTT1569c,FTT1569c,RefSeq.177416.18.NC_006570.CDS.1630794.1631573.rev,RefSeq,CDS,1630794,1631573,780,-,,,,YP_170491.1,259,lpxA,UDP-N-acetylglucosamine acyltransferase,
Francisella tularensis subsp. tularensis SCHU S4,177416.18,NC_006570,,FTT0768c,FTT0768c,RefSeq.177416.18.NC_006570.CDS.787128.788156.rev,RefSeq,CDS,787128,788156,1029,-,,,,YP_169778.1,342,,hypothetical protein,
Francisella tularensis subsp. tularensis SCHU S4,177416.18,NC_006570,,FTT0040,FTT0040,RefSeq.177416.18.NC_006570.CDS.39629.40234.fwd,RefSeq,CDS,39629,40234,606,+,,,,YP_169116.1,201,nuoJ,"NADH dehydrogenase I, J subunit",
Francisella tularensis subsp. tularensis SCHU S4,177416.18,NC_006570,,FTT0424,FTT0424,RefSeq.177416.18.NC_006570.CDS.438043.438552.fwd,RefSeq,CDS,438043,438552,510,+,,,,YP_169467.1,169,,hypothetical protein,
Francisella tularensis subsp. tularensis SCHU S4,177416.18,NC_006570,fig|177416.18.peg.1640,,VBIFraTul2086_1640,PATRIC.177416.18.NC_006570.CDS.1472523.1473203.rev,PATRIC,CDS,1472523,1473203,681,-,FIG00000013,PLF_262_00003180,PGF_10420457,,226,,MBL-fold metallo-hydrolase superfamily,
Francisella tularensis subsp. tularensis SCHU S4,177416.18,NC_006570,fig|177416.18.peg.1627,,VBIFraTul2086_1627,PATRIC.177416.18.NC_006570.CDS.1462606.1462776.fwd,PATRIC,CDS,1462606,1462776,171,+,FIG00657783,PLF_262_00001763,PGF_01719541,,56,,hypothetical protein,
Francisella tularensis subsp. tularensis SCHU S4,177416.18,NC_006570,fig|177416.18.peg.440,,VBIFraTul2086_0440,PATRIC.177416.18.NC_006570.CDS.396433.398658.fwd,PATRIC,CDS,396433,398658,2226,+,FIG00000425,PLF_262_00000291,PGF_00057270,,741,,DNA topoisomerase IV subunit A (EC 5.99.1.3),GO:0003918|DNA topoisomerase type II (ATP-hydrolyzing) activity
Francisella tularensis subsp. tularensis SCHU S4,177416.18,NC_006570,fig|177416.18.peg.1074,,VBIFraTul2086_1074,PATRIC.177416.18.NC_006570.CDS.951917.952417.rev,PATRIC,CDS,951917,952417,501,-,FIG00657653,PLF_262_00000995,PGF_01722216,,166,,hypothetical protein,
Francisella tularensis subsp. tularensis SCHU S4,177416.18,NC_006570,fig|177416.18.peg.1501,,VBIFraTul2086_1501,PATRIC.177416.18.NC_006570.CDS.1323945.1324076.rev,PATRIC,CDS,1323945,1324076,132,-,FIG00657468,PLF_262_00001555,PGF_01719431,,43,,hypothetical protein,
Francisella tularensis subsp. tularensis SCHU S4,177416.18,NC_006570,fig|177416.18.peg.379,,VBIFraTul2086_0379,PATRIC.177416.18.NC_006570.CDS.345900.346085.fwd,PATRIC,CDS,345900,346085,186,+,FIG00000409,PLF_262_00000394,PGF_00016395,,61,,LSU ribosomal protein L30p (L7e),GO:0003735|structural constituent of ribosome;GO:0005622|intracellular;GO:0005840|ribosome;GO:0006412|translation
Francisella tularensis subsp. tularensis SCHU S4,177416.18,NC_006570,fig|177416.18.peg.385,,VBIFraTul2086_0385,PATRIC.177416.18.NC_006570.CDS.348920.349540.fwd,PATRIC,CDS,348920,349540,621,+,FIG00000148,PLF_262_00000446,PGF_00049893,,206,,"SSU ribosomal protein S4p (S9e) @ SSU ribosomal protein S4p (S9e), zinc-independent",
Francisella tularensis subsp. tularensis SCHU S4,177416.18,NC_006570,fig|177416.18.peg.86,FTT0080,VBIFraTul2086_0086,PATRIC.177416.18.NC_006570.CDS.83407.84168.fwd,PATRIC,CDS,83407,84168,762,+,FIG00000076,PLF_262_00000820,PGF_04574228,YP_169155.1,253,tpiA,Triosephosphate isomerase (EC 5.3.1.1),GO:0004807|triose-phosphate isomerase activity
Francisella tularensis subsp. tularensis SCHU S4,177416.18,NC_006570,,FTT0404,FTT0404,RefSeq.177416.18.NC_006570.CDS.409480.410742.fwd,RefSeq,CDS,409480,410742,1263,+,,,,YP_169449.1,420,lolC,"lipoprotein releasing system, subunit C,putative membrane protein",
Francisella tularensis subsp. tularensis SCHU S4,177416.18,NC_006570,,FTT1160c,FTT1160c,RefSeq.177416.18.NC_006570.CDS.1172348.1173352.rev,RefSeq,CDS,1172348,1173352,1005,-,,,,YP_170127.1,334,,hypothetical protein,
Francisella tularensis subsp. tularensis SCHU S4,177416.18,NC_006570,,FTT0095,FTT0095,RefSeq.177416.18.NC_006570.CDS.99224.100180.fwd,RefSeq,CDS,99224,100180,957,+,,,,YP_169167.1,318,,hypothetical protein,
Francisella tularensis subsp. tularensis SCHU S4,177416.18,NC_006570,fig|177416.18.peg.398,,VBIFraTul2086_0398,PATRIC.177416.18.NC_006570.CDS.359413.359883.fwd,PATRIC,CDS,359413,359883,471,+,FIG00657844,PLF_262_00001292,PGF_00202166,,156,,hypothetical protein,
Francisella tularensis subsp. tularensis SCHU S4,177416.18,NC_006570,,FTT0234c,FTT0234c,RefSeq.177416.18.NC_006570.CDS.248898.249110.rev,RefSeq,CDS,248898,249110,213,-,,,,YP_169287.1,70,,hypothetical protein,
Francisella tularensis subsp. tularensis SCHU S4,177416.18,NC_006570,fig|177416.18.peg.257,,VBIFraTul2086_0257,PATRIC.177416.18.NC_006570.CDS.243775.244311.rev,PATRIC,CDS,243775,244311,537,-,FIG00001097,PLF_262_00001152,PGF_00416576,,178,,3'-to-5' oligoribonuclease (orn),
Francisella tularensis subsp. tularensis SCHU S4,177416.18,NC_006570,,FTT0222c,FTT0222c,RefSeq.177416.18.NC_006570.CDS.239438.240214.rev,RefSeq,CDS,239438,240214,777,-,,,,YP_169277.1,258,ybgK,hydrolase subunit,
Francisella tularensis subsp. tularensis SCHU S4,177416.18,NC_006570,,FTT0408,FTT0408,RefSeq.177416.18.NC_006570.CDS.414912.415295.fwd,RefSeq,CDS,414912,415295,384,+,,,,YP_169453.1,127,gcvH,glycine cleavage system H protein,
Francisella tularensis subsp. tularensis SCHU S4,177416.18,NC_006570,,FTT0938,FTT0938,RefSeq.177416.18.NC_006570.CDS.949385.950716.fwd,RefSeq,CDS,949385,950716,1332,+,,,,YP_169931.1,443,bioA,adenosylmethionine-8-amino-7-oxononanoate aminotransferase,
Francisella tularensis subsp. tularensis SCHU S4,177416.18,NC_006570,,FTT0875c,FTT0875c,RefSeq.177416.18.NC_006570.CDS.884180.884779.rev,RefSeq,CDS,884180,884779,600,-,,,,YP_169875.1,199,,hypothetical protein,
Francisella tularensis subsp. tularensis SCHU S4,177416.18,NC_006570,,FTT1487,FTT1487,RefSeq.177416.18.NC_006570.CDS.1540504.1541118.fwd,RefSeq,CDS,1540504,1541118,615,+,,,,YP_170422.1,204,coaE,dephospho-CoA kinase,
Francisella tularensis subsp. tularensis SCHU S4,177416.18,NC_006570,,FTT1019c,FTT1019c,RefSeq.177416.18.NC_006570.CDS.1028643.1030193.rev,RefSeq,CDS,1028643,1030193,1551,-,,,,YP_170004.1,516,guaA,GMP synthase,
Francisella tularensis subsp. tularensis SCHU S4,177416.18,NC_006570,,FTT1484c,FTT1484c,RefSeq.177416.18.NC_006570.CDS.1534346.1536241.rev,RefSeq,CDS,1534346,1536241,1896,-,,,,YP_170419.1,631,aceF,dihydrolipoamide acetyltransferase,
Francisella tularensis subsp. tularensis SCHU S4,177416.18,NC_006570,,FTT0890c,FTT0890c,RefSeq.177416.18.NC_006570.CDS.898599.899006.rev,RefSeq,CDS,898599,899006,408,-,,,,YP_169887.1,135,,Type IV pili fiber building block protein,
Francisella tularensis subsp. tularensis SCHU S4,177416.18,NC_006570,,FTT1226c,FTT1226c,RefSeq.177416.18.NC_006570.CDS.1242210.1243385.rev,RefSeq,CDS,1242210,1243385,1176,-,,,,YP_170184.1,391,iscS,cysteine desulfarase,
Francisella tularensis subsp. tularensis SCHU S4,177416.18,NC_006570,,FTT0813,FTT0813,RefSeq.177416.18.NC_006570.CDS.832487.832783.fwd,RefSeq,CDS,832487,832783,297,+,,,,YP_169820.1,98,,hypothetical protein,
Francisella tularensis subsp. tularensis SCHU S4,177416.18,NC_006570,,FTT0382,FTT0382,RefSeq.177416.18.NC_006570.CDS.384571.384675.fwd,RefSeq,CDS,384571,384675,105,+,,,,YP_169427.1,34,,hypothetical protein,
Francisella tularensis subsp. tularensis SCHU S4,177416.18,NC_006570,,FTT0159c,FTT0159c,RefSeq.177416.18.NC_006570.CDS.174216.175037.rev,RefSeq,CDS,174216,175037,822,-,,,,YP_169225.1,273,,hypothetical protein,
Francisella tularensis subsp. tularensis SCHU S4,177416.18,NC_006570,,FTT1451c,FTT1451c,RefSeq.177416.18.NC_006570.CDS.1500637.1501521.rev,RefSeq,CDS,1500637,1501521,885,-,,,,YP_170388.1,294,wbtL,glucose-1-phosphate thymidylyltransferase,
Francisella tularensis subsp. tularensis SCHU S4,177416.18,NC_006570,fig|177416.18.peg.816,,VBIFraTul2086_0816,PATRIC.177416.18.NC_006570.CDS.737512.738072.fwd,PATRIC,CDS,737512,738072,561,+,FIG00000507,PLF_262_00000018,PGF_00006320,,186,,Formyltetrahydrofolate deformylase (EC 3.5.1.10),GO:0008864|formyltetrahydrofolate deformylase activity
Francisella tularensis subsp. tularensis SCHU S4,177416.18,NC_006570,fig|177416.18.peg.515,,VBIFraTul2086_0515,PATRIC.177416.18.NC_006570.CDS.477190.478101.fwd,PATRIC,CDS,477190,478101,912,+,FIG00057709,PLF_262_00001037,PGF_06755829,,303,,DNA polymerase III delta prime subunit (EC 2.7.7.7),GO:0003887|DNA-directed DNA polymerase activity
Francisella tularensis subsp. tularensis SCHU S4,177416.18,NC_006570,fig|177416.18.peg.1234,,VBIFraTul2086_1234,PATRIC.177416.18.NC_006570.CDS.1083634.1083768.fwd,PATRIC,CDS,1083634,1083768,135,+,FIG00638284,PLF_262_00001810,PGF_01719576,,44,,hypothetical protein,
Francisella tularensis subsp. tularensis SCHU S4,177416.18,NC_006570,fig|177416.18.peg.1563,,VBIFraTul2086_1563,PATRIC.177416.18.NC_006570.CDS.1401453.1405040.rev,PATRIC,CDS,1401453,1405040,3588,-,FIG01317924,PLF_262_00001656,PGF_08225224,,1195,,hypothetical protein,
Francisella tularensis subsp. tularensis SCHU S4,177416.18,NC_006570,fig|177416.18.peg.348,,VBIFraTul2086_0348,PATRIC.177416.18.NC_006570.CDS.327764.328288.rev,PATRIC,CDS,327764,328288,525,-,FIG00000048,PLF_262_00000358,PGF_09348764,,174,,Dihydrofolate reductase (EC 1.5.1.3),GO:0004146|dihydrofolate reductase activity
Francisella tularensis subsp. tularensis SCHU S4,177416.18,NC_006570,,FTT0395,FTT0395,RefSeq.177416.18.NC_006570.CDS.395588.396301.fwd,RefSeq,CDS,395588,396301,714,+,,,,YP_169440.1,237,,hypothetical protein,
Francisella tularensis subsp. tularensis SCHU S4,177416.18,NC_006570,,FTT1265c,FTT1265c,RefSeq.177416.18.NC_006570.CDS.1286996.1287780.rev,RefSeq,CDS,1286996,1287780,327,-,,,,YP_170221.1,261,isftu1,transposase,
Francisella tularensis subsp. tularensis SCHU S4,177416.18,NC_006570,,FTT1415,FTT1415,RefSeq.177416.18.NC_006570.CDS.1466658.1467560.fwd,RefSeq,CDS,1466658,1467560,903,+,,,,YP_170358.1,300,,hypothetical protein,
Francisella tularensis subsp. tularensis SCHU S4,177416.18,NC_006570,,FTT0462,FTT0462,RefSeq.177416.18.NC_006570.CDS.478399.479373.fwd,RefSeq,CDS,478399,479373,975,+,,,,YP_169500.1,324,hemB,delta-aminolevulinic acid dehydratase,
Francisella tularensis subsp. tularensis SCHU S4,177416.18,NC_006570,,FTT1179,FTT1179,RefSeq.177416.18.NC_006570.CDS.1194341.1196158.fwd,RefSeq,CDS,1194341,1196158,1818,+,,,,YP_170143.1,605,bipA,GTP binding translational elongation factor Tu and G family protein,
Francisella tularensis subsp. tularensis SCHU S4,177416.18,NC_006570,,FTT0692c,FTT0692c,RefSeq.177416.18.NC_006570.CDS.710738.711522.rev,RefSeq,CDS,710738,711522,459,-,,,,YP_169708.1,261,isftu1,transposase,
Francisella tularensis subsp. tularensis SCHU S4,177416.18,NC_006570,fig|177416.18.peg.1094,,VBIFraTul2086_1094,PATRIC.177416.18.NC_006570.CDS.969595.970098.rev,PATRIC,CDS,969595,970098,504,-,FIG01349516,PLF_262_00000140,PGF_01721498,,167,,hypothetical protein,
Francisella tularensis subsp. tularensis SCHU S4,177416.18,NC_006570,,FTT1257,FTT1257,RefSeq.177416.18.NC_006570.CDS.1279038.1280060.fwd,RefSeq,CDS,1279038,1280060,1023,+,,,,YP_170215.1,340,emrA1,HlyD family secretion protein,
Francisella tularensis subsp. tularensis SCHU S4,177416.18,NC_006570,fig|177416.18.peg.447,,VBIFraTul2086_0447,PATRIC.177416.18.NC_006570.CDS.404585.408064.fwd,PATRIC,CDS,404585,408064,3480,+,FIG00041038,PLF_262_00000253,PGF_10406880,,1159,,DNA polymerase III alpha subunit (EC 2.7.7.7),GO:0003887|DNA-directed DNA polymerase activity
Francisella tularensis subsp. tularensis SCHU S4,177416.18,NC_006570,,FTT0859c,FTT0859c,RefSeq.177416.18.NC_006570.CDS.870755.871078.rev,RefSeq,CDS,870755,871078,324,-,,,,YP_169861.1,107,,hypothetical protein,
Francisella tularensis subsp. tularensis SCHU S4,177416.18,NC_006570,,FTT1435c,FTT1435c,RefSeq.177416.18.NC_006570.CDS.1482144.1483067.rev,RefSeq,CDS,1482144,1483067,924,-,,,,YP_170376.1,307,yagD,"ABC transporter, ATP-binding protein",
Francisella tularensis subsp. tularensis SCHU S4,177416.18,NC_006570,,FTT0208c,FTT0208c,RefSeq.177416.18.NC_006570.CDS.226107.226784.rev,RefSeq,CDS,226107,226784,678,-,,,,YP_169267.1,225,,"ABC transporter, ATP-binding protein",
Francisella tularensis subsp. tularensis SCHU S4,177416.18,NC_006570,,FTT1248,FTT1248,RefSeq.177416.18.NC_006570.CDS.1269317.1270078.fwd,RefSeq,CDS,1269317,1270078,762,+,,,,YP_170206.1,253,,"ABC transporter, ATP-binding protein",
Francisella tularensis subsp. tularensis SCHU S4,177416.18,NC_006570,fig|177416.18.peg.1814,,VBIFraTul2086_1814,PATRIC.177416.18.NC_006570.CDS.1628971.1629558.rev,PATRIC,CDS,1628971,1629558,588,-,FIG00657699,PLF_262_00001525,PGF_00380005,,195,,hypothetical protein,
Francisella tularensis subsp. tularensis SCHU S4,177416.18,NC_006570,fig|177416.18.peg.238,FTT0213,VBIFraTul2086_0238,PATRIC.177416.18.NC_006570.CDS.230197.231384.fwd,PATRIC,CDS,230197,231384,1188,+,FIG00433048,PLF_262_00007683,PGF_12707363,YP_169271.1,395,rbn,"Inner membrane protein YihY, formerly thought to be RNase BN",
Francisella tularensis subsp. tularensis SCHU S4,177416.18,NC_006570,fig|177416.18.peg.1885,,VBIFraTul2086_1885,PATRIC.177416.18.NC_006570.CDS.1689250.1689987.rev,PATRIC,CDS,1689250,1689987,738,-,FIG00946206,PLF_262_00001364,PGF_00409183,,245,,putative membrane protein,
Francisella tularensis subsp. tularensis SCHU S4,177416.18,NC_006570,fig|177416.18.peg.561,,VBIFraTul2086_0561,PATRIC.177416.18.NC_006570.CDS.520542.521567.rev,PATRIC,CDS,520542,521567,1026,-,FIG01056920,PLF_262_00001145,PGF_00846597,,341,,Uncharacterized UPF0118 membrane protein,
Francisella tularensis subsp. tularensis SCHU S4,177416.18,NC_006570,fig|177416.18.peg.2024,,VBIFraTul2086_2024,PATRIC.177416.18.NC_006570.CDS.1831310.1831729.rev,PATRIC,CDS,1831310,1831729,420,-,FIG00063488,PLF_262_00001653,PGF_00024464,,139,,NAD-dependent formate dehydrogenase (EC 1.2.1.2),GO:0008863|formate dehydrogenase activity
Francisella tularensis subsp. tularensis SCHU S4,177416.18,NC_006570,fig|177416.18.peg.611,,VBIFraTul2086_0611,PATRIC.177416.18.NC_006570.CDS.562967.563203.fwd,PATRIC,CDS,562967,563203,237,+,FIG01258694,PLF_262_00000036,PGF_04681578,,78,,Alkyl hydroperoxide reductase subunit C-like protein,
Francisella tularensis subsp. tularensis SCHU S4,177416.18,NC_006570,fig|177416.18.peg.1314,,VBIFraTul2086_1314,PATRIC.177416.18.NC_006570.CDS.1152707.1152829.rev,PATRIC,CDS,1152707,1152829,123,-,FIG00657753,PLF_262_00001616,PGF_00206036,,40,,hypothetical protein,
Francisella tularensis subsp. tularensis SCHU S4,177416.18,NC_006570,fig|177416.18.peg.1107,,VBIFraTul2086_1107,PATRIC.177416.18.NC_006570.CDS.978982.979368.rev,PATRIC,CDS,978982,979368,387,-,,PLF_262_00000123,PGF_00019703,,128,,Membrane protein,
Francisella tularensis subsp. tularensis SCHU S4,177416.18,NC_006570,fig|177416.18.peg.342,,VBIFraTul2086_0342,PATRIC.177416.18.NC_006570.CDS.320015.321406.fwd,PATRIC,CDS,320015,321406,1392,+,FIG00000340,PLF_262_00000154,PGF_00006461,,463,,Fumarate hydratase class II (EC 4.2.1.2),GO:0004333|fumarate hydratase activity
Francisella tularensis subsp. tularensis SCHU S4,177416.18,NC_006570,fig|177416.18.peg.740,,VBIFraTul2086_0740,PATRIC.177416.18.NC_006570.CDS.668993.669631.rev,PATRIC,CDS,668993,669631,639,-,FIG00000290,PLF_262_00000904,PGF_08394843,,212,,Endonuclease III (EC 4.2.99.18),GO:0003906|DNA-(apurinic or apyrimidinic site) lyase activity
Francisella tularensis subsp. tularensis SCHU S4,177416.18,NC_006570,fig|177416.18.peg.1715,,VBIFraTul2086_1715,PATRIC.177416.18.NC_006570.CDS.1540469.1541083.fwd,PATRIC,CDS,1540469,1541083,615,+,FIG00000267,PLF_262_00000587,PGF_01135236,,204,,Dephospho-CoA kinase (EC 2.7.1.24),GO:0004140|dephospho-CoA kinase activity
Francisella tularensis subsp. tularensis SCHU S4,177416.18,NC_006570,fig|177416.18.peg.1598,,VBIFraTul2086_1598,PATRIC.177416.18.NC_006570.CDS.1431189.1433225.rev,PATRIC,CDS,1431189,1433225,2037,-,FIG00051439,PLF_262_00000352,PGF_04333086,,678,,DNA ligase (NAD(+)) (EC 6.5.1.2),GO:0003911|DNA ligase (NAD+) activity
Francisella tularensis subsp. tularensis SCHU S4,177416.18,NC_006570,fig|177416.18.peg.252,,VBIFraTul2086_0252,PATRIC.177416.18.NC_006570.CDS.241467.241562.rev,PATRIC,CDS,241467,241562,96,-,FIG00000847,PLF_262_00002869,PGF_01719962,,31,,hypothetical protein,
Francisella tularensis subsp. tularensis SCHU S4,177416.18,NC_006570,fig|177416.18.peg.959,,VBIFraTul2086_0959,PATRIC.177416.18.NC_006570.CDS.851995.852219.rev,PATRIC,CDS,851995,852219,225,-,FIG00657808,PLF_262_00001357,PGF_00108786,,74,,hypothetical protein,
Francisella tularensis subsp. tularensis SCHU S4,177416.18,NC_006570,fig|177416.18.peg.1489,,VBIFraTul2086_1489,PATRIC.177416.18.NC_006570.CDS.1313034.1313294.fwd,PATRIC,CDS,1313034,1313294,261,+,FIG00657684,PLF_262_00001585,PGF_00241677,,86,,hypothetical protein,
Francisella tularensis subsp. tularensis SCHU S4,177416.18,NC_006570,fig|177416.18.peg.940,,VBIFraTul2086_0940,PATRIC.177416.18.NC_006570.CDS.838260.838925.fwd,PATRIC,CDS,838260,838925,666,+,FIG00136193,PLF_262_00001227,PGF_00423325,,221,,Dihydrolipoamide dehydrogenase (EC 1.8.1.4),GO:0004148|dihydrolipoyl dehydrogenase activity
Francisella tularensis subsp. tularensis SCHU S4,177416.18,NC_006570,,FTT1733,FTT1733,RefSeq.177416.18.NC_006570.CDS.1822148.1822459.fwd,RefSeq,CDS,1822148,1822459,312,+,,,,YP_170634.1,103,,hypothetical protein,
Francisella tularensis subsp. tularensis SCHU S4,177416.18,NC_006570,fig|177416.18.peg.1108,,VBIFraTul2086_1108,PATRIC.177416.18.NC_006570.CDS.979373.980293.rev,PATRIC,CDS,979373,980293,921,-,FIG01488135,PLF_262_00000194,PGF_01719653,,306,,Putative amino acid transporter,
Francisella tularensis subsp. tularensis SCHU S4,177416.18,NC_006570,fig|177416.18.peg.861,,VBIFraTul2086_0861,PATRIC.177416.18.NC_006570.CDS.772143.772259.rev,PATRIC,CDS,772143,772259,117,-,FIG00638284,PLF_262_00001814,PGF_01719580,,38,,hypothetical protein,
Francisella tularensis subsp. tularensis SCHU S4,177416.18,NC_006570,,FTT1127,FTT1127,RefSeq.177416.18.NC_006570.CDS.1137666.1138424.fwd,RefSeq,CDS,1137666,1138424,759,+,,,,YP_170100.1,252,,rhodanese-like family protein,
Francisella tularensis subsp. tularensis SCHU S4,177416.18,NC_006570,fig|177416.18.peg.1430,,VBIFraTul2086_1430,PATRIC.177416.18.NC_006570.CDS.1255338.1256414.fwd,PATRIC,CDS,1255338,1256414,1077,+,FIG00657800,PLF_262_00001345,PGF_00145211,,358,,hypothetical protein,
Francisella tularensis subsp. tularensis SCHU S4,177416.18,NC_006570,fig|177416.18.peg.1448,,VBIFraTul2086_1448,PATRIC.177416.18.NC_006570.CDS.1274814.1276505.fwd,PATRIC,CDS,1274814,1276505,1692,+,FIG00018699,PLF_262_00000399,PGF_00734739,,563,,Long-chain-fatty-acid--CoA ligase (EC 6.2.1.3),GO:0004467|long-chain-fatty-acid-CoA ligase activity
Francisella tularensis subsp. tularensis SCHU S4,177416.18,NC_006570,fig|177416.18.peg.543,,VBIFraTul2086_0543,PATRIC.177416.18.NC_006570.CDS.506848.507066.fwd,PATRIC,CDS,506848,507066,219,+,FIG01502366,PLF_262_00001670,PGF_01719484,,72,,Uncharacterized MFS-type transporter,
Francisella tularensis subsp. tularensis SCHU S4,177416.18,NC_006570,,FTT1596,FTT1596,RefSeq.177416.18.NC_006570.CDS.1660247.1660645.fwd,RefSeq,CDS,1660247,1660645,399,+,,,,YP_170512.1,132,,hypothetical protein,
Francisella tularensis subsp. tularensis SCHU S4,177416.18,NC_006570,,FTT1239,FTT1239,RefSeq.177416.18.NC_006570.CDS.1258879.1260150.fwd,RefSeq,CDS,1258879,1260150,1272,+,,,,YP_170197.1,423,,hypothetical protein,
Francisella tularensis subsp. tularensis SCHU S4,177416.18,NC_006570,,FTT0236c,FTT0236c,RefSeq.177416.18.NC_006570.CDS.249465.249599.rev,RefSeq,CDS,249465,249599,135,-,,,,YP_169289.1,44,rpmH,50S ribosomal protein L34,
Francisella tularensis subsp. tularensis SCHU S4,177416.18,NC_006570,fig|177416.18.peg.1285,,VBIFraTul2086_1285,PATRIC.177416.18.NC_006570.CDS.1123771.1124715.rev,PATRIC,CDS,1123771,1124715,945,-,FIG00000468,PLF_262_00000427,PGF_03589438,,314,,Protein translocase subunit SecF,
Francisella tularensis subsp. tularensis SCHU S4,177416.18,NC_006570,fig|177416.18.peg.1001,,VBIFraTul2086_1001,PATRIC.177416.18.NC_006570.CDS.881493.882029.rev,PATRIC,CDS,881493,882029,537,-,FIG00657703,PLF_262_00000856,PGF_01722176,,178,,hypothetical protein,
Francisella tularensis subsp. tularensis SCHU S4,177416.18,NC_006570,fig|177416.18.peg.1827,,VBIFraTul2086_1827,PATRIC.177416.18.NC_006570.CDS.1645600.1646130.rev,PATRIC,CDS,1645600,1646130,531,-,FIG00657973,PLF_262_00001764,PGF_01719542,,176,,hypothetical protein,
Francisella tularensis subsp. tularensis SCHU S4,177416.18,NC_006570,fig|177416.18.peg.35,FTT0032,VBIFraTul2086_0035,PATRIC.177416.18.NC_006570.CDS.31549.32025.fwd,PATRIC,CDS,31549,32025,477,+,FIG00133539,PLF_262_00000678,PGF_04380075,YP_169108.1,158,nuoB,NADH-ubiquinone oxidoreductase chain B (EC 1.6.5.3),GO:0008137|NADH dehydrogenase (ubiquinone) activity
Francisella tularensis subsp. tularensis SCHU S4,177416.18,NC_006570,fig|177416.18.peg.581,,VBIFraTul2086_0581,PATRIC.177416.18.NC_006570.CDS.538592.539902.fwd,PATRIC,CDS,538592,539902,1311,+,FIG00104852,PLF_262_00000019,PGF_05063576,,436,,"Predicted D-lactate dehydrogenase, Fe-S protein, FAD/FMN-containing",GO:0005506|iron ion binding;GO:0006118|electron transport;GO:0009055|electron carrier activity
Francisella tularensis subsp. tularensis SCHU S4,177416.18,NC_006570,fig|177416.18.peg.1066,,VBIFraTul2086_1066,PATRIC.177416.18.NC_006570.CDS.944977.945111.fwd,PATRIC,CDS,944977,945111,135,+,FIG00000692,PLF_262_00000186,PGF_04486278,,44,,Biotin operon repressor / Biotin--protein ligase (EC 6.3.4.9)(EC 6.3.4.10)(EC 6.3.4.11)(EC 6.3.4.15),GO:0004079|biotin-[methylmalonyl-CoA-carboxytransferase] ligase activity;GO:0004080|biotin-[propionyl-CoA-carboxylase (ATP-hydrolyzing)] ligase activity;GO:0004078|biotin-[methylcrotonoyl-CoA-carboxylase] ligase activity;GO:0004077|biotin-[acetyl-CoA-carboxylase] ligase activity
Francisella tularensis subsp. tularensis SCHU S4,177416.18,NC_006570,fig|177416.18.peg.883,,VBIFraTul2086_0883,PATRIC.177416.18.NC_006570.CDS.787127.788119.rev,PATRIC,CDS,787127,788119,993,-,FIG00657436,PLF_262_00001424,PGF_00390167,,330,,hypothetical protein,
Francisella tularensis subsp. tularensis SCHU S4,177416.18,NC_006570,,FTT1691,FTT1691,RefSeq.177416.18.NC_006570.CDS.1760416.1760940.fwd,RefSeq,CDS,1760416,1760940,525,+,,,,YP_170596.1,174,,hypothetical protein,
Francisella tularensis subsp. tularensis SCHU S4,177416.18,NC_006570,,FTT0486,FTT0486,RefSeq.177416.18.NC_006570.CDS.504863.506665.fwd,RefSeq,CDS,504863,506665,1803,+,,,,YP_169524.1,600,mutL,DNA mismatch repair protein,
Francisella tularensis subsp. tularensis SCHU S4,177416.18,NC_006570,,FTT1065c,FTT1065c,RefSeq.177416.18.NC_006570.CDS.1073413.1074197.rev,RefSeq,CDS,1073413,1074197,327,-,,,,YP_170046.1,261,isftu1,transposase,
Francisella tularensis subsp. tularensis SCHU S4,177416.18,NC_006570,,FTT1285c,FTT1285c,RefSeq.177416.18.NC_006570.CDS.1303154.1304044.rev,RefSeq,CDS,1303154,1304044,891,-,,,,YP_170241.1,296,,LysR transcriptional regulator family protein,
Francisella tularensis subsp. tularensis SCHU S4,177416.18,NC_006570,,FTT1103,FTT1103,RefSeq.177416.18.NC_006570.CDS.1112964.1114061.fwd,RefSeq,CDS,1112964,1114061,1098,+,,,,YP_170079.1,365,,lipoprotein,
Francisella tularensis subsp. tularensis SCHU S4,177416.18,NC_006570,,FTT1631c,FTT1631c,RefSeq.177416.18.NC_006570.CDS.1695342.1696328.rev,RefSeq,CDS,1695342,1696328,987,-,,,,YP_170544.1,328,glpX,"fructose 1,6-bisphosphatase II",
Francisella tularensis subsp. tularensis SCHU S4,177416.18,NC_006570,,FTT0808,FTT0808,RefSeq.177416.18.NC_006570.CDS.827817.829940.fwd,RefSeq,CDS,827817,829940,2124,+,,,,YP_169815.1,707,spoT,"guanosine-3',5'-bis(diphosphate) 3'-pyrophosphohydrolase/(p)ppGpp synthase",
Francisella tularensis subsp. tularensis SCHU S4,177416.18,NC_006570,,FTT0029c,FTT0029c,RefSeq.177416.18.NC_006570.CDS.28357.30276.rev,RefSeq,CDS,28357,30276,1920,-,,,,YP_169105.1,639,,hypothetical protein,
Francisella tularensis subsp. tularensis SCHU S4,177416.18,NC_006570,,FTT1442c,FTT1442c,RefSeq.177416.18.NC_006570.CDS.1488808.1489764.rev,RefSeq,CDS,1488808,1489764,957,-,,,,YP_170380.1,318,rpoA2,DNA-directed RNA polymerase subunit alpha,
Francisella tularensis subsp. tularensis SCHU S4,177416.18,NC_006570,,FTT0557,FTT0557,RefSeq.177416.18.NC_006570.CDS.575198.575722.fwd,RefSeq,CDS,575198,575722,525,+,,,,YP_169583.1,174,,AhpC/TSA family protein,
Francisella tularensis subsp. tularensis SCHU S4,177416.18,NC_006570,fig|177416.18.peg.457,,VBIFraTul2086_0457,PATRIC.177416.18.NC_006570.CDS.418296.419141.rev,PATRIC,CDS,418296,419141,846,-,FIG00000022,PLF_262_00001018,PGF_08181546,,281,,Shikimate 5-dehydrogenase I alpha (EC 1.1.1.25),
Francisella tularensis subsp. tularensis SCHU S4,177416.18,NC_006570,fig|177416.18.peg.1316,,VBIFraTul2086_1316,PATRIC.177416.18.NC_006570.CDS.1153701.1153826.fwd,PATRIC,CDS,1153701,1153826,126,+,FIG01525564,PLF_262_00001678,PGF_01719490,,41,,hypothetical protein,
Francisella tularensis subsp. tularensis SCHU S4,177416.18,NC_006570,fig|177416.18.peg.392,,VBIFraTul2086_0392,PATRIC.177416.18.NC_006570.CDS.354205.354621.rev,PATRIC,CDS,354205,354621,417,-,FIG01306568,PLF_262_00000002,PGF_01719295,,138,,Mobile element protein,
Francisella tularensis subsp. tularensis SCHU S4,177416.18,NC_006570,fig|177416.18.peg.1369,,VBIFraTul2086_1369,PATRIC.177416.18.NC_006570.CDS.1199391.1199834.rev,PATRIC,CDS,1199391,1199834,444,-,FIG01367129,PLF_262_00001068,PGF_00066445,,147,,VacJ-like lipoprotein,
Francisella tularensis subsp. tularensis SCHU S4,177416.18,NC_006570,fig|177416.18.peg.1044,,VBIFraTul2086_1044,PATRIC.177416.18.NC_006570.CDS.920898.921251.fwd,PATRIC,CDS,920898,921251,354,+,FIG00657469,PLF_262_00001444,PGF_00339841,,117,,hypothetical protein,
Francisella tularensis subsp. tularensis SCHU S4,177416.18,NC_006570,fig|177416.18.peg.1873,,VBIFraTul2086_1873,PATRIC.177416.18.NC_006570.CDS.1680843.1681787.fwd,PATRIC,CDS,1680843,1681787,945,+,FIG01304970,PLF_262_00000769,PGF_00048842,,314,,Ribosomal protein L3 N(5)-glutamine methyltransferase (EC 2.1.1.298),
Francisella tularensis subsp. tularensis SCHU S4,177416.18,NC_006570,fig|177416.18.peg.151,,VBIFraTul2086_0151,PATRIC.177416.18.NC_006570.CDS.147668.148165.fwd,PATRIC,CDS,147668,148165,498,+,FIG00021330,PLF_262_00001487,PGF_00035364,,165,,Potassium efflux system KefA protein / Small-conductance mechanosensitive channel,
Francisella tularensis subsp. tularensis SCHU S4,177416.18,NC_006570,fig|177416.18.peg.1578,,VBIFraTul2086_1578,PATRIC.177416.18.NC_006570.CDS.1417102.1417605.fwd,PATRIC,CDS,1417102,1417605,504,+,FIG00149049,PLF_262_00001230,PGF_02031353,,167,,"FIG01269488: protein, clustered with ribosomal protein L32p",
Francisella tularensis subsp. tularensis SCHU S4,177416.18,NC_006570,fig|177416.18.peg.1446,,VBIFraTul2086_1446,PATRIC.177416.18.NC_006570.CDS.1272261.1272989.fwd,PATRIC,CDS,1272261,1272989,729,+,FIG00000248,PLF_262_00001079,PGF_10233208,,242,,16S rRNA (uracil(1498)-N(3))-methyltransferase (EC 2.1.1.193),
Francisella tularensis subsp. tularensis SCHU S4,177416.18,NC_006570,,FTT1014c,FTT1014c,RefSeq.177416.18.NC_006570.CDS.1024269.1024994.rev,RefSeq,CDS,1024269,1024994,726,-,,,,YP_169999.1,241,,short chain dehydrogenase family protein,
Francisella tularensis subsp. tularensis SCHU S4,177416.18,NC_006570,fig|177416.18.peg.1478,,VBIFraTul2086_1478,PATRIC.177416.18.NC_006570.CDS.1300377.1300832.rev,PATRIC,CDS,1300377,1300832,456,-,FIG00002729,PLF_262_00000925,PGF_01722194,,151,,PTS IIA-like nitrogen-regulatory protein PtsN,
Francisella tularensis subsp. tularensis SCHU S4,177416.18,NC_006570,fig|177416.18.peg.1007,,VBIFraTul2086_1007,PATRIC.177416.18.NC_006570.CDS.886652.887164.rev,PATRIC,CDS,886652,887164,513,-,FIG00380575,PLF_262_00007714,PGF_06594013,,170,,Peptide-methionine (R)-S-oxide reductase MsrB (EC 1.8.4.12),GO:0033743|peptide-methionine (R)-S-oxide reductase activity
Francisella tularensis subsp. tularensis SCHU S4,177416.18,NC_006570,fig|177416.18.peg.1973,,VBIFraTul2086_1973,PATRIC.177416.18.NC_006570.CDS.1766516.1766896.rev,PATRIC,CDS,1766516,1766896,381,-,FIG01306568,PLF_262_00000001,PGF_01719295,,126,,Mobile element protein,
Francisella tularensis subsp. tularensis SCHU S4,177416.18,NC_006570,fig|177416.18.peg.319,,VBIFraTul2086_0319,PATRIC.177416.18.NC_006570.CDS.299252.299584.fwd,PATRIC,CDS,299252,299584,333,+,FIG00001063,PLF_262_00007843,PGF_04012930,,110,,Cytochrome O ubiquinol oxidase subunit IV (EC 1.10.3.-),GO:0006118|electron transport;GO:0016021|integral to membrane
Francisella tularensis subsp. tularensis SCHU S4,177416.18,NC_006570,fig|177416.18.peg.843,,VBIFraTul2086_0843,PATRIC.177416.18.NC_006570.CDS.757819.757911.fwd,PATRIC,CDS,757819,757911,93,+,,PLF_262_00002255,PGF_01719740,,30,,hypothetical protein,
Francisella tularensis subsp. tularensis SCHU S4,177416.18,NC_006570,fig|177416.18.peg.1881,,VBIFraTul2086_1881,PATRIC.177416.18.NC_006570.CDS.1686434.1686754.rev,PATRIC,CDS,1686434,1686754,321,-,FIG00658382,PLF_262_00001144,PGF_00326789,,106,,hypothetical protein,
Francisella tularensis subsp. tularensis SCHU S4,177416.18,NC_006570,fig|177416.18.peg.2034,,VBIFraTul2086_2034,PATRIC.177416.18.NC_006570.CDS.1838207.1839286.fwd,PATRIC,CDS,1838207,1839286,1080,+,FIG00000234,PLF_262_00000755,PGF_00047078,,359,,RecA protein,
Francisella tularensis subsp. tularensis SCHU S4,177416.18,NC_006570,fig|177416.18.peg.214,FTT0194c,VBIFraTul2086_0214,PATRIC.177416.18.NC_006570.CDS.211569.212441.rev,PATRIC,CDS,211569,212441,873,-,FIG00745068,PLF_262_00007865,PGF_01312499,YP_169255.1,290,,CAAX amino terminal protease family protein,
Francisella tularensis subsp. tularensis SCHU S4,177416.18,NC_006570,fig|177416.18.peg.1690,,VBIFraTul2086_1690,PATRIC.177416.18.NC_006570.CDS.1516518.1517261.rev,PATRIC,CDS,1516518,1517261,744,-,FIG01306568,PLF_262_00000003,PGF_01000105,,247,,Mobile element protein,
Francisella tularensis subsp. tularensis SCHU S4,177416.18,NC_006570,fig|177416.18.peg.1848,,VBIFraTul2086_1848,PATRIC.177416.18.NC_006570.CDS.1660677.1662134.fwd,PATRIC,CDS,1660677,1662134,1458,+,FIG00657650,PLF_262_00001191,PGF_00136089,,485,,hypothetical protein,
Francisella tularensis subsp. tularensis SCHU S4,177416.18,NC_006570,,FTT1047c,FTT1047c,RefSeq.177416.18.NC_006570.CDS.1057955.1058317.rev,RefSeq,CDS,1057955,1058317,363,-,,,,YP_170030.1,120,,hypothetical protein,
Francisella tularensis subsp. tularensis SCHU S4,177416.18,NC_006570,,FTT1358c,FTT1358c,RefSeq.177416.18.NC_006570.CDS.1399319.1400863.rev,RefSeq,CDS,1399319,1400863,1545,-,,,,YP_170310.1,514,iglB,"intracellular growth locus, subunit B",
Francisella tularensis subsp. tularensis SCHU S4,177416.18,NC_006570,,FTT1315c,FTT1315c,RefSeq.177416.18.NC_006570.CDS.1340478.1342100.rev,RefSeq,CDS,1340478,1342100,1623,-,,,,YP_170268.1,540,pgi,glucose-6-phosphate isomerase,
Francisella tularensis subsp. tularensis SCHU S4,177416.18,NC_006570,,FTT0642,FTT0642,RefSeq.177416.18.NC_006570.CDS.661523.661840.fwd,RefSeq,CDS,661523,661840,318,+,,,,YP_169661.1,105,ilvH,"acetolactate synthase, small subunit",
Francisella tularensis subsp. tularensis SCHU S4,177416.18,NC_006570,,FTT0731c,FTT0731c,RefSeq.177416.18.NC_006570.CDS.754248.754694.rev,RefSeq,CDS,754248,754694,447,-,,,,YP_169744.1,148,,hypothetical protein,
Francisella tularensis subsp. tularensis SCHU S4,177416.18,NC_006570,fig|177416.18.peg.2043,,VBIFraTul2086_2043,PATRIC.177416.18.NC_006570.CDS.1846395.1846676.rev,PATRIC,CDS,1846395,1846676,282,-,FIG00061305,PLF_262_00001783,PGF_06959095,,93,,hypothetical protein,
Francisella tularensis subsp. tularensis SCHU S4,177416.18,NC_006570,fig|177416.18.peg.1523,,VBIFraTul2086_1523,PATRIC.177416.18.NC_006570.CDS.1347230.1348081.fwd,PATRIC,CDS,1347230,1348081,852,+,FIG00920505,PLF_262_00001496,PGF_01719402,,283,,Lipopolysaccharide export system permease protein LptG,
Francisella tularensis subsp. tularensis SCHU S4,177416.18,NC_006570,fig|177416.18.peg.1976,,VBIFraTul2086_1976,PATRIC.177416.18.NC_006570.CDS.1775727.1779008.fwd,PATRIC,CDS,1775727,1779008,3282,+,FIG00657541,PLF_262_00007830,PGF_00326511,,1093,,hypothetical protein,
Francisella tularensis subsp. tularensis SCHU S4,177416.18,NC_006570,fig|177416.18.peg.1719,,VBIFraTul2086_1719,PATRIC.177416.18.NC_006570.CDS.1544424.1544546.rev,PATRIC,CDS,1544424,1544546,123,-,FIG00638284,PLF_262_00001888,PGF_01719622,,40,,hypothetical protein,
Francisella tularensis subsp. tularensis SCHU S4,177416.18,NC_006570,,FTT0197c,FTT0197c,RefSeq.177416.18.NC_006570.CDS.215230.216207.rev,RefSeq,CDS,215230,216207,978,-,,,,YP_169258.1,325,holA,"DNA polymerase III, delta subunit",
Francisella tularensis subsp. tularensis SCHU S4,177416.18,NC_006570,fig|177416.18.peg.478,,VBIFraTul2086_0478,PATRIC.177416.18.NC_006570.CDS.443011.444297.fwd,PATRIC,CDS,443011,444297,1287,+,FIG00000134,PLF_262_00000986,PGF_03316046,,428,,Threonine synthase (EC 4.2.3.1),GO:0004795|threonine synthase activity
Francisella tularensis subsp. tularensis SCHU S4,177416.18,NC_006570,fig|177416.18.peg.983,,VBIFraTul2086_0983,PATRIC.177416.18.NC_006570.CDS.869388.869894.rev,PATRIC,CDS,869388,869894,507,-,FIG00001158,PLF_262_00001377,PGF_00417842,,168,,Chorismate--pyruvate lyase (EC 4.1.3.40),
Francisella tularensis subsp. tularensis SCHU S4,177416.18,NC_006570,fig|177416.18.peg.368,,VBIFraTul2086_0368,PATRIC.177416.18.NC_006570.CDS.341468.341881.fwd,PATRIC,CDS,341468,341881,414,+,FIG00001132,PLF_262_00000970,PGF_00016343,,137,,LSU ribosomal protein L16p (L10e),GO:0003735|structural constituent of ribosome;GO:0005622|intracellular;GO:0005840|ribosome;GO:0006412|translation
Francisella tularensis subsp. tularensis SCHU S4,177416.18,NC_006570,fig|177416.18.peg.1562,,VBIFraTul2086_1562,PATRIC.177416.18.NC_006570.CDS.1400818.1401372.rev,PATRIC,CDS,1400818,1401372,555,-,FIG00005165,PLF_262_00000103,PGF_00064960,,184,,T6SS component TssB (ImpB/VipA),
Francisella tularensis subsp. tularensis SCHU S4,177416.18,NC_006570,fig|177416.18.peg.354,,VBIFraTul2086_0354,PATRIC.177416.18.NC_006570.CDS.332265.333059.fwd,PATRIC,CDS,332265,333059,795,+,FIG00000097,PLF_262_00000421,PGF_02450432,,264,,Phosphatidate cytidylyltransferase (EC 2.7.7.41),GO:0004605|phosphatidate cytidylyltransferase activity
Francisella tularensis subsp. tularensis SCHU S4,177416.18,NC_006570,fig|177416.18.peg.332,,VBIFraTul2086_0332,PATRIC.177416.18.NC_006570.CDS.310651.311295.fwd,PATRIC,CDS,310651,311295,645,+,FIG00008873,PLF_262_00001413,PGF_07980266,,214,,Pyrrolidone-carboxylate peptidase (EC 3.4.19.3),
Francisella tularensis subsp. tularensis SCHU S4,177416.18,NC_006570,fig|177416.18.peg.367,,VBIFraTul2086_0367,PATRIC.177416.18.NC_006570.CDS.340796.341464.fwd,PATRIC,CDS,340796,341464,669,+,FIG00000218,PLF_262_00001044,PGF_00049889,,222,,SSU ribosomal protein S3p (S3e),GO:0003676|nucleic acid binding;GO:0003735|structural constituent of ribosome;GO:0005622|intracellular;GO:0005840|ribosome;GO:0006412|translation
Francisella tularensis subsp. tularensis SCHU S4,177416.18,NC_006570,fig|177416.18.peg.78,FTT0072,VBIFraTul2086_0078,PATRIC.177416.18.NC_006570.CDS.73908.74288.fwd,PATRIC,CDS,73908,74288,381,+,FIG00000800,PLF_262_00001178,PGF_06061522,YP_169147.1,126,sdhC,Succinate dehydrogenase cytochrome b-556 subunit,GO:0000104|succinate dehydrogenase activity;GO:0006099|tricarboxylic acid cycle;GO:0006118|electron transport;GO:0016020|membrane
Francisella tularensis subsp. tularensis SCHU S4,177416.18,NC_006570,fig|177416.18.peg.31,FTT0028c,VBIFraTul2086_0031,PATRIC.177416.18.NC_006570.CDS.27088.28350.rev,PATRIC,CDS,27088,28350,1263,-,FIG01347137,PLF_262_00001495,PGF_01719401,YP_169104.1,420,,Putative efflux pump,
Francisella tularensis subsp. tularensis SCHU S4,177416.18,NC_006570,fig|177416.18.peg.1535,,VBIFraTul2086_1535,PATRIC.177416.18.NC_006570.CDS.1361258.1362466.fwd,PATRIC,CDS,1361258,1362466,1209,+,FIG01357406,PLF_262_00001218,PGF_00416350,,402,,"Capsular polysaccharide synthesis enzyme CpsJ, membrane protein, export of O-antigen and teichoic acid",
Francisella tularensis subsp. tularensis SCHU S4,177416.18,NC_006570,fig|177416.18.peg.1006,,VBIFraTul2086_1006,PATRIC.177416.18.NC_006570.CDS.886004.886633.rev,PATRIC,CDS,886004,886633,630,-,FIG00657851,PLF_262_00001282,PGF_08270953,,209,,hypothetical protein,
Francisella tularensis subsp. tularensis SCHU S4,177416.18,NC_006570,fig|177416.18.peg.1864,,VBIFraTul2086_1864,PATRIC.177416.18.NC_006570.CDS.1675237.1675710.fwd,PATRIC,CDS,1675237,1675710,474,+,FIG00002806,PLF_262_00005790,PGF_00973394,,157,,Phospholipid ABC transporter substrate-binding protein MlaD,
Francisella tularensis subsp. tularensis SCHU S4,177416.18,NC_006570,fig|177416.18.peg.241,,VBIFraTul2086_0241,PATRIC.177416.18.NC_006570.CDS.234257.234637.fwd,PATRIC,CDS,234257,234637,381,+,FIG01306568,PLF_262_00000001,PGF_01719295,,126,,Mobile element protein,
Francisella tularensis subsp. tularensis SCHU S4,177416.18,NC_006570,fig|177416.18.peg.582,,VBIFraTul2086_0582,PATRIC.177416.18.NC_006570.CDS.539917.540489.fwd,PATRIC,CDS,539917,540489,573,+,FIG01315281,PLF_262_00008697,PGF_07410445,,190,,NADPH-dependent broad range aldehyde dehydrogenase YqhD,
Francisella tularensis subsp. tularensis SCHU S4,177416.18,NC_006570,fig|177416.18.peg.1370,,VBIFraTul2086_1370,PATRIC.177416.18.NC_006570.CDS.1199956.1201161.rev,PATRIC,CDS,1199956,1201161,1206,-,FIG01958882,PLF_262_00001229,PGF_00425564,,401,,FAD-dependent cmnm(5)s(2)U34 oxidoreductase,
Francisella tularensis subsp. tularensis SCHU S4,177416.18,NC_006570,fig|177416.18.peg.1952,,VBIFraTul2086_1952,PATRIC.177416.18.NC_006570.CDS.1752525.1753676.rev,PATRIC,CDS,1752525,1753676,1152,-,FIG00025607,PLF_262_00001062,PGF_10488131,,383,,"Multidrug resistance transporter, Bcr/CflA family",
Francisella tularensis subsp. tularensis SCHU S4,177416.18,NC_006570,fig|177416.18.peg.525,,VBIFraTul2086_0525,PATRIC.177416.18.NC_006570.CDS.487871.488659.fwd,PATRIC,CDS,487871,488659,789,+,FIG01958812,PLF_262_00000779,PGF_00049827,,262,,SSU rRNA (adenine(1518)-N(6)/adenine(1519)-N(6))-dimethyltransferase (EC 2.1.1.182),
Francisella tularensis subsp. tularensis SCHU S4,177416.18,NC_006570,fig|177416.18.peg.304,,VBIFraTul2086_0304,PATRIC.177416.18.NC_006570.CDS.287321.287542.fwd,PATRIC,CDS,287321,287542,222,+,FIG00658598,PLF_262_00001590,PGF_04031175,,73,,hypothetical protein,
Francisella tularensis subsp. tularensis SCHU S4,177416.18,NC_006570,fig|177416.18.peg.2014,,VBIFraTul2086_2014,PATRIC.177416.18.NC_006570.CDS.1820781.1821977.rev,PATRIC,CDS,1820781,1821977,1197,-,FIG00004484,PLF_262_00000472,PGF_03868166,,398,,Tyrosine-specific transport protein,
Francisella tularensis subsp. tularensis SCHU S4,177416.18,NC_006570,,FTT0432,FTT0432,RefSeq.177416.18.NC_006570.CDS.446268.447677.fwd,RefSeq,CDS,446268,447677,1410,+,,,,YP_169472.1,469,speA,putative arginine decarboxylase,
Francisella tularensis subsp. tularensis SCHU S4,177416.18,NC_006570,,FTT1520c,FTT1520c,RefSeq.177416.18.NC_006570.CDS.1572719.1574056.rev,RefSeq,CDS,1572719,1574056,1338,-,,,,YP_170451.1,445,gabP,glutamate/gamma-aminobutyrate anti-porter,
Francisella tularensis subsp. tularensis SCHU S4,177416.18,NC_006570,,FTT1222,FTT1222,RefSeq.177416.18.NC_006570.CDS.1239801.1240427.fwd,RefSeq,CDS,1239801,1240427,627,+,,,,YP_170180.1,208,dedA2,DedA family protein,
Francisella tularensis subsp. tularensis SCHU S4,177416.18,NC_006570,fig|177416.18.peg.688,,VBIFraTul2086_0688,PATRIC.177416.18.NC_006570.CDS.623046.623210.fwd,PATRIC,CDS,623046,623210,165,+,FIG00657870,PLF_262_00001646,PGF_01719475,,54,,hypothetical protein,
Francisella tularensis subsp. tularensis SCHU S4,177416.18,NC_006570,,FTT0037,FTT0037,RefSeq.177416.18.NC_006570.CDS.35744.38110.fwd,RefSeq,CDS,35744,38110,2367,+,,,,YP_169113.1,788,nuoG,NADH dehydrogenase subunit G,
Francisella tularensis subsp. tularensis SCHU S4,177416.18,NC_006570,,FTT1302,FTT1302,RefSeq.177416.18.NC_006570.CDS.1325108.1325938.fwd,RefSeq,CDS,1325108,1325938,831,+,,,,YP_170256.1,276,,hypothetical protein,
Francisella tularensis subsp. tularensis SCHU S4,177416.18,NC_006570,,FTT1793c,FTT1793c,RefSeq.177416.18.NC_006570.CDS.1879853.1882447.rev,RefSeq,CDS,1879853,1882447,2595,-,,,,YP_170677.1,864,pepN,aminopeptidase N,
Francisella tularensis subsp. tularensis SCHU S4,177416.18,NC_006570,,FTT0196c,FTT0196c,RefSeq.177416.18.NC_006570.CDS.214073.215110.rev,RefSeq,CDS,214073,215110,1038,-,,,,YP_169257.1,345,glnA,glutamine synthetase,
Francisella tularensis subsp. tularensis SCHU S4,177416.18,NC_006570,,FTT0630,FTT0630,RefSeq.177416.18.NC_006570.CDS.649910.650239.fwd,RefSeq,CDS,649910,650239,330,+,,,,YP_169651.1,109,hfq,host factor I for bacteriophage Q beta replication,
Francisella tularensis subsp. tularensis SCHU S4,177416.18,NC_006570,fig|177416.18.peg.877,,VBIFraTul2086_0877,PATRIC.177416.18.NC_006570.CDS.781839.782585.rev,PATRIC,CDS,781839,782585,747,-,FIG00038461,PLF_262_00001111,PGF_00040580,,248,,Putative deoxyribonuclease YjjV,
Francisella tularensis subsp. tularensis SCHU S4,177416.18,NC_006570,,FTT0851,FTT0851,RefSeq.177416.18.NC_006570.CDS.864048.864806.fwd,RefSeq,CDS,864048,864806,759,+,,,,YP_169854.1,252,,hypothetical protein,
Francisella tularensis subsp. tularensis SCHU S4,177416.18,NC_006570,,FTT0540c,FTT0540c,RefSeq.177416.18.NC_006570.CDS.560384.561874.rev,RefSeq,CDS,560384,561874,1491,-,,,,YP_169568.1,496,,hypothetical protein,
Francisella tularensis subsp. tularensis SCHU S4,177416.18,NC_006570,,FTT1096c,FTT1096c,RefSeq.177416.18.NC_006570.CDS.1105418.1108015.rev,RefSeq,CDS,1105418,1108015,2598,-,,,,YP_170075.1,865,alaS,alanyl-tRNA synthetase,
Francisella tularensis subsp. tularensis SCHU S4,177416.18,NC_006570,fig|177416.18.peg.442,,VBIFraTul2086_0442,PATRIC.177416.18.NC_006570.CDS.399331.399930.rev,PATRIC,CDS,399331,399930,600,-,FIG00946206,PLF_262_00001519,PGF_01719412,,199,,hypothetical protein,
Francisella tularensis subsp. tularensis SCHU S4,177416.18,NC_006570,,FTT1423c,FTT1423c,RefSeq.177416.18.NC_006570.CDS.1471807.1472556.rev,RefSeq,CDS,1471807,1472556,750,-,,,,YP_170366.1,249,,hypothetical protein,
Francisella tularensis subsp. tularensis SCHU S4,177416.18,NC_006570,,FTT0193c,FTT0193c,RefSeq.177416.18.NC_006570.CDS.210928.211470.rev,RefSeq,CDS,210928,211470,543,-,,,,YP_169254.1,180,,hypothetical protein,
Francisella tularensis subsp. tularensis SCHU S4,177416.18,NC_006570,,FTT1094c,FTT1094c,RefSeq.177416.18.NC_006570.CDS.1102646.1104061.rev,RefSeq,CDS,1102646,1104061,1416,-,,,,YP_170073.1,471,,cytosol aminopeptidase family protein,
Francisella tularensis subsp. tularensis SCHU S4,177416.18,NC_006570,,FTT1644,FTT1644,RefSeq.177416.18.NC_006570.CDS.1708876.1710300.fwd,RefSeq,CDS,1708876,1710300,1425,+,,,,YP_170553.1,474,,Beta-fructofuranosidase,
Francisella tularensis subsp. tularensis SCHU S4,177416.18,NC_006570,,FTT0640,FTT0640,RefSeq.177416.18.NC_006570.CDS.658005.659660.fwd,RefSeq,CDS,658005,659660,1656,+,,,,YP_169660.1,551,ilvD,dihydroxy-acid dehydratase,
Francisella tularensis subsp. tularensis SCHU S4,177416.18,NC_006570,,FTT1064,FTT1064,RefSeq.177416.18.NC_006570.CDS.1072284.1072874.fwd,RefSeq,CDS,1072284,1072874,591,+,,,,YP_170045.1,196,,hypothetical protein,
Francisella tularensis subsp. tularensis SCHU S4,177416.18,NC_006570,,FTT1254,FTT1254,RefSeq.177416.18.NC_006570.CDS.1274816.1276507.fwd,RefSeq,CDS,1274816,1276507,1692,+,,,,YP_170212.1,563,fadD1,Acyl-CoA synthetase (long-chain-fatty-acid--CoA ligase),
Francisella tularensis subsp. tularensis SCHU S4,177416.18,NC_006570,,FTT0763c,FTT0763c,RefSeq.177416.18.NC_006570.CDS.781840.782586.rev,RefSeq,CDS,781840,782586,747,-,,,,YP_169773.1,248,yjjV,TatD related DNAse family protein,
Francisella tularensis subsp. tularensis SCHU S4,177416.18,NC_006570,fig|177416.18.peg.1122,,VBIFraTul2086_1122,PATRIC.177416.18.NC_006570.CDS.988871.989476.rev,PATRIC,CDS,988871,989476,606,-,FIG00658007,PLF_262_00001548,PGF_01719427,,201,,hypothetical protein,
Francisella tularensis subsp. tularensis SCHU S4,177416.18,NC_006570,fig|177416.18.peg.565,,VBIFraTul2086_0565,PATRIC.177416.18.NC_006570.CDS.523407.524570.rev,PATRIC,CDS,523407,524570,1164,-,FIG00000337,PLF_262_00000459,PGF_00054528,,387,,Succinyl-CoA ligase [ADP-forming] beta chain (EC 6.2.1.5),GO:0004775|succinate-CoA ligase (ADP-forming) activity
Francisella tularensis subsp. tularensis SCHU S4,177416.18,NC_006570,fig|177416.18.peg.1459,,VBIFraTul2086_1459,PATRIC.177416.18.NC_006570.CDS.1284333.1284749.fwd,PATRIC,CDS,1284333,1284749,417,+,FIG01306568,PLF_262_00000002,PGF_01719295,,138,,Mobile element protein,
Francisella tularensis subsp. tularensis SCHU S4,177416.18,NC_006570,fig|177416.18.peg.1498,,VBIFraTul2086_1498,PATRIC.177416.18.NC_006570.CDS.1321346.1321933.fwd,PATRIC,CDS,1321346,1321933,588,+,FIG00004128,PLF_262_00007841,PGF_01722206,,195,,Ubiquinone biosynthesis protein UbiJ,
Francisella tularensis subsp. tularensis SCHU S4,177416.18,NC_006570,fig|177416.18.peg.524,,VBIFraTul2086_0524,PATRIC.177416.18.NC_006570.CDS.486466.487869.fwd,PATRIC,CDS,486466,487869,1404,+,FIG00036406,PLF_262_00000803,PGF_01722161,,467,,Periplasmic chaperone and peptidyl-prolyl cis-trans isomerase of outer membrane proteins SurA (EC 5.2.1.8),GO:0003755|peptidyl-prolyl cis-trans isomerase activity
Francisella tularensis subsp. tularensis SCHU S4,177416.18,NC_006570,fig|177416.18.peg.876,,VBIFraTul2086_0876,PATRIC.177416.18.NC_006570.CDS.780786.781835.rev,PATRIC,CDS,780786,781835,1050,-,FIG00000412,PLF_262_00000578,PGF_10387199,,349,,DNA recombination and repair protein RecF,
Francisella tularensis subsp. tularensis SCHU S4,177416.18,NC_006570,fig|177416.18.peg.327,,VBIFraTul2086_0327,PATRIC.177416.18.NC_006570.CDS.305722.306198.fwd,PATRIC,CDS,305722,306198,477,+,FIG00657499,PLF_262_00001278,PGF_10498958,,158,,FIG00657500: hypothetical protein,
Francisella tularensis subsp. tularensis SCHU S4,177416.18,NC_006570,,FTT1350,FTT1350,RefSeq.177416.18.NC_006570.CDS.1388852.1390282.fwd,RefSeq,CDS,1388852,1390282,1431,+,,,,YP_170302.1,476,,hypothetical protein,
Francisella tularensis subsp. tularensis SCHU S4,177416.18,NC_006570,fig|177416.18.peg.1024,,VBIFraTul2086_1024,PATRIC.177416.18.NC_006570.CDS.901329.902372.fwd,PATRIC,CDS,901329,902372,1044,+,FIG00000222,PLF_262_00000723,PGF_00033954,,347,,Phosphoribosylformylglycinamidine cyclo-ligase (EC 6.3.3.1),GO:0004641|phosphoribosylformylglycinamidine cyclo-ligase activity
Francisella tularensis subsp. tularensis SCHU S4,177416.18,NC_006570,,FTT0661c,FTT0661c,RefSeq.177416.18.NC_006570.CDS.680317.680613.rev,RefSeq,CDS,680317,680613,297,-,,,,YP_169678.1,98,,hypothetical protein,
Francisella tularensis subsp. tularensis SCHU S4,177416.18,NC_006570,,FTT1384c,FTT1384c,RefSeq.177416.18.NC_006570.CDS.1429150.1429641.rev,RefSeq,CDS,1429150,1429641,492,-,,,,YP_170329.1,163,,acetyltransferase,
Francisella tularensis subsp. tularensis SCHU S4,177416.18,NC_006570,,FTT0467,FTT0467,RefSeq.177416.18.NC_006570.CDS.483861.486467.fwd,RefSeq,CDS,483861,486467,2607,+,,,,YP_169505.1,868,ostA1,organic solvent tolerance protein,
Francisella tularensis subsp. tularensis SCHU S4,177416.18,NC_006570,,FTT1079c,FTT1079c,RefSeq.177416.18.NC_006570.CDS.1089909.1090169.rev,RefSeq,CDS,1089909,1090169,261,-,,,,YP_170058.1,86,,hypothetical protein,
Francisella tularensis subsp. tularensis SCHU S4,177416.18,NC_006570,,FTT1314c,FTT1314c,RefSeq.177416.18.NC_006570.CDS.1339893.1340477.rev,RefSeq,CDS,1339893,1340477,585,-,,,,YP_170267.1,194,,Type IV pili fiber building block protein,
Francisella tularensis subsp. tularensis SCHU S4,177416.18,NC_006570,,FTT0518,FTT0518,RefSeq.177416.18.NC_006570.CDS.541313.542158.fwd,RefSeq,CDS,541313,542158,846,+,,,,YP_169550.1,281,prmA,"50S ribosomal protein L11, methyltransferase",
Francisella tularensis subsp. tularensis SCHU S4,177416.18,NC_006570,,FTT0186,FTT0186,RefSeq.177416.18.NC_006570.CDS.201657.202340.fwd,RefSeq,CDS,201657,202340,684,+,,,,YP_169247.1,227,ftsQ,cell division protein FtsQ,
Francisella tularensis subsp. tularensis SCHU S4,177416.18,NC_006570,fig|177416.18.peg.420,,VBIFraTul2086_0420,PATRIC.177416.18.NC_006570.CDS.378906.379286.fwd,PATRIC,CDS,378906,379286,381,+,FIG01306568,PLF_262_00000001,PGF_01719295,,126,,Mobile element protein,
Francisella tularensis subsp. tularensis SCHU S4,177416.18,NC_006570,,FTT0075,FTT0075,RefSeq.177416.18.NC_006570.CDS.76456.77157.fwd,RefSeq,CDS,76456,77157,702,+,,,,YP_169150.1,233,sdhB,succinate dehydrogenase iron-sulfur subunit,
Francisella tularensis subsp. tularensis SCHU S4,177416.18,NC_006570,,FTT0887c,FTT0887c,RefSeq.177416.18.NC_006570.CDS.896395.896769.rev,RefSeq,CDS,896395,896769,375,-,,,,YP_169884.1,124,,hypothetical protein,
Francisella tularensis subsp. tularensis SCHU S4,177416.18,NC_006570,,FTT1163c,FTT1163c,RefSeq.177416.18.NC_006570.CDS.1177476.1177892.rev,RefSeq,CDS,1177476,1177892,417,-,,,,YP_170129.1,138,,hypothetical protein,
Francisella tularensis subsp. tularensis SCHU S4,177416.18,NC_006570,,FTT1385c,FTT1385c,RefSeq.177416.18.NC_006570.CDS.1429734.1430003.rev,RefSeq,CDS,1429734,1430003,270,-,,,,YP_170330.1,89,,hypothetical protein,
Francisella tularensis subsp. tularensis SCHU S4,177416.18,NC_006570,,FTT0387,FTT0387,RefSeq.177416.18.NC_006570.CDS.388991.390358.fwd,RefSeq,CDS,388991,390358,1368,+,,,,YP_169432.1,455,glmU,UDP-N-acetylglucosamine pyrophosphorylase/glucosamine-1-phosphate N-acetyltransferase,
Francisella tularensis subsp. tularensis SCHU S4,177416.18,NC_006570,,FTT0766,FTT0766,RefSeq.177416.18.NC_006570.CDS.785956.786678.fwd,RefSeq,CDS,785956,786678,723,+,,,,YP_169776.1,240,deoD,purine nucleoside phosphorylase,
Francisella tularensis subsp. tularensis SCHU S4,177416.18,NC_006570,,FTT0290,FTT0290,RefSeq.177416.18.NC_006570.CDS.303853.304809.fwd,RefSeq,CDS,303853,304809,957,+,,,,YP_169340.1,318,moxR,methanol dehydrogenase regulatory protein,
Francisella tularensis subsp. tularensis SCHU S4,177416.18,NC_006570,fig|177416.18.peg.441,,VBIFraTul2086_0441,PATRIC.177416.18.NC_006570.CDS.398658.399344.fwd,PATRIC,CDS,398658,399344,687,+,FIG00000443,PLF_262_00000887,PGF_00777996,,228,,5'-methylthioadenosine nucleosidase (EC 3.2.2.16) @ S-adenosylhomocysteine nucleosidase (EC 3.2.2.9),GO:0008930|methylthioadenosine nucleosidase activity;GO:0008782|adenosylhomocysteine nucleosidase activity
Francisella tularensis subsp. tularensis SCHU S4,177416.18,NC_006570,fig|177416.18.peg.1949,,VBIFraTul2086_1949,PATRIC.177416.18.NC_006570.CDS.1750154.1750852.fwd,PATRIC,CDS,1750154,1750852,699,+,FIG01309169,PLF_262_00001705,PGF_01719544,,232,,hypothetical protein,
Francisella tularensis subsp. tularensis SCHU S4,177416.18,NC_006570,fig|177416.18.peg.141,FTT0127c,VBIFraTul2086_0141,PATRIC.177416.18.NC_006570.CDS.138580.139782.rev,PATRIC,CDS,138580,139782,1203,-,FIG00657635,PLF_262_00000841,PGF_01722166,YP_169194.1,400,,hypothetical protein,
Francisella tularensis subsp. tularensis SCHU S4,177416.18,NC_006570,fig|177416.18.peg.719,,VBIFraTul2086_0719,PATRIC.177416.18.NC_006570.CDS.651608.652798.rev,PATRIC,CDS,651608,652798,1191,-,FIG01312919,PLF_262_00000040,PGF_10561877,,396,,Putative oxidoreductase,
Francisella tularensis subsp. tularensis SCHU S4,177416.18,NC_006570,fig|177416.18.peg.1283,,VBIFraTul2086_1283,PATRIC.177416.18.NC_006570.CDS.1122307.1123185.rev,PATRIC,CDS,1122307,1123185,879,-,FIG00000712,PLF_262_00000753,PGF_06053106,,292,,RNA polymerase sigma factor RpoH,GO:0003677|DNA binding;GO:0003700|transcription factor activity;GO:0006352|transcription initiation;GO:0016987|sigma factor activity
Francisella tularensis subsp. tularensis SCHU S4,177416.18,NC_006570,fig|177416.18.peg.17,FTT0014c,VBIFraTul2086_0017,PATRIC.177416.18.NC_006570.CDS.12456.12854.rev,PATRIC,CDS,12456,12854,399,-,FIG00658394,PLF_262_00001439,PGF_01719386,YP_169090.1,132,,hypothetical protein,
Francisella tularensis subsp. tularensis SCHU S4,177416.18,NC_006570,fig|177416.18.peg.1248,,VBIFraTul2086_1248,PATRIC.177416.18.NC_006570.CDS.1092529.1092786.rev,PATRIC,CDS,1092529,1092786,258,-,FIG00658145,PLF_262_00001551,PGF_00360358,,85,,hypothetical protein,
Francisella tularensis subsp. tularensis SCHU S4,177416.18,NC_006570,fig|177416.18.peg.961,,VBIFraTul2086_0961,PATRIC.177416.18.NC_006570.CDS.853197.853535.fwd,PATRIC,CDS,853197,853535,339,+,FIG00039983,PLF_262_00000463,PGF_00057016,,112,,"Tol biopolymer transport system, TolR protein",GO:0005215|transporter activity;GO:0006810|transport;GO:0016020|membrane
Francisella tularensis subsp. tularensis SCHU S4,177416.18,NC_006570,fig|177416.18.peg.454,,VBIFraTul2086_0454,PATRIC.177416.18.NC_006570.CDS.414911.415294.fwd,PATRIC,CDS,414911,415294,384,+,FIG00000296,PLF_262_00000618,PGF_01674551,,127,,Glycine cleavage system H protein,GO:0005960|glycine cleavage complex;GO:0006546|glycine catabolic process
Francisella tularensis subsp. tularensis SCHU S4,177416.18,NC_006570,fig|177416.18.peg.364,,VBIFraTul2086_0364,PATRIC.177416.18.NC_006570.CDS.339313.340137.fwd,PATRIC,CDS,339313,340137,825,+,FIG00000223,PLF_262_00001039,PGF_00016393,,274,,LSU ribosomal protein L2p (L8e),GO:0003735|structural constituent of ribosome;GO:0005622|intracellular;GO:0005840|ribosome;GO:0006412|translation
Francisella tularensis subsp. tularensis SCHU S4,177416.18,NC_006570,fig|177416.18.peg.1713,,VBIFraTul2086_1713,PATRIC.177416.18.NC_006570.CDS.1536224.1538905.rev,PATRIC,CDS,1536224,1538905,2682,-,FIG00137886,PLF_262_00000434,PGF_00045982,,893,,Pyruvate dehydrogenase E1 component (EC 1.2.4.1),GO:0004739|pyruvate dehydrogenase (acetyl-transferring) activity
Francisella tularensis subsp. tularensis SCHU S4,177416.18,NC_006570,fig|177416.18.peg.418,,VBIFraTul2086_0418,PATRIC.177416.18.NC_006570.CDS.376848.377246.fwd,PATRIC,CDS,376848,377246,399,+,FIG00773824,PLF_262_00001326,PGF_01719632,,132,,Putative S-transferase,
Francisella tularensis subsp. tularensis SCHU S4,177416.18,NC_006570,fig|177416.18.peg.1361,,VBIFraTul2086_1361,PATRIC.177416.18.NC_006570.CDS.1192368.1192520.rev,PATRIC,CDS,1192368,1192520,153,-,FIG00658544,PLF_262_00000086,PGF_00371085,,50,,hypothetical protein,
Francisella tularensis subsp. tularensis SCHU S4,177416.18,NC_006570,fig|177416.18.peg.972,,VBIFraTul2086_0972,PATRIC.177416.18.NC_006570.CDS.860686.862161.fwd,PATRIC,CDS,860686,862161,1476,+,FIG00657512,PLF_262_00000176,PGF_01719538,,491,,hypothetical protein,
Francisella tularensis subsp. tularensis SCHU S4,177416.18,NC_006570,fig|177416.18.peg.1859,,VBIFraTul2086_1859,PATRIC.177416.18.NC_006570.CDS.1671767.1672453.fwd,PATRIC,CDS,1671767,1672453,687,+,FIG00008886,PLF_262_00000788,PGF_00051120,,228,,Septum site-determining protein MinC,
Francisella tularensis subsp. tularensis SCHU S4,177416.18,NC_006570,fig|177416.18.peg.7,FTT0006,VBIFraTul2086_0007,PATRIC.177416.18.NC_006570.CDS.4661.5869.fwd,PATRIC,CDS,4661,5869,1209,+,FIG00061305,PLF_262_00000734,PGF_01722153,YP_169087.1,402,,Proline/betaine transporter,
Francisella tularensis subsp. tularensis SCHU S4,177416.18,NC_006570,,FTT1399,FTT1399,RefSeq.177416.18.NC_006570.CDS.1449688.1450557.fwd,RefSeq,CDS,1449688,1450557,870,+,,,,YP_170343.1,289,,hypothetical protein,
Francisella tularensis subsp. tularensis SCHU S4,177416.18,NC_006570,,FTT0482c,FTT0482c,RefSeq.177416.18.NC_006570.CDS.501331.502146.rev,RefSeq,CDS,501331,502146,816,-,,,,YP_169520.1,271,,lipoprotein,
Francisella tularensis subsp. tularensis SCHU S4,177416.18,NC_006570,,FTT1512c,FTT1512c,RefSeq.177416.18.NC_006570.CDS.1566662.1567588.rev,RefSeq,CDS,1566662,1567588,927,-,,,,YP_170446.1,308,dnaJ1,"heat shock protein, hsp40",
Francisella tularensis subsp. tularensis SCHU S4,177416.18,NC_006570,,FTT1483c,FTT1483c,RefSeq.177416.18.NC_006570.CDS.1532920.1534332.rev,RefSeq,CDS,1532920,1534332,1413,-,,,,YP_170418.1,470,lpd,dihydrolipoamide dehydrogenase,
Francisella tularensis subsp. tularensis SCHU S4,177416.18,NC_006570,,FTT0886,FTT0886,RefSeq.177416.18.NC_006570.CDS.894174.895823.fwd,RefSeq,CDS,894174,895823,1650,+,,,,YP_169883.1,549,,DNA repair protein recN,
Francisella tularensis subsp. tularensis SCHU S4,177416.18,NC_006570,,FTT1650c,FTT1650c,RefSeq.177416.18.NC_006570.CDS.1717577.1718125.rev,RefSeq,CDS,1717577,1718125,549,-,,,,YP_170558.1,182,,chorismate mutase,
Francisella tularensis subsp. tularensis SCHU S4,177416.18,NC_006570,,FTT0839,FTT0839,RefSeq.177416.18.NC_006570.CDS.853523.854434.fwd,RefSeq,CDS,853523,854434,912,+,,,,YP_169844.1,303,,hypothetical protein,
Francisella tularensis subsp. tularensis SCHU S4,177416.18,NC_006570,,FTT1077c,FTT1077c,RefSeq.177416.18.NC_006570.CDS.1088715.1089101.rev,RefSeq,CDS,1088715,1089101,387,-,,,,YP_170056.1,128,,hypothetical protein,
Francisella tularensis subsp. tularensis SCHU S4,177416.18,NC_006570,,FTT1475,FTT1475,RefSeq.177416.18.NC_006570.CDS.1527544.1528569.fwd,RefSeq,CDS,1527544,1528569,1026,+,,,,YP_170411.1,341,galT,galactose-1-phosphate uridylyltransferase,
Francisella tularensis subsp. tularensis SCHU S4,177416.18,NC_006570,,FTT1673,FTT1673,RefSeq.177416.18.NC_006570.CDS.1742288.1743499.fwd,RefSeq,CDS,1742288,1743499,1212,+,,,,YP_170579.1,403,ribA,riboflavin biosynthesis protein ribA/GTP-cyclohydrolase II,
Francisella tularensis subsp. tularensis SCHU S4,177416.18,NC_006570,,FTT0303c,FTT0303c,RefSeq.177416.18.NC_006570.CDS.317489.318646.rev,RefSeq,CDS,317489,318646,1158,-,,,,YP_169352.1,385,lldD,L-lactate dehydrogenase,
Francisella tularensis subsp. tularensis SCHU S4,177416.18,NC_006570,,FTT1149c,FTT1149c,RefSeq.177416.18.NC_006570.CDS.1160086.1161594.rev,RefSeq,CDS,1160086,1161594,1509,-,,,,YP_170116.1,502,,amino acid transporter family protein,
Francisella tularensis subsp. tularensis SCHU S4,177416.18,NC_006570,,FTT1145,FTT1145,RefSeq.177416.18.NC_006570.CDS.1156324.1156530.fwd,RefSeq,CDS,1156324,1156530,207,+,,,,YP_170113.1,68,chaB,cation transport regulator,
Francisella tularensis subsp. tularensis SCHU S4,177416.18,NC_006570,,FTT0464,FTT0464,RefSeq.177416.18.NC_006570.CDS.479962.481026.fwd,RefSeq,CDS,479962,481026,1065,+,,,,YP_169502.1,354,ansB,periplasmic L-asparaginase II precursor,
Francisella tularensis subsp. tularensis SCHU S4,177416.18,NC_006570,,FTT1266c,FTT1266c,RefSeq.177416.18.NC_006570.CDS.1287804.1288517.rev,RefSeq,CDS,1287804,1288517,714,-,,,,YP_170222.1,237,yhhW,pirin family protein,
Francisella tularensis subsp. tularensis SCHU S4,177416.18,NC_006570,,FTT1580c,FTT1580c,RefSeq.177416.18.NC_006570.CDS.1645635.1646165.rev,RefSeq,CDS,1645635,1646165,531,-,,,,YP_170502.1,176,,hypothetical protein,
Francisella tularensis subsp. tularensis SCHU S4,177416.18,NC_006570,fig|177416.18.peg.784,,VBIFraTul2086_0784,PATRIC.177416.18.NC_006570.CDS.707279.708028.fwd,PATRIC,CDS,707279,708028,750,+,FIG00657802,PLF_262_00000850,PGF_01722170,,249,,hypothetical protein,
Francisella tularensis subsp. tularensis SCHU S4,177416.18,NC_006570,,FTT1552,FTT1552,RefSeq.177416.18.NC_006570.CDS.1613174.1614001.fwd,RefSeq,CDS,1613174,1614001,828,+,,,,YP_170476.1,275,ole1,Delta 9 acyl-lipid fatty acid desaturase,
Francisella tularensis subsp. tularensis SCHU S4,177416.18,NC_006570,,FTT0284,FTT0284,RefSeq.177416.18.NC_006570.CDS.299253.299585.fwd,RefSeq,CDS,299253,299585,333,+,,,,YP_169334.1,110,cyoD,cytochrome O ubiquinol oxidase subunit IV,
Francisella tularensis subsp. tularensis SCHU S4,177416.18,NC_006570,fig|177416.18.peg.1004,,VBIFraTul2086_1004,PATRIC.177416.18.NC_006570.CDS.884179.884778.rev,PATRIC,CDS,884179,884778,600,-,FIG01311503,PLF_262_00001408,PGF_00039337,,199,,"Putative DedA family, membrane protein",
Francisella tularensis subsp. tularensis SCHU S4,177416.18,NC_006570,,FTT0052,FTT0052,RefSeq.177416.18.NC_006570.CDS.53682.54947.fwd,RefSeq,CDS,53682,54947,1266,+,,,,YP_169127.1,421,hisS,histidyl-tRNA synthetase,
Francisella tularensis subsp. tularensis SCHU S4,177416.18,NC_006570,fig|177416.18.peg.1548,,VBIFraTul2086_1548,PATRIC.177416.18.NC_006570.CDS.1382392.1385673.fwd,PATRIC,CDS,1382392,1385673,3282,+,FIG00657541,PLF_262_00007830,PGF_00326511,,1093,,hypothetical protein,
Francisella tularensis subsp. tularensis SCHU S4,177416.18,NC_006570,fig|177416.18.peg.76,FTT0070c,VBIFraTul2086_0076,PATRIC.177416.18.NC_006570.CDS.70944.72209.rev,PATRIC,CDS,70944,72209,1266,-,FIG00003406,PLF_262_00001156,PGF_06747785,YP_169145.1,421,ampG,AmpG permease,
Francisella tularensis subsp. tularensis SCHU S4,177416.18,NC_006570,fig|177416.18.peg.831,,VBIFraTul2086_0831,PATRIC.177416.18.NC_006570.CDS.751119.752051.fwd,PATRIC,CDS,751119,752051,933,+,FIG00001005,PLF_262_00001120,PGF_00884706,,310,,"Efflux ABC transporter, ATP-binding protein",
Francisella tularensis subsp. tularensis SCHU S4,177416.18,NC_006570,fig|177416.18.peg.1928,,VBIFraTul2086_1928,PATRIC.177416.18.NC_006570.CDS.1728116.1728553.rev,PATRIC,CDS,1728116,1728553,438,-,FIG01556665,PLF_262_00000073,PGF_00018582,,145,,Major acid phosphatase Map,
Francisella tularensis subsp. tularensis SCHU S4,177416.18,NC_006570,fig|177416.18.peg.230,FTT0207c,VBIFraTul2086_0230,PATRIC.177416.18.NC_006570.CDS.225323.226096.rev,PATRIC,CDS,225323,226096,774,-,FIG00005113,PLF_262_00000482,PGF_02912267,YP_169266.1,257,,"Zinc ABC transporter, permease protein ZnuB",
Francisella tularensis subsp. tularensis SCHU S4,177416.18,NC_006570,fig|177416.18.peg.827,,VBIFraTul2086_0827,PATRIC.177416.18.NC_006570.CDS.748994.750028.rev,PATRIC,CDS,748994,750028,1035,-,FIG00002239,PLF_262_00000966,PGF_04776928,,344,,Glycerophosphoryl diester phosphodiesterase (EC 3.1.4.46),GO:0008889|glycerophosphodiester phosphodiesterase activity
Francisella tularensis subsp. tularensis SCHU S4,177416.18,NC_006570,fig|177416.18.peg.674,,VBIFraTul2086_0674,PATRIC.177416.18.NC_006570.CDS.611223.611909.fwd,PATRIC,CDS,611223,611909,687,+,FIG00023019,PLF_262_00000553,PGF_00416525,,228,,"Carbonic anhydrase, beta class (EC 4.2.1.1)",GO:0004089|carbonate dehydratase activity
Francisella tularensis subsp. tularensis SCHU S4,177416.18,NC_006570,fig|177416.18.peg.1274,,VBIFraTul2086_1274,PATRIC.177416.18.NC_006570.CDS.1114701.1115546.fwd,PATRIC,CDS,1114701,1115546,846,+,FIG00025607,PLF_262_00001131,PGF_06767689,,281,,"Multidrug resistance transporter, Bcr/CflA family",
Francisella tularensis subsp. tularensis SCHU S4,177416.18,NC_006570,fig|177416.18.peg.781,,VBIFraTul2086_0781,PATRIC.177416.18.NC_006570.CDS.703610.704914.rev,PATRIC,CDS,703610,704914,1305,-,FIG00004528,PLF_262_00000116,PGF_02158779,,434,,Di-tripeptide/cation symporter,
Francisella tularensis subsp. tularensis SCHU S4,177416.18,NC_006570,fig|177416.18.peg.1540,,VBIFraTul2086_1540,PATRIC.177416.18.NC_006570.CDS.1367013.1368263.rev,PATRIC,CDS,1367013,1368263,1251,-,FIG01304615,PLF_262_00001053,PGF_06852796,,416,,Na+/H+-dicarboxylate symporter,
Francisella tularensis subsp. tularensis SCHU S4,177416.18,NC_006570,fig|177416.18.peg.1335,,VBIFraTul2086_1335,PATRIC.177416.18.NC_006570.CDS.1168798.1170582.rev,PATRIC,CDS,1168798,1170582,1785,-,FIG00010286,PLF_262_00000102,PGF_00063770,,594,,Type IV pilus biogenesis protein PilQ,
Francisella tularensis subsp. tularensis SCHU S4,177416.18,NC_006570,fig|177416.18.peg.891,,VBIFraTul2086_0891,PATRIC.177416.18.NC_006570.CDS.794062.794439.fwd,PATRIC,CDS,794062,794439,378,+,FIG00657489,PLF_262_00001026,PGF_08225224,,125,,hypothetical protein,
Francisella tularensis subsp. tularensis SCHU S4,177416.18,NC_006570,fig|177416.18.peg.1340,,VBIFraTul2086_1340,PATRIC.177416.18.NC_006570.CDS.1173477.1174133.fwd,PATRIC,CDS,1173477,1174133,657,+,FIG00000089,PLF_262_00000325,PGF_04244475,,218,,Adenylate kinase (EC 2.7.4.3),GO:0004017|adenylate kinase activity
Francisella tularensis subsp. tularensis SCHU S4,177416.18,NC_006570,fig|177416.18.peg.1629,,VBIFraTul2086_1629,PATRIC.177416.18.NC_006570.CDS.1464963.1466033.fwd,PATRIC,CDS,1464963,1466033,1071,+,FIG00719736,PLF_262_00000201,PGF_04544396,,356,,Aspartate aminotransferase (EC 2.6.1.1),GO:0004069|aspartate transaminase activity
Francisella tularensis subsp. tularensis SCHU S4,177416.18,NC_006570,fig|177416.18.peg.847,,VBIFraTul2086_0847,PATRIC.177416.18.NC_006570.CDS.758908.760422.fwd,PATRIC,CDS,758908,760422,1515,+,FIG00000592,PLF_262_00000276,PGF_06230969,,504,,NAD(P)H-hydrate epimerase (EC 5.1.99.6) / ADP-dependent (S)-NAD(P)H-hydrate dehydratase (EC 4.2.1.136),
Francisella tularensis subsp. tularensis SCHU S4,177416.18,NC_006570,fig|177416.18.peg.2067,,VBIFraTul2086_2067,PATRIC.177416.18.NC_006570.CDS.1867150.1867560.rev,PATRIC,CDS,1867150,1867560,411,-,FIG00946206,PLF_262_00000952,PGF_00385790,,136,,hypothetical protein,
Francisella tularensis subsp. tularensis SCHU S4,177416.18,NC_006570,fig|177416.18.peg.292,,VBIFraTul2086_0292,PATRIC.177416.18.NC_006570.CDS.277410.277742.fwd,PATRIC,CDS,277410,277742,333,+,FIG00657442,PLF_262_00001443,PGF_01719387,,110,,hypothetical protein,
Francisella tularensis subsp. tularensis SCHU S4,177416.18,NC_006570,fig|177416.18.peg.986,,VBIFraTul2086_0986,PATRIC.177416.18.NC_006570.CDS.871182.871433.rev,PATRIC,CDS,871182,871433,252,-,FIG01475103,PLF_262_00001739,PGF_01719524,,83,,hypothetical protein,
Francisella tularensis subsp. tularensis SCHU S4,177416.18,NC_006570,fig|177416.18.peg.1468,,VBIFraTul2086_1468,PATRIC.177416.18.NC_006570.CDS.1292738.1293325.rev,PATRIC,CDS,1292738,1293325,588,-,FIG00000103,PLF_262_00000623,PGF_03751823,,195,,Heat shock protein GrpE,GO:0000774|adenyl-nucleotide exchange factor activity;GO:0006457|protein folding;GO:0042803|protein homodimerization activity;GO:0051087|chaperone binding
Francisella tularensis subsp. tularensis SCHU S4,177416.18,NC_006570,fig|177416.18.peg.1960,,VBIFraTul2086_1960,PATRIC.177416.18.NC_006570.CDS.1759050.1759211.rev,PATRIC,CDS,1759050,1759211,162,-,FIG00657473,PLF_262_00001593,PGF_01719450,,53,,hypothetical protein,
Francisella tularensis subsp. tularensis SCHU S4,177416.18,NC_006570,fig|177416.18.peg.765,,VBIFraTul2086_0765,PATRIC.177416.18.NC_006570.CDS.688237.689517.fwd,PATRIC,CDS,688237,689517,1281,+,FIG00657625,PLF_262_00000076,PGF_00734778,,426,,Uncharacterized MFS-type transporter,
Francisella tularensis subsp. tularensis SCHU S4,177416.18,NC_006570,fig|177416.18.peg.21,FTT0018,VBIFraTul2086_0021,PATRIC.177416.18.NC_006570.CDS.16731.17801.fwd,PATRIC,CDS,16731,17801,1071,+,FIG01040901,PLF_262_00000081,PGF_10509026,YP_169094.1,356,,"RND efflux system, membrane fusion protein",
Francisella tularensis subsp. tularensis SCHU S4,177416.18,NC_006570,,FTT0599,FTT0599,RefSeq.177416.18.NC_006570.CDS.617635.618663.fwd,RefSeq,CDS,617635,618663,1029,+,,,,YP_169622.1,342,,SIS domain-containing protein,
Francisella tularensis subsp. tularensis SCHU S4,177416.18,NC_006570,fig|177416.18.peg.474,,VBIFraTul2086_0474,PATRIC.177416.18.NC_006570.CDS.440743.442056.fwd,PATRIC,CDS,440743,442056,1314,+,FIG01290007,PLF_262_00000078,PGF_04992191,,437,,Aspartokinase (EC 2.7.2.4) / Homoserine dehydrogenase (EC 1.1.1.3),GO:0004072|aspartate kinase activity;GO:0004412|homoserine dehydrogenase activity
Francisella tularensis subsp. tularensis SCHU S4,177416.18,NC_006570,fig|177416.18.peg.1518,,VBIFraTul2086_1518,PATRIC.177416.18.NC_006570.CDS.1340444.1342066.rev,PATRIC,CDS,1340444,1342066,1623,-,FIG00000245,PLF_262_00000611,PGF_10505717,,540,,Glucose-6-phosphate isomerase (EC 5.3.1.9),GO:0004347|glucose-6-phosphate isomerase activity
Francisella tularensis subsp. tularensis SCHU S4,177416.18,NC_006570,,FTT0001,FTT0001,RefSeq.177416.18.NC_006570.CDS.1.1521.fwd,RefSeq,CDS,1,1521,1521,+,,,,YP_169084.1,506,dnaA,chromosomal replication initiation protein,
Francisella tularensis subsp. tularensis SCHU S4,177416.18,NC_006570,,FTT0743,FTT0743,RefSeq.177416.18.NC_006570.CDS.766573.767388.fwd,RefSeq,CDS,766573,767388,816,+,,,,YP_169754.1,271,,hypothetical protein,
Francisella tularensis subsp. tularensis SCHU S4,177416.18,NC_006570,fig|177416.18.peg.2056,,VBIFraTul2086_2056,PATRIC.177416.18.NC_006570.CDS.1854072.1855232.rev,PATRIC,CDS,1854072,1855232,1161,-,FIG00000909,PLF_262_00000928,PGF_00033971,,386,,Formate-dependent phosphoribosylglycinamide formyltransferase,
Francisella tularensis subsp. tularensis SCHU S4,177416.18,NC_006570,fig|177416.18.peg.531,,VBIFraTul2086_0531,PATRIC.177416.18.NC_006570.CDS.492823.493755.fwd,PATRIC,CDS,492823,493755,933,+,FIG01341998,PLF_262_00000195,PGF_00053314,,310,,Small-conductance mechanosensitive channel,
Francisella tularensis subsp. tularensis SCHU S4,177416.18,NC_006570,fig|177416.18.peg.1088,,VBIFraTul2086_1088,PATRIC.177416.18.NC_006570.CDS.963398.964015.rev,PATRIC,CDS,963398,964015,618,-,FIG00000226,PLF_262_00000605,PGF_02820109,,205,,GTP cyclohydrolase I (EC 3.5.4.16) type 1,GO:0003934|GTP cyclohydrolase I activity
Francisella tularensis subsp. tularensis SCHU S4,177416.18,NC_006570,fig|177416.18.peg.1334,,VBIFraTul2086_1334,PATRIC.177416.18.NC_006570.CDS.1168142.1168672.rev,PATRIC,CDS,1168142,1168672,531,-,FIG00000256,PLF_262_00000452,PGF_02838109,,176,,Shikimate kinase I (EC 2.7.1.71),
Francisella tularensis subsp. tularensis SCHU S4,177416.18,NC_006570,fig|177416.18.peg.1480,,VBIFraTul2086_1480,PATRIC.177416.18.NC_006570.CDS.1301262.1301429.rev,PATRIC,CDS,1301262,1301429,168,-,FIG00658274,PLF_262_00002265,PGF_01719745,,55,,hypothetical protein,
Francisella tularensis subsp. tularensis SCHU S4,177416.18,NC_006570,fig|177416.18.peg.750,,VBIFraTul2086_0750,PATRIC.177416.18.NC_006570.CDS.676688.676930.fwd,PATRIC,CDS,676688,676930,243,+,FIG00658600,PLF_262_00000936,PGF_01719724,,80,,Uncharacterized MFS-type transporter,
Francisella tularensis subsp. tularensis SCHU S4,177416.18,NC_006570,fig|177416.18.peg.1410,,VBIFraTul2086_1410,PATRIC.177416.18.NC_006570.CDS.1235593.1236828.rev,PATRIC,CDS,1235593,1236828,1236,-,FIG00000684,PLF_262_00001148,PGF_07800768,,411,,2-polyprenylphenol hydroxylase,
Francisella tularensis subsp. tularensis SCHU S4,177416.18,NC_006570,fig|177416.18.peg.1168,,VBIFraTul2086_1168,PATRIC.177416.18.NC_006570.CDS.1028642.1030192.rev,PATRIC,CDS,1028642,1030192,1551,-,FIG01304662,PLF_262_00000604,PGF_00006935,,516,,"GMP synthase [glutamine-hydrolyzing], amidotransferase subunit (EC 6.3.5.2) / GMP synthase [glutamine-hydrolyzing], ATP pyrophosphatase subunit (EC 6.3.5.2)",
Francisella tularensis subsp. tularensis SCHU S4,177416.18,NC_006570,fig|177416.18.peg.2086,,VBIFraTul2086_2086,PATRIC.177416.18.NC_006570.CDS.1879440.1879634.rev,PATRIC,CDS,1879440,1879634,195,-,FIG01306568,PLF_262_00000044,PGF_01000105,,64,,Mobile element protein,
Francisella tularensis subsp. tularensis SCHU S4,177416.18,NC_006570,fig|177416.18.peg.698,,VBIFraTul2086_0698,PATRIC.177416.18.NC_006570.CDS.630247.631110.rev,PATRIC,CDS,630247,631110,864,-,FIG00000747,PLF_262_00001372,PGF_00095687,,287,,Class A beta-lactamase (EC 3.5.2.6),GO:0008800|beta-lactamase activity
Francisella tularensis subsp. tularensis SCHU S4,177416.18,NC_006570,fig|177416.18.peg.1703,,VBIFraTul2086_1703,PATRIC.177416.18.NC_006570.CDS.1528540.1529685.fwd,PATRIC,CDS,1528540,1529685,1146,+,FIG00024073,PLF_262_00001160,PGF_00007085,,381,,Galactokinase (EC 2.7.1.6),GO:0004335|galactokinase activity
Francisella tularensis subsp. tularensis SCHU S4,177416.18,NC_006570,fig|177416.18.peg.511,,VBIFraTul2086_0511,PATRIC.177416.18.NC_006570.CDS.474835.475098.rev,PATRIC,CDS,474835,475098,264,-,FIG00001341,PLF_262_00000905,PGF_05359304,,87,,FIG001341: Probable Fe(2+)-trafficking protein YggX,
Francisella tularensis subsp. tularensis SCHU S4,177416.18,NC_006570,fig|177416.18.peg.812,,VBIFraTul2086_0812,PATRIC.177416.18.NC_006570.CDS.732321.733517.rev,PATRIC,CDS,732321,733517,1197,-,FIG00000741,PLF_262_00000500,PGF_06423260,,398,,2-amino-3-ketobutyrate coenzyme A ligase (EC 2.3.1.29),GO:0008890|glycine C-acetyltransferase activity
Francisella tularensis subsp. tularensis SCHU S4,177416.18,NC_006570,fig|177416.18.peg.923,,VBIFraTul2086_0923,PATRIC.177416.18.NC_006570.CDS.823574.824761.fwd,PATRIC,CDS,823574,824761,1188,+,FIG00144006,PLF_262_00000920,PGF_01722193,,395,,Major facilitator superfamily (MFS) transporter in predicted poly-gamma-glutamate synthase operon,
Francisella tularensis subsp. tularensis SCHU S4,177416.18,NC_006570,fig|177416.18.peg.1457,,VBIFraTul2086_1457,PATRIC.177416.18.NC_006570.CDS.1283471.1283602.rev,PATRIC,CDS,1283471,1283602,132,-,FIG00657852,PLF_262_00001703,PGF_01719502,,43,,hypothetical protein,
Francisella tularensis subsp. tularensis SCHU S4,177416.18,NC_006570,fig|177416.18.peg.5,,VBIFraTul2086_0005,PATRIC.177416.18.NC_006570.CDS.3608.3931.rev,PATRIC,CDS,3608,3931,324,-,FIG01306568,PLF_262_00000001,PGF_01719295,,107,,Mobile element protein,
Francisella tularensis subsp. tularensis SCHU S4,177416.18,NC_006570,fig|177416.18.peg.1561,,VBIFraTul2086_1561,PATRIC.177416.18.NC_006570.CDS.1399284.1400804.rev,PATRIC,CDS,1399284,1400804,1521,-,FIG00004734,PLF_262_00000083,PGF_04816404,,506,,T6SS component TssC (ImpC/VipB),
Francisella tularensis subsp. tularensis SCHU S4,177416.18,NC_006570,,FTT1164c,FTT1164c,RefSeq.177416.18.NC_006570.CDS.1177907.1178800.rev,RefSeq,CDS,1177907,1178800,894,-,,,,YP_170130.1,297,era,GTP-binding protein Era,
Francisella tularensis subsp. tularensis SCHU S4,177416.18,NC_006570,,FTT0985,FTT0985,RefSeq.177416.18.NC_006570.CDS.995236.995820.fwd,RefSeq,CDS,995236,995820,585,+,,,,YP_169973.1,194,,hypothetical protein,
Francisella tularensis subsp. tularensis SCHU S4,177416.18,NC_006570,,FTT0978c,FTT0978c,RefSeq.177416.18.NC_006570.CDS.988872.989477.rev,RefSeq,CDS,988872,989477,606,-,,,,YP_169966.1,201,,hypothetical protein,
Francisella tularensis subsp. tularensis SCHU S4,177416.18,NC_006570,,FTT0601,FTT0601,RefSeq.177416.18.NC_006570.CDS.620248.620367.fwd,RefSeq,CDS,620248,620367,120,+,,,,YP_169623.1,39,,hypothetical protein,
Francisella tularensis subsp. tularensis SCHU S4,177416.18,NC_006570,,FTT1403c,FTT1403c,RefSeq.177416.18.NC_006570.CDS.1454002.1454226.rev,RefSeq,CDS,1454002,1454226,225,-,,,,YP_170347.1,74,feoA,ferrous iron transport protein A,
Francisella tularensis subsp. tularensis SCHU S4,177416.18,NC_006570,,FTT0559c,FTT0559c,RefSeq.177416.18.NC_006570.CDS.576353.577018.rev,RefSeq,CDS,576353,577018,666,-,,,,YP_169585.1,221,cmk,cytidylate kinase,
Francisella tularensis subsp. tularensis SCHU S4,177416.18,NC_006570,,FTT0814c,FTT0814c,RefSeq.177416.18.NC_006570.CDS.832869.833468.rev,RefSeq,CDS,832869,833468,600,-,,,,YP_169821.1,199,,hypothetical protein,
Francisella tularensis subsp. tularensis SCHU S4,177416.18,NC_006570,,FTT1271,FTT1271,RefSeq.177416.18.NC_006570.CDS.1293445.1294611.fwd,RefSeq,CDS,1293445,1294611,1167,+,,,,YP_170227.1,388,mltA,membrane-bound lytic murein transglycosylase A (MLT) family protein,
Francisella tularensis subsp. tularensis SCHU S4,177416.18,NC_006570,,FTT0945,FTT0945,RefSeq.177416.18.NC_006570.CDS.956432.958195.fwd,RefSeq,CDS,956432,958195,1764,+,,,,YP_169938.1,587,,chorismate binding family protein,
Francisella tularensis subsp. tularensis SCHU S4,177416.18,NC_006570,,FTT0111,FTT0111,RefSeq.177416.18.NC_006570.CDS.118323.121016.fwd,RefSeq,CDS,118323,121016,2694,+,,,,YP_169181.1,897,polA,DNA polymerase I,
Francisella tularensis subsp. tularensis SCHU S4,177416.18,NC_006570,,FTT1360c,FTT1360c,RefSeq.177416.18.NC_006570.CDS.1401488.1405075.rev,RefSeq,CDS,1401488,1405075,3588,-,,,,YP_170312.1,1195,pdpD,hypothetical protein,
Francisella tularensis subsp. tularensis SCHU S4,177416.18,NC_006570,fig|177416.18.peg.2070,,VBIFraTul2086_2070,PATRIC.177416.18.NC_006570.CDS.1868640.1868750.fwd,PATRIC,CDS,1868640,1868750,111,+,FIG00016286,PLF_262_00002761,PGF_01719901,,36,,hypothetical protein,
Francisella tularensis subsp. tularensis SCHU S4,177416.18,NC_006570,fig|177416.18.peg.1486,,VBIFraTul2086_1486,PATRIC.177416.18.NC_006570.CDS.1305421.1306344.fwd,PATRIC,CDS,1305421,1306344,924,+,FIG00022427,PLF_262_00000248,PGF_00760084,,307,,Cystathionine beta-synthase (EC 4.2.1.22),GO:0004122|cystathionine beta-synthase activity
Francisella tularensis subsp. tularensis SCHU S4,177416.18,NC_006570,fig|177416.18.peg.1213,,VBIFraTul2086_1213,PATRIC.177416.18.NC_006570.CDS.1066982.1068094.rev,PATRIC,CDS,1066982,1068094,1113,-,FIG00000293,PLF_262_00000231,PGF_00618776,,370,,23S rRNA (adenine(2503)-C(2))-methyltransferase @ tRNA (adenine(37)-C(2))-methyltransferase (EC 2.1.1.192),GO:0070040|rRNA (adenine-C2-)-methyltransferase activity
Francisella tularensis subsp. tularensis SCHU S4,177416.18,NC_006570,fig|177416.18.peg.1110,,VBIFraTul2086_1110,PATRIC.177416.18.NC_006570.CDS.980853.982226.rev,PATRIC,CDS,980853,982226,1374,-,FIG00000838,PLF_262_00000470,PGF_06627798,,457,,Trk potassium uptake system protein TrkA,
Francisella tularensis subsp. tularensis SCHU S4,177416.18,NC_006570,fig|177416.18.peg.1576,,VBIFraTul2086_1576,PATRIC.177416.18.NC_006570.CDS.1413932.1414933.rev,PATRIC,CDS,1413932,1414933,1002,-,FIG00132586,PLF_262_00000923,PGF_00024478,,333,,NAD-dependent glyceraldehyde-3-phosphate dehydrogenase (EC 1.2.1.12),GO:0004365|glyceraldehyde-3-phosphate dehydrogenase (phosphorylating) activity
Francisella tularensis subsp. tularensis SCHU S4,177416.18,NC_006570,fig|177416.18.peg.1798,,VBIFraTul2086_1798,PATRIC.177416.18.NC_006570.CDS.1613990.1616287.rev,PATRIC,CDS,1613990,1616287,2298,-,FIG00000308,PLF_262_00000507,PGF_04962192,,765,,3'-to-5' exoribonuclease RNase R,
Francisella tularensis subsp. tularensis SCHU S4,177416.18,NC_006570,fig|177416.18.peg.550,,VBIFraTul2086_0550,PATRIC.177416.18.NC_006570.CDS.513093.513734.fwd,PATRIC,CDS,513093,513734,642,+,FIG00004917,PLF_262_00000047,PGF_00037875,,213,,Protein AraJ precursor,
Francisella tularensis subsp. tularensis SCHU S4,177416.18,NC_006570,fig|177416.18.peg.701,,VBIFraTul2086_0701,PATRIC.177416.18.NC_006570.CDS.632679.633098.rev,PATRIC,CDS,632679,633098,420,-,FIG00657517,PLF_262_00001048,PGF_01719305,,139,,hypothetical protein,
Francisella tularensis subsp. tularensis SCHU S4,177416.18,NC_006570,fig|177416.18.peg.1637,,VBIFraTul2086_1637,PATRIC.177416.18.NC_006570.CDS.1470850.1471119.fwd,PATRIC,CDS,1470850,1471119,270,+,FIG00806176,PLF_262_00000831,PGF_00064280,,89,,UPF0260 protein YcgN,
Francisella tularensis subsp. tularensis SCHU S4,177416.18,NC_006570,fig|177416.18.peg.1081,,VBIFraTul2086_1081,PATRIC.177416.18.NC_006570.CDS.958751.959449.rev,PATRIC,CDS,958751,959449,699,-,FIG00458455,PLF_262_00000099,PGF_00018642,,232,,Uncharacterized MFS-type transporter,
Francisella tularensis subsp. tularensis SCHU S4,177416.18,NC_006570,fig|177416.18.peg.1742,,VBIFraTul2086_1742,PATRIC.177416.18.NC_006570.CDS.1565753.1566637.fwd,PATRIC,CDS,1565753,1566637,885,+,FIG00846773,PLF_262_00000419,PGF_07201805,,294,,Permease of the drug/metabolite transporter (DMT) superfamily,GO:0016020|membrane
Francisella tularensis subsp. tularensis SCHU S4,177416.18,NC_006570,fig|177416.18.peg.918,,VBIFraTul2086_0918,PATRIC.177416.18.NC_006570.CDS.817651.818664.fwd,PATRIC,CDS,817651,818664,1014,+,FIG00007960,PLF_262_00001474,PGF_04305571,,337,,Glycosyltransferase,
Francisella tularensis subsp. tularensis SCHU S4,177416.18,NC_006570,fig|177416.18.peg.914,,VBIFraTul2086_0914,PATRIC.177416.18.NC_006570.CDS.814220.814891.fwd,PATRIC,CDS,814220,814891,672,+,FIG00657789,PLF_262_00001675,PGF_01719488,,223,,hypothetical protein,
Francisella tularensis subsp. tularensis SCHU S4,177416.18,NC_006570,fig|177416.18.peg.1575,,VBIFraTul2086_1575,PATRIC.177416.18.NC_006570.CDS.1412735.1413913.rev,PATRIC,CDS,1412735,1413913,1179,-,FIG00054459,PLF_262_00000422,PGF_02277678,,392,,Phosphoglycerate kinase (EC 2.7.2.3),GO:0004618|phosphoglycerate kinase activity
Francisella tularensis subsp. tularensis SCHU S4,177416.18,NC_006570,fig|177416.18.peg.1868,,VBIFraTul2086_1868,PATRIC.177416.18.NC_006570.CDS.1677272.1678195.rev,PATRIC,CDS,1677272,1678195,924,-,FIG00657890,PLF_262_00001600,PGF_05146839,,307,,hypothetical protein,
Francisella tularensis subsp. tularensis SCHU S4,177416.18,NC_006570,fig|177416.18.peg.1040,,VBIFraTul2086_1040,PATRIC.177416.18.NC_006570.CDS.917768.918475.fwd,PATRIC,CDS,917768,918475,708,+,FIG00657880,PLF_262_00001471,PGF_10294766,,235,,"Glutamine amidotransferase, class I",
Francisella tularensis subsp. tularensis SCHU S4,177416.18,NC_006570,fig|177416.18.peg.770,,VBIFraTul2086_0770,PATRIC.177416.18.NC_006570.CDS.693075.693365.fwd,PATRIC,CDS,693075,693365,291,+,FIG00001896,PLF_262_00000917,PGF_07051332,,96,,LSU ribosomal protein L25p,GO:0003735|structural constituent of ribosome;GO:0005622|intracellular;GO:0005840|ribosome;GO:0006412|translation;GO:0008097|5S rRNA binding
Francisella tularensis subsp. tularensis SCHU S4,177416.18,NC_006570,fig|177416.18.peg.273,,VBIFraTul2086_0273,PATRIC.177416.18.NC_006570.CDS.255555.258296.fwd,PATRIC,CDS,255555,258296,2742,+,FIG01328675,PLF_262_00001038,PGF_00421780,,913,,DNA repair helicase rad25,
Francisella tularensis subsp. tularensis SCHU S4,177416.18,NC_006570,fig|177416.18.peg.1624,,VBIFraTul2086_1624,PATRIC.177416.18.NC_006570.CDS.1460666.1460800.fwd,PATRIC,CDS,1460666,1460800,135,+,FIG00638284,PLF_262_00003069,PGF_01720076,,44,,hypothetical protein,
Francisella tularensis subsp. tularensis SCHU S4,177416.18,NC_006570,fig|177416.18.peg.1524,,VBIFraTul2086_1524,PATRIC.177416.18.NC_006570.CDS.1348089.1349342.fwd,PATRIC,CDS,1348089,1349342,1254,+,FIG00884934,PLF_262_00000597,PGF_10453082,,417,,"FIG015547: peptidase, M16 family",
Francisella tularensis subsp. tularensis SCHU S4,177416.18,NC_006570,,FTT1085,FTT1085,RefSeq.177416.18.NC_006570.CDS.1093835.1094833.fwd,RefSeq,CDS,1093835,1094833,999,+,,,,YP_170064.1,332,,hypothetical protein,
Francisella tularensis subsp. tularensis SCHU S4,177416.18,NC_006570,fig|177416.18.peg.275,,VBIFraTul2086_0275,PATRIC.177416.18.NC_006570.CDS.259324.259506.fwd,PATRIC,CDS,259324,259506,183,+,FIG00061305,PLF_262_00001667,PGF_10337148,,60,,L-Proline/Glycine betaine transporter ProP,
Francisella tularensis subsp. tularensis SCHU S4,177416.18,NC_006570,,FTT0059,FTT0059,RefSeq.177416.18.NC_006570.CDS.60953.61258.fwd,RefSeq,CDS,60953,61258,306,+,,,,YP_169134.1,101,atpE,F0F1 ATP synthase subunit C,
Francisella tularensis subsp. tularensis SCHU S4,177416.18,NC_006570,,FTT1199c,FTT1199c,RefSeq.177416.18.NC_006570.CDS.1216064.1218070.rev,RefSeq,CDS,1216064,1218070,2007,-,,,,YP_170158.1,668,uvrB,excinuclease ABC subunit B,
Francisella tularensis subsp. tularensis SCHU S4,177416.18,NC_006570,,FTT1637c,FTT1637c,RefSeq.177416.18.NC_006570.CDS.1703004.1703207.rev,RefSeq,CDS,1703004,1703207,204,-,,,,YP_170550.1,67,,hypothetical protein,
Francisella tularensis subsp. tularensis SCHU S4,177416.18,NC_006570,,FTT0320,FTT0320,RefSeq.177416.18.NC_006570.CDS.333520.334116.fwd,RefSeq,CDS,333520,334116,597,+,,,,YP_169369.1,198,pgsA,phosphatidylglycerophosphate synthetase,
Francisella tularensis subsp. tularensis SCHU S4,177416.18,NC_006570,fig|177416.18.peg.1591,,VBIFraTul2086_1591,PATRIC.177416.18.NC_006570.CDS.1426779.1426982.fwd,PATRIC,CDS,1426779,1426982,204,+,,PLF_262_00001891,PGF_01719624,,67,,putative membrane protein,
Francisella tularensis subsp. tularensis SCHU S4,177416.18,NC_006570,fig|177416.18.peg.1584,,VBIFraTul2086_1584,PATRIC.177416.18.NC_006570.CDS.1421865.1422149.fwd,PATRIC,CDS,1421865,1422149,285,+,FIG00002328,PLF_262_00000890,PGF_07487229,,94,,Acyl carrier protein,GO:0048037|cofactor binding
Francisella tularensis subsp. tularensis SCHU S4,177416.18,NC_006570,fig|177416.18.peg.1558,,VBIFraTul2086_1558,PATRIC.177416.18.NC_006570.CDS.1396839.1397414.fwd,PATRIC,CDS,1396839,1397414,576,+,FIG00657983,PLF_262_00001095,PGF_01719317,,191,,hypothetical protein,
Francisella tularensis subsp. tularensis SCHU S4,177416.18,NC_006570,fig|177416.18.peg.210,FTT0190c,VBIFraTul2086_0210,PATRIC.177416.18.NC_006570.CDS.205790.207430.rev,PATRIC,CDS,205790,207430,1641,-,FIG00000414,PLF_262_00000104,PGF_10365126,YP_169251.1,546,dnaX,DNA polymerase III subunits gamma and tau (EC 2.7.7.7),GO:0003887|DNA-directed DNA polymerase activity
Francisella tularensis subsp. tularensis SCHU S4,177416.18,NC_006570,fig|177416.18.peg.855,,VBIFraTul2086_0855,PATRIC.177416.18.NC_006570.CDS.767781.767918.fwd,PATRIC,CDS,767781,767918,138,+,FIG00638284,PLF_262_00001821,PGF_01719587,,45,,hypothetical protein,
Francisella tularensis subsp. tularensis SCHU S4,177416.18,NC_006570,fig|177416.18.peg.1475,,VBIFraTul2086_1475,PATRIC.177416.18.NC_006570.CDS.1297812.1299083.rev,PATRIC,CDS,1297812,1299083,1272,-,FIG00008789,PLF_262_00001458,PGF_00410946,,423,,putative solute:Na symporter,
Francisella tularensis subsp. tularensis SCHU S4,177416.18,NC_006570,fig|177416.18.peg.1929,,VBIFraTul2086_1929,PATRIC.177416.18.NC_006570.CDS.1729048.1730214.fwd,PATRIC,CDS,1729048,1730214,1167,+,FIG00000130,PLF_262_00000896,PGF_07015581,,388,,Carbamoyl-phosphate synthase small chain (EC 6.3.5.5),GO:0004088|carbamoyl-phosphate synthase (glutamine-hydrolyzing) activity
Francisella tularensis subsp. tularensis SCHU S4,177416.18,NC_006570,fig|177416.18.peg.1565,,VBIFraTul2086_1565,PATRIC.177416.18.NC_006570.CDS.1405686.1406255.rev,PATRIC,CDS,1405686,1406255,570,-,FIG00002931,PLF_262_00000069,PGF_00055966,,189,,Anhydro-N-acetylmuramic acid kinase (EC 2.7.1.170),
Francisella tularensis subsp. tularensis SCHU S4,177416.18,NC_006570,fig|177416.18.peg.101,FTT0093,VBIFraTul2086_0101,PATRIC.177416.18.NC_006570.CDS.96803.97684.fwd,PATRIC,CDS,96803,97684,882,+,FIG01310652,PLF_262_00001250,PGF_00036140,YP_169165.1,293,,Predicted nucleoside-diphosphate sugar epimerase,
Francisella tularensis subsp. tularensis SCHU S4,177416.18,NC_006570,fig|177416.18.peg.193,FTT0175c,VBIFraTul2086_0193,PATRIC.177416.18.NC_006570.CDS.188779.189561.rev,PATRIC,CDS,188779,189561,783,-,FIG00024999,PLF_262_00001031,PGF_09541990,YP_169238.1,260,,"ABC transporter, ATP-binding protein (cluster 1, maltose/g3p/polyamine/iron); ABC transporter, ATP-binding protein (cluster 10, nitrate/sulfonate/bicarbonate)",
Francisella tularensis subsp. tularensis SCHU S4,177416.18,NC_006570,,FTT0448c,FTT0448c,RefSeq.177416.18.NC_006570.CDS.463700.465346.rev,RefSeq,CDS,463700,465346,1647,-,,,,YP_169486.1,548,glnS,glutaminyl-tRNA synthetase,
Francisella tularensis subsp. tularensis SCHU S4,177416.18,NC_006570,,FTT1560,FTT1560,RefSeq.177416.18.NC_006570.CDS.1622171.1622749.fwd,RefSeq,CDS,1622171,1622749,579,+,,,,YP_170483.1,192,,HAM1 protein,
Francisella tularensis subsp. tularensis SCHU S4,177416.18,NC_006570,,FTT0446,FTT0446,RefSeq.177416.18.NC_006570.CDS.460753.462195.fwd,RefSeq,CDS,460753,462195,1443,+,,,,YP_169484.1,480,,proton-dependent oligopeptide transport (POT) family protein,
Francisella tularensis subsp. tularensis SCHU S4,177416.18,NC_006570,,FTT0801c,FTT0801c,RefSeq.177416.18.NC_006570.CDS.819628.820734.rev,RefSeq,CDS,819628,820734,1107,-,,,,YP_169808.1,368,,carbohydrate/purine kinase pfkB family protein,
Francisella tularensis subsp. tularensis SCHU S4,177416.18,NC_006570,,FTT1329,FTT1329,RefSeq.177416.18.NC_006570.CDS.1357322.1358860.fwd,RefSeq,CDS,1357322,1358860,1539,+,,,,YP_170281.1,512,gpmI,phosphoglyceromutase,
Francisella tularensis subsp. tularensis SCHU S4,177416.18,NC_006570,fig|177416.18.peg.1381,,VBIFraTul2086_1381,PATRIC.177416.18.NC_006570.CDS.1207484.1208644.fwd,PATRIC,CDS,1207484,1208644,1161,+,FIG00001384,PLF_262_00000973,PGF_10543640,,386,,N-acyl-L-amino acid amidohydrolase (EC 3.5.1.14),GO:0004046|aminoacylase activity
Francisella tularensis subsp. tularensis SCHU S4,177416.18,NC_006570,fig|177416.18.peg.1828,,VBIFraTul2086_1828,PATRIC.177416.18.NC_006570.CDS.1646199.1646483.rev,PATRIC,CDS,1646199,1646483,285,-,FIG01364716,PLF_262_00001307,PGF_01767794,,94,,"Excinuclease ABC, C subunit-like",
Francisella tularensis subsp. tularensis SCHU S4,177416.18,NC_006570,fig|177416.18.peg.1153,,VBIFraTul2086_1153,PATRIC.177416.18.NC_006570.CDS.1017130.1018500.rev,PATRIC,CDS,1017130,1018500,1371,-,FIG01304279,PLF_262_00000963,PGF_00423017,,456,,Di-tripeptide/H+ symporter,
Francisella tularensis subsp. tularensis SCHU S4,177416.18,NC_006570,fig|177416.18.peg.1067,,VBIFraTul2086_1067,PATRIC.177416.18.NC_006570.CDS.945368.945937.fwd,PATRIC,CDS,945368,945937,570,+,FIG00000692,PLF_262_00000186,PGF_04486278,,189,,Biotin operon repressor / Biotin--protein ligase (EC 6.3.4.9)(EC 6.3.4.10)(EC 6.3.4.11)(EC 6.3.4.15),GO:0004079|biotin-[methylmalonyl-CoA-carboxytransferase] ligase activity;GO:0004080|biotin-[propionyl-CoA-carboxylase (ATP-hydrolyzing)] ligase activity;GO:0004078|biotin-[methylcrotonoyl-CoA-carboxylase] ligase activity;GO:0004077|biotin-[acetyl-CoA-carboxylase] ligase activity
Francisella tularensis subsp. tularensis SCHU S4,177416.18,NC_006570,fig|177416.18.peg.234,,VBIFraTul2086_0234,PATRIC.177416.18.NC_006570.CDS.228002.228253.rev,PATRIC,CDS,228002,228253,252,-,FIG01318878,PLF_262_00000034,PGF_07468500,,83,,Uncharacterized MFS-type transporter,
Francisella tularensis subsp. tularensis SCHU S4,177416.18,NC_006570,fig|177416.18.peg.1039,,VBIFraTul2086_1039,PATRIC.177416.18.NC_006570.CDS.916840.917754.fwd,PATRIC,CDS,916840,917754,915,+,FIG00021843,PLF_262_00000962,PGF_03475877,,304,,Chromosome (plasmid) partitioning protein ParB,
Francisella tularensis subsp. tularensis SCHU S4,177416.18,NC_006570,fig|177416.18.peg.924,,VBIFraTul2086_0924,PATRIC.177416.18.NC_006570.CDS.824846.826054.fwd,PATRIC,CDS,824846,826054,1209,+,FIG00026758,PLF_262_00000725,PGF_00034602,,402,,Poly-gamma-glutamate synthase subunit PgsB/CapB (EC 6.3.2.-),
Francisella tularensis subsp. tularensis SCHU S4,177416.18,NC_006570,fig|177416.18.peg.358,,VBIFraTul2086_0358,PATRIC.177416.18.NC_006570.CDS.334663.335136.fwd,PATRIC,CDS,334663,335136,474,+,FIG00000209,PLF_262_00001017,PGF_00049904,,157,,SSU ribosomal protein S7p (S5e),GO:0003735|structural constituent of ribosome;GO:0005622|intracellular;GO:0005840|ribosome;GO:0006412|translation
Francisella tularensis subsp. tularensis SCHU S4,177416.18,NC_006570,fig|177416.18.peg.165,FTT0149c,VBIFraTul2086_0165,PATRIC.177416.18.NC_006570.CDS.166155.167315.rev,PATRIC,CDS,166155,167315,1161,-,FIG00000329,PLF_262_00000776,PGF_03202156,YP_169215.1,386,metK,S-adenosylmethionine synthetase (EC 2.5.1.6),GO:0004478|methionine adenosyltransferase activity
Francisella tularensis subsp. tularensis SCHU S4,177416.18,NC_006570,fig|177416.18.peg.25,FTT0022,VBIFraTul2086_0025,PATRIC.177416.18.NC_006570.CDS.21058.21465.fwd,PATRIC,CDS,21058,21465,408,+,FIG00657833,PLF_262_00002131,PGF_00357567,YP_169098.1,135,,hypothetical protein,
Francisella tularensis subsp. tularensis SCHU S4,177416.18,NC_006570,fig|177416.18.peg.1626,,VBIFraTul2086_1626,PATRIC.177416.18.NC_006570.CDS.1461907.1462206.fwd,PATRIC,CDS,1461907,1462206,300,+,FIG01314079,PLF_262_00001674,PGF_01719487,,99,,Transposase,
Francisella tularensis subsp. tularensis SCHU S4,177416.18,NC_006570,,FTT1506,FTT1506,RefSeq.177416.18.NC_006570.CDS.1560296.1560874.fwd,RefSeq,CDS,1560296,1560874,579,+,,,,YP_170440.1,192,,hypothetical protein,
Francisella tularensis subsp. tularensis SCHU S4,177416.18,NC_006570,fig|177416.18.peg.1808,,VBIFraTul2086_1808,PATRIC.177416.18.NC_006570.CDS.1624111.1624992.fwd,PATRIC,CDS,1624111,1624992,882,+,FIG01306569,PLF_262_00008683,PGF_06784545,,293,,"(2E,6E)-farnesyl diphosphate synthase (EC 2.5.1.10)",GO:0004337|geranyltranstransferase activity
Francisella tularensis subsp. tularensis SCHU S4,177416.18,NC_006570,fig|177416.18.peg.848,,VBIFraTul2086_0848,PATRIC.177416.18.NC_006570.CDS.760406.760774.rev,PATRIC,CDS,760406,760774,369,-,FIG00001497,PLF_262_00000938,PGF_00048933,,122,,Ribosome-associated heat shock protein implicated in the recycling of the 50S subunit (S4 paralog),
Francisella tularensis subsp. tularensis SCHU S4,177416.18,NC_006570,fig|177416.18.peg.1496,,VBIFraTul2086_1496,PATRIC.177416.18.NC_006570.CDS.1319482.1320498.rev,PATRIC,CDS,1319482,1320498,1017,-,FIG00001065,PLF_262_00000374,PGF_00007844,,338,,Glucokinase (EC 2.7.1.2),GO:0004340|glucokinase activity
Francisella tularensis subsp. tularensis SCHU S4,177416.18,NC_006570,fig|177416.18.peg.1998,,VBIFraTul2086_1998,PATRIC.177416.18.NC_006570.CDS.1801577.1801735.rev,PATRIC,CDS,1801577,1801735,159,-,,PLF_262_00001797,PGF_01719567,,52,,hypothetical protein,
Francisella tularensis subsp. tularensis SCHU S4,177416.18,NC_006570,fig|177416.18.peg.677,,VBIFraTul2086_0677,PATRIC.177416.18.NC_006570.CDS.613746.613916.rev,PATRIC,CDS,613746,613916,171,-,FIG01955902,PLF_262_00000775,PGF_00929131,,56,,Rubredoxin,
Francisella tularensis subsp. tularensis SCHU S4,177416.18,NC_006570,fig|177416.18.peg.1696,,VBIFraTul2086_1696,PATRIC.177416.18.NC_006570.CDS.1520728.1521753.rev,PATRIC,CDS,1520728,1521753,1026,-,FIG00000463,PLF_262_00001153,PGF_02278006,,341,,Quinolinate synthetase (EC 2.5.1.72),
Francisella tularensis subsp. tularensis SCHU S4,177416.18,NC_006570,fig|177416.18.peg.1657,,VBIFraTul2086_1657,PATRIC.177416.18.NC_006570.CDS.1484324.1484731.rev,PATRIC,CDS,1484324,1484731,408,-,FIG00002713,PLF_262_00000946,PGF_10546386,,135,,Transmembrane protein YfcA,
Francisella tularensis subsp. tularensis SCHU S4,177416.18,NC_006570,fig|177416.18.peg.651,,VBIFraTul2086_0651,PATRIC.177416.18.NC_006570.CDS.591573.592421.fwd,PATRIC,CDS,591573,592421,849,+,FIG01331848,PLF_262_00000051,PGF_03128085,,282,,Amino acid permease family protein,
Francisella tularensis subsp. tularensis SCHU S4,177416.18,NC_006570,fig|177416.18.peg.577,,VBIFraTul2086_0577,PATRIC.177416.18.NC_006570.CDS.535845.536435.fwd,PATRIC,CDS,535845,536435,591,+,FIG00121995,PLF_262_00000132,PGF_00016130,,196,,L-lactate dehydrogenase,
Francisella tularensis subsp. tularensis SCHU S4,177416.18,NC_006570,fig|177416.18.peg.757,,VBIFraTul2086_0757,PATRIC.177416.18.NC_006570.CDS.681271.682083.fwd,PATRIC,CDS,681271,682083,813,+,FIG00500270,PLF_262_00001325,PGF_00036102,,270,,Predicted metal-dependent hydrolase of the TIM-barrel fold,
Francisella tularensis subsp. tularensis SCHU S4,177416.18,NC_006570,fig|177416.18.peg.1531,,VBIFraTul2086_1531,PATRIC.177416.18.NC_006570.CDS.1354038.1357067.rev,PATRIC,CDS,1354038,1357067,3030,-,FIG00001220,PLF_262_00000297,PGF_00065477,,1009,,Uncharacterized protein YdiJ,
Francisella tularensis subsp. tularensis SCHU S4,177416.18,NC_006570,fig|177416.18.peg.849,,VBIFraTul2086_0849,PATRIC.177416.18.NC_006570.CDS.760998.761108.rev,PATRIC,CDS,760998,761108,111,-,FIG00657434,PLF_262_00002693,PGF_09964285,,36,,LPS-assembly protein LptD @ Organic solvent tolerance protein precursor,
Francisella tularensis subsp. tularensis SCHU S4,177416.18,NC_006570,fig|177416.18.peg.1756,,VBIFraTul2086_1756,PATRIC.177416.18.NC_006570.CDS.1575272.1575862.rev,PATRIC,CDS,1575272,1575862,591,-,FIG01309864,PLF_262_00001236,PGF_00007631,,196,,Gll0911 protein,
Francisella tularensis subsp. tularensis SCHU S4,177416.18,NC_006570,,FTT0552,FTT0552,RefSeq.177416.18.NC_006570.CDS.570847.572343.fwd,RefSeq,CDS,570847,572343,1497,+,,,,YP_169578.1,498,,aldehyde dehydrogenase,
Francisella tularensis subsp. tularensis SCHU S4,177416.18,NC_006570,fig|177416.18.peg.235,,VBIFraTul2086_0235,PATRIC.177416.18.NC_006570.CDS.228189.228998.rev,PATRIC,CDS,228189,228998,810,-,FIG01318878,PLF_262_00000034,PGF_07468500,,269,,Uncharacterized MFS-type transporter,
Francisella tularensis subsp. tularensis SCHU S4,177416.18,NC_006570,fig|177416.18.peg.591,,VBIFraTul2086_0591,PATRIC.177416.18.NC_006570.CDS.547483.548139.fwd,PATRIC,CDS,547483,548139,657,+,FIG00658022,PLF_262_00001451,PGF_08225224,,218,,hypothetical protein,
Francisella tularensis subsp. tularensis SCHU S4,177416.18,NC_006570,fig|177416.18.peg.705,,VBIFraTul2086_0705,PATRIC.177416.18.NC_006570.CDS.636147.637130.rev,PATRIC,CDS,636147,637130,984,-,FIG00229550,PLF_262_00000710,PGF_00033237,,327,,"Phosphate starvation-inducible protein PhoH, predicted ATPase",
Francisella tularensis subsp. tularensis SCHU S4,177416.18,NC_006570,fig|177416.18.peg.730,,VBIFraTul2086_0730,PATRIC.177416.18.NC_006570.CDS.659821.661137.fwd,PATRIC,CDS,659821,661137,1317,+,FIG00136692,PLF_262_00000184,PGF_00025090,,438,,Acetolactate synthase large subunit (EC 2.2.1.6),GO:0003984|acetolactate synthase activity
Francisella tularensis subsp. tularensis SCHU S4,177416.18,NC_006570,fig|177416.18.peg.1966,,VBIFraTul2086_1966,PATRIC.177416.18.NC_006570.CDS.1761847.1762641.rev,PATRIC,CDS,1761847,1762641,795,-,FIG00002158,PLF_262_00000475,PGF_00064270,,264,,UPF0246 protein YaaA,
Francisella tularensis subsp. tularensis SCHU S4,177416.18,NC_006570,fig|177416.18.peg.1633,,VBIFraTul2086_1633,PATRIC.177416.18.NC_006570.CDS.1468159.1468929.fwd,PATRIC,CDS,1468159,1468929,771,+,FIG00638161,PLF_262_00001213,PGF_00847718,,256,,Aliphatic amidase AmiE (EC 3.5.1.4),GO:0004040|amidase activity
Francisella tularensis subsp. tularensis SCHU S4,177416.18,NC_006570,fig|177416.18.peg.1140,,VBIFraTul2086_1140,PATRIC.177416.18.NC_006570.CDS.1004723.1005955.fwd,PATRIC,CDS,1004723,1005955,1233,+,FIG00061305,PLF_262_00000100,PGF_00745572,,410,,Uncharacterized MFS-type transporter,
Francisella tularensis subsp. tularensis SCHU S4,177416.18,NC_006570,fig|177416.18.peg.1401,,VBIFraTul2086_1401,PATRIC.177416.18.NC_006570.CDS.1227915.1229870.rev,PATRIC,CDS,1227915,1229870,1956,-,FIG01318703,PLF_262_00001570,PGF_05695878,,651,,"Peptidase, M13 family",
Francisella tularensis subsp. tularensis SCHU S4,177416.18,NC_006570,fig|177416.18.peg.1757,,VBIFraTul2086_1757,PATRIC.177416.18.NC_006570.CDS.1576231.1576974.rev,PATRIC,CDS,1576231,1576974,744,-,FIG01306568,PLF_262_00000003,PGF_01000105,,247,,Mobile element protein,
Francisella tularensis subsp. tularensis SCHU S4,177416.18,NC_006570,fig|177416.18.peg.1028,,VBIFraTul2086_1028,PATRIC.177416.18.NC_006570.CDS.905875.906972.fwd,PATRIC,CDS,905875,906972,1098,+,FIG00000375,PLF_262_00000675,PGF_00024274,,365,,N5-carboxyaminoimidazole ribonucleotide synthase (EC 6.3.4.18),GO:0034028|5-(carboxyamino)imidazole ribonucleotide synthase activity
Francisella tularensis subsp. tularensis SCHU S4,177416.18,NC_006570,fig|177416.18.peg.691,,VBIFraTul2086_0691,PATRIC.177416.18.NC_006570.CDS.623830.624162.fwd,PATRIC,CDS,623830,624162,333,+,FIG01612939,PLF_262_00001796,PGF_01719566,,110,,hypothetical protein,
Francisella tularensis subsp. tularensis SCHU S4,177416.18,NC_006570,fig|177416.18.peg.1794,,VBIFraTul2086_1794,PATRIC.177416.18.NC_006570.CDS.1611701.1611841.fwd,PATRIC,CDS,1611701,1611841,141,+,FIG00026291,PLF_262_00000153,PGF_00002876,,46,,FIG026291: Hypothetical periplasmic protein,
Francisella tularensis subsp. tularensis SCHU S4,177416.18,NC_006570,fig|177416.18.peg.1045,,VBIFraTul2086_1045,PATRIC.177416.18.NC_006570.CDS.921246.921710.rev,PATRIC,CDS,921246,921710,465,-,FIG00000081,PLF_262_00000919,PGF_10049472,,154,,Lipoprotein signal peptidase (EC 3.4.23.36),
Francisella tularensis subsp. tularensis SCHU S4,177416.18,NC_006570,fig|177416.18.peg.298,,VBIFraTul2086_0298,PATRIC.177416.18.NC_006570.CDS.282055.283128.fwd,PATRIC,CDS,282055,283128,1074,+,FIG01351267,PLF_262_00001118,PGF_00408265,,357,,putative lipoprotein,
Francisella tularensis subsp. tularensis SCHU S4,177416.18,NC_006570,fig|177416.18.peg.2077,,VBIFraTul2086_2077,PATRIC.177416.18.NC_006570.CDS.1874326.1874706.fwd,PATRIC,CDS,1874326,1874706,381,+,FIG01371060,PLF_262_00000061,PGF_05806155,,126,,Outer membrane protein romA,
Francisella tularensis subsp. tularensis SCHU S4,177416.18,NC_006570,fig|177416.18.peg.676,,VBIFraTul2086_0676,PATRIC.177416.18.NC_006570.CDS.612865.613737.rev,PATRIC,CDS,612865,613737,873,-,FIG00019883,PLF_262_00000496,PGF_12697717,,290,,"pyridoxal phosphate-dependent deaminase, putative",
Francisella tularensis subsp. tularensis SCHU S4,177416.18,NC_006570,,FTT1697c,FTT1697c,RefSeq.177416.18.NC_006570.CDS.1766156.1766940.rev,RefSeq,CDS,1766156,1766940,327,-,,,,YP_170602.1,261,isftu1,transposase,
Francisella tularensis subsp. tularensis SCHU S4,177416.18,NC_006570,,FTT0450,FTT0450,RefSeq.177416.18.NC_006570.CDS.467158.468255.fwd,RefSeq,CDS,467158,468255,1098,+,,,,YP_169488.1,365,mraY,phospho-N-acetylmuramoyl-pentapeptide- transferase,
Francisella tularensis subsp. tularensis SCHU S4,177416.18,NC_006570,,FTT0629,FTT0629,RefSeq.177416.18.NC_006570.CDS.648873.649799.fwd,RefSeq,CDS,648873,649799,927,+,,,,YP_169650.1,308,miaA,tRNA delta(2)-isopentenylpyrophosphate transferase,
Francisella tularensis subsp. tularensis SCHU S4,177416.18,NC_006570,,FTT1551,FTT1551,RefSeq.177416.18.NC_006570.CDS.1612417.1613160.fwd,RefSeq,CDS,1612417,1613160,744,+,,,,YP_170475.1,247,,oxidoreductase,
Francisella tularensis subsp. tularensis SCHU S4,177416.18,NC_006570,,FTT1419,FTT1419,RefSeq.177416.18.NC_006570.CDS.1469560.1469886.fwd,RefSeq,CDS,1469560,1469886,327,+,,,,YP_170362.1,108,,lipoprotein,
Francisella tularensis subsp. tularensis SCHU S4,177416.18,NC_006570,,FTT0500,FTT0500,RefSeq.177416.18.NC_006570.CDS.520151.520411.fwd,RefSeq,CDS,520151,520411,261,+,,,,YP_169535.1,86,,hypothetical protein,
Francisella tularensis subsp. tularensis SCHU S4,177416.18,NC_006570,,FTT0581,FTT0581,RefSeq.177416.18.NC_006570.CDS.598475.598963.fwd,RefSeq,CDS,598475,598963,489,+,,,,YP_169605.1,162,coaD,phosphopantetheine adenylyltransferase,
Francisella tularensis subsp. tularensis SCHU S4,177416.18,NC_006570,,FTT1354,FTT1354,RefSeq.177416.18.NC_006570.CDS.1392870.1396856.fwd,RefSeq,CDS,1392870,1396856,3987,+,,,,YP_170306.1,1328,,hypothetical protein,
Francisella tularensis subsp. tularensis SCHU S4,177416.18,NC_006570,fig|177416.18.peg.55,FTT0050,VBIFraTul2086_0055,PATRIC.177416.18.NC_006570.CDS.50700.53240.fwd,PATRIC,CDS,50700,53240,2541,+,FIG00000102,PLF_262_00000817,PGF_10525419,YP_169125.1,846,infB,Translation initiation factor 2,GO:0003743|translation initiation factor activity;GO:0005525|GTP binding;GO:0006412|translation;GO:0006413|translational initiation
Francisella tularensis subsp. tularensis SCHU S4,177416.18,NC_006570,fig|177416.18.peg.1582,,VBIFraTul2086_1582,PATRIC.177416.18.NC_006570.CDS.1420092.1421012.fwd,PATRIC,CDS,1420092,1421012,921,+,FIG00000319,PLF_262_00000664,PGF_06655223,,306,,Malonyl CoA-acyl carrier protein transacylase (EC 2.3.1.39),GO:0004314|[acyl-carrier-protein] S-malonyltransferase activity
Francisella tularensis subsp. tularensis SCHU S4,177416.18,NC_006570,,FTT1347,FTT1347,RefSeq.177416.18.NC_006570.CDS.1386088.1386582.fwd,RefSeq,CDS,1386088,1386582,495,+,,,,YP_170299.1,164,,hypothetical protein,
Francisella tularensis subsp. tularensis SCHU S4,177416.18,NC_006570,,FTT0114,FTT0114,RefSeq.177416.18.NC_006570.CDS.123024.123785.fwd,RefSeq,CDS,123024,123785,762,+,,,,YP_169184.1,253,deoC,deoxyribose-phosphate aldolase,
Francisella tularensis subsp. tularensis SCHU S4,177416.18,NC_006570,,FTT0906c,FTT0906c,RefSeq.177416.18.NC_006570.CDS.913714.916008.rev,RefSeq,CDS,913714,916008,2295,-,,,,YP_169903.1,764,topA,DNA topoisomerase I,
Francisella tularensis subsp. tularensis SCHU S4,177416.18,NC_006570,,FTT0463,FTT0463,RefSeq.177416.18.NC_006570.CDS.479377.479844.fwd,RefSeq,CDS,479377,479844,468,+,,,,YP_169501.1,155,yibK,tRNA/rRNA methyltransferase,
Francisella tularensis subsp. tularensis SCHU S4,177416.18,NC_006570,,FTT0286c,FTT0286c,RefSeq.177416.18.NC_006570.CDS.300609.301652.rev,RefSeq,CDS,300609,301652,1044,-,,,,YP_169336.1,347,lpxD1,UDP-3-O-[3-hydroxymyristoyl] glucosamine N-acyltransferase,
Francisella tularensis subsp. tularensis SCHU S4,177416.18,NC_006570,,FTT0953c,FTT0953c,RefSeq.177416.18.NC_006570.CDS.965468.967009.rev,RefSeq,CDS,965468,967009,1542,-,,,,YP_169943.1,513,,proton-dependent oligopeptide transport (POT) family protein,
Francisella tularensis subsp. tularensis SCHU S4,177416.18,NC_006570,,FTT0238,FTT0238,RefSeq.177416.18.NC_006570.CDS.250276.251049.fwd,RefSeq,CDS,250276,251049,774,+,,,,YP_169291.1,257,aroE1,shikimate 5-dehydrogenase,
Francisella tularensis subsp. tularensis SCHU S4,177416.18,NC_006570,,FTT1284c,FTT1284c,RefSeq.177416.18.NC_006570.CDS.1302928.1303122.rev,RefSeq,CDS,1302928,1303122,195,-,,,,YP_170240.1,64,,hypothetical protein,
Francisella tularensis subsp. tularensis SCHU S4,177416.18,NC_006570,,FTT1356c,FTT1356c,RefSeq.177416.18.NC_006570.CDS.1397456.1398661.rev,RefSeq,CDS,1397456,1398661,1206,-,,,,YP_170308.1,401,iglD,"intracellular growth locus, subunit D",
Francisella tularensis subsp. tularensis SCHU S4,177416.18,NC_006570,,FTT1292c,FTT1292c,RefSeq.177416.18.NC_006570.CDS.1317319.1317921.rev,RefSeq,CDS,1317319,1317921,603,-,,,,YP_170247.1,200,,hypothetical protein,
Francisella tularensis subsp. tularensis SCHU S4,177416.18,NC_006570,,FTT1056c,FTT1056c,RefSeq.177416.18.NC_006570.CDS.1065281.1066096.rev,RefSeq,CDS,1065281,1066096,816,-,,,,YP_170037.1,271,rluB,ribosomal large subunit pseudouridine synthase B,
Francisella tularensis subsp. tularensis SCHU S4,177416.18,NC_006570,,FTT0501c,FTT0501c,RefSeq.177416.18.NC_006570.CDS.520543.521583.rev,RefSeq,CDS,520543,521583,1041,-,,,,YP_169536.1,346,,hypothetical protein,
Francisella tularensis subsp. tularensis SCHU S4,177416.18,NC_006570,,FTT1752,FTT1752,RefSeq.177416.18.NC_006570.CDS.1839942.1840418.fwd,RefSeq,CDS,1839942,1840418,477,+,,,,YP_170646.1,158,ssb,single-strand binding protein,
Francisella tularensis subsp. tularensis SCHU S4,177416.18,NC_006570,,FTT0709,FTT0709,RefSeq.177416.18.NC_006570.CDS.727628.728998.fwd,RefSeq,CDS,727628,728998,1371,+,,,,YP_169724.1,456,eno,phosphopyruvate hydratase,
Francisella tularensis subsp. tularensis SCHU S4,177416.18,NC_006570,fig|177416.18.peg.608,,VBIFraTul2086_0608,PATRIC.177416.18.NC_006570.CDS.560383.561873.rev,PATRIC,CDS,560383,561873,1491,-,FIG00004249,PLF_262_00001347,PGF_01719355,,496,,hypothetical protein,
Francisella tularensis subsp. tularensis SCHU S4,177416.18,NC_006570,fig|177416.18.peg.1636,,VBIFraTul2086_1636,PATRIC.177416.18.NC_006570.CDS.1469984.1470451.fwd,PATRIC,CDS,1469984,1470451,468,+,FIG00657533,PLF_262_00000994,PGF_01722215,,155,,hypothetical protein,
Francisella tularensis subsp. tularensis SCHU S4,177416.18,NC_006570,,FTT1029,FTT1029,RefSeq.177416.18.NC_006570.CDS.1038723.1040057.fwd,RefSeq,CDS,1038723,1040057,1335,+,,,,YP_170014.1,444,dacD,D-alanyl-D-alanine carboxypeptidase (penicillin binding protein) family protein,
Francisella tularensis subsp. tularensis SCHU S4,177416.18,NC_006570,fig|177416.18.peg.461,,VBIFraTul2086_0461,PATRIC.177416.18.NC_006570.CDS.426305.427444.fwd,PATRIC,CDS,426305,427444,1140,+,FIG00000717,PLF_262_00000187,PGF_10149521,,379,,Glucose-1-phosphate adenylyltransferase (EC 2.7.7.27),GO:0008878|glucose-1-phosphate adenylyltransferase activity
Francisella tularensis subsp. tularensis SCHU S4,177416.18,NC_006570,fig|177416.18.peg.1366,,VBIFraTul2086_1366,PATRIC.177416.18.NC_006570.CDS.1196658.1197083.fwd,PATRIC,CDS,1196658,1197083,426,+,FIG00481373,PLF_262_00000074,PGF_06788576,,141,,SAM-dependent methyltransferase,
Francisella tularensis subsp. tularensis SCHU S4,177416.18,NC_006570,,FTT0732,FTT0732,RefSeq.177416.18.NC_006570.CDS.754791.755138.fwd,RefSeq,CDS,754791,755138,348,+,,,,YP_169745.1,115,,hypothetical protein,
Francisella tularensis subsp. tularensis SCHU S4,177416.18,NC_006570,,FTT0992,FTT0992,RefSeq.177416.18.NC_006570.CDS.1002015.1003205.fwd,RefSeq,CDS,1002015,1003205,1191,+,,,,YP_169980.1,396,,hypothetical protein,
Francisella tularensis subsp. tularensis SCHU S4,177416.18,NC_006570,fig|177416.18.peg.316,,VBIFraTul2086_0316,PATRIC.177416.18.NC_006570.CDS.295680.296582.fwd,PATRIC,CDS,295680,296582,903,+,FIG00001095,PLF_262_00001162,PGF_05122891,,300,,Cytochrome O ubiquinol oxidase subunit II (EC 1.10.3.-),GO:0004129|cytochrome-c oxidase activity;GO:0005507|copper ion binding;GO:0006118|electron transport;GO:0008827|cytochrome o ubiquinol oxidase activity;GO:0016020|membrane;GO:0016021|integral to membrane
Francisella tularensis subsp. tularensis SCHU S4,177416.18,NC_006570,fig|177416.18.peg.575,,VBIFraTul2086_0575,PATRIC.177416.18.NC_006570.CDS.534861.535241.rev,PATRIC,CDS,534861,535241,381,-,FIG01306568,PLF_262_00000001,PGF_01719295,,126,,Mobile element protein,
Francisella tularensis subsp. tularensis SCHU S4,177416.18,NC_006570,fig|177416.18.peg.1685,,VBIFraTul2086_1685,PATRIC.177416.18.NC_006570.CDS.1510853.1512163.rev,PATRIC,CDS,1510853,1512163,1311,-,FIG00000532,PLF_262_00001630,PGF_05120935,,436,,UDP-glucose 6-dehydrogenase (EC 1.1.1.22),GO:0003979|UDP-glucose 6-dehydrogenase activity
Francisella tularensis subsp. tularensis SCHU S4,177416.18,NC_006570,fig|177416.18.peg.606,,VBIFraTul2086_0606,PATRIC.177416.18.NC_006570.CDS.558989.559510.rev,PATRIC,CDS,558989,559510,522,-,FIG00657528,PLF_262_00001506,PGF_00335890,,173,,hypothetical protein,
Francisella tularensis subsp. tularensis SCHU S4,177416.18,NC_006570,fig|177416.18.peg.644,,VBIFraTul2086_0644,PATRIC.177416.18.NC_006570.CDS.585869.586519.fwd,PATRIC,CDS,585869,586519,651,+,FIG00031250,PLF_262_00001455,PGF_00403101,,216,,phosphoserine phosphatase,
Francisella tularensis subsp. tularensis SCHU S4,177416.18,NC_006570,fig|177416.18.peg.533,,VBIFraTul2086_0533,PATRIC.177416.18.NC_006570.CDS.494680.495462.rev,PATRIC,CDS,494680,495462,783,-,FIG01954552,PLF_262_00001373,PGF_02334240,,260,,Biotin--protein ligase (EC 6.3.4.9)(EC 6.3.4.10)(EC 6.3.4.11)(EC 6.3.4.15),GO:0004079|biotin-[methylmalonyl-CoA-carboxytransferase] ligase activity;GO:0004080|biotin-[propionyl-CoA-carboxylase (ATP-hydrolyzing)] ligase activity;GO:0004078|biotin-[methylcrotonoyl-CoA-carboxylase] ligase activity;GO:0004077|biotin-[acetyl-CoA-carboxylase] ligase activity
Francisella tularensis subsp. tularensis SCHU S4,177416.18,NC_006570,,FTT0989,FTT0989,RefSeq.177416.18.NC_006570.CDS.996927.998822.fwd,RefSeq,CDS,996927,998822,1896,+,,,,YP_169977.1,631,,hypothetical protein,
Francisella tularensis subsp. tularensis SCHU S4,177416.18,NC_006570,fig|177416.18.peg.102,FTT0094c,VBIFraTul2086_0102,PATRIC.177416.18.NC_006570.CDS.97681.99030.rev,PATRIC,CDS,97681,99030,1350,-,FIG00000846,PLF_262_00001498,PGF_12912321,YP_169166.1,449,qseC,Two-component system sensor histidine kinase,
Francisella tularensis subsp. tularensis SCHU S4,177416.18,NC_006570,,FTT1577,FTT1577,RefSeq.177416.18.NC_006570.CDS.1640746.1641831.fwd,RefSeq,CDS,1640746,1641831,1086,+,,,,YP_170499.1,361,,hypothetical protein,
Francisella tularensis subsp. tularensis SCHU S4,177416.18,NC_006570,,FTT1046c,FTT1046c,RefSeq.177416.18.NC_006570.CDS.1056659.1057282.rev,RefSeq,CDS,1056659,1057282,624,-,,,,YP_170029.1,207,,hypothetical protein,
Francisella tularensis subsp. tularensis SCHU S4,177416.18,NC_006570,,FTT1133,FTT1133,RefSeq.177416.18.NC_006570.CDS.1145221.1146999.fwd,RefSeq,CDS,1145221,1146999,1779,+,,,,YP_170105.1,592,pilB,"Type IV pili nucleotide binding protein, ABC transporter, ATP-binding protein",
Francisella tularensis subsp. tularensis SCHU S4,177416.18,NC_006570,,FTT0026c,FTT0026c,RefSeq.177416.18.NC_006570.CDS.24636.25826.rev,RefSeq,CDS,24636,25826,1191,-,,,,YP_169102.1,396,,hypothetical protein,
Francisella tularensis subsp. tularensis SCHU S4,177416.18,NC_006570,,FTT0247,FTT0247,RefSeq.177416.18.NC_006570.CDS.259569.260353.fwd,RefSeq,CDS,259569,260353,459,+,,,,YP_169299.1,261,isftu1,transposase,
Francisella tularensis subsp. tularensis SCHU S4,177416.18,NC_006570,,FTT0366,FTT0366,RefSeq.177416.18.NC_006570.CDS.366206.366421.fwd,RefSeq,CDS,366206,366421,216,+,,,,YP_169413.1,71,rpmE,50S ribosomal protein L31,
Francisella tularensis subsp. tularensis SCHU S4,177416.18,NC_006570,,FTT1142c,FTT1142c,RefSeq.177416.18.NC_006570.CDS.1153902.1154686.rev,RefSeq,CDS,1153902,1154686,459,-,,,,YP_170111.1,261,isftu1,transposase,
Francisella tularensis subsp. tularensis SCHU S4,177416.18,NC_006570,,FTT0596c,FTT0596c,RefSeq.177416.18.NC_006570.CDS.614004.614621.rev,RefSeq,CDS,614004,614621,618,-,,,,YP_169619.1,205,,hypothetical protein,
Francisella tularensis subsp. tularensis SCHU S4,177416.18,NC_006570,,FTT1542c,FTT1542c,RefSeq.177416.18.NC_006570.CDS.1604653.1605189.rev,RefSeq,CDS,1604653,1605189,537,-,,,,YP_170470.1,178,omp26,hypothetical protein,
Francisella tularensis subsp. tularensis SCHU S4,177416.18,NC_006570,fig|177416.18.peg.1080,,VBIFraTul2086_1080,PATRIC.177416.18.NC_006570.CDS.958196.958750.fwd,PATRIC,CDS,958196,958750,555,+,FIG00673062,PLF_262_00000702,PGF_00598374,,184,,"Para-aminobenzoate synthase, amidotransferase component (EC 2.6.1.85)",
Francisella tularensis subsp. tularensis SCHU S4,177416.18,NC_006570,fig|177416.18.peg.1490,,VBIFraTul2086_1490,PATRIC.177416.18.NC_006570.CDS.1313321.1313455.fwd,PATRIC,CDS,1313321,1313455,135,+,,PLF_262_00001992,PGF_01719678,,44,,hypothetical protein,
Francisella tularensis subsp. tularensis SCHU S4,177416.18,NC_006570,fig|177416.18.peg.809,,VBIFraTul2086_0809,PATRIC.177416.18.NC_006570.CDS.729333.729974.fwd,PATRIC,CDS,729333,729974,642,+,FIG00074225,PLF_262_00001460,PGF_08122432,,213,,2-C-methyl-D-erythritol 4-phosphate cytidylyltransferase (EC 2.7.7.60),GO:0050518|2-C-methyl-D-erythritol 4-phosphate cytidylyltransferase activity
Francisella tularensis subsp. tularensis SCHU S4,177416.18,NC_006570,,FTT1591,FTT1591,RefSeq.177416.18.NC_006570.CDS.1653624.1654763.fwd,RefSeq,CDS,1653624,1654763,1140,+,,,,YP_170509.1,379,,lipoprotein,
Francisella tularensis subsp. tularensis SCHU S4,177416.18,NC_006570,,FTT1352,FTT1352,RefSeq.177416.18.NC_006570.CDS.1390940.1392091.fwd,RefSeq,CDS,1390940,1392091,1152,+,,,,YP_170304.1,383,,hypothetical protein,
Francisella tularensis subsp. tularensis SCHU S4,177416.18,NC_006570,,FTT0220c,FTT0220c,RefSeq.177416.18.NC_006570.CDS.236994.237650.rev,RefSeq,CDS,236994,237650,657,-,,,,YP_169275.1,218,,hypothetical protein,
Francisella tularensis subsp. tularensis SCHU S4,177416.18,NC_006570,,FTT1060c,FTT1060c,RefSeq.177416.18.NC_006570.CDS.1069612.1070067.rev,RefSeq,CDS,1069612,1070067,456,-,,,,YP_170041.1,151,rplI,50S ribosomal protein L9,
Francisella tularensis subsp. tularensis SCHU S4,177416.18,NC_006570,,FTT0312c,FTT0312c,RefSeq.177416.18.NC_006570.CDS.327765.328265.rev,RefSeq,CDS,327765,328265,501,-,,,,YP_169361.1,166,folA,dihydrofolate reductase type I,
Francisella tularensis subsp. tularensis SCHU S4,177416.18,NC_006570,,FTT1124,FTT1124,RefSeq.177416.18.NC_006570.CDS.1133792.1134868.fwd,RefSeq,CDS,1133792,1134868,1077,+,,,,YP_170097.1,358,metN,"D-methionine transport protein, ABC transporter,ATP-binding subunit",
Francisella tularensis subsp. tularensis SCHU S4,177416.18,NC_006570,,FTT1159c,FTT1159c,RefSeq.177416.18.NC_006570.CDS.1171783.1172346.rev,RefSeq,CDS,1171783,1172346,564,-,,,,YP_170126.1,187,,Type IV pili associated protein,
Francisella tularensis subsp. tularensis SCHU S4,177416.18,NC_006570,,FTT0231c,FTT0231c,RefSeq.177416.18.NC_006570.CDS.245344.246267.rev,RefSeq,CDS,245344,246267,924,-,,,,YP_169284.1,307,htrB,acyltransferase,
Francisella tularensis subsp. tularensis SCHU S4,177416.18,NC_006570,,FTT0845,FTT0845,RefSeq.177416.18.NC_006570.CDS.858878.859153.fwd,RefSeq,CDS,858878,859153,276,+,,,,YP_169848.1,91,,hypothetical protein,
Francisella tularensis subsp. tularensis SCHU S4,177416.18,NC_006570,,FTT0302,FTT0302,RefSeq.177416.18.NC_006570.CDS.317157.317492.fwd,RefSeq,CDS,317157,317492,336,+,,,,YP_169351.1,111,,hypothetical protein,
Francisella tularensis subsp. tularensis SCHU S4,177416.18,NC_006570,,FTT1327,FTT1327,RefSeq.177416.18.NC_006570.CDS.1353473.1353874.fwd,RefSeq,CDS,1353473,1353874,402,+,,,,YP_170280.1,133,cdd,cytidine deaminase,
Francisella tularensis subsp. tularensis SCHU S4,177416.18,NC_006570,,FTT0126,FTT0126,RefSeq.177416.18.NC_006570.CDS.137602.138576.fwd,RefSeq,CDS,137602,138576,975,+,,,,YP_169193.1,324,oppF,"oligopeptide transporter, subunit F, ABC transporter, ATP-binding protein",
Francisella tularensis subsp. tularensis SCHU S4,177416.18,NC_006570,fig|177416.18.peg.1939,,VBIFraTul2086_1939,PATRIC.177416.18.NC_006570.CDS.1741646.1742251.fwd,PATRIC,CDS,1741646,1742251,606,+,FIG00000273,PLF_262_00001333,PGF_03751076,,201,,Riboflavin synthase eubacterial/eukaryotic (EC 2.5.1.9),
Francisella tularensis subsp. tularensis SCHU S4,177416.18,NC_006570,fig|177416.18.peg.217,FTT0197c,VBIFraTul2086_0217,PATRIC.177416.18.NC_006570.CDS.215230.216207.rev,PATRIC,CDS,215230,216207,978,-,FIG00106663,PLF_262_00001225,PGF_09201380,YP_169258.1,325,holA,DNA polymerase III delta subunit (EC 2.7.7.7),GO:0003887|DNA-directed DNA polymerase activity
Francisella tularensis subsp. tularensis SCHU S4,177416.18,NC_006570,fig|177416.18.peg.1899,,VBIFraTul2086_1899,PATRIC.177416.18.NC_006570.CDS.1703274.1704728.fwd,PATRIC,CDS,1703274,1704728,1455,+,FIG00000736,PLF_262_00000729,PGF_08788152,,484,,Trk potassium uptake system protein TrkH,
Francisella tularensis subsp. tularensis SCHU S4,177416.18,NC_006570,fig|177416.18.peg.2087,,VBIFraTul2086_2087,PATRIC.177416.18.NC_006570.CDS.1879809.1882403.rev,PATRIC,CDS,1879809,1882403,2595,-,FIG00000714,PLF_262_00000117,PGF_00019484,,864,,Membrane alanine aminopeptidase N (EC 3.4.11.2),GO:0004179|membrane alanyl aminopeptidase activity
Francisella tularensis subsp. tularensis SCHU S4,177416.18,NC_006570,fig|177416.18.peg.871,,VBIFraTul2086_0871,PATRIC.177416.18.NC_006570.CDS.777909.778352.fwd,PATRIC,CDS,777909,778352,444,+,FIG00022631,PLF_262_00001734,PGF_10523783,,147,,Acetyl-CoA synthetase (EC 6.2.1.1),GO:0003987|acetate-CoA ligase activity
Francisella tularensis subsp. tularensis SCHU S4,177416.18,NC_006570,fig|177416.18.peg.2080,,VBIFraTul2086_2080,PATRIC.177416.18.NC_006570.CDS.1875917.1876198.fwd,PATRIC,CDS,1875917,1876198,282,+,FIG00002895,PLF_262_00001944,PGF_01719658,,93,,hypothetical protein,
Francisella tularensis subsp. tularensis SCHU S4,177416.18,NC_006570,fig|177416.18.peg.1387,,VBIFraTul2086_1387,PATRIC.177416.18.NC_006570.CDS.1212700.1212903.rev,PATRIC,CDS,1212700,1212903,204,-,FIG00537781,PLF_262_00000048,PGF_00038061,,67,,"Protein containing domains DUF404, DUF407",
Francisella tularensis subsp. tularensis SCHU S4,177416.18,NC_006570,fig|177416.18.peg.1120,,VBIFraTul2086_1120,PATRIC.177416.18.NC_006570.CDS.988428.988577.fwd,PATRIC,CDS,988428,988577,150,+,FIG00638284,PLF_262_00001710,PGF_01719602,,49,,hypothetical protein,
Francisella tularensis subsp. tularensis SCHU S4,177416.18,NC_006570,fig|177416.18.peg.236,FTT0211c,VBIFraTul2086_0236,PATRIC.177416.18.NC_006570.CDS.229119.229583.rev,PATRIC,CDS,229119,229583,465,-,FIG00431721,PLF_262_00001318,PGF_00027795,YP_169269.1,154,,Outer membrane lipoprotein,
Francisella tularensis subsp. tularensis SCHU S4,177416.18,NC_006570,fig|177416.18.peg.300,,VBIFraTul2086_0300,PATRIC.177416.18.NC_006570.CDS.283780.285108.fwd,PATRIC,CDS,283780,285108,1329,+,FIG01331007,PLF_262_00000410,PGF_01720802,,442,,NhaP-type Na+/H+ and K+/H+ antiporters,
Francisella tularensis subsp. tularensis SCHU S4,177416.18,NC_006570,fig|177416.18.peg.1215,,VBIFraTul2086_1215,PATRIC.177416.18.NC_006570.CDS.1069610.1070065.rev,PATRIC,CDS,1069610,1070065,456,-,FIG00000205,PLF_262_00000395,PGF_00016452,,151,,LSU ribosomal protein L9p,GO:0003735|structural constituent of ribosome;GO:0005622|intracellular;GO:0005840|ribosome;GO:0006412|translation
Francisella tularensis subsp. tularensis SCHU S4,177416.18,NC_006570,fig|177416.18.peg.52,FTT0047,VBIFraTul2086_0052,PATRIC.177416.18.NC_006570.CDS.47462.48496.fwd,PATRIC,CDS,47462,48496,1035,+,FIG00000428,PLF_262_00000480,PGF_04139053,YP_169122.1,344,hemE,Uroporphyrinogen III decarboxylase (EC 4.1.1.37),GO:0004853|uroporphyrinogen decarboxylase activity
Francisella tularensis subsp. tularensis SCHU S4,177416.18,NC_006570,fig|177416.18.peg.962,,VBIFraTul2086_0962,PATRIC.177416.18.NC_006570.CDS.853522.854433.fwd,PATRIC,CDS,853522,854433,912,+,FIG00001059,PLF_262_00000809,PGF_12880321,,303,,TolA protein,
Francisella tularensis subsp. tularensis SCHU S4,177416.18,NC_006570,fig|177416.18.peg.1143,,VBIFraTul2086_1143,PATRIC.177416.18.NC_006570.CDS.1007525.1008955.fwd,PATRIC,CDS,1007525,1008955,1431,+,FIG00052605,PLF_262_00000554,PGF_10482116,,476,,"Cardiolipin synthase, bacterial type ClsA",
Francisella tularensis subsp. tularensis SCHU S4,177416.18,NC_006570,fig|177416.18.peg.1506,,VBIFraTul2086_1506,PATRIC.177416.18.NC_006570.CDS.1326861.1327709.rev,PATRIC,CDS,1326861,1327709,849,-,FIG00000163,PLF_262_00000828,PGF_00063974,,282,,UDP-N-acetylenolpyruvoylglucosamine reductase (EC 1.3.1.98),
Francisella tularensis subsp. tularensis SCHU S4,177416.18,NC_006570,fig|177416.18.peg.1254,,VBIFraTul2086_1254,PATRIC.177416.18.NC_006570.CDS.1099244.1099732.fwd,PATRIC,CDS,1099244,1099732,489,+,FIG01319624,PLF_262_00001579,PGF_01719443,,162,,hypothetical protein,
Francisella tularensis subsp. tularensis SCHU S4,177416.18,NC_006570,fig|177416.18.peg.821,,VBIFraTul2086_0821,PATRIC.177416.18.NC_006570.CDS.744289.744705.rev,PATRIC,CDS,744289,744705,417,-,FIG01306568,PLF_262_00000002,PGF_01719295,,138,,Mobile element protein,
Francisella tularensis subsp. tularensis SCHU S4,177416.18,NC_006570,fig|177416.18.peg.1329,,VBIFraTul2086_1329,PATRIC.177416.18.NC_006570.CDS.1161752.1165816.rev,PATRIC,CDS,1161752,1165816,4065,-,FIG00001101,PLF_262_00000193,PGF_00037522,,1354,,Proline dehydrogenase (EC 1.5.5.2) / Delta-1-pyrroline-5-carboxylate dehydrogenase (EC 1.2.1.88),
Francisella tularensis subsp. tularensis SCHU S4,177416.18,NC_006570,fig|177416.18.peg.2096,,VBIFraTul2086_2096,PATRIC.177416.18.NC_006570.CDS.1886940.1887953.rev,PATRIC,CDS,1886940,1887953,1014,-,FIG00062957,PLF_262_00000242,PGF_00056662,,337,,Anthranilate phosphoribosyltransferase (EC 2.4.2.18),GO:0004048|anthranilate phosphoribosyltransferase activity
Francisella tularensis subsp. tularensis SCHU S4,177416.18,NC_006570,fig|177416.18.peg.2051,,VBIFraTul2086_2051,PATRIC.177416.18.NC_006570.CDS.1850471.1850896.rev,PATRIC,CDS,1850471,1850896,426,-,FIG01335969,PLF_262_00000959,PGF_00034388,,141,,Acyltransferase,
Francisella tularensis subsp. tularensis SCHU S4,177416.18,NC_006570,fig|177416.18.peg.1075,,VBIFraTul2086_1075,PATRIC.177416.18.NC_006570.CDS.952433.953353.rev,PATRIC,CDS,952433,953353,921,-,FIG01336978,PLF_262_00000888,PGF_01722187,,306,,Pimeloyl-[acyl-carrier protein] methyl ester esterase BioJ (EC 3.1.1.85),
Francisella tularensis subsp. tularensis SCHU S4,177416.18,NC_006570,fig|177416.18.peg.1326,,VBIFraTul2086_1326,PATRIC.177416.18.NC_006570.CDS.1157636.1158811.rev,PATRIC,CDS,1157636,1158811,1176,-,FIG00000330,PLF_262_00000423,PGF_09111052,,391,,Phosphopantothenoylcysteine decarboxylase (EC 4.1.1.36) / Phosphopantothenoylcysteine synthetase (EC 6.3.2.5),GO:0004632|phosphopantothenate--cysteine ligase activity;GO:0004633|phosphopantothenoylcysteine decarboxylase activity
Francisella tularensis subsp. tularensis SCHU S4,177416.18,NC_006570,,FTT1613,FTT1613,RefSeq.177416.18.NC_006570.CDS.1676801.1677037.fwd,RefSeq,CDS,1676801,1677037,237,+,,,,YP_170528.1,78,,BolA-like protein,
Francisella tularensis subsp. tularensis SCHU S4,177416.18,NC_006570,,FTT1279c,FTT1279c,RefSeq.177416.18.NC_006570.CDS.1299672.1300415.rev,RefSeq,CDS,1299672,1300415,744,-,,,,YP_170235.1,247,yfhQ,SpoU rRNA methylase family protein,
Francisella tularensis subsp. tularensis SCHU S4,177416.18,NC_006570,,FTT0314,FTT0314,RefSeq.177416.18.NC_006570.CDS.329238.330107.fwd,RefSeq,CDS,329238,330107,870,+,,,,YP_169363.1,289,tsf,elongation factor Ts,
Francisella tularensis subsp. tularensis SCHU S4,177416.18,NC_006570,,FTT0134,FTT0134,RefSeq.177416.18.NC_006570.CDS.146977.147690.fwd,RefSeq,CDS,146977,147690,714,+,,,,YP_169201.1,237,,hypothetical protein,
Francisella tularensis subsp. tularensis SCHU S4,177416.18,NC_006570,,FTT1412,FTT1412,RefSeq.177416.18.NC_006570.CDS.1463095.1464792.fwd,RefSeq,CDS,1463095,1464792,1698,+,,,,YP_170355.1,565,proS,prolyl-tRNA synthetase,
Francisella tularensis subsp. tularensis SCHU S4,177416.18,NC_006570,fig|177416.18.peg.1183,,VBIFraTul2086_1183,PATRIC.177416.18.NC_006570.CDS.1042953.1043786.fwd,PATRIC,CDS,1042953,1043786,834,+,FIG01387068,PLF_262_00000013,PGF_00040957,,277,,Putative glycosidase,
Francisella tularensis subsp. tularensis SCHU S4,177416.18,NC_006570,fig|177416.18.peg.49,,VBIFraTul2086_0049,PATRIC.177416.18.NC_006570.CDS.45917.46162.fwd,PATRIC,CDS,45917,46162,246,+,FIG00000635,PLF_262_00000046,PGF_05877811,,81,,"AAA+ ATPase superfamily protein YifB/ComM, associated with DNA recombination",
Francisella tularensis subsp. tularensis SCHU S4,177416.18,NC_006570,,FTT1493c,FTT1493c,RefSeq.177416.18.NC_006570.CDS.1546379.1546774.rev,RefSeq,CDS,1546379,1546774,396,-,,,,YP_170428.1,131,,hypothetical protein,
Francisella tularensis subsp. tularensis SCHU S4,177416.18,NC_006570,,FTT0296,FTT0296,RefSeq.177416.18.NC_006570.CDS.310619.311296.fwd,RefSeq,CDS,310619,311296,678,+,,,,YP_169345.1,225,pcp,pyrrolidone-carboxylate peptidase,
Francisella tularensis subsp. tularensis SCHU S4,177416.18,NC_006570,,FTT1210c,FTT1210c,RefSeq.177416.18.NC_006570.CDS.1229940.1230724.rev,RefSeq,CDS,1229940,1230724,327,-,,,,YP_170168.1,261,isftu1,transposase,
Francisella tularensis subsp. tularensis SCHU S4,177416.18,NC_006570,,FTT1715c,FTT1715c,RefSeq.177416.18.NC_006570.CDS.1794832.1798419.rev,RefSeq,CDS,1794832,1798419,3588,-,,,,YP_170620.1,1195,pdpD1,hypothetical protein,
Francisella tularensis subsp. tularensis SCHU S4,177416.18,NC_006570,fig|177416.18.peg.1097,,VBIFraTul2086_1097,PATRIC.177416.18.NC_006570.CDS.971794.971946.fwd,PATRIC,CDS,971794,971946,153,+,FIG00658249,PLF_262_00000032,PGF_00962714,,50,,Succinylglutamate desuccinylase/aspartoacylase,
Francisella tularensis subsp. tularensis SCHU S4,177416.18,NC_006570,fig|177416.18.peg.1301,,VBIFraTul2086_1301,PATRIC.177416.18.NC_006570.CDS.1138919.1140604.rev,PATRIC,CDS,1138919,1140604,1686,-,FIG00003542,PLF_262_00000349,PGF_00419870,,561,,Cyanophycin synthase (EC 6.3.2.29)(EC 6.3.2.30),
Francisella tularensis subsp. tularensis SCHU S4,177416.18,NC_006570,fig|177416.18.peg.480,,VBIFraTul2086_0480,PATRIC.177416.18.NC_006570.CDS.444884.445372.fwd,PATRIC,CDS,444884,445372,489,+,FIG00001552,PLF_262_00001610,PGF_03448459,,162,,"S-adenosylmethionine decarboxylase proenzyme (EC 4.1.1.50), prokaryotic class 1B",
Francisella tularensis subsp. tularensis SCHU S4,177416.18,NC_006570,,FTT0162,FTT0162,RefSeq.177416.18.NC_006570.CDS.176377.176901.fwd,RefSeq,CDS,176377,176901,525,+,,,,YP_169228.1,174,ampD,N-acetyl-anhydromuranmyl-L-alanine amidase,
Francisella tularensis subsp. tularensis SCHU S4,177416.18,NC_006570,,FTT0388,FTT0388,RefSeq.177416.18.NC_006570.CDS.390379.392217.fwd,RefSeq,CDS,390379,392217,1839,+,,,,YP_169433.1,612,glmS,glucosamine--fructose-6-phosphate aminotransferase,
Francisella tularensis subsp. tularensis SCHU S4,177416.18,NC_006570,,FTT0169,FTT0169,RefSeq.177416.18.NC_006570.CDS.184652.185506.fwd,RefSeq,CDS,184652,185506,855,+,,,,YP_169235.1,284,,hemK protein,
Francisella tularensis subsp. tularensis SCHU S4,177416.18,NC_006570,,FTT1489,FTT1489,RefSeq.177416.18.NC_006570.CDS.1542421.1543146.fwd,RefSeq,CDS,1542421,1543146,726,+,,,,YP_170424.1,241,,hypothetical protein,
Francisella tularensis subsp. tularensis SCHU S4,177416.18,NC_006570,,FTT0364c,FTT0364c,RefSeq.177416.18.NC_006570.CDS.364423.364872.rev,RefSeq,CDS,364423,364872,450,-,,,,YP_169411.1,149,,hypothetical protein,
Francisella tularensis subsp. tularensis SCHU S4,177416.18,NC_006570,,FTT1219c,FTT1219c,RefSeq.177416.18.NC_006570.CDS.1238040.1238576.rev,RefSeq,CDS,1238040,1238576,537,-,,,,YP_170177.1,178,,hypothetical protein,
Francisella tularensis subsp. tularensis SCHU S4,177416.18,NC_006570,fig|177416.18.peg.713,,VBIFraTul2086_0713,PATRIC.177416.18.NC_006570.CDS.644646.646970.fwd,PATRIC,CDS,644646,646970,2325,+,FIG00132617,PLF_262_00000237,PGF_04438983,,774,,ATP-dependent protease La (EC 3.4.21.53) Type I,
Francisella tularensis subsp. tularensis SCHU S4,177416.18,NC_006570,,FTT1042,FTT1042,RefSeq.177416.18.NC_006570.CDS.1053433.1054236.fwd,RefSeq,CDS,1053433,1054236,804,+,,,,YP_170025.1,267,,hypothetical protein,
Francisella tularensis subsp. tularensis SCHU S4,177416.18,NC_006570,,FTT0940c,FTT0940c,RefSeq.177416.18.NC_006570.CDS.951918.952418.rev,RefSeq,CDS,951918,952418,501,-,,,,YP_169933.1,166,,hypothetical protein,
Francisella tularensis subsp. tularensis SCHU S4,177416.18,NC_006570,fig|177416.18.peg.1322,,VBIFraTul2086_1322,PATRIC.177416.18.NC_006570.CDS.1155945.1156310.fwd,PATRIC,CDS,1155945,1156310,366,+,FIG00546160,PLF_262_00001543,PGF_10532194,,121,,"Oxidoreductase, short-chain dehydrogenase/reductase family",
Francisella tularensis subsp. tularensis SCHU S4,177416.18,NC_006570,fig|177416.18.peg.254,,VBIFraTul2086_0254,PATRIC.177416.18.NC_006570.CDS.242738.243154.rev,PATRIC,CDS,242738,243154,417,-,FIG01306568,PLF_262_00000002,PGF_01719295,,138,,Mobile element protein,
Francisella tularensis subsp. tularensis SCHU S4,177416.18,NC_006570,fig|177416.18.peg.808,,VBIFraTul2086_0808,PATRIC.177416.18.NC_006570.CDS.729005.729295.fwd,PATRIC,CDS,729005,729295,291,+,FIG01956212,PLF_262_00001376,PGF_00416927,,96,,"Cell division protein DivIC (FtsB), stabilizes FtsL against RasP cleavage",
Francisella tularensis subsp. tularensis SCHU S4,177416.18,NC_006570,,FTT0833,FTT0833,RefSeq.177416.18.NC_006570.CDS.849841.850797.fwd,RefSeq,CDS,849841,850797,957,+,,,,YP_169838.1,318,ispH,4-hydroxy-3-methylbut-2-enyl diphosphate reductase,
Francisella tularensis subsp. tularensis SCHU S4,177416.18,NC_006570,,FTT0815c,FTT0815c,RefSeq.177416.18.NC_006570.CDS.833476.833724.rev,RefSeq,CDS,833476,833724,249,-,,,,YP_169822.1,82,,hypothetical protein,
Francisella tularensis subsp. tularensis SCHU S4,177416.18,NC_006570,,FTT0297,FTT0297,RefSeq.177416.18.NC_006570.CDS.311304.311786.fwd,RefSeq,CDS,311304,311786,483,+,,,,YP_169346.1,160,,putative cytochrome c-type biogenesis protein,
Francisella tularensis subsp. tularensis SCHU S4,177416.18,NC_006570,fig|177416.18.peg.1746,,VBIFraTul2086_1746,PATRIC.177416.18.NC_006570.CDS.1568862.1569461.rev,PATRIC,CDS,1568862,1569461,600,-,FIG00002623,PLF_262_00002169,PGF_01719721,,199,,CDP-alcohol phosphatidyltransferase family protein,
Francisella tularensis subsp. tularensis SCHU S4,177416.18,NC_006570,fig|177416.18.peg.349,,VBIFraTul2086_0349,PATRIC.177416.18.NC_006570.CDS.328496.329215.fwd,PATRIC,CDS,328496,329215,720,+,FIG00037273,PLF_262_00000445,PGF_04505269,,239,,SSU ribosomal protein S2p (SAe),GO:0003735|structural constituent of ribosome;GO:0005622|intracellular;GO:0005840|ribosome;GO:0006412|translation
Francisella tularensis subsp. tularensis SCHU S4,177416.18,NC_006570,fig|177416.18.peg.2052,,VBIFraTul2086_2052,PATRIC.177416.18.NC_006570.CDS.1851225.1851941.rev,PATRIC,CDS,1851225,1851941,717,-,FIG01380503,PLF_262_00000538,PGF_00034388,,238,,Acyltransferase,
Francisella tularensis subsp. tularensis SCHU S4,177416.18,NC_006570,,FTT1123,FTT1123,RefSeq.177416.18.NC_006570.CDS.1133215.1133829.fwd,RefSeq,CDS,1133215,1133829,615,+,,,,YP_170096.1,204,ygiH,hypothetical protein,
Francisella tularensis subsp. tularensis SCHU S4,177416.18,NC_006570,,FTT1363c,FTT1363c,RefSeq.177416.18.NC_006570.CDS.1407431.1408215.rev,RefSeq,CDS,1407431,1408215,327,-,,,,YP_170313.1,261,isftu1,transposase,
Francisella tularensis subsp. tularensis SCHU S4,177416.18,NC_006570,fig|177416.18.peg.1537,,VBIFraTul2086_1537,PATRIC.177416.18.NC_006570.CDS.1362698.1363207.rev,PATRIC,CDS,1362698,1363207,510,-,FIG01362965,PLF_262_00001491,PGF_01719400,,169,,Protein DR_1172,
Francisella tularensis subsp. tularensis SCHU S4,177416.18,NC_006570,fig|177416.18.peg.127,FTT0115,VBIFraTul2086_0127,PATRIC.177416.18.NC_006570.CDS.123916.124974.fwd,PATRIC,CDS,123916,124974,1059,+,FIG00003474,PLF_262_00001396,PGF_00026396,YP_169185.1,352,nupC1,Nucleoside permease,
Francisella tularensis subsp. tularensis SCHU S4,177416.18,NC_006570,fig|177416.18.peg.1646,,VBIFraTul2086_1646,PATRIC.177416.18.NC_006570.CDS.1476967.1477482.rev,PATRIC,CDS,1476967,1477482,516,-,FIG00905362,PLF_262_00000151,PGF_10420503,,171,,Acetyltransferase,
Francisella tularensis subsp. tularensis SCHU S4,177416.18,NC_006570,fig|177416.18.peg.1226,,VBIFraTul2086_1226,PATRIC.177416.18.NC_006570.CDS.1074805.1075479.rev,PATRIC,CDS,1074805,1075479,675,-,FIG00699429,PLF_262_00001612,PGF_00063460,,224,,"Type III restriction enzyme, res subunit:DEAD/DEAH box helicase, N-terminal",
Francisella tularensis subsp. tularensis SCHU S4,177416.18,NC_006570,fig|177416.18.peg.964,,VBIFraTul2086_0964,PATRIC.177416.18.NC_006570.CDS.855762.856007.fwd,PATRIC,CDS,855762,856007,246,+,FIG01367709,PLF_262_00001532,PGF_00408394,,81,,putative lipoprotein,
Francisella tularensis subsp. tularensis SCHU S4,177416.18,NC_006570,fig|177416.18.peg.1669,,VBIFraTul2086_1669,PATRIC.177416.18.NC_006570.CDS.1496666.1498072.rev,PATRIC,CDS,1496666,1498072,1407,-,FIG01956356,PLF_262_00001479,PGF_09170204,,468,,Mannose-1-phosphate guanylyltransferase (EC 2.7.7.13) / Mannose-6-phosphate isomerase (EC 5.3.1.8),GO:0004475|mannose-1-phosphate guanylyltransferase activity;GO:0004476|mannose-6-phosphate isomerase activity
Francisella tularensis subsp. tularensis SCHU S4,177416.18,NC_006570,fig|177416.18.peg.1437,,VBIFraTul2086_1437,PATRIC.177416.18.NC_006570.CDS.1263494.1265287.rev,PATRIC,CDS,1263494,1265287,1794,-,FIG00657758,PLF_262_00000112,PGF_08225224,,597,,hypothetical protein,
Francisella tularensis subsp. tularensis SCHU S4,177416.18,NC_006570,fig|177416.18.peg.922,,VBIFraTul2086_0922,PATRIC.177416.18.NC_006570.CDS.821970.822833.fwd,PATRIC,CDS,821970,822833,864,+,FIG00000376,PLF_262_00000390,PGF_00015630,,287,,Isoaspartyl aminopeptidase (EC 3.4.19.5) @ Asp-X dipeptidase,GO:0008798|beta-aspartyl-peptidase activity
Francisella tularensis subsp. tularensis SCHU S4,177416.18,NC_006570,fig|177416.18.peg.177,FTT0160,VBIFraTul2086_0177,PATRIC.177416.18.NC_006570.CDS.175200.175667.fwd,PATRIC,CDS,175200,175667,468,+,FIG00000735,PLF_262_00000539,PGF_01785347,YP_169226.1,155,nudH,Adenosine (5')-pentaphospho-(5'')-adenosine pyrophosphohydrolase,
Francisella tularensis subsp. tularensis SCHU S4,177416.18,NC_006570,fig|177416.18.peg.739,,VBIFraTul2086_0739,PATRIC.177416.18.NC_006570.CDS.668565.668996.rev,PATRIC,CDS,668565,668996,432,-,FIG00657726,PLF_262_00000949,PGF_01722199,,143,,hypothetical protein,
Francisella tularensis subsp. tularensis SCHU S4,177416.18,NC_006570,fig|177416.18.peg.741,,VBIFraTul2086_0741,PATRIC.177416.18.NC_006570.CDS.669624.670253.rev,PATRIC,CDS,669624,670253,630,-,FIG00000517,PLF_262_00000914,PGF_00015573,,209,,Iron-sulfur cluster-binding protein,GO:0005506|iron ion binding;GO:0006118|electron transport;GO:0009055|electron carrier activity
Francisella tularensis subsp. tularensis SCHU S4,177416.18,NC_006570,fig|177416.18.peg.1651,,VBIFraTul2086_1651,PATRIC.177416.18.NC_006570.CDS.1479294.1480184.rev,PATRIC,CDS,1479294,1480184,891,-,FIG00000075,PLF_262_00000676,PGF_08421732,,296,,NAD kinase (EC 2.7.1.23),GO:0003951|NAD+ kinase activity
Francisella tularensis subsp. tularensis SCHU S4,177416.18,NC_006570,fig|177416.18.peg.20,FTT0017,VBIFraTul2086_0020,PATRIC.177416.18.NC_006570.CDS.15449.16720.fwd,PATRIC,CDS,15449,16720,1272,+,FIG01314078,PLF_262_00000045,PGF_00012163,YP_169093.1,423,,HlyB/MsbA family ABC transporter,
Francisella tularensis subsp. tularensis SCHU S4,177416.18,NC_006570,fig|177416.18.peg.476,,VBIFraTul2086_0476,PATRIC.177416.18.NC_006570.CDS.442218.442718.fwd,PATRIC,CDS,442218,442718,501,+,FIG00000582,PLF_262_00000054,PGF_00012356,,166,,Homoserine kinase (EC 2.7.1.39),GO:0004413|homoserine kinase activity
Francisella tularensis subsp. tularensis SCHU S4,177416.18,NC_006570,fig|177416.18.peg.95,,VBIFraTul2086_0095,PATRIC.177416.18.NC_006570.CDS.92770.93204.rev,PATRIC,CDS,92770,93204,435,-,FIG00785830,PLF_262_00001538,PGF_01719423,,144,,"Amine oxidase, flavin-containing",
Francisella tularensis subsp. tularensis SCHU S4,177416.18,NC_006570,fig|177416.18.peg.1229,,VBIFraTul2086_1229,PATRIC.177416.18.NC_006570.CDS.1078054.1078632.rev,PATRIC,CDS,1078054,1078632,579,-,FIG01627999,PLF_262_00001799,PGF_00055406,,192,,TIORF34 protein,
Francisella tularensis subsp. tularensis SCHU S4,177416.18,NC_006570,fig|177416.18.peg.1300,,VBIFraTul2086_1300,PATRIC.177416.18.NC_006570.CDS.1138435.1138914.fwd,PATRIC,CDS,1138435,1138914,480,+,FIG00084105,PLF_262_00000232,PGF_06626131,,159,,"2-C-methyl-D-erythritol 2,4-cyclodiphosphate synthase (EC 4.6.1.12)","GO:0008685|2-C-methyl-D-erythritol 2,4-cyclodiphosphate synthase activity"
Francisella tularensis subsp. tularensis SCHU S4,177416.18,NC_006570,fig|177416.18.peg.662,,VBIFraTul2086_0662,PATRIC.177416.18.NC_006570.CDS.599322.600500.fwd,PATRIC,CDS,599322,600500,1179,+,FIG00003465,PLF_262_00000278,PGF_07242679,,392,,Outer membrane protein A precursor,GO:0016021|integral to membrane
Francisella tularensis subsp. tularensis SCHU S4,177416.18,NC_006570,fig|177416.18.peg.1416,,VBIFraTul2086_1416,PATRIC.177416.18.NC_006570.CDS.1240481.1241128.fwd,PATRIC,CDS,1240481,1241128,648,+,FIG00002761,PLF_262_00000585,PGF_08055739,,215,,DedA protein,
Francisella tularensis subsp. tularensis SCHU S4,177416.18,NC_006570,fig|177416.18.peg.761,,VBIFraTul2086_0761,PATRIC.177416.18.NC_006570.CDS.684746.685222.fwd,PATRIC,CDS,684746,685222,477,+,FIG01319624,PLF_262_00001535,PGF_01719420,,158,,hypothetical protein,
Francisella tularensis subsp. tularensis SCHU S4,177416.18,NC_006570,,FTT0685c,FTT0685c,RefSeq.177416.18.NC_006570.CDS.702548.703531.rev,RefSeq,CDS,702548,703531,984,-,,,,YP_169701.1,327,,potassium channel protein,
Francisella tularensis subsp. tularensis SCHU S4,177416.18,NC_006570,,FTT1298,FTT1298,RefSeq.177416.18.NC_006570.CDS.1321959.1323617.fwd,RefSeq,CDS,1321959,1323617,1659,+,,,,YP_170253.1,552,ubiB,2-polyprenylphenol 6-hydroxylase,
Francisella tularensis subsp. tularensis SCHU S4,177416.18,NC_006570,,FTT0339,FTT0339,RefSeq.177416.18.NC_006570.CDS.344037.344435.fwd,RefSeq,CDS,344037,344435,399,+,,,,YP_169388.1,132,rpsH,30S ribosomal protein S8,
Francisella tularensis subsp. tularensis SCHU S4,177416.18,NC_006570,,FTT1258,FTT1258,RefSeq.177416.18.NC_006570.CDS.1280070.1281542.fwd,RefSeq,CDS,1280070,1281542,1473,+,,,,YP_170216.1,490,,outer membrane efflux protein,
Francisella tularensis subsp. tularensis SCHU S4,177416.18,NC_006570,,FTT0515,FTT0515,RefSeq.177416.18.NC_006570.CDS.536459.536635.fwd,RefSeq,CDS,536459,536635,177,+,,,,YP_169549.1,58,,hypothetical protein,
Francisella tularensis subsp. tularensis SCHU S4,177416.18,NC_006570,,FTT0064,FTT0064,RefSeq.177416.18.NC_006570.CDS.64799.66175.fwd,RefSeq,CDS,64799,66175,1377,+,,,,YP_169139.1,458,atpD,F0F1 ATP synthase subunit beta,
Francisella tularensis subsp. tularensis SCHU S4,177416.18,NC_006570,fig|177416.18.peg.1801,,VBIFraTul2086_1801,PATRIC.177416.18.NC_006570.CDS.1617874.1618737.rev,PATRIC,CDS,1617874,1618737,864,-,FIG00000015,PLF_262_00001337,PGF_05785543,,287,,Signal peptidase I (EC 3.4.21.89),GO:0006508|proteolysis;GO:0008236|serine-type peptidase activity
Francisella tularensis subsp. tularensis SCHU S4,177416.18,NC_006570,,FTT0817,FTT0817,RefSeq.177416.18.NC_006570.CDS.835101.837005.fwd,RefSeq,CDS,835101,837005,1905,+,,,,YP_169824.1,634,thrS,threonyl-tRNA synthetase,
Francisella tularensis subsp. tularensis SCHU S4,177416.18,NC_006570,,FTT1724c,FTT1724c,RefSeq.177416.18.NC_006570.CDS.1809580.1811109.rev,RefSeq,CDS,1809580,1811109,1530,-,,,,YP_170626.1,509,tolC,outer membrane protein tolC precursor,
Francisella tularensis subsp. tularensis SCHU S4,177416.18,NC_006570,,FTT1355,FTT1355,RefSeq.177416.18.NC_006570.CDS.1396874.1397449.fwd,RefSeq,CDS,1396874,1397449,576,+,,,,YP_170307.1,191,,hypothetical protein,
Francisella tularensis subsp. tularensis SCHU S4,177416.18,NC_006570,,FTT1296,FTT1296,RefSeq.177416.18.NC_006570.CDS.1320625.1321377.fwd,RefSeq,CDS,1320625,1321377,753,+,,,,YP_170251.1,250,ubiE,menaquinone biosynthesis methyltransferase,
Francisella tularensis subsp. tularensis SCHU S4,177416.18,NC_006570,,FTT0240,FTT0240,RefSeq.177416.18.NC_006570.CDS.252464.253336.fwd,RefSeq,CDS,252464,253336,873,+,,,,YP_169293.1,290,,tetrapyrrole methyltransferase family protein,
Francisella tularensis subsp. tularensis SCHU S4,177416.18,NC_006570,,FTT1080c,FTT1080c,RefSeq.177416.18.NC_006570.CDS.1090186.1091064.rev,RefSeq,CDS,1090186,1091064,879,-,,,,YP_170059.1,292,,hypothetical protein,
Francisella tularensis subsp. tularensis SCHU S4,177416.18,NC_006570,,FTT0020,FTT0020,RefSeq.177416.18.NC_006570.CDS.18174.19619.fwd,RefSeq,CDS,18174,19619,1446,+,,,,YP_169096.1,481,gatA,aspartyl/glutamyl-tRNA amidotransferase subunit A,
Francisella tularensis subsp. tularensis SCHU S4,177416.18,NC_006570,,FTT1614c,FTT1614c,RefSeq.177416.18.NC_006570.CDS.1677317.1678000.rev,RefSeq,CDS,1677317,1678000,684,-,,,,YP_170529.1,227,,hypothetical protein,
Francisella tularensis subsp. tularensis SCHU S4,177416.18,NC_006570,,FTT0522,FTT0522,RefSeq.177416.18.NC_006570.CDS.544481.545458.fwd,RefSeq,CDS,544481,545458,978,+,,,,YP_169553.1,325,,hypothetical protein,
Francisella tularensis subsp. tularensis SCHU S4,177416.18,NC_006570,,FTT0961,FTT0961,RefSeq.177416.18.NC_006570.CDS.972893.973483.fwd,RefSeq,CDS,972893,973483,591,+,,,,YP_169951.1,196,mdaB,modulator of drug activity B,
Francisella tularensis subsp. tularensis SCHU S4,177416.18,NC_006570,,FTT0727,FTT0727,RefSeq.177416.18.NC_006570.CDS.750167.750847.fwd,RefSeq,CDS,750167,750847,681,+,,,,YP_169740.1,226,,hypothetical protein,
Francisella tularensis subsp. tularensis SCHU S4,177416.18,NC_006570,,FTT1504,FTT1504,RefSeq.177416.18.NC_006570.CDS.1558862.1559587.fwd,RefSeq,CDS,1558862,1559587,726,+,,,,YP_170438.1,241,,hypothetical protein,
Francisella tularensis subsp. tularensis SCHU S4,177416.18,NC_006570,,FTT0265,FTT0265,RefSeq.177416.18.NC_006570.CDS.278752.280551.fwd,RefSeq,CDS,278752,280551,1800,+,,,,YP_169317.1,599,,"ABC transporter, membrane protein",
Francisella tularensis subsp. tularensis SCHU S4,177416.18,NC_006570,,FTT0288c,FTT0288c,RefSeq.177416.18.NC_006570.CDS.302415.303266.rev,RefSeq,CDS,302415,303266,852,-,,,,YP_169338.1,283,pdxY,pyridoxal kinase,
Francisella tularensis subsp. tularensis SCHU S4,177416.18,NC_006570,,FTT0837,FTT0837,RefSeq.177416.18.NC_006570.CDS.852361.853080.fwd,RefSeq,CDS,852361,853080,720,+,,,,YP_169842.1,239,tolQ,TolQ protein,
Francisella tularensis subsp. tularensis SCHU S4,177416.18,NC_006570,,FTT1202,FTT1202,RefSeq.177416.18.NC_006570.CDS.1220492.1221391.fwd,RefSeq,CDS,1220492,1221391,900,+,,,,YP_170161.1,299,,LysR family transcriptional regulator,
Francisella tularensis subsp. tularensis SCHU S4,177416.18,NC_006570,,FTT0553,FTT0553,RefSeq.177416.18.NC_006570.CDS.572348.573127.fwd,RefSeq,CDS,572348,573127,780,+,,,,YP_169579.1,259,,hypothetical protein,
Francisella tularensis subsp. tularensis SCHU S4,177416.18,NC_006570,fig|177416.18.peg.767,,VBIFraTul2086_0767,PATRIC.177416.18.NC_006570.CDS.690239.690796.rev,PATRIC,CDS,690239,690796,558,-,FIG00658148,PLF_262_00005760,PGF_00746982,,185,,hypothetical protein,
Francisella tularensis subsp. tularensis SCHU S4,177416.18,NC_006570,fig|177416.18.peg.711,,VBIFraTul2086_0711,PATRIC.177416.18.NC_006570.CDS.642739.643344.fwd,PATRIC,CDS,642739,643344,606,+,FIG00000028,PLF_262_00000529,PGF_00285620,,201,,ATP-dependent Clp protease proteolytic subunit ClpP (EC 3.4.21.92),
Francisella tularensis subsp. tularensis SCHU S4,177416.18,NC_006570,fig|177416.18.peg.137,,VBIFraTul2086_0137,PATRIC.177416.18.NC_006570.CDS.135849.135986.fwd,PATRIC,CDS,135849,135986,138,+,FIG00455853,PLF_262_00001798,PGF_10569020,,45,,"Oligopeptide ABC transporter, permease protein OppC (TC 3.A.1.5.1)",
Francisella tularensis subsp. tularensis SCHU S4,177416.18,NC_006570,fig|177416.18.peg.1148,,VBIFraTul2086_1148,PATRIC.177416.18.NC_006570.CDS.1010878.1012104.rev,PATRIC,CDS,1010878,1012104,1227,-,FIG00017190,PLF_262_00000430,PGF_00069882,,408,,Zinc-binding GTPase YciC,
Francisella tularensis subsp. tularensis SCHU S4,177416.18,NC_006570,fig|177416.18.peg.504,,VBIFraTul2086_0504,PATRIC.177416.18.NC_006570.CDS.465496.467082.fwd,PATRIC,CDS,465496,467082,1587,+,FIG00000834,PLF_262_00001130,PGF_10395749,,528,,Phosphoenolpyruvate carboxykinase [ATP] (EC 4.1.1.49),GO:0004612|phosphoenolpyruvate carboxykinase (ATP) activity
Francisella tularensis subsp. tularensis SCHU S4,177416.18,NC_006570,fig|177416.18.peg.700,,VBIFraTul2086_0700,PATRIC.177416.18.NC_006570.CDS.632399.632527.fwd,PATRIC,CDS,632399,632527,129,+,FIG01880686,PLF_262_00001903,PGF_08225224,,42,,hypothetical protein,
Francisella tularensis subsp. tularensis SCHU S4,177416.18,NC_006570,fig|177416.18.peg.222,FTT0202c,VBIFraTul2086_0222,PATRIC.177416.18.NC_006570.CDS.218947.219690.rev,PATRIC,CDS,218947,219690,744,-,FIG01306568,PLF_262_00000003,PGF_01000105,YP_169262.1,247,isftu2,Mobile element protein,
Francisella tularensis subsp. tularensis SCHU S4,177416.18,NC_006570,fig|177416.18.peg.1938,,VBIFraTul2086_1938,PATRIC.177416.18.NC_006570.CDS.1740586.1741653.fwd,PATRIC,CDS,1740586,1741653,1068,+,,PLF_262_00001123,PGF_00423089,,355,,Diaminohydroxyphosphoribosylaminopyrimidine deaminase (EC 3.5.4.26) / 5-amino-6-(5-phosphoribosylamino)uracil reductase (EC 1.1.1.193),GO:0008703|5-amino-6-(5-phosphoribosylamino)uracil reductase activity;GO:0008835|diaminohydroxyphosphoribosylaminopyrimidine deaminase activity
Francisella tularensis subsp. tularensis SCHU S4,177416.18,NC_006570,fig|177416.18.peg.2035,,VBIFraTul2086_2035,PATRIC.177416.18.NC_006570.CDS.1839273.1839725.fwd,PATRIC,CDS,1839273,1839725,453,+,FIG00004099,PLF_262_00001332,PGF_09027360,,150,,Regulatory protein RecX,
Francisella tularensis subsp. tularensis SCHU S4,177416.18,NC_006570,fig|177416.18.peg.1815,,VBIFraTul2086_1815,PATRIC.177416.18.NC_006570.CDS.1629617.1630759.rev,PATRIC,CDS,1629617,1630759,1143,-,FIG00000611,PLF_262_00000396,PGF_00017109,,380,,Lipid-A-disaccharide synthase (EC 2.4.1.182),GO:0008915|lipid-A-disaccharide synthase activity
Francisella tularensis subsp. tularensis SCHU S4,177416.18,NC_006570,fig|177416.18.peg.96,,VBIFraTul2086_0096,PATRIC.177416.18.NC_006570.CDS.93287.93445.rev,PATRIC,CDS,93287,93445,159,-,FIG00785830,PLF_262_00001663,PGF_00375983,,52,,hypothetical protein,
Francisella tularensis subsp. tularensis SCHU S4,177416.18,NC_006570,fig|177416.18.peg.1327,,VBIFraTul2086_1327,PATRIC.177416.18.NC_006570.CDS.1158824.1160008.rev,PATRIC,CDS,1158824,1160008,1185,-,FIG00004149,PLF_262_00001391,PGF_00959712,,394,,Uncharacterized MFS-type transporter,
Francisella tularensis subsp. tularensis SCHU S4,177416.18,NC_006570,fig|177416.18.peg.652,,VBIFraTul2086_0652,PATRIC.177416.18.NC_006570.CDS.592425.592961.fwd,PATRIC,CDS,592425,592961,537,+,FIG01331848,PLF_262_00000051,PGF_03128085,,178,,Amino acid permease family protein,
Francisella tularensis subsp. tularensis SCHU S4,177416.18,NC_006570,fig|177416.18.peg.2042,,VBIFraTul2086_2042,PATRIC.177416.18.NC_006570.CDS.1845681.1846304.rev,PATRIC,CDS,1845681,1846304,624,-,,PLF_262_00001793,PGF_01719563,,207,,Putative transport protein,
Francisella tularensis subsp. tularensis SCHU S4,177416.18,NC_006570,fig|177416.18.peg.16,FTT0013c,VBIFraTul2086_0016,PATRIC.177416.18.NC_006570.CDS.11434.12216.rev,PATRIC,CDS,11434,12216,783,-,FIG00657712,PLF_262_00001423,PGF_00365990,YP_169089.1,260,,hypothetical protein,
Francisella tularensis subsp. tularensis SCHU S4,177416.18,NC_006570,fig|177416.18.peg.1750,,VBIFraTul2086_1750,PATRIC.177416.18.NC_006570.CDS.1571628.1572200.fwd,PATRIC,CDS,1571628,1572200,573,+,FIG00000328,PLF_262_00000972,PGF_10483430,,190,,Methylated-DNA--protein-cysteine methyltransferase (EC 2.1.1.63),GO:0003908|methylated-DNA-[protein]-cysteine S-methyltransferase activity
Francisella tularensis subsp. tularensis SCHU S4,177416.18,NC_006570,fig|177416.18.peg.796,,VBIFraTul2086_0796,PATRIC.177416.18.NC_006570.CDS.717995.720076.fwd,PATRIC,CDS,717995,720076,2082,+,FIG00000391,PLF_262_00000727,PGF_03104485,,693,,Polyribonucleotide nucleotidyltransferase (EC 2.7.7.8),GO:0004654|polyribonucleotide nucleotidyltransferase activity
Francisella tularensis subsp. tularensis SCHU S4,177416.18,NC_006570,fig|177416.18.peg.1700,,VBIFraTul2086_1700,PATRIC.177416.18.NC_006570.CDS.1524610.1526004.rev,PATRIC,CDS,1524610,1526004,1395,-,FIG00002070,PLF_262_00000161,PGF_00063351,,464,,Arabinose-proton symporter,
Francisella tularensis subsp. tularensis SCHU S4,177416.18,NC_006570,fig|177416.18.peg.1419,,VBIFraTul2086_1419,PATRIC.177416.18.NC_006570.CDS.1242208.1243383.rev,PATRIC,CDS,1242208,1243383,1176,-,FIG00000001,PLF_262_00001221,PGF_10025016,,391,,Cysteine desulfurase (EC 2.8.1.7),GO:0031071|cysteine desulfurase activity
Francisella tularensis subsp. tularensis SCHU S4,177416.18,NC_006570,fig|177416.18.peg.889,,VBIFraTul2086_0889,PATRIC.177416.18.NC_006570.CDS.793076.793390.fwd,PATRIC,CDS,793076,793390,315,+,FIG00000276,PLF_262_00000645,PGF_04978890,,104,,LSU ribosomal protein L21p,GO:0003723|RNA binding;GO:0003735|structural constituent of ribosome;GO:0005622|intracellular;GO:0005840|ribosome;GO:0006412|translation
Francisella tularensis subsp. tularensis SCHU S4,177416.18,NC_006570,fig|177416.18.peg.2098,,VBIFraTul2086_2098,PATRIC.177416.18.NC_006570.CDS.1888532.1890076.rev,PATRIC,CDS,1888532,1890076,1545,-,FIG00011663,PLF_262_00000120,PGF_00056814,,514,,"Anthranilate synthase, aminase component (EC 4.1.3.27)",GO:0004049|anthranilate synthase activity
Francisella tularensis subsp. tularensis SCHU S4,177416.18,NC_006570,fig|177416.18.peg.899,,VBIFraTul2086_0899,PATRIC.177416.18.NC_006570.CDS.800295.800540.rev,PATRIC,CDS,800295,800540,246,-,FIG00946206,PLF_262_00000868,PGF_01722183,,81,,putative membrane protein,
Francisella tularensis subsp. tularensis SCHU S4,177416.18,NC_006570,fig|177416.18.peg.1216,,VBIFraTul2086_1216,PATRIC.177416.18.NC_006570.CDS.1070084.1070302.rev,PATRIC,CDS,1070084,1070302,219,-,FIG00000127,PLF_262_00000443,PGF_00049858,,72,,"SSU ribosomal protein S18p @ SSU ribosomal protein S18p, zinc-independent",GO:0003735|structural constituent of ribosome;GO:0005622|intracellular;GO:0005840|ribosome;GO:0006412|translation
Francisella tularensis subsp. tularensis SCHU S4,177416.18,NC_006570,fig|177416.18.peg.279,,VBIFraTul2086_0279,PATRIC.177416.18.NC_006570.CDS.260994.263237.fwd,PATRIC,CDS,260994,263237,2244,+,FIG00014199,PLF_262_00001125,PGF_01467683,,747,,Ferrous iron transporter FeoB,
Francisella tularensis subsp. tularensis SCHU S4,177416.18,NC_006570,fig|177416.18.peg.1918,,VBIFraTul2086_1918,PATRIC.177416.18.NC_006570.CDS.1719855.1720262.fwd,PATRIC,CDS,1719855,1720262,408,+,FIG00657542,PLF_262_00001279,PGF_01719351,,135,,hypothetical protein,
Francisella tularensis subsp. tularensis SCHU S4,177416.18,NC_006570,fig|177416.18.peg.936,,VBIFraTul2086_0936,PATRIC.177416.18.NC_006570.CDS.835100.837004.fwd,PATRIC,CDS,835100,837004,1905,+,FIG00000101,PLF_262_00000290,PGF_01175575,,634,,Threonyl-tRNA synthetase (EC 6.1.1.3),GO:0004829|threonine-tRNA ligase activity
Francisella tularensis subsp. tularensis SCHU S4,177416.18,NC_006570,fig|177416.18.peg.2000,,VBIFraTul2086_2000,PATRIC.177416.18.NC_006570.CDS.1802073.1805945.rev,PATRIC,CDS,1802073,1805945,3873,-,FIG00000820,PLF_262_00000192,PGF_00033963,,1290,,"Phosphoribosylformylglycinamidine synthase, synthetase subunit (EC 6.3.5.3) / Phosphoribosylformylglycinamidine synthase, glutamine amidotransferase subunit (EC 6.3.5.3)",GO:0004642|phosphoribosylformylglycinamidine synthase activity
Francisella tularensis subsp. tularensis SCHU S4,177416.18,NC_006570,fig|177416.18.peg.839,,VBIFraTul2086_0839,PATRIC.177416.18.NC_006570.CDS.756388.756501.rev,PATRIC,CDS,756388,756501,114,-,FIG00638284,PLF_262_00002264,PGF_01719744,,37,,hypothetical protein,
Francisella tularensis subsp. tularensis SCHU S4,177416.18,NC_006570,fig|177416.18.peg.2030,,VBIFraTul2086_2030,PATRIC.177416.18.NC_006570.CDS.1835599.1836522.fwd,PATRIC,CDS,1835599,1836522,924,+,FIG01444279,PLF_262_00001417,PGF_01719378,,307,,"Signal peptide peptidase SppA, 36K type (EC 3.4.-.-)",
Francisella tularensis subsp. tularensis SCHU S4,177416.18,NC_006570,fig|177416.18.peg.453,,VBIFraTul2086_0453,PATRIC.177416.18.NC_006570.CDS.413779.414855.fwd,PATRIC,CDS,413779,414855,1077,+,FIG00138538,PLF_262_00000329,PGF_00053770,,358,,Aminomethyltransferase (glycine cleavage system T protein) (EC 2.1.2.10),
Francisella tularensis subsp. tularensis SCHU S4,177416.18,NC_006570,,FTT1349,FTT1349,RefSeq.177416.18.NC_006570.CDS.1388318.1388839.fwd,RefSeq,CDS,1388318,1388839,522,+,,,,YP_170301.1,173,,hypothetical protein,
Francisella tularensis subsp. tularensis SCHU S4,177416.18,NC_006570,,FTT0306,FTT0306,RefSeq.177416.18.NC_006570.CDS.320016.321407.fwd,RefSeq,CDS,320016,321407,1392,+,,,,YP_169355.1,463,fumC,fumarate hydratase,
Francisella tularensis subsp. tularensis SCHU S4,177416.18,NC_006570,,FTT0850,FTT0850,RefSeq.177416.18.NC_006570.CDS.863401.864024.fwd,RefSeq,CDS,863401,864024,624,+,,,,YP_169853.1,207,,hypothetical protein,
Francisella tularensis subsp. tularensis SCHU S4,177416.18,NC_006570,,FTT0084c,FTT0084c,RefSeq.177416.18.NC_006570.CDS.86193.87335.rev,RefSeq,CDS,86193,87335,1143,-,,,,YP_169158.1,380,hemN,oxygen-independent coproporphyrinogen III oxidase,
Francisella tularensis subsp. tularensis SCHU S4,177416.18,NC_006570,,FTT0962,FTT0962,RefSeq.177416.18.NC_006570.CDS.973599.974261.fwd,RefSeq,CDS,973599,974261,663,+,,,,YP_169952.1,220,,ThiJ/PfpI family protein,
Francisella tularensis subsp. tularensis SCHU S4,177416.18,NC_006570,,FTT0361c,FTT0361c,RefSeq.177416.18.NC_006570.CDS.360867.362216.rev,RefSeq,CDS,360867,362216,1350,-,,,,YP_169408.1,449,,amino acid transporter,
Francisella tularensis subsp. tularensis SCHU S4,177416.18,NC_006570,,FTT1317c,FTT1317c,RefSeq.177416.18.NC_006570.CDS.1342806.1344266.rev,RefSeq,CDS,1342806,1344266,1461,-,,,,YP_170270.1,486,guaB,inosine-5-monophosphate dehydrogenase,
Francisella tularensis subsp. tularensis SCHU S4,177416.18,NC_006570,,FTT1454c,FTT1454c,RefSeq.177416.18.NC_006570.CDS.1503891.1504616.rev,RefSeq,CDS,1503891,1504616,726,-,,,,YP_170391.1,241,wbtJ,hypothetical protein,
Francisella tularensis subsp. tularensis SCHU S4,177416.18,NC_006570,,FTT0354,FTT0354,RefSeq.177416.18.NC_006570.CDS.352919.353914.fwd,RefSeq,CDS,352919,353914,996,+,,,,YP_169402.1,331,,hypothetical protein,
Francisella tularensis subsp. tularensis SCHU S4,177416.18,NC_006570,,FTT1708,FTT1708,RefSeq.177416.18.NC_006570.CDS.1785401.1786174.fwd,RefSeq,CDS,1785401,1786174,774,+,,,,YP_170613.1,257,,hypothetical protein,
Francisella tularensis subsp. tularensis SCHU S4,177416.18,NC_006570,,FTT0374c,FTT0374c,RefSeq.177416.18.NC_006570.CDS.373924.375564.rev,RefSeq,CDS,373924,375564,1641,-,,,,YP_169421.1,546,pyrG,CTP synthetase,
Francisella tularensis subsp. tularensis SCHU S4,177416.18,NC_006570,,FTT0496,FTT0496,RefSeq.177416.18.NC_006570.CDS.515844.516608.fwd,RefSeq,CDS,515844,516608,765,+,,,,YP_169533.1,254,,hypothetical protein,
Francisella tularensis subsp. tularensis SCHU S4,177416.18,NC_006570,,FTT1789,FTT1789,RefSeq.177416.18.NC_006570.CDS.1877156.1877950.fwd,RefSeq,CDS,1877156,1877950,795,+,,,,YP_170675.1,264,,hypothetical protein,
Francisella tularensis subsp. tularensis SCHU S4,177416.18,NC_006570,,FTT0750,FTT0750,RefSeq.177416.18.NC_006570.CDS.772299.773285.fwd,RefSeq,CDS,772299,773285,987,+,,,,YP_169761.1,328,,hypothetical protein,
Francisella tularensis subsp. tularensis SCHU S4,177416.18,NC_006570,,FTT0898c,FTT0898c,RefSeq.177416.18.NC_006570.CDS.906970.907323.rev,RefSeq,CDS,906970,907323,354,-,,,,YP_169895.1,117,,hypothetical protein,
Francisella tularensis subsp. tularensis SCHU S4,177416.18,NC_006570,,FTT0705,FTT0705,RefSeq.177416.18.NC_006570.CDS.723104.724453.fwd,RefSeq,CDS,723104,724453,1350,+,,,,YP_169721.1,449,rumA,23S rRNA 5-methyluridine methyltransferase,
Francisella tularensis subsp. tularensis SCHU S4,177416.18,NC_006570,,FTT0991,FTT0991,RefSeq.177416.18.NC_006570.CDS.1001379.1001954.fwd,RefSeq,CDS,1001379,1001954,576,+,,,,YP_169979.1,191,,lipoprotein,
Francisella tularensis subsp. tularensis SCHU S4,177416.18,NC_006570,,FTT1274,FTT1274,RefSeq.177416.18.NC_006570.CDS.1296362.1296760.fwd,RefSeq,CDS,1296362,1296760,399,+,,,,YP_170230.1,132,rpsI,30S ribosomal protein S9,
Francisella tularensis subsp. tularensis SCHU S4,177416.18,NC_006570,,FTT0513c,FTT0513c,RefSeq.177416.18.NC_006570.CDS.534458.535242.rev,RefSeq,CDS,534458,535242,327,-,,,,YP_169548.1,261,isftu1,transposase,
Francisella tularensis subsp. tularensis SCHU S4,177416.18,NC_006570,,FTT0329,FTT0329,RefSeq.177416.18.NC_006570.CDS.340153.340431.fwd,RefSeq,CDS,340153,340431,279,+,,,,YP_169378.1,92,rpsS,30S ribosomal protein S19,
Francisella tularensis subsp. tularensis SCHU S4,177416.18,NC_006570,,FTT1455c,FTT1455c,RefSeq.177416.18.NC_006570.CDS.1504613.1505695.rev,RefSeq,CDS,1504613,1505695,1083,-,,,,YP_170392.1,360,wbtI,sugar transamine/perosamine synthetase,
Francisella tularensis subsp. tularensis SCHU S4,177416.18,NC_006570,,FTT1227,FTT1227,RefSeq.177416.18.NC_006570.CDS.1243635.1246292.fwd,RefSeq,CDS,1243635,1246292,2658,+,,,,YP_170185.1,885,rne,ribonuclease E,
Francisella tularensis subsp. tularensis SCHU S4,177416.18,NC_006570,fig|177416.18.peg.1298,,VBIFraTul2086_1298,PATRIC.177416.18.NC_006570.CDS.1136468.1137598.fwd,PATRIC,CDS,1136468,1137598,1131,+,FIG00004484,PLF_262_00000110,PGF_00063913,,376,,Tyrosine-specific transport protein,
Francisella tularensis subsp. tularensis SCHU S4,177416.18,NC_006570,fig|177416.18.peg.1914,,VBIFraTul2086_1914,PATRIC.177416.18.NC_006570.CDS.1716466.1717494.fwd,PATRIC,CDS,1716466,1717494,1029,+,FIG00687328,PLF_262_00000033,PGF_00016691,,342,,Large protein containing transglutaminase-like domain,
Francisella tularensis subsp. tularensis SCHU S4,177416.18,NC_006570,,FTT0182c,FTT0182c,RefSeq.177416.18.NC_006570.CDS.197828.198370.rev,RefSeq,CDS,197828,198370,543,-,,,,YP_169243.1,180,,Sua5/YciO/YrdC family protein,
Francisella tularensis subsp. tularensis SCHU S4,177416.18,NC_006570,,FTT0740c,FTT0740c,RefSeq.177416.18.NC_006570.CDS.761179.763344.rev,RefSeq,CDS,761179,763344,2166,-,,,,YP_169751.1,721,ostA2,organic solvent tolerance protein,
Francisella tularensis subsp. tularensis SCHU S4,177416.18,NC_006570,fig|177416.18.peg.954,,VBIFraTul2086_0954,PATRIC.177416.18.NC_006570.CDS.847950.849203.rev,PATRIC,CDS,847950,849203,1254,-,FIG00552544,PLF_262_00001319,PGF_00027856,,417,,Outer membrane lipoprotein omp16 precursor,
Francisella tularensis subsp. tularensis SCHU S4,177416.18,NC_006570,fig|177416.18.peg.1016,,VBIFraTul2086_1016,PATRIC.177416.18.NC_006570.CDS.894173.895822.fwd,PATRIC,CDS,894173,895822,1650,+,FIG00000317,PLF_262_00000579,PGF_00421796,,549,,DNA repair protein RecN,GO:0005524|ATP binding;GO:0005694|chromosome;GO:0051276|chromosome organization and biogenesis
Francisella tularensis subsp. tularensis SCHU S4,177416.18,NC_006570,fig|177416.18.peg.197,FTT0178c,VBIFraTul2086_0197,PATRIC.177416.18.NC_006570.CDS.192157.193626.rev,PATRIC,CDS,192157,193626,1470,-,FIG00001180,PLF_262_00000870,PGF_01721960,YP_169240.1,489,rimK,Ribosomal protein S6--L-glutamate ligase,
Francisella tularensis subsp. tularensis SCHU S4,177416.18,NC_006570,fig|177416.18.peg.1904,,VBIFraTul2086_1904,PATRIC.177416.18.NC_006570.CDS.1707692.1708072.fwd,PATRIC,CDS,1707692,1708072,381,+,FIG01306568,PLF_262_00000001,PGF_01719295,,126,,Mobile element protein,
Francisella tularensis subsp. tularensis SCHU S4,177416.18,NC_006570,fig|177416.18.peg.73,FTT0067c,VBIFraTul2086_0073,PATRIC.177416.18.NC_006570.CDS.69696.70025.rev,PATRIC,CDS,69696,70025,330,-,FIG00001495,PLF_262_00000615,PGF_08057496,YP_169142.1,109,,Monothiol glutaredoxin GrxD,
Francisella tularensis subsp. tularensis SCHU S4,177416.18,NC_006570,fig|177416.18.peg.1874,,VBIFraTul2086_1874,PATRIC.177416.18.NC_006570.CDS.1681843.1682016.fwd,PATRIC,CDS,1681843,1682016,174,+,,PLF_262_00007738,PGF_10543208,,57,,hypothetical protein,
Francisella tularensis subsp. tularensis SCHU S4,177416.18,NC_006570,fig|177416.18.peg.1013,,VBIFraTul2086_1013,PATRIC.177416.18.NC_006570.CDS.891005.891760.fwd,PATRIC,CDS,891005,891760,756,+,FIG00001099,PLF_262_00000010,PGF_01632255,,251,,S-(hydroxymethyl)glutathione dehydrogenase (EC 1.1.1.284),
Francisella tularensis subsp. tularensis SCHU S4,177416.18,NC_006570,fig|177416.18.peg.339,,VBIFraTul2086_0339,PATRIC.177416.18.NC_006570.CDS.317488.318645.rev,PATRIC,CDS,317488,318645,1158,-,FIG00121995,PLF_262_00000637,PGF_00016130,,385,,L-lactate dehydrogenase,
Francisella tularensis subsp. tularensis SCHU S4,177416.18,NC_006570,fig|177416.18.peg.1424,,VBIFraTul2086_1424,PATRIC.177416.18.NC_006570.CDS.1249168.1250364.fwd,PATRIC,CDS,1249168,1250364,1197,+,FIG00000257,PLF_262_00001205,PGF_09087715,,398,,tRNA(Ile)-lysidine synthetase (EC 6.3.4.19),
Francisella tularensis subsp. tularensis SCHU S4,177416.18,NC_006570,fig|177416.18.peg.11,,VBIFraTul2086_0011,PATRIC.177416.18.NC_006570.CDS.9068.9430.fwd,PATRIC,CDS,9068,9430,363,+,FIG00003334,PLF_262_00001381,PGF_01889325,,120,,DNA-cytosine methyltransferase (EC 2.1.1.37),
Francisella tularensis subsp. tularensis SCHU S4,177416.18,NC_006570,fig|177416.18.peg.1957,,VBIFraTul2086_1957,PATRIC.177416.18.NC_006570.CDS.1756421.1757029.rev,PATRIC,CDS,1756421,1757029,609,-,FIG00000521,PLF_262_00000234,PGF_00008838,,202,,16S rRNA (guanine(527)-N(7))-methyltransferase (EC 2.1.1.170),
Francisella tularensis subsp. tularensis SCHU S4,177416.18,NC_006570,fig|177416.18.peg.850,,VBIFraTul2086_0850,PATRIC.177416.18.NC_006570.CDS.761178.763343.rev,PATRIC,CDS,761178,763343,2166,-,FIG00019192,PLF_262_00000216,PGF_09964285,,721,,LPS-assembly protein LptD @ Organic solvent tolerance protein precursor,
Francisella tularensis subsp. tularensis SCHU S4,177416.18,NC_006570,fig|177416.18.peg.200,FTT0180,VBIFraTul2086_0200,PATRIC.177416.18.NC_006570.CDS.195907.196797.fwd,PATRIC,CDS,195907,196797,891,+,FIG00004783,PLF_262_00001231,PGF_00498349,YP_169241.1,296,,Acyltransferase family protein,
Francisella tularensis subsp. tularensis SCHU S4,177416.18,NC_006570,fig|177416.18.peg.414,,VBIFraTul2086_0414,PATRIC.177416.18.NC_006570.CDS.372484.373386.rev,PATRIC,CDS,372484,373386,903,-,FIG00000437,PLF_262_00000322,PGF_00026453,,300,,Acetyl-coenzyme A carboxyl transferase beta chain (EC 6.4.1.2),GO:0003989|acetyl-CoA carboxylase activity
Francisella tularensis subsp. tularensis SCHU S4,177416.18,NC_006570,fig|177416.18.peg.1549,,VBIFraTul2086_1549,PATRIC.177416.18.NC_006570.CDS.1385741.1386040.fwd,PATRIC,CDS,1385741,1386040,300,+,FIG00657815,PLF_262_00000179,PGF_00326511,,99,,hypothetical protein,
Francisella tularensis subsp. tularensis SCHU S4,177416.18,NC_006570,fig|177416.18.peg.1302,,VBIFraTul2086_1302,PATRIC.177416.18.NC_006570.CDS.1140630.1143452.rev,PATRIC,CDS,1140630,1143452,2823,-,FIG00003542,PLF_262_00000568,PGF_00419870,,940,,Cyanophycin synthase (EC 6.3.2.29)(EC 6.3.2.30),
Francisella tularensis subsp. tularensis SCHU S4,177416.18,NC_006570,fig|177416.18.peg.890,,VBIFraTul2086_0890,PATRIC.177416.18.NC_006570.CDS.793421.793675.fwd,PATRIC,CDS,793421,793675,255,+,FIG00000189,PLF_262_00000647,PGF_00016385,,84,,LSU ribosomal protein L27p,GO:0003735|structural constituent of ribosome;GO:0005622|intracellular;GO:0005840|ribosome;GO:0006412|translation
Francisella tularensis subsp. tularensis SCHU S4,177416.18,NC_006570,fig|177416.18.peg.1184,,VBIFraTul2086_1184,PATRIC.177416.18.NC_006570.CDS.1043847.1044962.fwd,PATRIC,CDS,1043847,1044962,1116,+,FIG01387068,PLF_262_00000013,PGF_00040957,,371,,Putative glycosidase,
Francisella tularensis subsp. tularensis SCHU S4,177416.18,NC_006570,fig|177416.18.peg.785,,VBIFraTul2086_0785,PATRIC.177416.18.NC_006570.CDS.708031.708867.rev,PATRIC,CDS,708031,708867,837,-,FIG00000465,PLF_262_00000212,PGF_03677192,,278,,Lipoate-protein ligase A,GO:0003824|catalytic activity;GO:0006464|protein modification process
Francisella tularensis subsp. tularensis SCHU S4,177416.18,NC_006570,fig|177416.18.peg.291,,VBIFraTul2086_0291,PATRIC.177416.18.NC_006570.CDS.276946.277338.fwd,PATRIC,CDS,276946,277338,393,+,FIG00553898,PLF_262_00001101,PGF_06545170,,130,,Fluoride ion transporter CrcB,
Francisella tularensis subsp. tularensis SCHU S4,177416.18,NC_006570,fig|177416.18.peg.1792,,VBIFraTul2086_1792,PATRIC.177416.18.NC_006570.CDS.1610634.1611332.fwd,PATRIC,CDS,1610634,1611332,699,+,FIG00229655,PLF_262_00000024,PGF_00821117,,232,,Cyclopropane-fatty-acyl-phospholipid synthase (EC 2.1.1.79),GO:0008825|cyclopropane-fatty-acyl-phospholipid synthase activity
Francisella tularensis subsp. tularensis SCHU S4,177416.18,NC_006570,fig|177416.18.peg.229,,VBIFraTul2086_0229,PATRIC.177416.18.NC_006570.CDS.225037.225225.rev,PATRIC,CDS,225037,225225,189,-,FIG01379580,PLF_262_00000025,PGF_02280536,,62,,Dienelactone hydrolase family protein,
Francisella tularensis subsp. tularensis SCHU S4,177416.18,NC_006570,,FTT1224c,FTT1224c,RefSeq.177416.18.NC_006570.CDS.1241206.1241904.rev,RefSeq,CDS,1241206,1241904,699,-,,,,YP_170182.1,232,recO,DNA repair protein recO,
Francisella tularensis subsp. tularensis SCHU S4,177416.18,NC_006570,,FTT0756,FTT0756,RefSeq.177416.18.NC_006570.CDS.775769.776908.fwd,RefSeq,CDS,775769,776908,1140,+,,,,YP_169767.1,379,,cation-efflux family protein,
Francisella tularensis subsp. tularensis SCHU S4,177416.18,NC_006570,,FTT0118,FTT0118,RefSeq.177416.18.NC_006570.CDS.126899.128476.fwd,RefSeq,CDS,126899,128476,1578,+,,,,YP_169188.1,525,prfC,peptide chain release factor 3,
Francisella tularensis subsp. tularensis SCHU S4,177416.18,NC_006570,,FTT0987,FTT0987,RefSeq.177416.18.NC_006570.CDS.996325.996522.fwd,RefSeq,CDS,996325,996522,198,+,,,,YP_169975.1,65,,hypothetical protein,
Francisella tularensis subsp. tularensis SCHU S4,177416.18,NC_006570,fig|177416.18.peg.1121,,VBIFraTul2086_1121,PATRIC.177416.18.NC_006570.CDS.988574.988738.rev,PATRIC,CDS,988574,988738,165,-,FIG01340496,PLF_262_00001536,PGF_01719421,,54,,hypothetical protein,
Francisella tularensis subsp. tularensis SCHU S4,177416.18,NC_006570,,FTT0726c,FTT0726c,RefSeq.177416.18.NC_006570.CDS.748995.750029.rev,RefSeq,CDS,748995,750029,1035,-,,,,YP_169739.1,344,,glycerophosphoryl diester phosphodiesterase family protein,
Francisella tularensis subsp. tularensis SCHU S4,177416.18,NC_006570,,FTT0259,FTT0259,RefSeq.177416.18.NC_006570.CDS.276044.276946.fwd,RefSeq,CDS,276044,276946,903,+,,,,YP_169311.1,300,hemC,porphobilinogen deaminase,
Francisella tularensis subsp. tularensis SCHU S4,177416.18,NC_006570,fig|177416.18.peg.941,,VBIFraTul2086_0941,PATRIC.177416.18.NC_006570.CDS.839217.839597.fwd,PATRIC,CDS,839217,839597,381,+,FIG01306568,PLF_262_00000001,PGF_01719295,,126,,Mobile element protein,
Francisella tularensis subsp. tularensis SCHU S4,177416.18,NC_006570,,FTT0698,FTT0698,RefSeq.177416.18.NC_006570.CDS.717673.717939.fwd,RefSeq,CDS,717673,717939,267,+,,,,YP_169714.1,88,rpsO,30S ribosomal protein S15,
Francisella tularensis subsp. tularensis SCHU S4,177416.18,NC_006570,fig|177416.18.peg.492,,VBIFraTul2086_0492,PATRIC.177416.18.NC_006570.CDS.454331.454606.rev,PATRIC,CDS,454331,454606,276,-,FIG00658189,PLF_262_00001589,PGF_00360962,,91,,hypothetical protein,
Francisella tularensis subsp. tularensis SCHU S4,177416.18,NC_006570,fig|177416.18.peg.1980,,VBIFraTul2086_1980,PATRIC.177416.18.NC_006570.CDS.1781618.1782139.fwd,PATRIC,CDS,1781618,1782139,522,+,FIG00658125,PLF_262_00001049,PGF_00221574,,173,,hypothetical protein,
Francisella tularensis subsp. tularensis SCHU S4,177416.18,NC_006570,fig|177416.18.peg.1804,,VBIFraTul2086_1804,PATRIC.177416.18.NC_006570.CDS.1620630.1620968.rev,PATRIC,CDS,1620630,1620968,339,-,FIG00138994,PLF_262_00007674,PGF_00296076,,112,,hypothetical protein,
Francisella tularensis subsp. tularensis SCHU S4,177416.18,NC_006570,fig|177416.18.peg.505,,VBIFraTul2086_0505,PATRIC.177416.18.NC_006570.CDS.467289.468254.fwd,PATRIC,CDS,467289,468254,966,+,FIG00000221,PLF_262_00000713,PGF_00033359,,321,,Phospho-N-acetylmuramoyl-pentapeptide-transferase (EC 2.7.8.13),GO:0008963|phospho-N-acetylmuramoyl-pentapeptide-transferase activity
Francisella tularensis subsp. tularensis SCHU S4,177416.18,NC_006570,fig|177416.18.peg.1134,,VBIFraTul2086_1134,PATRIC.177416.18.NC_006570.CDS.998929.1001370.fwd,PATRIC,CDS,998929,1001370,2442,+,FIG00000114,PLF_262_00000271,PGF_06812369,,813,,Leucyl-tRNA synthetase (EC 6.1.1.4),GO:0004823|leucine-tRNA ligase activity
Francisella tularensis subsp. tularensis SCHU S4,177416.18,NC_006570,,FTT0527,FTT0527,RefSeq.177416.18.NC_006570.CDS.548373.549176.fwd,RefSeq,CDS,548373,549176,804,+,,,,YP_169558.1,267,,hypothetical protein,
Francisella tularensis subsp. tularensis SCHU S4,177416.18,NC_006570,,FTT0653,FTT0653,RefSeq.177416.18.NC_006570.CDS.673237.674220.fwd,RefSeq,CDS,673237,674220,984,+,,,,YP_169671.1,327,lipA,lipoyl synthase,
Francisella tularensis subsp. tularensis SCHU S4,177416.18,NC_006570,,FTT1722c,FTT1722c,RefSeq.177416.18.NC_006570.CDS.1807573.1808919.rev,RefSeq,CDS,1807573,1808919,1347,-,,,,YP_170624.1,448,gad,glutamate decarboxylase,
Francisella tularensis subsp. tularensis SCHU S4,177416.18,NC_006570,,FTT1218c,FTT1218c,RefSeq.177416.18.NC_006570.CDS.1236820.1238031.rev,RefSeq,CDS,1236820,1238031,1212,-,,,,YP_170176.1,403,ubiH,2-octaprenyl-6-methoxyphenyl hydroxylase,
Francisella tularensis subsp. tularensis SCHU S4,177416.18,NC_006570,,FTT0054,FTT0054,RefSeq.177416.18.NC_006570.CDS.56255.57322.fwd,RefSeq,CDS,56255,57322,1068,+,,,,YP_169129.1,355,,ATPase,
Francisella tularensis subsp. tularensis SCHU S4,177416.18,NC_006570,,FTT1151c,FTT1151c,RefSeq.177416.18.NC_006570.CDS.1165835.1166122.rev,RefSeq,CDS,1165835,1166122,288,-,,,,YP_170118.1,95,,hypothetical protein,
Francisella tularensis subsp. tularensis SCHU S4,177416.18,NC_006570,,FTT1528,FTT1528,RefSeq.177416.18.NC_006570.CDS.1585512.1587200.fwd,RefSeq,CDS,1585512,1587200,1689,+,,,,YP_170458.1,562,fadD2,long chain fatty acid CoA ligase,
Francisella tularensis subsp. tularensis SCHU S4,177416.18,NC_006570,fig|177416.18.peg.1683,,VBIFraTul2086_1683,PATRIC.177416.18.NC_006570.CDS.1508636.1509865.rev,PATRIC,CDS,1508636,1509865,1230,-,FIG01319223,PLF_262_00001671,PGF_01719485,,409,,NADH dehydrogenase subunit 4,
Francisella tularensis subsp. tularensis SCHU S4,177416.18,NC_006570,fig|177416.18.peg.1002,,VBIFraTul2086_1002,PATRIC.177416.18.NC_006570.CDS.882034.883404.rev,PATRIC,CDS,882034,883404,1371,-,FIG00000283,PLF_262_00000355,PGF_00421792,,456,,DNA repair protein RadA,GO:0003678|DNA helicase activity;GO:0005524|ATP binding;GO:0006260|DNA replication
Francisella tularensis subsp. tularensis SCHU S4,177416.18,NC_006570,,FTT0610,FTT0610,RefSeq.177416.18.NC_006570.CDS.629193.630257.fwd,RefSeq,CDS,629193,630257,1065,+,,,,YP_169631.1,354,,DNA/RNA endonuclease family protein,
Francisella tularensis subsp. tularensis SCHU S4,177416.18,NC_006570,fig|177416.18.peg.147,,VBIFraTul2086_0147,PATRIC.177416.18.NC_006570.CDS.143971.144351.rev,PATRIC,CDS,143971,144351,381,-,FIG01306568,PLF_262_00000001,PGF_01719295,,126,,Mobile element protein,
Francisella tularensis subsp. tularensis SCHU S4,177416.18,NC_006570,,FTT0928c,FTT0928c,RefSeq.177416.18.NC_006570.CDS.939401.941068.rev,RefSeq,CDS,939401,941068,1668,-,,,,YP_169924.1,555,,Beta-glucosidase-related glycosidase,
Francisella tularensis subsp. tularensis SCHU S4,177416.18,NC_006570,,FTT0034,FTT0034,RefSeq.177416.18.NC_006570.CDS.32694.33947.fwd,RefSeq,CDS,32694,33947,1254,+,,,,YP_169110.1,417,nuoD,NADH dehydrogenase subunit D,
Francisella tularensis subsp. tularensis SCHU S4,177416.18,NC_006570,fig|177416.18.peg.188,,VBIFraTul2086_0188,PATRIC.177416.18.NC_006570.CDS.186048.186371.fwd,PATRIC,CDS,186048,186371,324,+,FIG01306568,PLF_262_00000001,PGF_01719295,,107,,Mobile element protein,
Francisella tularensis subsp. tularensis SCHU S4,177416.18,NC_006570,,FTT0586,FTT0586,RefSeq.177416.18.NC_006570.CDS.605903.606481.fwd,RefSeq,CDS,605903,606481,579,+,,,,YP_169609.1,192,,hypothetical protein,
Francisella tularensis subsp. tularensis SCHU S4,177416.18,NC_006570,fig|177416.18.peg.77,FTT0071c,VBIFraTul2086_0077,PATRIC.177416.18.NC_006570.CDS.72298.73557.rev,PATRIC,CDS,72298,73557,1260,-,FIG00130344,PLF_262_00000564,PGF_03036276,YP_169146.1,419,gltA,Citrate synthase (si) (EC 2.3.3.1),GO:0004108|citrate (Si)-synthase activity
Francisella tularensis subsp. tularensis SCHU S4,177416.18,NC_006570,fig|177416.18.peg.583,,VBIFraTul2086_0583,PATRIC.177416.18.NC_006570.CDS.540506.541075.fwd,PATRIC,CDS,540506,541075,570,+,FIG01315281,PLF_262_00008697,PGF_07410445,,189,,NADPH-dependent broad range aldehyde dehydrogenase YqhD,
Francisella tularensis subsp. tularensis SCHU S4,177416.18,NC_006570,fig|177416.18.peg.402,,VBIFraTul2086_0402,PATRIC.177416.18.NC_006570.CDS.363514.363894.fwd,PATRIC,CDS,363514,363894,381,+,FIG01306568,PLF_262_00000001,PGF_01719295,,126,,Mobile element protein,
Francisella tularensis subsp. tularensis SCHU S4,177416.18,NC_006570,,FTT1772c,FTT1772c,RefSeq.177416.18.NC_006570.CDS.1861778.1862587.rev,RefSeq,CDS,1861778,1862587,810,-,,,,YP_170662.1,269,trpA,tryptophan synthase subunit alpha,
Francisella tularensis subsp. tularensis SCHU S4,177416.18,NC_006570,,FTT0158c,FTT0158c,RefSeq.177416.18.NC_006570.CDS.173531.174139.rev,RefSeq,CDS,173531,174139,609,-,,,,YP_169224.1,202,,hypothetical protein,
Francisella tularensis subsp. tularensis SCHU S4,177416.18,NC_006570,,FTT1611,FTT1611,RefSeq.177416.18.NC_006570.CDS.1675823.1676491.fwd,RefSeq,CDS,1675823,1676491,669,+,,,,YP_170526.1,222,,hypothetical protein,
Francisella tularensis subsp. tularensis SCHU S4,177416.18,NC_006570,,FTT1200c,FTT1200c,RefSeq.177416.18.NC_006570.CDS.1218072.1219520.rev,RefSeq,CDS,1218072,1219520,1449,-,,,,YP_170159.1,482,sbcB,exodeoxyribonuclease I,
Francisella tularensis subsp. tularensis SCHU S4,177416.18,NC_006570,fig|177416.18.peg.307,,VBIFraTul2086_0307,PATRIC.177416.18.NC_006570.CDS.288424.288660.rev,PATRIC,CDS,288424,288660,237,-,FIG00553847,PLF_262_00001563,PGF_01719438,,78,,hypothetical protein,
Francisella tularensis subsp. tularensis SCHU S4,177416.18,NC_006570,fig|177416.18.peg.1393,,VBIFraTul2086_1393,PATRIC.177416.18.NC_006570.CDS.1219652.1220374.rev,PATRIC,CDS,1219652,1220374,723,-,FIG00993242,PLF_262_00000416,PGF_10532194,,240,,"Oxidoreductase, short-chain dehydrogenase/reductase family",
Francisella tularensis subsp. tularensis SCHU S4,177416.18,NC_006570,fig|177416.18.peg.182,FTT0165c,VBIFraTul2086_0182,PATRIC.177416.18.NC_006570.CDS.180113.181483.rev,PATRIC,CDS,180113,181483,1371,-,FIG01289004,PLF_262_00000696,PGF_01722145,YP_169231.1,456,,Outer membrane beta-barrel assembly protein BamB,
Francisella tularensis subsp. tularensis SCHU S4,177416.18,NC_006570,fig|177416.18.peg.1206,,VBIFraTul2086_1206,PATRIC.177416.18.NC_006570.CDS.1063088.1063231.rev,PATRIC,CDS,1063088,1063231,144,-,FIG00657678,PLF_262_00001605,PGF_01719455,,47,,hypothetical protein,
Francisella tularensis subsp. tularensis SCHU S4,177416.18,NC_006570,fig|177416.18.peg.938,,VBIFraTul2086_0938,PATRIC.177416.18.NC_006570.CDS.837590.837787.fwd,PATRIC,CDS,837590,837787,198,+,FIG00000259,PLF_262_00000652,PGF_03818138,,65,,LSU ribosomal protein L35p,GO:0003735|structural constituent of ribosome;GO:0005622|intracellular;GO:0005840|ribosome;GO:0006412|translation
Francisella tularensis subsp. tularensis SCHU S4,177416.18,NC_006570,fig|177416.18.peg.682,,VBIFraTul2086_0682,PATRIC.177416.18.NC_006570.CDS.617634.618662.fwd,PATRIC,CDS,617634,618662,1029,+,FIG00137522,PLF_262_00000208,PGF_00007925,,342,,"Glucosamine-6-phosphate deaminase [isomerizing], alternative (EC 3.5.99.6)",GO:0004342|glucosamine-6-phosphate deaminase activity
Francisella tularensis subsp. tularensis SCHU S4,177416.18,NC_006570,fig|177416.18.peg.1732,,VBIFraTul2086_1732,PATRIC.177416.18.NC_006570.CDS.1556603.1556698.fwd,PATRIC,CDS,1556603,1556698,96,+,,PLF_262_00002880,PGF_00338611,,31,,hypothetical protein,
Francisella tularensis subsp. tularensis SCHU S4,177416.18,NC_006570,fig|177416.18.peg.1908,,VBIFraTul2086_1908,PATRIC.177416.18.NC_006570.CDS.1710275.1711507.fwd,PATRIC,CDS,1710275,1711507,1233,+,FIG00004554,PLF_262_00000109,PGF_01719316,,410,,"Predicted purine nucleoside transporter, MFS superfamily",
Francisella tularensis subsp. tularensis SCHU S4,177416.18,NC_006570,fig|177416.18.peg.1964,,VBIFraTul2086_1964,PATRIC.177416.18.NC_006570.CDS.1760920.1761300.fwd,PATRIC,CDS,1760920,1761300,381,+,FIG01306568,PLF_262_00000001,PGF_01719295,,126,,Mobile element protein,
Francisella tularensis subsp. tularensis SCHU S4,177416.18,NC_006570,fig|177416.18.peg.699,,VBIFraTul2086_0699,PATRIC.177416.18.NC_006570.CDS.631546.632358.fwd,PATRIC,CDS,631546,632358,813,+,FIG00657484,PLF_262_00000149,PGF_08225224,,270,,hypothetical protein,
Francisella tularensis subsp. tularensis SCHU S4,177416.18,NC_006570,fig|177416.18.peg.909,,VBIFraTul2086_0909,PATRIC.177416.18.NC_006570.CDS.807792.809045.fwd,PATRIC,CDS,807792,809045,1254,+,FIG00002968,PLF_262_00007874,PGF_00054862,,417,,Sugar transferase involved in lipopolysaccharide synthesis,
Francisella tularensis subsp. tularensis SCHU S4,177416.18,NC_006570,fig|177416.18.peg.1023,,VBIFraTul2086_1023,PATRIC.177416.18.NC_006570.CDS.900247.901095.fwd,PATRIC,CDS,900247,901095,849,+,FIG00000105,PLF_262_00000406,PGF_00020984,,282,,Methenyltetrahydrofolate cyclohydrolase (EC 3.5.4.9) / Methylenetetrahydrofolate dehydrogenase (NADP+) (EC 1.5.1.5),GO:0004477|methenyltetrahydrofolate cyclohydrolase activity;GO:0004488|methylenetetrahydrofolate dehydrogenase (NADP+) activity
Francisella tularensis subsp. tularensis SCHU S4,177416.18,NC_006570,fig|177416.18.peg.551,,VBIFraTul2086_0551,PATRIC.177416.18.NC_006570.CDS.513779.514264.fwd,PATRIC,CDS,513779,514264,486,+,FIG00004917,PLF_262_00000047,PGF_00037875,,161,,Protein AraJ precursor,
Francisella tularensis subsp. tularensis SCHU S4,177416.18,NC_006570,fig|177416.18.peg.1146,,VBIFraTul2086_1146,PATRIC.177416.18.NC_006570.CDS.1010132.1010572.rev,PATRIC,CDS,1010132,1010572,441,-,FIG01629150,PLF_262_00000075,PGF_00851332,,146,,"Zinc transporter, ZIP family",
Francisella tularensis subsp. tularensis SCHU S4,177416.18,NC_006570,,FTT0686c,FTT0686c,RefSeq.177416.18.NC_006570.CDS.703611.704915.rev,RefSeq,CDS,703611,704915,1305,-,,,,YP_169702.1,434,,proton-dependent oligopeptide transport (POT) family protein,
Francisella tularensis subsp. tularensis SCHU S4,177416.18,NC_006570,fig|177416.18.peg.1790,,VBIFraTul2086_1790,PATRIC.177416.18.NC_006570.CDS.1609794.1610174.fwd,PATRIC,CDS,1609794,1610174,381,+,FIG01306568,PLF_262_00000001,PGF_01719295,,126,,Mobile element protein,
Francisella tularensis subsp. tularensis SCHU S4,177416.18,NC_006570,fig|177416.18.peg.1767,,VBIFraTul2086_1767,PATRIC.177416.18.NC_006570.CDS.1593955.1594509.rev,PATRIC,CDS,1593955,1594509,555,-,FIG00002070,PLF_262_00001816,PGF_01719581,,184,,Sugar-proton symporter,
Francisella tularensis subsp. tularensis SCHU S4,177416.18,NC_006570,fig|177416.18.peg.1470,,VBIFraTul2086_1470,PATRIC.177416.18.NC_006570.CDS.1294573.1295757.fwd,PATRIC,CDS,1294573,1295757,1185,+,FIG00068302,PLF_262_00007847,PGF_12677214,,394,,"Protoporphyrinogen IX oxidase, aerobic, HemY (EC 1.3.3.4)",
Francisella tularensis subsp. tularensis SCHU S4,177416.18,NC_006570,,FTT0057,FTT0057,RefSeq.177416.18.NC_006570.CDS.59627.60058.fwd,RefSeq,CDS,59627,60058,432,+,,,,YP_169132.1,143,,hypothetical protein,
Francisella tularensis subsp. tularensis SCHU S4,177416.18,NC_006570,,FTT0328,FTT0328,RefSeq.177416.18.NC_006570.CDS.339314.340138.fwd,RefSeq,CDS,339314,340138,825,+,,,,YP_169377.1,274,rplB,50S ribosomal protein L2,
Francisella tularensis subsp. tularensis SCHU S4,177416.18,NC_006570,,FTT1605,FTT1605,RefSeq.177416.18.NC_006570.CDS.1671802.1672488.fwd,RefSeq,CDS,1671802,1672488,687,+,,,,YP_170521.1,228,minC,septum site-determining protein MinC,
Francisella tularensis subsp. tularensis SCHU S4,177416.18,NC_006570,,FTT1765,FTT1765,RefSeq.177416.18.NC_006570.CDS.1852727.1853380.fwd,RefSeq,CDS,1852727,1853380,654,+,,,,YP_170656.1,217,,hypothetical protein,
Francisella tularensis subsp. tularensis SCHU S4,177416.18,NC_006570,,FTT1486c,FTT1486c,RefSeq.177416.18.NC_006570.CDS.1539240.1540376.rev,RefSeq,CDS,1539240,1540376,1137,-,,,,YP_170421.1,378,,hypothetical protein,
Francisella tularensis subsp. tularensis SCHU S4,177416.18,NC_006570,,FTT0237c,FTT0237c,RefSeq.177416.18.NC_006570.CDS.249691.250149.rev,RefSeq,CDS,249691,250149,459,-,,,,YP_169290.1,152,,hypothetical protein,
Francisella tularensis subsp. tularensis SCHU S4,177416.18,NC_006570,,FTT0228c,FTT0228c,RefSeq.177416.18.NC_006570.CDS.243776.244312.rev,RefSeq,CDS,243776,244312,537,-,,,,YP_169281.1,178,orn,oligoribonuclease,
Francisella tularensis subsp. tularensis SCHU S4,177416.18,NC_006570,,FTT1269c,FTT1269c,RefSeq.177416.18.NC_006570.CDS.1290740.1292668.rev,RefSeq,CDS,1290740,1292668,1929,-,,,,YP_170225.1,642,dnaK,molecular chaperone DnaK,
Francisella tularensis subsp. tularensis SCHU S4,177416.18,NC_006570,,FTT0506c,FTT0506c,RefSeq.177416.18.NC_006570.CDS.526662.526976.rev,RefSeq,CDS,526662,526976,315,-,,,,YP_169541.1,104,,hypothetical protein,
Francisella tularensis subsp. tularensis SCHU S4,177416.18,NC_006570,,FTT1526c,FTT1526c,RefSeq.177416.18.NC_006570.CDS.1582684.1584927.rev,RefSeq,CDS,1582684,1584927,2244,-,,,,YP_170456.1,747,idh,isocitrate dehydrogenase,
Francisella tularensis subsp. tularensis SCHU S4,177416.18,NC_006570,,FTT0293,FTT0293,RefSeq.177416.18.NC_006570.CDS.306178.307197.fwd,RefSeq,CDS,306178,307197,1020,+,,,,YP_169343.1,339,,hypothetical protein,
Francisella tularensis subsp. tularensis SCHU S4,177416.18,NC_006570,fig|177416.18.peg.1570,,VBIFraTul2086_1570,PATRIC.177416.18.NC_006570.CDS.1408343.1408585.fwd,PATRIC,CDS,1408343,1408585,243,+,FIG00139235,PLF_262_00001669,PGF_06840136,,80,,Uncharacterized MFS-type transporter,
Francisella tularensis subsp. tularensis SCHU S4,177416.18,NC_006570,fig|177416.18.peg.1347,,VBIFraTul2086_1347,PATRIC.177416.18.NC_006570.CDS.1180115.1180921.rev,PATRIC,CDS,1180115,1180921,807,-,FIG00657744,PLF_262_00000965,PGF_04629474,,268,,Glutamine amidotransferases class-II,
Francisella tularensis subsp. tularensis SCHU S4,177416.18,NC_006570,fig|177416.18.peg.1901,,VBIFraTul2086_1901,PATRIC.177416.18.NC_006570.CDS.1705311.1706012.rev,PATRIC,CDS,1705311,1706012,702,-,FIG00003164,PLF_262_00000732,PGF_00036689,,233,,RNA chaperone ProQ,
Francisella tularensis subsp. tularensis SCHU S4,177416.18,NC_006570,fig|177416.18.peg.1950,,VBIFraTul2086_1950,PATRIC.177416.18.NC_006570.CDS.1750812.1751093.fwd,PATRIC,CDS,1750812,1751093,282,+,FIG00947911,PLF_262_00001767,PGF_01719544,,93,,hypothetical protein,
Francisella tularensis subsp. tularensis SCHU S4,177416.18,NC_006570,,FTT0873c,FTT0873c,RefSeq.177416.18.NC_006570.CDS.882035.883405.rev,RefSeq,CDS,882035,883405,1371,-,,,,YP_169873.1,456,radA,DNA repair protein RadA,
Francisella tularensis subsp. tularensis SCHU S4,177416.18,NC_006570,,FTT0812,FTT0812,RefSeq.177416.18.NC_006570.CDS.832117.832497.fwd,RefSeq,CDS,832117,832497,381,+,,,,YP_169819.1,126,gcvH1,glycine cleavage system protein H,
Francisella tularensis subsp. tularensis SCHU S4,177416.18,NC_006570,fig|177416.18.peg.1281,,VBIFraTul2086_1281,PATRIC.177416.18.NC_006570.CDS.1121067.1121420.fwd,PATRIC,CDS,1121067,1121420,354,+,FIG01352713,PLF_262_00001023,PGF_00066086,,117,,Unnamed protein product,
Francisella tularensis subsp. tularensis SCHU S4,177416.18,NC_006570,fig|177416.18.peg.626,,VBIFraTul2086_0626,PATRIC.177416.18.NC_006570.CDS.573210.573482.fwd,PATRIC,CDS,573210,573482,273,+,FIG00514618,PLF_262_00001393,PGF_03000349,,90,,Metal-sensitive transcriptional repressor,
Francisella tularensis subsp. tularensis SCHU S4,177416.18,NC_006570,fig|177416.18.peg.244,,VBIFraTul2086_0244,PATRIC.177416.18.NC_006570.CDS.235385.235600.rev,PATRIC,CDS,235385,235600,216,-,FIG01447795,PLF_262_00001761,PGF_01719539,,71,,hypothetical protein,
Francisella tularensis subsp. tularensis SCHU S4,177416.18,NC_006570,fig|177416.18.peg.384,,VBIFraTul2086_0384,PATRIC.177416.18.NC_006570.CDS.348509.348898.fwd,PATRIC,CDS,348509,348898,390,+,FIG00055673,PLF_262_00000440,PGF_00049837,,129,,SSU ribosomal protein S11p (S14e),GO:0003735|structural constituent of ribosome;GO:0005622|intracellular;GO:0005840|ribosome;GO:0006412|translation
Francisella tularensis subsp. tularensis SCHU S4,177416.18,NC_006570,fig|177416.18.peg.1198,,VBIFraTul2086_1198,PATRIC.177416.18.NC_006570.CDS.1056658.1057281.rev,PATRIC,CDS,1056658,1057281,624,-,FIG00657609,PLF_262_00000842,PGF_01722167,,207,,hypothetical protein,
Francisella tularensis subsp. tularensis SCHU S4,177416.18,NC_006570,,FTT0614c,FTT0614c,RefSeq.177416.18.NC_006570.CDS.633345.634835.rev,RefSeq,CDS,633345,634835,1491,-,,,,YP_169635.1,496,,apolipoprotein N-acyltransferase,
Francisella tularensis subsp. tularensis SCHU S4,177416.18,NC_006570,fig|177416.18.peg.693,,VBIFraTul2086_0693,PATRIC.177416.18.NC_006570.CDS.624806.625240.rev,PATRIC,CDS,624806,625240,435,-,,PLF_262_00000598,PGF_09020471,,144,,GTP cyclohydrolase 1 type 2 homolog YbgI,
Francisella tularensis subsp. tularensis SCHU S4,177416.18,NC_006570,fig|177416.18.peg.1218,,VBIFraTul2086_1218,PATRIC.177416.18.NC_006570.CDS.1070768.1070902.rev,PATRIC,CDS,1070768,1070902,135,-,FIG01463995,PLF_262_00001813,PGF_01719579,,44,,hypothetical protein,
Francisella tularensis subsp. tularensis SCHU S4,177416.18,NC_006570,fig|177416.18.peg.1291,,VBIFraTul2086_1291,PATRIC.177416.18.NC_006570.CDS.1129202.1130077.fwd,PATRIC,CDS,1129202,1130077,876,+,FIG00002391,PLF_262_00001135,PGF_00058309,,291,,Transcriptional regulator,
Francisella tularensis subsp. tularensis SCHU S4,177416.18,NC_006570,,FTT0903,FTT0903,RefSeq.177416.18.NC_006570.CDS.911142.911645.fwd,RefSeq,CDS,911142,911645,504,+,,,,YP_169900.1,167,,hypothetical protein,
Francisella tularensis subsp. tularensis SCHU S4,177416.18,NC_006570,,FTT0072,FTT0072,RefSeq.177416.18.NC_006570.CDS.73815.74288.fwd,RefSeq,CDS,73815,74288,474,+,,,,YP_169147.1,157,sdhC,"succinate dehydrogenase, cytochrome b556",
Francisella tularensis subsp. tularensis SCHU S4,177416.18,NC_006570,,FTT1371,FTT1371,RefSeq.177416.18.NC_006570.CDS.1417684.1417866.fwd,RefSeq,CDS,1417684,1417866,183,+,,,,YP_170320.1,60,rpmF,50S ribosomal protein L32,
Francisella tularensis subsp. tularensis SCHU S4,177416.18,NC_006570,,FTT0213,FTT0213,RefSeq.177416.18.NC_006570.CDS.230197.231384.fwd,RefSeq,CDS,230197,231384,1188,+,,,,YP_169271.1,395,rbn,tRNA processing ribonuclease BN,
Francisella tularensis subsp. tularensis SCHU S4,177416.18,NC_006570,,FTT0400,FTT0400,RefSeq.177416.18.NC_006570.CDS.401241.403217.fwd,RefSeq,CDS,401241,403217,1977,+,,,,YP_169445.1,658,slt,soluble lytic murein transglycosylase,
Francisella tularensis subsp. tularensis SCHU S4,177416.18,NC_006570,fig|177416.18.peg.1507,,VBIFraTul2086_1507,PATRIC.177416.18.NC_006570.CDS.1327717.1329021.rev,PATRIC,CDS,1327717,1329021,1305,-,FIG00034392,PLF_262_00000474,PGF_00063975,,434,,UDP-N-acetylglucosamine 1-carboxyvinyltransferase (EC 2.5.1.7),GO:0008760|UDP-N-acetylglucosamine 1-carboxyvinyltransferase activity
Francisella tularensis subsp. tularensis SCHU S4,177416.18,NC_006570,fig|177416.18.peg.1461,,VBIFraTul2086_1461,PATRIC.177416.18.NC_006570.CDS.1286400.1286891.fwd,PATRIC,CDS,1286400,1286891,492,+,FIG01306568,PLF_262_00000003,PGF_01000105,,163,,Mobile element protein,
Francisella tularensis subsp. tularensis SCHU S4,177416.18,NC_006570,fig|177416.18.peg.15,,VBIFraTul2086_0015,PATRIC.177416.18.NC_006570.CDS.11153.11416.fwd,PATRIC,CDS,11153,11416,264,+,FIG01423602,PLF_262_00000126,PGF_01719343,,87,,aldose epimerase family protein,
Francisella tularensis subsp. tularensis SCHU S4,177416.18,NC_006570,fig|177416.18.peg.312,,VBIFraTul2086_0312,PATRIC.177416.18.NC_006570.CDS.290541.291734.rev,PATRIC,CDS,290541,291734,1194,-,FIG00000390,PLF_262_00000250,PGF_10109529,,397,,Cytochrome d ubiquinol oxidase subunit II (EC 1.10.3.-),GO:0006118|electron transport;GO:0016020|membrane
Francisella tularensis subsp. tularensis SCHU S4,177416.18,NC_006570,fig|177416.18.peg.1812,,VBIFraTul2086_1812,PATRIC.177416.18.NC_006570.CDS.1628504.1628713.rev,PATRIC,CDS,1628504,1628713,210,-,FIG00657754,PLF_262_00001426,PGF_01719381,,69,,hypothetical protein,
Francisella tularensis subsp. tularensis SCHU S4,177416.18,NC_006570,fig|177416.18.peg.2020,,VBIFraTul2086_2020,PATRIC.177416.18.NC_006570.CDS.1827352.1829391.rev,PATRIC,CDS,1827352,1829391,2040,-,FIG00046742,PLF_262_00000124,PGF_00035406,,679,,Potassium-transporting ATPase B chain (EC 3.6.3.12) (TC 3.A.3.7.1),GO:0008556|potassium-transporting ATPase activity
Francisella tularensis subsp. tularensis SCHU S4,177416.18,NC_006570,fig|177416.18.peg.609,,VBIFraTul2086_0609,PATRIC.177416.18.NC_006570.CDS.561928.562509.rev,PATRIC,CDS,561928,562509,582,-,FIG00139117,PLF_262_00001328,PGF_04857863,,193,,Fructose-1-phosphate phosphatase YqaB (EC 3.1.3.-),"GO:0008138|protein tyrosine/serine/threonine phosphatase activity;GO:0008138|protein tyrosine/threonine phosphatase activity;GO:0008138|JUN kinase phosphatase activity;GO:0008138|phosphohistidine phosphatase activity;GO:0008138|inositol bisphosphate phosphatase activity;GO:0008138|MAP kinase tyrosine/serine/threonine phosphatase activity;GO:0008138|inositol-1,3,4-trisphosphate 4-phosphatase activity;GO:0008138|NADP phosphatase activity;GO:0008138|transmembrane receptor protein phosphatase activity;GO:0008138|inositol-1,3,4,5,6-pentakisphosphate 3-phosphatase activity;GO:0008138|inositol-1,4,5,6-tetrakisphosphate 6-phosphatase activity;GO:0008138|inositol-4,5-bisphosphate 5-phosphatase activity;GO:0008138|5-amino-6-(5-phosphoribitylamino)uracil phosphatase activity;GO:0008138|phosphatidylinositol-4-phosphate phosphatase activity;GO:0008138|phosphatidylinositol-3,5-bisphosphate 5-phosphatase activity;GO:0008138|phosphatidylinositol-3,5-bisphosphate 3-phosphatase activity;GO:0008138|inositol phosphate phosphatase activity;GO:0008138|inositol-1,3,4,5,6-pentakisphosphate 1-phosphatase activity;GO:0008138|inositol-3,4-bisphosphate 4-phosphatase activity;GO:0008138|inositol-1,3,4-trisphosphate 1-phosphatase activity;GO:0008138|inositol-1,3,4,6-tetrakisphosphate 6-phosphatase activity;GO:0008138|inositol-1,3,4,6-tetrakisphosphate 1-phosphatase activity;GO:0008138|phosphatidylinositol-1,4,5-trisphosphate 5-phosphatase activity;GO:0008138|IDP phosphatase activity"
Francisella tularensis subsp. tularensis SCHU S4,177416.18,NC_006570,fig|177416.18.peg.1844,,VBIFraTul2086_1844,PATRIC.177416.18.NC_006570.CDS.1657491.1658114.rev,PATRIC,CDS,1657491,1658114,624,-,FIG00002614,PLF_262_00001836,PGF_09760073,,207,,Chitin binding protein,GO:0005576|extracellular region;GO:0005975|carbohydrate metabolic process;GO:0019028|viral capsid;GO:0030246|carbohydrate binding
Francisella tularensis subsp. tularensis SCHU S4,177416.18,NC_006570,fig|177416.18.peg.459,,VBIFraTul2086_0459,PATRIC.177416.18.NC_006570.CDS.422413.424335.rev,PATRIC,CDS,422413,424335,1923,-,FIG00024930,PLF_262_00000885,PGF_09031534,,640,,"1,4-alpha-glucan (glycogen) branching enzyme, GH-13-type (EC 2.4.1.18)",
Francisella tularensis subsp. tularensis SCHU S4,177416.18,NC_006570,fig|177416.18.peg.776,,VBIFraTul2086_0776,PATRIC.177416.18.NC_006570.CDS.698278.699162.rev,PATRIC,CDS,698278,699162,885,-,FIG00000747,PLF_262_00001217,PGF_00095687,,294,,Class A beta-lactamase (EC 3.5.2.6),GO:0008800|beta-lactamase activity
Francisella tularensis subsp. tularensis SCHU S4,177416.18,NC_006570,fig|177416.18.peg.427,,VBIFraTul2086_0427,PATRIC.177416.18.NC_006570.CDS.385685.386020.fwd,PATRIC,CDS,385685,386020,336,+,FIG00657643,PLF_262_00000861,PGF_01722180,,111,,hypothetical protein,
Francisella tularensis subsp. tularensis SCHU S4,177416.18,NC_006570,fig|177416.18.peg.131,FTT0119,VBIFraTul2086_0131,PATRIC.177416.18.NC_006570.CDS.128551.129867.fwd,PATRIC,CDS,128551,129867,1317,+,FIG00946206,PLF_262_00001116,PGF_00126204,YP_169189.1,438,,hypothetical protein,
Francisella tularensis subsp. tularensis SCHU S4,177416.18,NC_006570,fig|177416.18.peg.1317,,VBIFraTul2086_1317,PATRIC.177416.18.NC_006570.CDS.1153900.1154316.rev,PATRIC,CDS,1153900,1154316,417,-,FIG01306568,PLF_262_00000002,PGF_01719295,,138,,Mobile element protein,
Francisella tularensis subsp. tularensis SCHU S4,177416.18,NC_006570,,FTT1796c,FTT1796c,RefSeq.177416.18.NC_006570.CDS.1884508.1884921.rev,RefSeq,CDS,1884508,1884921,414,-,,,,YP_170680.1,137,,hypothetical protein,
Francisella tularensis subsp. tularensis SCHU S4,177416.18,NC_006570,,FTT0323,FTT0323,RefSeq.177416.18.NC_006570.CDS.335152.337266.fwd,RefSeq,CDS,335152,337266,2115,+,,,,YP_169372.1,704,fusA,elongation factor G,
Francisella tularensis subsp. tularensis SCHU S4,177416.18,NC_006570,,FTT0924,FTT0924,RefSeq.177416.18.NC_006570.CDS.935773.936171.fwd,RefSeq,CDS,935773,936171,399,+,,,,YP_169920.1,132,,hypothetical protein,
Francisella tularensis subsp. tularensis SCHU S4,177416.18,NC_006570,,FTT0190c,FTT0190c,RefSeq.177416.18.NC_006570.CDS.205790.207430.rev,RefSeq,CDS,205790,207430,1641,-,,,,YP_169251.1,546,dnaX,"DNA polymerase III, gamma/tau subunits",
Francisella tularensis subsp. tularensis SCHU S4,177416.18,NC_006570,,FTT0394,FTT0394,RefSeq.177416.18.NC_006570.CDS.394694.395542.fwd,RefSeq,CDS,394694,395542,849,+,,,,YP_169439.1,282,,hypothetical protein,
Francisella tularensis subsp. tularensis SCHU S4,177416.18,NC_006570,,FTT1601c,FTT1601c,RefSeq.177416.18.NC_006570.CDS.1668702.1670741.rev,RefSeq,CDS,1668702,1670741,2040,-,,,,YP_170517.1,679,recG,ATP-dependent DNA helicase RecG,
Francisella tularensis subsp. tularensis SCHU S4,177416.18,NC_006570,,FTT0590,FTT0590,RefSeq.177416.18.NC_006570.CDS.609632.610114.fwd,RefSeq,CDS,609632,610114,483,+,,,,YP_169613.1,160,rnhA,ribonuclease H,
Francisella tularensis subsp. tularensis SCHU S4,177416.18,NC_006570,,FTT0081,FTT0081,RefSeq.177416.18.NC_006570.CDS.84156.84509.fwd,RefSeq,CDS,84156,84509,354,+,,,,YP_169156.1,117,secG,preprotein translocase subunit SecG,
Francisella tularensis subsp. tularensis SCHU S4,177416.18,NC_006570,,FTT0988,FTT0988,RefSeq.177416.18.NC_006570.CDS.996645.996833.fwd,RefSeq,CDS,996645,996833,189,+,,,,YP_169976.1,62,,hypothetical protein,
Francisella tularensis subsp. tularensis SCHU S4,177416.18,NC_006570,,FTT1464c,FTT1464c,RefSeq.177416.18.NC_006570.CDS.1514715.1516451.rev,RefSeq,CDS,1514715,1516451,1737,-,,,,YP_170401.1,578,wbtA,"dTDP-glucose 4,6-dehydratase",
Francisella tularensis subsp. tularensis SCHU S4,177416.18,NC_006570,,FTT1052c,FTT1052c,RefSeq.177416.18.NC_006570.CDS.1062456.1062662.rev,RefSeq,CDS,1062456,1062662,207,-,,,,YP_170034.1,68,,hypothetical protein,
Francisella tularensis subsp. tularensis SCHU S4,177416.18,NC_006570,,FTT1275,FTT1275,RefSeq.177416.18.NC_006570.CDS.1296820.1297437.fwd,RefSeq,CDS,1296820,1297437,618,+,,,,YP_170231.1,205,mglA,"macrophage growth locus, subunit A",
Francisella tularensis subsp. tularensis SCHU S4,177416.18,NC_006570,fig|177416.18.peg.172,FTT0156,VBIFraTul2086_0172,PATRIC.177416.18.NC_006570.CDS.171934.172518.fwd,PATRIC,CDS,171934,172518,585,+,FIG01328273,PLF_262_00001463,PGF_03561555,YP_169222.1,194,,"Acid phosphatase, class B",
Francisella tularensis subsp. tularensis SCHU S4,177416.18,NC_006570,fig|177416.18.peg.1894,,VBIFraTul2086_1894,PATRIC.177416.18.NC_006570.CDS.1698652.1699320.rev,PATRIC,CDS,1698652,1699320,669,-,FIG01006036,PLF_262_00000336,PGF_12903286,,222,,Lipid A 4'-phosphatase LpxF [Francisella] (EC 3.1.3.-),"GO:0008138|protein tyrosine/serine/threonine phosphatase activity;GO:0008138|protein tyrosine/threonine phosphatase activity;GO:0008138|JUN kinase phosphatase activity;GO:0008138|phosphohistidine phosphatase activity;GO:0008138|inositol bisphosphate phosphatase activity;GO:0008138|MAP kinase tyrosine/serine/threonine phosphatase activity;GO:0008138|inositol-1,3,4-trisphosphate 4-phosphatase activity;GO:0008138|NADP phosphatase activity;GO:0008138|transmembrane receptor protein phosphatase activity;GO:0008138|inositol-1,3,4,5,6-pentakisphosphate 3-phosphatase activity;GO:0008138|inositol-1,4,5,6-tetrakisphosphate 6-phosphatase activity;GO:0008138|inositol-4,5-bisphosphate 5-phosphatase activity;GO:0008138|5-amino-6-(5-phosphoribitylamino)uracil phosphatase activity;GO:0008138|phosphatidylinositol-4-phosphate phosphatase activity;GO:0008138|phosphatidylinositol-3,5-bisphosphate 5-phosphatase activity;GO:0008138|phosphatidylinositol-3,5-bisphosphate 3-phosphatase activity;GO:0008138|inositol phosphate phosphatase activity;GO:0008138|inositol-1,3,4,5,6-pentakisphosphate 1-phosphatase activity;GO:0008138|inositol-3,4-bisphosphate 4-phosphatase activity;GO:0008138|inositol-1,3,4-trisphosphate 1-phosphatase activity;GO:0008138|inositol-1,3,4,6-tetrakisphosphate 6-phosphatase activity;GO:0008138|inositol-1,3,4,6-tetrakisphosphate 1-phosphatase activity;GO:0008138|phosphatidylinositol-1,4,5-trisphosphate 5-phosphatase activity;GO:0008138|IDP phosphatase activity"
Francisella tularensis subsp. tularensis SCHU S4,177416.18,NC_006570,,FTT1083c,FTT1083c,RefSeq.177416.18.NC_006570.CDS.1092531.1092788.rev,RefSeq,CDS,1092531,1092788,258,-,,,,YP_170062.1,85,,hypothetical protein,
Francisella tularensis subsp. tularensis SCHU S4,177416.18,NC_006570,,FTT1692,FTT1692,RefSeq.177416.18.NC_006570.CDS.1760964.1761748.fwd,RefSeq,CDS,1760964,1761748,327,+,,,,YP_170597.1,261,isftu1,transposase,
Francisella tularensis subsp. tularensis SCHU S4,177416.18,NC_006570,fig|177416.18.peg.45,FTT0042,VBIFraTul2086_0045,PATRIC.177416.18.NC_006570.CDS.40554.42563.fwd,PATRIC,CDS,40554,42563,2010,+,FIG00068727,PLF_262_00000686,PGF_04757308,YP_169118.1,669,nuoL,NADH-ubiquinone oxidoreductase chain L (EC 1.6.5.3),GO:0008137|NADH dehydrogenase (ubiquinone) activity
Francisella tularensis subsp. tularensis SCHU S4,177416.18,NC_006570,,FTT0244,FTT0244,RefSeq.177416.18.NC_006570.CDS.255556.258297.fwd,RefSeq,CDS,255556,258297,2742,+,,,,YP_169297.1,913,,DNA/RNA helicase,
Francisella tularensis subsp. tularensis SCHU S4,177416.18,NC_006570,,FTT0729,FTT0729,RefSeq.177416.18.NC_006570.CDS.752049.753167.fwd,RefSeq,CDS,752049,753167,1119,+,,,,YP_169742.1,372,ybhR,"ABC transporter, membrane protein",
Francisella tularensis subsp. tularensis SCHU S4,177416.18,NC_006570,fig|177416.18.peg.500,,VBIFraTul2086_0500,PATRIC.177416.18.NC_006570.CDS.460513.460695.fwd,PATRIC,CDS,460513,460695,183,+,,PLF_262_00001910,PGF_01719633,,60,,hypothetical protein,
Francisella tularensis subsp. tularensis SCHU S4,177416.18,NC_006570,fig|177416.18.peg.1851,,VBIFraTul2086_1851,PATRIC.177416.18.NC_006570.CDS.1665533.1665913.rev,PATRIC,CDS,1665533,1665913,381,-,FIG01306568,PLF_262_00000001,PGF_01719295,,126,,Mobile element protein,
Francisella tularensis subsp. tularensis SCHU S4,177416.18,NC_006570,fig|177416.18.peg.1022,,VBIFraTul2086_1022,PATRIC.177416.18.NC_006570.CDS.899389.900108.fwd,PATRIC,CDS,899389,900108,720,+,FIG00002387,PLF_262_00001041,PGF_01719304,,239,,"putative membrane-associated phospholipid phosphatase, PAP2 superfamily",
Francisella tularensis subsp. tularensis SCHU S4,177416.18,NC_006570,fig|177416.18.peg.984,,VBIFraTul2086_0984,PATRIC.177416.18.NC_006570.CDS.869993.870700.fwd,PATRIC,CDS,869993,870700,708,+,FIG00135600,PLF_262_00000762,PGF_00048586,,235,,Ribonuclease PH (EC 2.7.7.56),GO:0009022|tRNA nucleotidyltransferase activity
Francisella tularensis subsp. tularensis SCHU S4,177416.18,NC_006570,fig|177416.18.peg.683,,VBIFraTul2086_0683,PATRIC.177416.18.NC_006570.CDS.618714.619892.fwd,PATRIC,CDS,618714,619892,1179,+,FIG00121047,PLF_262_00001629,PGF_01719464,,392,,Sugar symporter,
Francisella tularensis subsp. tularensis SCHU S4,177416.18,NC_006570,fig|177416.18.peg.1318,,VBIFraTul2086_1318,PATRIC.177416.18.NC_006570.CDS.1154304.1154684.rev,PATRIC,CDS,1154304,1154684,381,-,FIG01306568,PLF_262_00000001,PGF_01719295,,126,,Mobile element protein,
Francisella tularensis subsp. tularensis SCHU S4,177416.18,NC_006570,fig|177416.18.peg.1599,,VBIFraTul2086_1599,PATRIC.177416.18.NC_006570.CDS.1433533.1434249.fwd,PATRIC,CDS,1433533,1434249,717,+,FIG00506717,PLF_262_00000969,PGF_07479808,,238,,Ketopantoate reductase PanG (EC 1.1.1.169),GO:0008677|2-dehydropantoate 2-reductase activity
Francisella tularensis subsp. tularensis SCHU S4,177416.18,NC_006570,fig|177416.18.peg.1409,,VBIFraTul2086_1409,PATRIC.177416.18.NC_006570.CDS.1235110.1235571.rev,PATRIC,CDS,1235110,1235571,462,-,FIG00657554,PLF_262_00001521,PGF_01719413,,153,,hypothetical protein,
Francisella tularensis subsp. tularensis SCHU S4,177416.18,NC_006570,fig|177416.18.peg.1238,,VBIFraTul2086_1238,PATRIC.177416.18.NC_006570.CDS.1085803.1086219.fwd,PATRIC,CDS,1085803,1086219,417,+,FIG01306568,PLF_262_00000002,PGF_01719295,,138,,Mobile element protein,
Francisella tularensis subsp. tularensis SCHU S4,177416.18,NC_006570,fig|177416.18.peg.1616,,VBIFraTul2086_1616,PATRIC.177416.18.NC_006570.CDS.1454300.1455007.fwd,PATRIC,CDS,1454300,1455007,708,+,FIG01045820,PLF_262_00000556,PGF_01722050,,235,,Cell division protein,
Francisella tularensis subsp. tularensis SCHU S4,177416.18,NC_006570,fig|177416.18.peg.952,,VBIFraTul2086_0952,PATRIC.177416.18.NC_006570.CDS.846842.847261.rev,PATRIC,CDS,846842,847261,420,-,FIG00035268,PLF_262_00000049,PGF_09432500,,139,,Rossmann fold nucleotide-binding protein Smf possibly involved in DNA uptake,
Francisella tularensis subsp. tularensis SCHU S4,177416.18,NC_006570,fig|177416.18.peg.1186,,VBIFraTul2086_1186,PATRIC.177416.18.NC_006570.CDS.1046441.1048174.rev,PATRIC,CDS,1046441,1048174,1734,-,FIG00038814,PLF_262_00000752,PGF_07072582,,577,,RNA polymerase sigma factor RpoD,GO:0003677|DNA binding;GO:0003700|transcription factor activity;GO:0006352|transcription initiation;GO:0016987|sigma factor activity;GO:0030528|transcription regulator activity;GO:0045449|regulation of transcription
Francisella tularensis subsp. tularensis SCHU S4,177416.18,NC_006570,fig|177416.18.peg.779,,VBIFraTul2086_0779,PATRIC.177416.18.NC_006570.CDS.700878.702278.rev,PATRIC,CDS,700878,702278,1401,-,FIG00001482,PLF_262_00000794,PGF_00053553,,466,,Soluble pyridine nucleotide transhydrogenase (EC 1.6.1.1),GO:0003957|NAD(P)+ transhydrogenase (B-specific) activity
Francisella tularensis subsp. tularensis SCHU S4,177416.18,NC_006570,fig|177416.18.peg.308,,VBIFraTul2086_0308,PATRIC.177416.18.NC_006570.CDS.288731.289543.rev,PATRIC,CDS,288731,289543,813,-,FIG00553847,PLF_262_00001563,PGF_01719438,,270,,hypothetical protein,
Francisella tularensis subsp. tularensis SCHU S4,177416.18,NC_006570,,FTT0520,FTT0520,RefSeq.177416.18.NC_006570.CDS.543361.543954.fwd,RefSeq,CDS,543361,543954,594,+,,,,YP_169552.1,197,,hypothetical protein,
Francisella tularensis subsp. tularensis SCHU S4,177416.18,NC_006570,fig|177416.18.peg.117,FTT0105c,VBIFraTul2086_0117,PATRIC.177416.18.NC_006570.CDS.109207.112320.rev,PATRIC,CDS,109207,112320,3114,-,FIG00132942,PLF_262_00000221,PGF_05237064,YP_169175.1,1037,,"RND efflux system, inner membrane transporter",
Francisella tularensis subsp. tularensis SCHU S4,177416.18,NC_006570,,FTT1068c,FTT1068c,RefSeq.177416.18.NC_006570.CDS.1078056.1078634.rev,RefSeq,CDS,1078056,1078634,579,-,,,,YP_170048.1,192,,hypothetical protein,
Francisella tularensis subsp. tularensis SCHU S4,177416.18,NC_006570,,FTT0419,FTT0419,RefSeq.177416.18.NC_006570.CDS.433016.433924.fwd,RefSeq,CDS,433016,433924,909,+,,,,YP_169463.1,302,glyQ,glycyl-tRNA synthetase subunit alpha,
Francisella tularensis subsp. tularensis SCHU S4,177416.18,NC_006570,,FTT1537c,FTT1537c,RefSeq.177416.18.NC_006570.CDS.1599469.1600863.rev,RefSeq,CDS,1599469,1600863,1395,-,,,,YP_170465.1,464,,hypothetical protein,
Francisella tularensis subsp. tularensis SCHU S4,177416.18,NC_006570,,FTT0474,FTT0474,RefSeq.177416.18.NC_006570.CDS.491932.492612.fwd,RefSeq,CDS,491932,492612,681,+,,,,YP_169512.1,226,,hypothetical protein,
Francisella tularensis subsp. tularensis SCHU S4,177416.18,NC_006570,,FTT1680c,FTT1680c,RefSeq.177416.18.NC_006570.CDS.1749060.1749416.rev,RefSeq,CDS,1749060,1749416,357,-,,,,YP_170586.1,118,olmA,outer membrane lipoprotein,
Francisella tularensis subsp. tularensis SCHU S4,177416.18,NC_006570,,FTT0295,FTT0295,RefSeq.177416.18.NC_006570.CDS.308993.310618.fwd,RefSeq,CDS,308993,310618,1626,+,,,,YP_169344.1,541,,hypothetical protein,
Francisella tularensis subsp. tularensis SCHU S4,177416.18,NC_006570,,FTT1232,FTT1232,RefSeq.177416.18.NC_006570.CDS.1250511.1251295.fwd,RefSeq,CDS,1250511,1251295,459,+,,,,YP_170190.1,261,isftu1,transposase,
Francisella tularensis subsp. tularensis SCHU S4,177416.18,NC_006570,,FTT0160,FTT0160,RefSeq.177416.18.NC_006570.CDS.175200.175667.fwd,RefSeq,CDS,175200,175667,468,+,,,,YP_169226.1,155,nudH,dinucleoside polyphosphate hydrolase,
Francisella tularensis subsp. tularensis SCHU S4,177416.18,NC_006570,,FTT1044c,FTT1044c,RefSeq.177416.18.NC_006570.CDS.1055080.1056057.rev,RefSeq,CDS,1055080,1056057,978,-,,,,YP_170027.1,325,ispB,octaprenyl-diphosphate synthase,
Francisella tularensis subsp. tularensis SCHU S4,177416.18,NC_006570,fig|177416.18.peg.929,,VBIFraTul2086_0929,PATRIC.177416.18.NC_006570.CDS.830549.830887.rev,PATRIC,CDS,830549,830887,339,-,FIG00000557,PLF_262_00000594,PGF_02141223,,112,,Nucleoid-associated protein YaaK,
Francisella tularensis subsp. tularensis SCHU S4,177416.18,NC_006570,,FTT1750,FTT1750,RefSeq.177416.18.NC_006570.CDS.1838251.1839330.fwd,RefSeq,CDS,1838251,1839330,1080,+,,,,YP_170644.1,359,recA,recombinase A,
Francisella tularensis subsp. tularensis SCHU S4,177416.18,NC_006570,fig|177416.18.peg.1202,,VBIFraTul2086_1202,PATRIC.177416.18.NC_006570.CDS.1059979.1061391.rev,PATRIC,CDS,1059979,1061391,1413,-,FIG00133143,PLF_262_00000460,PGF_00054959,,470,,Sulfate adenylyltransferase subunit 1 (EC 2.7.7.4),GO:0004781|sulfate adenylyltransferase (ATP) activity
Francisella tularensis subsp. tularensis SCHU S4,177416.18,NC_006570,fig|177416.18.peg.169,FTT0153,VBIFraTul2086_0169,PATRIC.177416.18.NC_006570.CDS.169570.169917.fwd,PATRIC,CDS,169570,169917,348,+,FIG00000214,PLF_262_00000643,PGF_04845029,YP_169219.1,115,rplS,LSU ribosomal protein L19p,GO:0003735|structural constituent of ribosome;GO:0005622|intracellular;GO:0005840|ribosome;GO:0006412|translation
Francisella tularensis subsp. tularensis SCHU S4,177416.18,NC_006570,fig|177416.18.peg.2059,,VBIFraTul2086_2059,PATRIC.177416.18.NC_006570.CDS.1860674.1860871.fwd,PATRIC,CDS,1860674,1860871,198,+,FIG00016286,PLF_262_00001415,PGF_00048955,,65,,"Ribosyl nicotinamide transporter, PnuC-like",
Francisella tularensis subsp. tularensis SCHU S4,177416.18,NC_006570,fig|177416.18.peg.898,,VBIFraTul2086_0898,PATRIC.177416.18.NC_006570.CDS.799603.800019.fwd,PATRIC,CDS,799603,800019,417,+,FIG01306568,PLF_262_00000002,PGF_01719295,,138,,Mobile element protein,
Francisella tularensis subsp. tularensis SCHU S4,177416.18,NC_006570,fig|177416.18.peg.1421,,VBIFraTul2086_1421,PATRIC.177416.18.NC_006570.CDS.1246305.1247111.fwd,PATRIC,CDS,1246305,1247111,807,+,FIG00000985,PLF_262_00000735,PGF_05621995,,268,,Prolipoprotein diacylglyceryl transferase,
Francisella tularensis subsp. tularensis SCHU S4,177416.18,NC_006570,fig|177416.18.peg.753,,VBIFraTul2086_0753,PATRIC.177416.18.NC_006570.CDS.678246.679658.fwd,PATRIC,CDS,678246,679658,1413,+,FIG00000595,PLF_262_00000255,PGF_10351306,,470,,DNA recombination protein RmuC,
Francisella tularensis subsp. tularensis SCHU S4,177416.18,NC_006570,fig|177416.18.peg.990,,VBIFraTul2086_0990,PATRIC.177416.18.NC_006570.CDS.873894.874790.rev,PATRIC,CDS,873894,874790,897,-,FIG00003701,PLF_262_00000093,PGF_00949140,,298,,"Transcriptional regulator, LysR family",
Francisella tularensis subsp. tularensis SCHU S4,177416.18,NC_006570,fig|177416.18.peg.646,,VBIFraTul2086_0646,PATRIC.177416.18.NC_006570.CDS.587316.587459.fwd,PATRIC,CDS,587316,587459,144,+,FIG00657521,PLF_262_00001942,PGF_01719656,,47,,hypothetical protein,
Francisella tularensis subsp. tularensis SCHU S4,177416.18,NC_006570,fig|177416.18.peg.830,,VBIFraTul2086_0830,PATRIC.177416.18.NC_006570.CDS.751006.751122.fwd,PATRIC,CDS,751006,751122,117,+,,PLF_262_00002063,PGF_01719703,,38,,hypothetical protein,
Francisella tularensis subsp. tularensis SCHU S4,177416.18,NC_006570,fig|177416.18.peg.735,,VBIFraTul2086_0735,PATRIC.177416.18.NC_006570.CDS.662249.662911.fwd,PATRIC,CDS,662249,662911,663,+,FIG00000244,PLF_262_00000080,PGF_00015855,,220,,Ketol-acid reductoisomerase (NADP(+)) (EC 1.1.1.86),GO:0004455|ketol-acid reductoisomerase activity
Francisella tularensis subsp. tularensis SCHU S4,177416.18,NC_006570,fig|177416.18.peg.32,FTT0029c,VBIFraTul2086_0032,PATRIC.177416.18.NC_006570.CDS.28357.30276.rev,PATRIC,CDS,28357,30276,1920,-,FIG01329369,PLF_262_00001336,PGF_00052027,YP_169105.1,639,,"Siderophore synthetase superfamily, group B",
Francisella tularensis subsp. tularensis SCHU S4,177416.18,NC_006570,,FTT0141,FTT0141,RefSeq.177416.18.NC_006570.CDS.152946.153641.fwd,RefSeq,CDS,152946,153641,696,+,,,,YP_169207.1,231,rplA,50S ribosomal protein L1,
Francisella tularensis subsp. tularensis SCHU S4,177416.18,NC_006570,,FTT0651,FTT0651,RefSeq.177416.18.NC_006570.CDS.670962.672530.fwd,RefSeq,CDS,670962,672530,1569,+,,,,YP_169669.1,522,,proton-dependent oligopeptide transport (POT) family protein,
Francisella tularensis subsp. tularensis SCHU S4,177416.18,NC_006570,fig|177416.18.peg.1086,,VBIFraTul2086_1086,PATRIC.177416.18.NC_006570.CDS.962691.963167.rev,PATRIC,CDS,962691,963167,477,-,FIG01956019,PLF_262_00004250,PGF_00406884,,158,,hypothetical protein,
Francisella tularensis subsp. tularensis SCHU S4,177416.18,NC_006570,,FTT1165c,FTT1165c,RefSeq.177416.18.NC_006570.CDS.1178914.1180107.rev,RefSeq,CDS,1178914,1180107,1194,-,,,,YP_170131.1,397,aspC2,aspartate aminotransferase,
Francisella tularensis subsp. tularensis SCHU S4,177416.18,NC_006570,,FTT1534c,FTT1534c,RefSeq.177416.18.NC_006570.CDS.1595657.1597072.rev,RefSeq,CDS,1595657,1597072,1416,-,,,,YP_170463.1,471,,putative nicotinate phosphoribosyltransferase,
Francisella tularensis subsp. tularensis SCHU S4,177416.18,NC_006570,fig|177416.18.peg.1865,,VBIFraTul2086_1865,PATRIC.177416.18.NC_006570.CDS.1675784.1676446.fwd,PATRIC,CDS,1675784,1676446,663,+,FIG00002330,PLF_262_00000719,PGF_01722152,,220,,Phospholipid ABC transporter shuttle protein MlaC,
Francisella tularensis subsp. tularensis SCHU S4,177416.18,NC_006570,fig|177416.18.peg.1547,,VBIFraTul2086_1547,PATRIC.177416.18.NC_006570.CDS.1379925.1382387.fwd,PATRIC,CDS,1379925,1382387,2463,+,FIG00658051,PLF_262_00001025,PGF_00144570,,820,,hypothetical protein,
Francisella tularensis subsp. tularensis SCHU S4,177416.18,NC_006570,fig|177416.18.peg.1839,,VBIFraTul2086_1839,PATRIC.177416.18.NC_006570.CDS.1652045.1652788.rev,PATRIC,CDS,1652045,1652788,744,-,FIG00657455,PLF_262_00000227,PGF_01719749,,247,,hypothetical protein,
Francisella tularensis subsp. tularensis SCHU S4,177416.18,NC_006570,fig|177416.18.peg.1228,,VBIFraTul2086_1228,PATRIC.177416.18.NC_006570.CDS.1076409.1077809.rev,PATRIC,CDS,1076409,1077809,1401,-,FIG00699429,PLF_262_00001780,PGF_00063460,,466,,"Type III restriction enzyme, res subunit:DEAD/DEAH box helicase, N-terminal",
Francisella tularensis subsp. tularensis SCHU S4,177416.18,NC_006570,fig|177416.18.peg.1426,,VBIFraTul2086_1426,PATRIC.177416.18.NC_006570.CDS.1250877.1251293.fwd,PATRIC,CDS,1250877,1251293,417,+,FIG01306568,PLF_262_00000002,PGF_01719295,,138,,Mobile element protein,
Francisella tularensis subsp. tularensis SCHU S4,177416.18,NC_006570,fig|177416.18.peg.2028,,VBIFraTul2086_2028,PATRIC.177416.18.NC_006570.CDS.1833371.1835068.rev,PATRIC,CDS,1833371,1835068,1698,-,FIG00001998,PLF_262_00000146,PGF_05599542,,565,,Pyruvate decarboxylase (EC 4.1.1.1); Alpha-keto-acid decarboxylase (EC 4.1.1.-),GO:0004737|pyruvate decarboxylase activity
Francisella tularensis subsp. tularensis SCHU S4,177416.18,NC_006570,fig|177416.18.peg.1156,,VBIFraTul2086_1156,PATRIC.177416.18.NC_006570.CDS.1020825.1020989.rev,PATRIC,CDS,1020825,1020989,165,-,FIG00658088,PLF_262_00001828,PGF_00114967,,54,,hypothetical protein,
Francisella tularensis subsp. tularensis SCHU S4,177416.18,NC_006570,fig|177416.18.peg.251,,VBIFraTul2086_0251,PATRIC.177416.18.NC_006570.CDS.240953.241369.rev,PATRIC,CDS,240953,241369,417,-,FIG00000847,PLF_262_00000327,PGF_10380727,,138,,Allophanate hydrolase 2 subunit 1 (EC 3.5.1.54),
Francisella tularensis subsp. tularensis SCHU S4,177416.18,NC_006570,fig|177416.18.peg.1115,,VBIFraTul2086_1115,PATRIC.177416.18.NC_006570.CDS.986294.986497.fwd,PATRIC,CDS,986294,986497,204,+,FIG00002156,PLF_262_00001691,PGF_00024969,,67,,"NG,NG-dimethylarginine dimethylaminohydrolase 1 (EC 3.5.3.18)",GO:0016403|dimethylargininase activity
Francisella tularensis subsp. tularensis SCHU S4,177416.18,NC_006570,fig|177416.18.peg.669,,VBIFraTul2086_0669,PATRIC.177416.18.NC_006570.CDS.606904.607647.rev,PATRIC,CDS,606904,607647,744,-,FIG01306568,PLF_262_00000003,PGF_01000105,,247,,Mobile element protein,
Francisella tularensis subsp. tularensis SCHU S4,177416.18,NC_006570,fig|177416.18.peg.28,FTT0025c,VBIFraTul2086_0028,PATRIC.177416.18.NC_006570.CDS.23022.24491.rev,PATRIC,CDS,23022,24491,1470,-,FIG00657747,PLF_262_00001363,PGF_00408265,YP_169101.1,489,,putative lipoprotein,
Francisella tularensis subsp. tularensis SCHU S4,177416.18,NC_006570,fig|177416.18.peg.1279,,VBIFraTul2086_1279,PATRIC.177416.18.NC_006570.CDS.1119088.1119840.fwd,PATRIC,CDS,1119088,1119840,753,+,FIG00614629,PLF_262_00000436,PGF_12921951,,250,,"RNA methyltransferase, TrmH family",
Francisella tularensis subsp. tularensis SCHU S4,177416.18,NC_006570,fig|177416.18.peg.1076,,VBIFraTul2086_1076,PATRIC.177416.18.NC_006570.CDS.953366.954631.rev,PATRIC,CDS,953366,954631,1266,-,FIG00063425,PLF_262_00000883,PGF_03977305,,421,,2-amino-4-hydroxy-6-hydroxymethyldihydropteridine pyrophosphokinase (EC 2.7.6.3) / Dihydropteroate synthase (EC 2.5.1.15),GO:0003848|2-amino-4-hydroxy-6-hydroxymethyldihydropteridine diphosphokinase activity;GO:0004156|dihydropteroate synthase activity
Francisella tularensis subsp. tularensis SCHU S4,177416.18,NC_006570,fig|177416.18.peg.1645,,VBIFraTul2086_1645,PATRIC.177416.18.NC_006570.CDS.1476390.1476806.fwd,PATRIC,CDS,1476390,1476806,417,+,FIG01306568,PLF_262_00000002,PGF_01719295,,138,,Mobile element protein,
Francisella tularensis subsp. tularensis SCHU S4,177416.18,NC_006570,,FTT1020c,FTT1020c,RefSeq.177416.18.NC_006570.CDS.1030281.1031828.rev,RefSeq,CDS,1030281,1031828,1548,-,,,,YP_170005.1,515,,amino acid permease,
Francisella tularensis subsp. tularensis SCHU S4,177416.18,NC_006570,,FTT0002,FTT0002,RefSeq.177416.18.NC_006570.CDS.1558.2661.fwd,RefSeq,CDS,1558,2661,1104,+,,,,YP_169085.1,367,dnaN,"DNA polymerase III, beta chain",
Francisella tularensis subsp. tularensis SCHU S4,177416.18,NC_006570,,FTT1589c,FTT1589c,RefSeq.177416.18.NC_006570.CDS.1652080.1652823.rev,RefSeq,CDS,1652080,1652823,744,-,,,,YP_170507.1,247,,hypothetical protein,
Francisella tularensis subsp. tularensis SCHU S4,177416.18,NC_006570,,FTT0491c,FTT0491c,RefSeq.177416.18.NC_006570.CDS.511340.512014.rev,RefSeq,CDS,511340,512014,675,-,,,,YP_169529.1,224,gph,phosphoglycolate phosphatase,
Francisella tularensis subsp. tularensis SCHU S4,177416.18,NC_006570,,FTT1393c,FTT1393c,RefSeq.177416.18.NC_006570.CDS.1436964.1438832.rev,RefSeq,CDS,1436964,1438832,1869,-,,,,YP_170338.1,622,recD,"exodeoxyribonuclease V, alpha subunit",
Francisella tularensis subsp. tularensis SCHU S4,177416.18,NC_006570,,FTT1288,FTT1288,RefSeq.177416.18.NC_006570.CDS.1306629.1307198.fwd,RefSeq,CDS,1306629,1307198,570,+,,,,YP_170243.1,189,,hypothetical protein,
Francisella tularensis subsp. tularensis SCHU S4,177416.18,NC_006570,,FTT0608,FTT0608,RefSeq.177416.18.NC_006570.CDS.626573.627151.fwd,RefSeq,CDS,626573,627151,579,+,,,,YP_169629.1,192,,hypothetical protein,
Francisella tularensis subsp. tularensis SCHU S4,177416.18,NC_006570,,FTT0194c,FTT0194c,RefSeq.177416.18.NC_006570.CDS.211569.212441.rev,RefSeq,CDS,211569,212441,873,-,,,,YP_169255.1,290,,hypothetical protein,
Francisella tularensis subsp. tularensis SCHU S4,177416.18,NC_006570,,FTT0773,FTT0773,RefSeq.177416.18.NC_006570.CDS.793422.793676.fwd,RefSeq,CDS,793422,793676,255,+,,,,YP_169781.1,84,rpmA,50S ribosomal protein L27,
Francisella tularensis subsp. tularensis SCHU S4,177416.18,NC_006570,fig|177416.18.peg.749,,VBIFraTul2086_0749,PATRIC.177416.18.NC_006570.CDS.676355.676552.fwd,PATRIC,CDS,676355,676552,198,+,FIG00657441,PLF_262_00000936,PGF_01719724,,65,,Uncharacterized MFS-type transporter,
Francisella tularensis subsp. tularensis SCHU S4,177416.18,NC_006570,,FTT1335,FTT1335,RefSeq.177416.18.NC_006570.CDS.1363619.1365400.fwd,RefSeq,CDS,1363619,1365400,1782,+,,,,YP_170287.1,593,cydD,cysteine/glutathione ABC transporter membrane/ATP-binding component,
Francisella tularensis subsp. tularensis SCHU S4,177416.18,NC_006570,fig|177416.18.peg.258,,VBIFraTul2086_0258,PATRIC.177416.18.NC_006570.CDS.244314.244883.rev,PATRIC,CDS,244314,244883,570,-,FIG00000177,PLF_262_00000293,PGF_03799365,,189,,Translation elongation factor P,
Francisella tularensis subsp. tularensis SCHU S4,177416.18,NC_006570,,FTT0780c,FTT0780c,RefSeq.177416.18.NC_006570.CDS.800296.800565.rev,RefSeq,CDS,800296,800565,270,-,,,,YP_169787.1,89,,hypothetical protein,
Francisella tularensis subsp. tularensis SCHU S4,177416.18,NC_006570,,FTT0103c,FTT0103c,RefSeq.177416.18.NC_006570.CDS.106972.107553.rev,RefSeq,CDS,106972,107553,582,-,,,,YP_169173.1,193,,hypothetical protein,
Francisella tularensis subsp. tularensis SCHU S4,177416.18,NC_006570,,FTT0951c,FTT0951c,RefSeq.177416.18.NC_006570.CDS.963399.964019.rev,RefSeq,CDS,963399,964019,621,-,,,,YP_169941.1,206,folE,GTP cyclohydrolase I,
Francisella tularensis subsp. tularensis SCHU S4,177416.18,NC_006570,fig|177416.18.peg.83,FTT0077,VBIFraTul2086_0083,PATRIC.177416.18.NC_006570.CDS.80026.81495.fwd,PATRIC,CDS,80026,81495,1470,+,FIG00127747,PLF_262_00000259,PGF_01124177,YP_169152.1,489,sucB,Dihydrolipoamide succinyltransferase component (E2) of 2-oxoglutarate dehydrogenase complex (EC 2.3.1.61),GO:0004149|dihydrolipoyllysine-residue succinyltransferase activity
Francisella tularensis subsp. tularensis SCHU S4,177416.18,NC_006570,fig|177416.18.peg.537,,VBIFraTul2086_0537,PATRIC.177416.18.NC_006570.CDS.499935.501077.fwd,PATRIC,CDS,499935,501077,1143,+,FIG00771520,PLF_262_00000749,PGF_00045726,,380,,Putrescine ABC transporter putrescine-binding protein PotF (TC 3.A.1.11.2),
Francisella tularensis subsp. tularensis SCHU S4,177416.18,NC_006570,fig|177416.18.peg.1196,,VBIFraTul2086_1196,PATRIC.177416.18.NC_006570.CDS.1055079.1056056.rev,PATRIC,CDS,1055079,1056056,978,-,FIG01306569,PLF_262_00000413,PGF_00026866,,325,,Octaprenyl diphosphate synthase (EC 2.5.1.90),
Francisella tularensis subsp. tularensis SCHU S4,177416.18,NC_006570,,FTT0204,FTT0204,RefSeq.177416.18.NC_006570.CDS.222665.223951.fwd,RefSeq,CDS,222665,223951,1287,+,,,,YP_169264.1,428,purA,adenylosuccinate synthetase,
Francisella tularensis subsp. tularensis SCHU S4,177416.18,NC_006570,,FTT0998,FTT0998,RefSeq.177416.18.NC_006570.CDS.1009122.1010111.fwd,RefSeq,CDS,1009122,1010111,990,+,,,,YP_169985.1,329,,hypothetical protein,
Francisella tularensis subsp. tularensis SCHU S4,177416.18,NC_006570,fig|177416.18.peg.1079,,VBIFraTul2086_1079,PATRIC.177416.18.NC_006570.CDS.956431.958194.fwd,PATRIC,CDS,956431,958194,1764,+,FIG01306632,PLF_262_00000926,PGF_03439803,,587,,"Para-aminobenzoate synthase, aminase component (EC 2.6.1.85) / Aminodeoxychorismate lyase (EC 4.1.3.38)",GO:0046820|4-amino-4-deoxychorismate synthase activity;GO:0008696|4-amino-4-deoxychorismate lyase activity
Francisella tularensis subsp. tularensis SCHU S4,177416.18,NC_006570,fig|177416.18.peg.84,FTT0078,VBIFraTul2086_0084,PATRIC.177416.18.NC_006570.CDS.81535.82062.fwd,PATRIC,CDS,81535,82062,528,+,FIG00000277,PLF_262_00000239,PGF_00034972,YP_169153.1,175,apt,Adenine phosphoribosyltransferase (EC 2.4.2.7),GO:0003999|adenine phosphoribosyltransferase activity
Francisella tularensis subsp. tularensis SCHU S4,177416.18,NC_006570,fig|177416.18.peg.1751,,VBIFraTul2086_1751,PATRIC.177416.18.NC_006570.CDS.1572292.1572390.fwd,PATRIC,CDS,1572292,1572390,99,+,FIG00638284,PLF_262_00005762,PGF_01719335,,32,,hypothetical protein,
Francisella tularensis subsp. tularensis SCHU S4,177416.18,NC_006570,fig|177416.18.peg.826,,VBIFraTul2086_0826,PATRIC.177416.18.NC_006570.CDS.747571.748887.rev,PATRIC,CDS,747571,748887,1317,-,FIG00052943,PLF_262_00000381,PGF_03202473,,438,,Glycerol-3-phosphate transporter,
Francisella tularensis subsp. tularensis SCHU S4,177416.18,NC_006570,fig|177416.18.peg.270,,VBIFraTul2086_0270,PATRIC.177416.18.NC_006570.CDS.253346.253507.rev,PATRIC,CDS,253346,253507,162,-,FIG01502142,PLF_262_00001355,PGF_00208996,,53,,hypothetical protein,
Francisella tularensis subsp. tularensis SCHU S4,177416.18,NC_006570,fig|177416.18.peg.143,,VBIFraTul2086_0143,PATRIC.177416.18.NC_006570.CDS.140547.140672.rev,PATRIC,CDS,140547,140672,126,-,FIG00657967,PLF_262_00001726,PGF_01719517,,41,,hypothetical protein,
Francisella tularensis subsp. tularensis SCHU S4,177416.18,NC_006570,fig|177416.18.peg.1968,,VBIFraTul2086_1968,PATRIC.177416.18.NC_006570.CDS.1763252.1763686.rev,PATRIC,CDS,1763252,1763686,435,-,FIG00657624,PLF_262_00000489,PGF_08225224,,144,,hypothetical protein,
Francisella tularensis subsp. tularensis SCHU S4,177416.18,NC_006570,fig|177416.18.peg.1483,,VBIFraTul2086_1483,PATRIC.177416.18.NC_006570.CDS.1302897.1303028.rev,PATRIC,CDS,1302897,1303028,132,-,,PLF_262_00001625,PGF_01719461,,43,,hypothetical protein,
Francisella tularensis subsp. tularensis SCHU S4,177416.18,NC_006570,fig|177416.18.peg.1185,,VBIFraTul2086_1185,PATRIC.177416.18.NC_006570.CDS.1045072.1046334.rev,PATRIC,CDS,1045072,1046334,1263,-,FIG00008708,PLF_262_00001171,PGF_00024531,,420,,NADH dehydrogenase (EC 1.6.99.3),GO:0003954|NADH dehydrogenase activity
Francisella tularensis subsp. tularensis SCHU S4,177416.18,NC_006570,fig|177416.18.peg.1346,,VBIFraTul2086_1346,PATRIC.177416.18.NC_006570.CDS.1178912.1180105.rev,PATRIC,CDS,1178912,1180105,1194,-,FIG00719736,PLF_262_00000332,PGF_04544396,,397,,Aspartate aminotransferase (EC 2.6.1.1),GO:0004069|aspartate transaminase activity
Francisella tularensis subsp. tularensis SCHU S4,177416.18,NC_006570,fig|177416.18.peg.1553,,VBIFraTul2086_1553,PATRIC.177416.18.NC_006570.CDS.1388817.1390247.fwd,PATRIC,CDS,1388817,1390247,1431,+,FIG00657560,PLF_262_00001075,PGF_00123379,,476,,hypothetical protein,
Francisella tularensis subsp. tularensis SCHU S4,177416.18,NC_006570,fig|177416.18.peg.1954,,VBIFraTul2086_1954,PATRIC.177416.18.NC_006570.CDS.1754877.1755602.fwd,PATRIC,CDS,1754877,1755602,726,+,FIG00946206,PLF_262_00001602,PGF_00299323,,241,,hypothetical protein,
Francisella tularensis subsp. tularensis SCHU S4,177416.18,NC_006570,fig|177416.18.peg.1574,,VBIFraTul2086_1574,PATRIC.177416.18.NC_006570.CDS.1411283.1412719.rev,PATRIC,CDS,1411283,1412719,1437,-,FIG00000043,PLF_262_00000435,PGF_07760799,,478,,Pyruvate kinase (EC 2.7.1.40),GO:0004743|pyruvate kinase activity
Francisella tularensis subsp. tularensis SCHU S4,177416.18,NC_006570,fig|177416.18.peg.759,,VBIFraTul2086_0759,PATRIC.177416.18.NC_006570.CDS.683314.683919.rev,PATRIC,CDS,683314,683919,606,-,FIG00004579,PLF_262_00001335,PGF_01468574,,201,,Ribulose-5-phosphate 4-epimerase and related epimerases and aldolases,
Francisella tularensis subsp. tularensis SCHU S4,177416.18,NC_006570,fig|177416.18.peg.552,,VBIFraTul2086_0552,PATRIC.177416.18.NC_006570.CDS.514279.515001.rev,PATRIC,CDS,514279,515001,723,-,FIG00000856,PLF_262_00000571,PGF_00420612,,240,,Cytoplasmic copper homeostasis protein CutC,
Francisella tularensis subsp. tularensis SCHU S4,177416.18,NC_006570,fig|177416.18.peg.369,,VBIFraTul2086_0369,PATRIC.177416.18.NC_006570.CDS.341881.342081.fwd,PATRIC,CDS,341881,342081,201,+,FIG00015729,PLF_262_00001169,PGF_02899131,,66,,LSU ribosomal protein L29p (L35e),GO:0003735|structural constituent of ribosome;GO:0005622|intracellular;GO:0005840|ribosome;GO:0006412|translation
Francisella tularensis subsp. tularensis SCHU S4,177416.18,NC_006570,,FTT0392c,FTT0392c,RefSeq.177416.18.NC_006570.CDS.393466.393795.rev,RefSeq,CDS,393466,393795,330,-,,,,YP_169437.1,109,,hypothetical protein,
Francisella tularensis subsp. tularensis SCHU S4,177416.18,NC_006570,,FTT0881c,FTT0881c,RefSeq.177416.18.NC_006570.CDS.888651.890045.rev,RefSeq,CDS,888651,890045,1395,-,,,,YP_169880.1,464,,amino acid permease,
Francisella tularensis subsp. tularensis SCHU S4,177416.18,NC_006570,fig|177416.18.peg.39,FTT0036,VBIFraTul2086_0039,PATRIC.177416.18.NC_006570.CDS.34551.35726.fwd,PATRIC,CDS,34551,35726,1176,+,FIG00117890,PLF_262_00000680,PGF_04425336,YP_169112.1,391,nuoF,NADH-ubiquinone oxidoreductase chain F (EC 1.6.5.3),GO:0008137|NADH dehydrogenase (ubiquinone) activity
Francisella tularensis subsp. tularensis SCHU S4,177416.18,NC_006570,,FTT1780,FTT1780,RefSeq.177416.18.NC_006570.CDS.1868850.1869634.fwd,RefSeq,CDS,1868850,1869634,459,+,,,,YP_170668.1,261,isftu1,transposase,
Francisella tularensis subsp. tularensis SCHU S4,177416.18,NC_006570,,FTT1677c,FTT1677c,RefSeq.177416.18.NC_006570.CDS.1745567.1746712.rev,RefSeq,CDS,1745567,1746712,1146,-,,,,YP_170583.1,381,mnmA,tRNA-specific 2-thiouridylase MnmA,
Francisella tularensis subsp. tularensis SCHU S4,177416.18,NC_006570,,FTT0047,FTT0047,RefSeq.177416.18.NC_006570.CDS.47462.48496.fwd,RefSeq,CDS,47462,48496,1035,+,,,,YP_169122.1,344,hemE,uroporphyrinogen decarboxylase,
Francisella tularensis subsp. tularensis SCHU S4,177416.18,NC_006570,,FTT1115c,FTT1115c,RefSeq.177416.18.NC_006570.CDS.1124736.1126673.rev,RefSeq,CDS,1124736,1126673,1938,-,,,,YP_170089.1,645,secD,preprotein translocase subunit SecD,
Francisella tularensis subsp. tularensis SCHU S4,177416.18,NC_006570,,FTT0856c,FTT0856c,RefSeq.177416.18.NC_006570.CDS.868532.869386.rev,RefSeq,CDS,868532,869386,855,-,,,,YP_169858.1,284,ubiA,4-hydroxybenzoate polyprenyltransferase,
Francisella tularensis subsp. tularensis SCHU S4,177416.18,NC_006570,,FTT0352,FTT0352,RefSeq.177416.18.NC_006570.CDS.351206.351990.fwd,RefSeq,CDS,351206,351990,459,+,,,,YP_169401.1,261,isftu1,transposase,
Francisella tularensis subsp. tularensis SCHU S4,177416.18,NC_006570,,FTT0523,FTT0523,RefSeq.177416.18.NC_006570.CDS.545583.546809.fwd,RefSeq,CDS,545583,546809,1227,+,,,,YP_169554.1,408,,hypothetical protein,
Francisella tularensis subsp. tularensis SCHU S4,177416.18,NC_006570,,FTT0266,FTT0266,RefSeq.177416.18.NC_006570.CDS.280570.281886.fwd,RefSeq,CDS,280570,281886,1317,+,,,,YP_169318.1,438,,"ABC transporter, ATP-binding protein",
Francisella tularensis subsp. tularensis SCHU S4,177416.18,NC_006570,,FTT1532,FTT1532,RefSeq.177416.18.NC_006570.CDS.1593509.1593997.fwd,RefSeq,CDS,1593509,1593997,489,+,,,,YP_170462.1,162,,hypothetical protein,
Francisella tularensis subsp. tularensis SCHU S4,177416.18,NC_006570,fig|177416.18.peg.1443,,VBIFraTul2086_1443,PATRIC.177416.18.NC_006570.CDS.1270086.1270811.fwd,PATRIC,CDS,1270086,1270811,726,+,FIG00022735,PLF_262_00000522,PGF_01721713,,241,,"ABC transporter involved in resistance to organic solvents, substrate-binding protein 2",
Francisella tularensis subsp. tularensis SCHU S4,177416.18,NC_006570,fig|177416.18.peg.1041,,VBIFraTul2086_1041,PATRIC.177416.18.NC_006570.CDS.918478.919359.fwd,PATRIC,CDS,918478,919359,882,+,FIG00976460,PLF_262_00000716,PGF_04713687,,293,,Phospholipase/lecithinase/hemolysin,
Francisella tularensis subsp. tularensis SCHU S4,177416.18,NC_006570,fig|177416.18.peg.1118,,VBIFraTul2086_1118,PATRIC.177416.18.NC_006570.CDS.987849.988175.fwd,PATRIC,CDS,987849,988175,327,+,FIG01318274,PLF_262_00001500,PGF_10345259,,108,,Thioredoxin,
Francisella tularensis subsp. tularensis SCHU S4,177416.18,NC_006570,fig|177416.18.peg.1114,,VBIFraTul2086_1114,PATRIC.177416.18.NC_006570.CDS.985042.986187.fwd,PATRIC,CDS,985042,986187,1146,+,FIG00072797,PLF_262_00000635,PGF_00015517,,381,,Iron-sulfur cluster assembly protein SufD,
Francisella tularensis subsp. tularensis SCHU S4,177416.18,NC_006570,fig|177416.18.peg.1604,,VBIFraTul2086_1604,PATRIC.177416.18.NC_006570.CDS.1436929.1438770.rev,PATRIC,CDS,1436929,1438770,1842,-,FIG00047674,PLF_262_00000363,PGF_00767262,,613,,Exodeoxyribonuclease V alpha chain (EC 3.1.11.5),GO:0008854|exodeoxyribonuclease V activity
Francisella tularensis subsp. tularensis SCHU S4,177416.18,NC_006570,fig|177416.18.peg.1219,,VBIFraTul2086_1219,PATRIC.177416.18.NC_006570.CDS.1071006.1071122.rev,PATRIC,CDS,1071006,1071122,117,-,FIG01360150,PLF_262_00001647,PGF_01719476,,38,,hypothetical protein,
Francisella tularensis subsp. tularensis SCHU S4,177416.18,NC_006570,,FTT0663,FTT0663,RefSeq.177416.18.NC_006570.CDS.681272.682084.fwd,RefSeq,CDS,681272,682084,813,+,,,,YP_169680.1,270,,hypothetical protein,
Francisella tularensis subsp. tularensis SCHU S4,177416.18,NC_006570,,FTT1420,FTT1420,RefSeq.177416.18.NC_006570.CDS.1470019.1470486.fwd,RefSeq,CDS,1470019,1470486,468,+,,,,YP_170363.1,155,,hypothetical protein,
Francisella tularensis subsp. tularensis SCHU S4,177416.18,NC_006570,,FTT1181c,FTT1181c,RefSeq.177416.18.NC_006570.CDS.1197101.1198906.rev,RefSeq,CDS,1197101,1198906,1806,-,,,,YP_170144.1,601,ggt,gamma-glutamyltranspeptidase,
Francisella tularensis subsp. tularensis SCHU S4,177416.18,NC_006570,,FTT1657c,FTT1657c,RefSeq.177416.18.NC_006570.CDS.1723530.1723733.rev,RefSeq,CDS,1723530,1723733,204,-,,,,YP_170565.1,67,,hypothetical protein,
Francisella tularensis subsp. tularensis SCHU S4,177416.18,NC_006570,fig|177416.18.peg.1661,,VBIFraTul2086_1661,PATRIC.177416.18.NC_006570.CDS.1487715.1488155.fwd,PATRIC,CDS,1487715,1488155,441,+,FIG00658002,PLF_262_00001529,PGF_02909452,,146,,DNA protection during starvation protein,
Francisella tularensis subsp. tularensis SCHU S4,177416.18,NC_006570,,FTT1392,FTT1392,RefSeq.177416.18.NC_006570.CDS.1436185.1436955.fwd,RefSeq,CDS,1436185,1436955,771,+,,,,YP_170337.1,256,,pantothenate kinase,
Francisella tularensis subsp. tularensis SCHU S4,177416.18,NC_006570,fig|177416.18.peg.1476,,VBIFraTul2086_1476,PATRIC.177416.18.NC_006570.CDS.1299076.1299639.rev,PATRIC,CDS,1299076,1299639,564,-,FIG00000126,PLF_262_00000761,PGF_00048556,,187,,Ribonuclease HII (EC 3.1.26.4),GO:0004523|ribonuclease H activity
Francisella tularensis subsp. tularensis SCHU S4,177416.18,NC_006570,,FTT0621,FTT0621,RefSeq.177416.18.NC_006570.CDS.640143.640736.fwd,RefSeq,CDS,640143,640736,594,+,,,,YP_169642.1,197,tdk,thymidine kinase,
Francisella tularensis subsp. tularensis SCHU S4,177416.18,NC_006570,,FTT1473c,FTT1473c,RefSeq.177416.18.NC_006570.CDS.1524645.1526039.rev,RefSeq,CDS,1524645,1526039,1395,-,,,,YP_170409.1,464,galP2,major facilitator superfamily galactose-proton symporter,
Francisella tularensis subsp. tularensis SCHU S4,177416.18,NC_006570,,FTT0202c,FTT0202c,RefSeq.177416.18.NC_006570.CDS.218947.219690.rev,RefSeq,CDS,218947,219690,744,-,,,,YP_169262.1,247,isftu2,transposase,
Francisella tularensis subsp. tularensis SCHU S4,177416.18,NC_006570,fig|177416.18.peg.1252,,VBIFraTul2086_1252,PATRIC.177416.18.NC_006570.CDS.1095848.1097863.rev,PATRIC,CDS,1095848,1097863,2016,-,FIG00000987,PLF_262_00000531,PGF_06915428,,671,,ATP-dependent DNA helicase Rep,
Francisella tularensis subsp. tularensis SCHU S4,177416.18,NC_006570,fig|177416.18.peg.2097,,VBIFraTul2086_2097,PATRIC.177416.18.NC_006570.CDS.1887950.1888528.rev,PATRIC,CDS,1887950,1888528,579,-,FIG01304829,PLF_262_00000330,PGF_00743561,,192,,"Anthranilate synthase, amidotransferase component (EC 4.1.3.27)",GO:0004049|anthranilate synthase activity
Francisella tularensis subsp. tularensis SCHU S4,177416.18,NC_006570,fig|177416.18.peg.1253,,VBIFraTul2086_1253,PATRIC.177416.18.NC_006570.CDS.1097857.1098603.rev,PATRIC,CDS,1097857,1098603,747,-,FIG00043717,PLF_262_00001235,PGF_00006100,,248,,tRNA-modifying protein YgfZ,
Francisella tularensis subsp. tularensis SCHU S4,177416.18,NC_006570,fig|177416.18.peg.1573,,VBIFraTul2086_1573,PATRIC.177416.18.NC_006570.CDS.1410206.1411270.rev,PATRIC,CDS,1410206,1411270,1065,-,FIG00000370,PLF_262_00000602,PGF_10143857,,354,,Fructose-bisphosphate aldolase class II (EC 4.1.2.13),GO:0004332|fructose-bisphosphate aldolase activity
Francisella tularensis subsp. tularensis SCHU S4,177416.18,NC_006570,fig|177416.18.peg.1333,,VBIFraTul2086_1333,PATRIC.177416.18.NC_006570.CDS.1167066.1168145.rev,PATRIC,CDS,1167066,1168145,1080,-,FIG00000224,PLF_262_00000235,PGF_00417658,,359,,3-dehydroquinate synthase (EC 4.2.3.4),GO:0003856|3-dehydroquinate synthase activity
Francisella tularensis subsp. tularensis SCHU S4,177416.18,NC_006570,fig|177416.18.peg.901,,VBIFraTul2086_0901,PATRIC.177416.18.NC_006570.CDS.801553.802335.fwd,PATRIC,CDS,801553,802335,783,+,FIG00000524,PLF_262_00000361,PGF_10160552,,260,,Enoyl-[acyl-carrier-protein] reductase [NADH] (EC 1.3.1.9),GO:0004318|enoyl-[acyl-carrier-protein] reductase (NADH) activity
Francisella tularensis subsp. tularensis SCHU S4,177416.18,NC_006570,fig|177416.18.peg.1273,,VBIFraTul2086_1273,PATRIC.177416.18.NC_006570.CDS.1114346.1114606.fwd,PATRIC,CDS,1114346,1114606,261,+,FIG01959142,PLF_262_00001681,PGF_01719493,,86,,hypothetical protein,
Francisella tularensis subsp. tularensis SCHU S4,177416.18,NC_006570,fig|177416.18.peg.1659,,VBIFraTul2086_1659,PATRIC.177416.18.NC_006570.CDS.1486087.1487316.rev,PATRIC,CDS,1486087,1487316,1230,-,FIG00453115,PLF_262_00003153,PGF_00045112,,409,,Putative transport protein,
Francisella tularensis subsp. tularensis SCHU S4,177416.18,NC_006570,fig|177416.18.peg.1159,,VBIFraTul2086_1159,PATRIC.177416.18.NC_006570.CDS.1021983.1022171.fwd,PATRIC,CDS,1021983,1022171,189,+,FIG00658093,PLF_262_00001684,PGF_01719496,,62,,hypothetical protein,
Francisella tularensis subsp. tularensis SCHU S4,177416.18,NC_006570,fig|177416.18.peg.334,,VBIFraTul2086_0334,PATRIC.177416.18.NC_006570.CDS.311819.312256.fwd,PATRIC,CDS,311819,312256,438,+,FIG01337066,PLF_262_00001469,PGF_00645831,,145,,DNA polymerase III chi subunit (EC 2.7.7.7),GO:0003887|DNA-directed DNA polymerase activity
Francisella tularensis subsp. tularensis SCHU S4,177416.18,NC_006570,fig|177416.18.peg.1694,,VBIFraTul2086_1694,PATRIC.177416.18.NC_006570.CDS.1518366.1519853.rev,PATRIC,CDS,1518366,1519853,1488,-,FIG00000575,PLF_262_00001388,PGF_07459509,,495,,L-aspartate oxidase (EC 1.4.3.16),GO:0008734|L-aspartate oxidase activity
Francisella tularensis subsp. tularensis SCHU S4,177416.18,NC_006570,fig|177416.18.peg.788,,VBIFraTul2086_0788,PATRIC.177416.18.NC_006570.CDS.710737.711153.rev,PATRIC,CDS,710737,711153,417,-,FIG01306568,PLF_262_00000002,PGF_01719295,,138,,Mobile element protein,
Francisella tularensis subsp. tularensis SCHU S4,177416.18,NC_006570,fig|177416.18.peg.775,,VBIFraTul2086_0775,PATRIC.177416.18.NC_006570.CDS.697710.698270.rev,PATRIC,CDS,697710,698270,561,-,FIG00000151,PLF_262_00000707,PGF_04788810,,186,,Peptidyl-tRNA hydrolase (EC 3.1.1.29),GO:0004045|aminoacyl-tRNA hydrolase activity
Francisella tularensis subsp. tularensis SCHU S4,177416.18,NC_006570,fig|177416.18.peg.1596,,VBIFraTul2086_1596,PATRIC.177416.18.NC_006570.CDS.1430016.1430339.fwd,PATRIC,CDS,1430016,1430339,324,+,FIG01306568,PLF_262_00000001,PGF_01719295,,107,,Mobile element protein,
Francisella tularensis subsp. tularensis SCHU S4,177416.18,NC_006570,fig|177416.18.peg.574,,VBIFraTul2086_0574,PATRIC.177416.18.NC_006570.CDS.534457.534873.rev,PATRIC,CDS,534457,534873,417,-,FIG01306568,PLF_262_00000002,PGF_01719295,,138,,Mobile element protein,
Francisella tularensis subsp. tularensis SCHU S4,177416.18,NC_006570,fig|177416.18.peg.142,FTT0128,VBIFraTul2086_0142,PATRIC.177416.18.NC_006570.CDS.139916.140497.fwd,PATRIC,CDS,139916,140497,582,+,FIG00658214,PLF_262_00001351,PGF_00378539,YP_169195.1,193,,hypothetical protein,
Francisella tularensis subsp. tularensis SCHU S4,177416.18,NC_006570,fig|177416.18.peg.1668,,VBIFraTul2086_1668,PATRIC.177416.18.NC_006570.CDS.1495151.1496635.rev,PATRIC,CDS,1495151,1496635,1485,-,FIG00001022,PLF_262_00000219,PGF_00033814,,494,,Phosphomannomutase (EC 5.4.2.8),GO:0004615|phosphomannomutase activity
Francisella tularensis subsp. tularensis SCHU S4,177416.18,NC_006570,fig|177416.18.peg.1569,,VBIFraTul2086_1569,PATRIC.177416.18.NC_006570.CDS.1407800.1408180.rev,PATRIC,CDS,1407800,1408180,381,-,FIG01306568,PLF_262_00000001,PGF_01719295,,126,,Mobile element protein,
Francisella tularensis subsp. tularensis SCHU S4,177416.18,NC_006570,fig|177416.18.peg.296,,VBIFraTul2086_0296,PATRIC.177416.18.NC_006570.CDS.278775.280550.fwd,PATRIC,CDS,278775,280550,1776,+,FIG01308676,PLF_262_00001210,PGF_00007720,,591,,"ABC transporter, permease protein (cluster 10, nitrate/sulfonate/bicarbonate) / ABC transporter, permease protein (cluster 10, nitrate/sulfonate/bicarbonate)",
Francisella tularensis subsp. tularensis SCHU S4,177416.18,NC_006570,fig|177416.18.peg.37,FTT0034,VBIFraTul2086_0037,PATRIC.177416.18.NC_006570.CDS.32694.33947.fwd,PATRIC,CDS,32694,33947,1254,+,FIG00138449,PLF_262_00000277,PGF_00024687,YP_169110.1,417,nuoD,NADH-ubiquinone oxidoreductase chain D (EC 1.6.5.3),GO:0008137|NADH dehydrogenase (ubiquinone) activity
Francisella tularensis subsp. tularensis SCHU S4,177416.18,NC_006570,fig|177416.18.peg.1760,,VBIFraTul2086_1760,PATRIC.177416.18.NC_006570.CDS.1582649.1584865.rev,PATRIC,CDS,1582649,1584865,2217,-,FIG00001163,PLF_262_00000636,PGF_00015703,,738,,Isocitrate dehydrogenase [NADP] (EC 1.1.1.42); Monomeric isocitrate dehydrogenase [NADP] (EC 1.1.1.42),GO:0004450|isocitrate dehydrogenase (NADP+) activity
Francisella tularensis subsp. tularensis SCHU S4,177416.18,NC_006570,,FTT0067c,FTT0067c,RefSeq.177416.18.NC_006570.CDS.69696.70025.rev,RefSeq,CDS,69696,70025,330,-,,,,YP_169142.1,109,,glutaredoxin-like protein,
Francisella tularensis subsp. tularensis SCHU S4,177416.18,NC_006570,fig|177416.18.peg.614,,VBIFraTul2086_0614,PATRIC.177416.18.NC_006570.CDS.565088.565303.fwd,PATRIC,CDS,565088,565303,216,+,FIG00657809,PLF_262_00001453,PGF_01719391,,71,,hypothetical protein,
Francisella tularensis subsp. tularensis SCHU S4,177416.18,NC_006570,,FTT1325c,FTT1325c,RefSeq.177416.18.NC_006570.CDS.1351922.1352533.rev,RefSeq,CDS,1351922,1352533,612,-,,,,YP_170278.1,203,miaE,tRNA-(ms(2)io(6)a)-hydroxylase,
Francisella tularensis subsp. tularensis SCHU S4,177416.18,NC_006570,,FTT0603,FTT0603,RefSeq.177416.18.NC_006570.CDS.623032.623211.fwd,RefSeq,CDS,623032,623211,180,+,,,,YP_169625.1,59,,hypothetical protein,
Francisella tularensis subsp. tularensis SCHU S4,177416.18,NC_006570,,FTT0257,FTT0257,RefSeq.177416.18.NC_006570.CDS.273192.275048.fwd,RefSeq,CDS,273192,275048,1857,+,,,,YP_169309.1,618,,ribonuclease II family protein,
Francisella tularensis subsp. tularensis SCHU S4,177416.18,NC_006570,,FTT0683c,FTT0683c,RefSeq.177416.18.NC_006570.CDS.700057.700875.rev,RefSeq,CDS,700057,700875,819,-,,,,YP_169699.1,272,pilD,Type IV pili leader peptidase and methylase.,
Francisella tularensis subsp. tularensis SCHU S4,177416.18,NC_006570,fig|177416.18.peg.825,,VBIFraTul2086_0825,PATRIC.177416.18.NC_006570.CDS.747142.747555.rev,PATRIC,CDS,747142,747555,414,-,FIG00561498,PLF_262_00000088,PGF_06594113,,137,,D-alanyl-D-alanine carboxypeptidase (EC 3.4.16.4),GO:0009002|serine-type D-Ala-D-Ala carboxypeptidase activity
Francisella tularensis subsp. tularensis SCHU S4,177416.18,NC_006570,fig|177416.18.peg.597,,VBIFraTul2086_0597,PATRIC.177416.18.NC_006570.CDS.550624.551226.rev,PATRIC,CDS,550624,551226,603,-,FIG00015923,PLF_262_00001418,PGF_00723627,,200,,Intracellular protease,
Francisella tularensis subsp. tularensis SCHU S4,177416.18,NC_006570,,FTT1414,FTT1414,RefSeq.177416.18.NC_006570.CDS.1466068.1466550.fwd,RefSeq,CDS,1466068,1466550,483,+,,,,YP_170357.1,160,,hypothetical protein,
Francisella tularensis subsp. tularensis SCHU S4,177416.18,NC_006570,,FTT0336,FTT0336,RefSeq.177416.18.NC_006570.CDS.342828.343145.fwd,RefSeq,CDS,342828,343145,318,+,,,,YP_169385.1,105,rplX,50S ribosomal protein L24,
Francisella tularensis subsp. tularensis SCHU S4,177416.18,NC_006570,,FTT0488c,FTT0488c,RefSeq.177416.18.NC_006570.CDS.507763.508896.rev,RefSeq,CDS,507763,508896,1134,-,,,,YP_169526.1,377,,major facilitator transporter,
Francisella tularensis subsp. tularensis SCHU S4,177416.18,NC_006570,,FTT0626,FTT0626,RefSeq.177416.18.NC_006570.CDS.644647.646971.fwd,RefSeq,CDS,644647,646971,2325,+,,,,YP_169647.1,774,lon,"DNA-binding, ATP-dependent protease La",
Francisella tularensis subsp. tularensis SCHU S4,177416.18,NC_006570,fig|177416.18.peg.635,,VBIFraTul2086_0635,PATRIC.177416.18.NC_006570.CDS.579257.579397.rev,PATRIC,CDS,579257,579397,141,-,FIG00638284,PLF_262_00001614,PGF_01719457,,46,,hypothetical protein,
Francisella tularensis subsp. tularensis SCHU S4,177416.18,NC_006570,fig|177416.18.peg.118,FTT0106c,VBIFraTul2086_0118,PATRIC.177416.18.NC_006570.CDS.112320.113693.rev,PATRIC,CDS,112320,113693,1374,-,FIG00001932,PLF_262_00000425,PGF_12691625,YP_169176.1,457,,"CzcABC family efflux RND transporter, membrane fusion protein",
Francisella tularensis subsp. tularensis SCHU S4,177416.18,NC_006570,,FTT0195c,FTT0195c,RefSeq.177416.18.NC_006570.CDS.212450.213991.rev,RefSeq,CDS,212450,213991,1542,-,,,,YP_169256.1,513,,L-glutaminase,
Francisella tularensis subsp. tularensis SCHU S4,177416.18,NC_006570,fig|177416.18.peg.87,FTT0081,VBIFraTul2086_0087,PATRIC.177416.18.NC_006570.CDS.84156.84509.fwd,PATRIC,CDS,84156,84509,354,+,FIG00001563,PLF_262_00000740,PGF_10456344,YP_169156.1,117,secG,Protein translocase membrane subunit SecG,
Francisella tularensis subsp. tularensis SCHU S4,177416.18,NC_006570,fig|177416.18.peg.387,,VBIFraTul2086_0387,PATRIC.177416.18.NC_006570.CDS.350614.351051.fwd,PATRIC,CDS,350614,351051,438,+,FIG00000154,PLF_262_00000393,PGF_00016346,,145,,LSU ribosomal protein L17p,GO:0003735|structural constituent of ribosome;GO:0005622|intracellular;GO:0005840|ribosome;GO:0006412|translation
Francisella tularensis subsp. tularensis SCHU S4,177416.18,NC_006570,fig|177416.18.peg.1073,,VBIFraTul2086_1073,PATRIC.177416.18.NC_006570.CDS.950825.951769.rev,PATRIC,CDS,950825,951769,945,-,FIG00000687,PLF_262_00000323,PGF_00035194,,314,,Adenosine deaminase (EC 3.5.4.4),GO:0004000|adenosine deaminase activity
Francisella tularensis subsp. tularensis SCHU S4,177416.18,NC_006570,,FTT0728,FTT0728,RefSeq.177416.18.NC_006570.CDS.751120.752052.fwd,RefSeq,CDS,751120,752052,933,+,,,,YP_169741.1,310,ybhF,"ABC transporter, ATP-binding protein",
Francisella tularensis subsp. tularensis SCHU S4,177416.18,NC_006570,,FTT0589,FTT0589,RefSeq.177416.18.NC_006570.CDS.609091.609681.fwd,RefSeq,CDS,609091,609681,591,+,,,,YP_169612.1,196,,hypothetical protein,
Francisella tularensis subsp. tularensis SCHU S4,177416.18,NC_006570,fig|177416.18.peg.1517,,VBIFraTul2086_1517,PATRIC.177416.18.NC_006570.CDS.1339859.1340443.rev,PATRIC,CDS,1339859,1340443,585,-,FIG00061176,PLF_262_00001184,PGF_00063640,,194,,Type IV fimbrial biogenesis protein FimT,
Francisella tularensis subsp. tularensis SCHU S4,177416.18,NC_006570,fig|177416.18.peg.355,,VBIFraTul2086_0355,PATRIC.177416.18.NC_006570.CDS.333069.333515.fwd,PATRIC,CDS,333069,333515,447,+,FIG00000388,PLF_262_00000357,PGF_01430214,,148,,Deoxyuridine 5'-triphosphate nucleotidohydrolase (EC 3.6.1.23),GO:0004170|dUTP diphosphatase activity
Francisella tularensis subsp. tularensis SCHU S4,177416.18,NC_006570,fig|177416.18.peg.1753,,VBIFraTul2086_1753,PATRIC.177416.18.NC_006570.CDS.1572684.1574021.rev,PATRIC,CDS,1572684,1574021,1338,-,FIG00657761,PLF_262_00000993,PGF_01722214,,445,,hypothetical protein,
Francisella tularensis subsp. tularensis SCHU S4,177416.18,NC_006570,,FTT0511,FTT0511,RefSeq.177416.18.NC_006570.CDS.532949.533812.fwd,RefSeq,CDS,532949,533812,864,+,,,,YP_169546.1,287,,pyridoxal biosynthesis lyase PdxS,
Francisella tularensis subsp. tularensis SCHU S4,177416.18,NC_006570,,FTT0624,FTT0624,RefSeq.177416.18.NC_006570.CDS.642740.643345.fwd,RefSeq,CDS,642740,643345,606,+,,,,YP_169645.1,201,clpP,ATP-dependent Clp protease subunit P,
Francisella tularensis subsp. tularensis SCHU S4,177416.18,NC_006570,,FTT0627,FTT0627,RefSeq.177416.18.NC_006570.CDS.647058.647330.fwd,RefSeq,CDS,647058,647330,273,+,,,,YP_169648.1,90,hupB,histone-like protein HU form B,
Francisella tularensis subsp. tularensis SCHU S4,177416.18,NC_006570,,FTT1177c,FTT1177c,RefSeq.177416.18.NC_006570.CDS.1192558.1193616.rev,RefSeq,CDS,1192558,1193616,1059,-,,,,YP_170141.1,352,,hypothetical protein,
Francisella tularensis subsp. tularensis SCHU S4,177416.18,NC_006570,,FTT0119,FTT0119,RefSeq.177416.18.NC_006570.CDS.128551.129867.fwd,RefSeq,CDS,128551,129867,1317,+,,,,YP_169189.1,438,,hypothetical protein,
Francisella tularensis subsp. tularensis SCHU S4,177416.18,NC_006570,,FTT0098c,FTT0098c,RefSeq.177416.18.NC_006570.CDS.102215.102999.rev,RefSeq,CDS,102215,102999,459,-,,,,YP_169170.1,261,isftu1,transposase,
Francisella tularensis subsp. tularensis SCHU S4,177416.18,NC_006570,,FTT1091,FTT1091,RefSeq.177416.18.NC_006570.CDS.1100421.1100909.fwd,RefSeq,CDS,1100421,1100909,489,+,,,,YP_170070.1,162,,isochorismatase hydrolase family protein,
Francisella tularensis subsp. tularensis SCHU S4,177416.18,NC_006570,,FTT1401,FTT1401,RefSeq.177416.18.NC_006570.CDS.1451114.1451779.fwd,RefSeq,CDS,1451114,1451779,666,+,,,,YP_170345.1,221,,prophage repressor protein,
Francisella tularensis subsp. tularensis SCHU S4,177416.18,NC_006570,,FTT0910,FTT0910,RefSeq.177416.18.NC_006570.CDS.918479.919360.fwd,RefSeq,CDS,918479,919360,882,+,,,,YP_169907.1,293,,hypothetical protein,
Francisella tularensis subsp. tularensis SCHU S4,177416.18,NC_006570,,FTT1346,FTT1346,RefSeq.177416.18.NC_006570.CDS.1385698.1386075.fwd,RefSeq,CDS,1385698,1386075,378,+,,,,YP_170298.1,125,,hypothetical protein,
Francisella tularensis subsp. tularensis SCHU S4,177416.18,NC_006570,,FTT0412c,FTT0412c,RefSeq.177416.18.NC_006570.CDS.419168.422380.rev,RefSeq,CDS,419168,422380,3213,-,,,,YP_169457.1,1070,pulB,pullulonase,
Francisella tularensis subsp. tularensis SCHU S4,177416.18,NC_006570,fig|177416.18.peg.70,FTT0064,VBIFraTul2086_0070,PATRIC.177416.18.NC_006570.CDS.64799.66175.fwd,PATRIC,CDS,64799,66175,1377,+,FIG00040241,PLF_262_00000320,PGF_05195027,YP_169139.1,458,atpD,ATP synthase beta chain (EC 3.6.3.14),"GO:0046933|hydrogen ion transporting ATP synthase activity, rotational mechanism;GO:0046961|hydrogen ion transporting ATPase activity, rotational mechanism"
Francisella tularensis subsp. tularensis SCHU S4,177416.18,NC_006570,fig|177416.18.peg.1765,,VBIFraTul2086_1765,PATRIC.177416.18.NC_006570.CDS.1592225.1593412.fwd,PATRIC,CDS,1592225,1593412,1188,+,FIG00000004,PLF_262_00000511,PGF_02944756,,395,,3-ketoacyl-CoA thiolase [fadN-fadA-fadE operon] (EC 2.3.1.16),GO:0003988|acetyl-CoA C-acyltransferase activity
Francisella tularensis subsp. tularensis SCHU S4,177416.18,NC_006570,fig|177416.18.peg.706,,VBIFraTul2086_0706,PATRIC.177416.18.NC_006570.CDS.637149.638477.rev,PATRIC,CDS,637149,638477,1329,-,FIG00108342,PLF_262_00000229,PGF_08562657,,442,,tRNA-i(6)A37 methylthiotransferase (EC 2.8.4.3),
Francisella tularensis subsp. tularensis SCHU S4,177416.18,NC_006570,fig|177416.18.peg.1167,,VBIFraTul2086_1167,PATRIC.177416.18.NC_006570.CDS.1026713.1028560.rev,PATRIC,CDS,1026713,1028560,1848,-,FIG00000343,PLF_262_00000313,PGF_00426115,,615,,1-deoxy-D-xylulose 5-phosphate synthase (EC 2.2.1.7),GO:0008661|1-deoxy-D-xylulose-5-phosphate synthase activity
Francisella tularensis subsp. tularensis SCHU S4,177416.18,NC_006570,fig|177416.18.peg.1846,,VBIFraTul2086_1846,PATRIC.177416.18.NC_006570.CDS.1659884.1660039.fwd,PATRIC,CDS,1659884,1660039,156,+,FIG00658645,PLF_262_00001917,PGF_01719639,,51,,hypothetical protein,
Francisella tularensis subsp. tularensis SCHU S4,177416.18,NC_006570,fig|177416.18.peg.571,,VBIFraTul2086_0571,PATRIC.177416.18.NC_006570.CDS.530407.532818.fwd,PATRIC,CDS,530407,532818,2412,+,FIG00028203,PLF_262_00000252,PGF_06703483,,803,,DNA gyrase subunit B (EC 5.99.1.3),GO:0003918|DNA topoisomerase (ATP-hydrolyzing) activity
Francisella tularensis subsp. tularensis SCHU S4,177416.18,NC_006570,fig|177416.18.peg.168,FTT0152,VBIFraTul2086_0168,PATRIC.177416.18.NC_006570.CDS.168812.169570.fwd,PATRIC,CDS,168812,169570,759,+,FIG00000230,PLF_262_00000873,PGF_00413208,YP_169218.1,252,trmD,tRNA (guanine(37)-N(1))-methyltransferase (EC 2.1.1.228),GO:0052906|tRNA (guanine(37)-N(1))-methyltransferase activity
Francisella tularensis subsp. tularensis SCHU S4,177416.18,NC_006570,fig|177416.18.peg.989,,VBIFraTul2086_0989,PATRIC.177416.18.NC_006570.CDS.873271.873846.rev,PATRIC,CDS,873271,873846,576,-,FIG00001666,PLF_262_00000657,PGF_07058946,,191,,LemA protein,
Francisella tularensis subsp. tularensis SCHU S4,177416.18,NC_006570,fig|177416.18.peg.1571,,VBIFraTul2086_1571,PATRIC.177416.18.NC_006570.CDS.1408587.1408775.fwd,PATRIC,CDS,1408587,1408775,189,+,FIG00140044,PLF_262_00001817,PGF_01719582,,62,,hypothetical protein,
Francisella tularensis subsp. tularensis SCHU S4,177416.18,NC_006570,fig|177416.18.peg.432,,VBIFraTul2086_0432,PATRIC.177416.18.NC_006570.CDS.390378.392216.fwd,PATRIC,CDS,390378,392216,1839,+,FIG00000038,PLF_262_00000610,PGF_01960322,,612,,Glutamine--fructose-6-phosphate aminotransferase [isomerizing] (EC 2.6.1.16),GO:0004360|glutamine-fructose-6-phosphate transaminase (isomerizing) activity
Francisella tularensis subsp. tularensis SCHU S4,177416.18,NC_006570,fig|177416.18.peg.311,,VBIFraTul2086_0311,PATRIC.177416.18.NC_006570.CDS.290427.290525.rev,PATRIC,CDS,290427,290525,99,-,FIG00638284,PLF_262_00001870,PGF_01719611,,32,,Cytochrome d ubiquinol oxidase subunit X (EC 1.10.3.-),GO:0008827|cytochrome o ubiquinol oxidase activity;GO:0008827|cytochrome bo3 ubiquinol oxidase activity
Francisella tularensis subsp. tularensis SCHU S4,177416.18,NC_006570,fig|177416.18.peg.519,,VBIFraTul2086_0519,PATRIC.177416.18.NC_006570.CDS.479961.481025.fwd,PATRIC,CDS,479961,481025,1065,+,FIG00000376,PLF_262_00000391,PGF_00016046,,354,,L-asparaginase (EC 3.5.1.1),GO:0004067|asparaginase activity
Francisella tularensis subsp. tularensis SCHU S4,177416.18,NC_006570,fig|177416.18.peg.1418,,VBIFraTul2086_1418,PATRIC.177416.18.NC_006570.CDS.1241886.1242215.rev,PATRIC,CDS,1241886,1242215,330,-,FIG00657985,PLF_262_00001526,PGF_01719416,,109,,hypothetical protein,
Francisella tularensis subsp. tularensis SCHU S4,177416.18,NC_006570,fig|177416.18.peg.900,,VBIFraTul2086_0900,PATRIC.177416.18.NC_006570.CDS.800554.801267.rev,PATRIC,CDS,800554,801267,714,-,FIG00657631,PLF_262_00000859,PGF_08225224,,237,,hypothetical protein,
Francisella tularensis subsp. tularensis SCHU S4,177416.18,NC_006570,fig|177416.18.peg.484,,VBIFraTul2086_0484,PATRIC.177416.18.NC_006570.CDS.447895.448881.fwd,PATRIC,CDS,447895,448881,987,+,FIG00001062,PLF_262_00001369,PGF_00037006,,328,,Agmatine deiminase (EC 3.5.3.12),GO:0047632|agmatine deiminase activity
Francisella tularensis subsp. tularensis SCHU S4,177416.18,NC_006570,fig|177416.18.peg.479,,VBIFraTul2086_0479,PATRIC.177416.18.NC_006570.CDS.444398.444628.rev,PATRIC,CDS,444398,444628,231,-,FIG00001548,PLF_262_00001301,PGF_04836613,,76,,beta-galactosidase (EC 3.2.1.23),GO:0004565|beta-galactosidase activity
Francisella tularensis subsp. tularensis SCHU S4,177416.18,NC_006570,fig|177416.18.peg.63,FTT0057,VBIFraTul2086_0063,PATRIC.177416.18.NC_006570.CDS.59627.60058.fwd,PATRIC,CDS,59627,60058,432,+,FIG01955820,PLF_262_00001124,PGF_01719322,YP_169132.1,143,,ATP synthase protein I,
Francisella tularensis subsp. tularensis SCHU S4,177416.18,NC_006570,fig|177416.18.peg.655,,VBIFraTul2086_0655,PATRIC.177416.18.NC_006570.CDS.594097.594765.fwd,PATRIC,CDS,594097,594765,669,+,FIG01325830,PLF_262_00001015,PGF_00036099,,222,,Predicted metal-dependent hydrolase,
Francisella tularensis subsp. tularensis SCHU S4,177416.18,NC_006570,fig|177416.18.peg.2002,,VBIFraTul2086_2002,PATRIC.177416.18.NC_006570.CDS.1807529.1808875.rev,PATRIC,CDS,1807529,1808875,1347,-,FIG01376814,PLF_262_00000053,PGF_00008094,,448,,Glutamate decarboxylase (EC 4.1.1.15),
Francisella tularensis subsp. tularensis SCHU S4,177416.18,NC_006570,fig|177416.18.peg.793,,VBIFraTul2086_0793,PATRIC.177416.18.NC_006570.CDS.715529.715879.fwd,PATRIC,CDS,715529,715879,351,+,FIG00001060,PLF_262_00001219,PGF_00417005,,116,,Cell division protein FtsL,
Francisella tularensis subsp. tularensis SCHU S4,177416.18,NC_006570,fig|177416.18.peg.1208,,VBIFraTul2086_1208,PATRIC.177416.18.NC_006570.CDS.1064014.1064208.rev,PATRIC,CDS,1064014,1064208,195,-,FIG01306568,PLF_262_00000044,PGF_01000105,,64,,Mobile element protein,
Francisella tularensis subsp. tularensis SCHU S4,177416.18,NC_006570,fig|177416.18.peg.1514,,VBIFraTul2086_1514,PATRIC.177416.18.NC_006570.CDS.1335331.1336476.fwd,PATRIC,CDS,1335331,1336476,1146,+,FIG01318878,PLF_262_00000043,PGF_00730395,,381,,Uncharacterized MFS-type transporter,
Francisella tularensis subsp. tularensis SCHU S4,177416.18,NC_006570,fig|177416.18.peg.1272,,VBIFraTul2086_1272,PATRIC.177416.18.NC_006570.CDS.1112962.1114059.fwd,PATRIC,CDS,1112962,1114059,1098,+,FIG01111221,PLF_262_00001246,PGF_00028186,,365,,Outer membrane protein,
Francisella tularensis subsp. tularensis SCHU S4,177416.18,NC_006570,fig|177416.18.peg.1554,,VBIFraTul2086_1554,PATRIC.177416.18.NC_006570.CDS.1390260.1390883.fwd,PATRIC,CDS,1390260,1390883,624,+,FIG00657445,PLF_262_00001096,PGF_00185025,,207,,hypothetical protein,
Francisella tularensis subsp. tularensis SCHU S4,177416.18,NC_006570,fig|177416.18.peg.1398,,VBIFraTul2086_1398,PATRIC.177416.18.NC_006570.CDS.1225412.1225804.fwd,PATRIC,CDS,1225412,1225804,393,+,FIG00657490,PLF_262_00001285,PGF_00130589,,130,,hypothetical protein,
Francisella tularensis subsp. tularensis SCHU S4,177416.18,NC_006570,fig|177416.18.peg.139,FTT0125,VBIFraTul2086_0139,PATRIC.177416.18.NC_006570.CDS.136633.137601.fwd,PATRIC,CDS,136633,137601,969,+,FIG00002049,PLF_262_00000414,PGF_09990804,YP_169192.1,322,oppD,"Oligopeptide ABC transporter, ATP-binding protein OppD (TC 3.A.1.5.1)",
Francisella tularensis subsp. tularensis SCHU S4,177416.18,NC_006570,,FTT1524c,FTT1524c,RefSeq.177416.18.NC_006570.CDS.1577491.1581759.rev,RefSeq,CDS,1577491,1581759,4269,-,,,,YP_170454.1,1422,hrpA,ATp-dependent helicase,
Francisella tularensis subsp. tularensis SCHU S4,177416.18,NC_006570,,FTT0161c,FTT0161c,RefSeq.177416.18.NC_006570.CDS.175677.176303.rev,RefSeq,CDS,175677,176303,627,-,,,,YP_169227.1,208,,PAP2 family protein,
Francisella tularensis subsp. tularensis SCHU S4,177416.18,NC_006570,fig|177416.18.peg.1341,,VBIFraTul2086_1341,PATRIC.177416.18.NC_006570.CDS.1174692.1176101.rev,PATRIC,CDS,1174692,1176101,1410,-,FIG00104852,PLF_262_00001641,PGF_05063576,,469,,"Predicted D-lactate dehydrogenase, Fe-S protein, FAD/FMN-containing",GO:0005506|iron ion binding;GO:0006118|electron transport;GO:0009055|electron carrier activity
Francisella tularensis subsp. tularensis SCHU S4,177416.18,NC_006570,fig|177416.18.peg.982,,VBIFraTul2086_0982,PATRIC.177416.18.NC_006570.CDS.868531.869385.rev,PATRIC,CDS,868531,869385,855,-,FIG01306589,PLF_262_00000516,PGF_00423927,,284,,4-hydroxybenzoate polyprenyltransferase (EC 2.5.1.39),
Francisella tularensis subsp. tularensis SCHU S4,177416.18,NC_006570,fig|177416.18.peg.1895,,VBIFraTul2086_1895,PATRIC.177416.18.NC_006570.CDS.1699442.1701943.fwd,PATRIC,CDS,1699442,1701943,2502,+,FIG00000287,PLF_262_00000580,PGF_08155727,,833,,DNA translocase FtsK,
Francisella tularensis subsp. tularensis SCHU S4,177416.18,NC_006570,,FTT1426c,FTT1426c,RefSeq.177416.18.NC_006570.CDS.1474999.1475517.rev,RefSeq,CDS,1474999,1475517,519,-,,,,YP_170369.1,172,,hypothetical protein,
Francisella tularensis subsp. tularensis SCHU S4,177416.18,NC_006570,,FTT1262,FTT1262,RefSeq.177416.18.NC_006570.CDS.1283996.1284780.fwd,RefSeq,CDS,1283996,1284780,459,+,,,,YP_170219.1,261,isftu1,transposase,
Francisella tularensis subsp. tularensis SCHU S4,177416.18,NC_006570,fig|177416.18.peg.1835,,VBIFraTul2086_1835,PATRIC.177416.18.NC_006570.CDS.1649732.1649869.fwd,PATRIC,CDS,1649732,1649869,138,+,FIG00946206,PLF_262_00001365,PGF_01719360,,45,,putative membrane protein,
Francisella tularensis subsp. tularensis SCHU S4,177416.18,NC_006570,,FTT1021c,FTT1021c,RefSeq.177416.18.NC_006570.CDS.1031881.1032657.rev,RefSeq,CDS,1031881,1032657,777,-,,,,YP_170006.1,258,truA,tRNA pseudouridine synthase A,
Francisella tularensis subsp. tularensis SCHU S4,177416.18,NC_006570,,FTT1687c,FTT1687c,RefSeq.177416.18.NC_006570.CDS.1756465.1757082.rev,RefSeq,CDS,1756465,1757082,618,-,,,,YP_170592.1,205,gidB,16S rRNA methyltransferase GidB,
Francisella tularensis subsp. tularensis SCHU S4,177416.18,NC_006570,,FTT0120,FTT0120,RefSeq.177416.18.NC_006570.CDS.129864.130895.fwd,RefSeq,CDS,129864,130895,1032,+,,,,YP_169190.1,343,ftsY,signal recognition particle receptor FtsY,
Francisella tularensis subsp. tularensis SCHU S4,177416.18,NC_006570,,FTT0587c,FTT0587c,RefSeq.177416.18.NC_006570.CDS.606905.607648.rev,RefSeq,CDS,606905,607648,744,-,,,,YP_169610.1,247,isftu2,transposase,
Francisella tularensis subsp. tularensis SCHU S4,177416.18,NC_006570,,FTT1554c,FTT1554c,RefSeq.177416.18.NC_006570.CDS.1616315.1617223.rev,RefSeq,CDS,1616315,1617223,909,-,,,,YP_170478.1,302,truB,tRNA pseudouridine synthetase B,
Francisella tularensis subsp. tularensis SCHU S4,177416.18,NC_006570,,FTT0056c,FTT0056c,RefSeq.177416.18.NC_006570.CDS.58246.59550.rev,RefSeq,CDS,58246,59550,1305,-,,,,YP_169131.1,434,,major facilitator transporter,
Francisella tularensis subsp. tularensis SCHU S4,177416.18,NC_006570,,FTT1474c,FTT1474c,RefSeq.177416.18.NC_006570.CDS.1526071.1527453.rev,RefSeq,CDS,1526071,1527453,1383,-,,,,YP_170410.1,460,galP1,major facilitator superfamily galactose-proton symporter,
Francisella tularensis subsp. tularensis SCHU S4,177416.18,NC_006570,fig|177416.18.peg.1227,,VBIFraTul2086_1227,PATRIC.177416.18.NC_006570.CDS.1075555.1076385.rev,PATRIC,CDS,1075555,1076385,831,-,FIG00699429,PLF_262_00001780,PGF_00063460,,276,,"Type III restriction enzyme, res subunit:DEAD/DEAH box helicase, N-terminal",
Francisella tularensis subsp. tularensis SCHU S4,177416.18,NC_006570,,FTT0958c,FTT0958c,RefSeq.177416.18.NC_006570.CDS.970102.970809.rev,RefSeq,CDS,970102,970809,708,-,,,,YP_169948.1,235,,short chain dehydrogenase,
Francisella tularensis subsp. tularensis SCHU S4,177416.18,NC_006570,,FTT0269,FTT0269,RefSeq.177416.18.NC_006570.CDS.285094.285633.fwd,RefSeq,CDS,285094,285633,540,+,,,,YP_169321.1,179,,carbonic anhydrase,
Francisella tularensis subsp. tularensis SCHU S4,177416.18,NC_006570,,FTT0039,FTT0039,RefSeq.177416.18.NC_006570.CDS.39136.39624.fwd,RefSeq,CDS,39136,39624,489,+,,,,YP_169115.1,162,nuoI,NADH dehydrogenase subunit I,
Francisella tularensis subsp. tularensis SCHU S4,177416.18,NC_006570,,FTT0765,FTT0765,RefSeq.177416.18.NC_006570.CDS.785003.785787.fwd,RefSeq,CDS,785003,785787,327,+,,,,YP_169775.1,261,isftu1,transposase,
Francisella tularensis subsp. tularensis SCHU S4,177416.18,NC_006570,,FTT0646c,FTT0646c,RefSeq.177416.18.NC_006570.CDS.667307.668566.rev,RefSeq,CDS,667307,668566,1260,-,,,,YP_169664.1,419,,hypothetical protein,
Francisella tularensis subsp. tularensis SCHU S4,177416.18,NC_006570,,FTT1798c,FTT1798c,RefSeq.177416.18.NC_006570.CDS.1885699.1886067.rev,RefSeq,CDS,1885699,1886067,369,-,,,,YP_170682.1,122,,hypothetical protein,
Francisella tularensis subsp. tularensis SCHU S4,177416.18,NC_006570,,FTT0862c,FTT0862c,RefSeq.177416.18.NC_006570.CDS.872195.873268.rev,RefSeq,CDS,872195,873268,1074,-,,,,YP_169864.1,357,htpX,heat shock protein HtpX,
Francisella tularensis subsp. tularensis SCHU S4,177416.18,NC_006570,,FTT1086c,FTT1086c,RefSeq.177416.18.NC_006570.CDS.1094964.1095794.rev,RefSeq,CDS,1094964,1095794,831,-,,,,YP_170065.1,276,,hypothetical protein,
Francisella tularensis subsp. tularensis SCHU S4,177416.18,NC_006570,,FTT1581c,FTT1581c,RefSeq.177416.18.NC_006570.CDS.1646234.1646518.rev,RefSeq,CDS,1646234,1646518,285,-,,,,YP_170503.1,94,,endonuclease,
Francisella tularensis subsp. tularensis SCHU S4,177416.18,NC_006570,fig|177416.18.peg.1165,,VBIFraTul2086_1165,PATRIC.177416.18.NC_006570.CDS.1025711.1026340.rev,PATRIC,CDS,1025711,1026340,630,-,FIG01371877,PLF_262_00001212,PGF_00033416,,209,,Acyl-CoA thioesterase I,
Francisella tularensis subsp. tularensis SCHU S4,177416.18,NC_006570,fig|177416.18.peg.1091,,VBIFraTul2086_1091,PATRIC.177416.18.NC_006570.CDS.967146.967466.rev,PATRIC,CDS,967146,967466,321,-,FIG01352883,PLF_262_00001029,PGF_00158271,,106,,hypothetical protein,
Francisella tularensis subsp. tularensis SCHU S4,177416.18,NC_006570,fig|177416.18.peg.1444,,VBIFraTul2086_1444,PATRIC.177416.18.NC_006570.CDS.1270816.1271514.fwd,PATRIC,CDS,1270816,1271514,699,+,FIG00657615,PLF_262_00001290,PGF_00213261,,232,,hypothetical protein,
Francisella tularensis subsp. tularensis SCHU S4,177416.18,NC_006570,fig|177416.18.peg.1810,,VBIFraTul2086_1810,PATRIC.177416.18.NC_006570.CDS.1625874.1626683.fwd,PATRIC,CDS,1625874,1626683,810,+,FIG00507844,PLF_262_00007715,PGF_01154330,,269,,Polyphosphate kinase 2 (EC 2.7.4.1),
Francisella tularensis subsp. tularensis SCHU S4,177416.18,NC_006570,fig|177416.18.peg.993,,VBIFraTul2086_0993,PATRIC.177416.18.NC_006570.CDS.875987.876685.rev,PATRIC,CDS,875987,876685,699,-,FIG00658111,PLF_262_00001660,PGF_07109475,,232,,"Lead, cadmium, zinc and mercury transporting ATPase (EC 3.6.3.3) (EC 3.6.3.5); Copper-translocating P-type ATPase (EC 3.6.3.4)",GO:0004008|copper-exporting ATPase activity
Francisella tularensis subsp. tularensis SCHU S4,177416.18,NC_006570,fig|177416.18.peg.1755,,VBIFraTul2086_1755,PATRIC.177416.18.NC_006570.CDS.1574375.1575259.rev,PATRIC,CDS,1574375,1575259,885,-,FIG00138250,PLF_262_00000052,PGF_10373476,,294,,Diaminopimelate decarboxylase (EC 4.1.1.20),GO:0008836|diaminopimelate decarboxylase activity
Francisella tularensis subsp. tularensis SCHU S4,177416.18,NC_006570,fig|177416.18.peg.939,,VBIFraTul2086_0939,PATRIC.177416.18.NC_006570.CDS.837823.838179.fwd,PATRIC,CDS,837823,838179,357,+,FIG00000216,PLF_262_00000644,PGF_00016358,,118,,LSU ribosomal protein L20p,GO:0003723|RNA binding;GO:0003735|structural constituent of ribosome;GO:0005622|intracellular;GO:0005840|ribosome;GO:0006412|translation
Francisella tularensis subsp. tularensis SCHU S4,177416.18,NC_006570,fig|177416.18.peg.1149,,VBIFraTul2086_1149,PATRIC.177416.18.NC_006570.CDS.1012252.1012677.fwd,PATRIC,CDS,1012252,1012677,426,+,FIG00000479,PLF_262_00000989,PGF_00067547,,141,,Zinc uptake regulation protein Zur,
Francisella tularensis subsp. tularensis SCHU S4,177416.18,NC_006570,fig|177416.18.peg.1385,,VBIFraTul2086_1385,PATRIC.177416.18.NC_006570.CDS.1210462.1211388.rev,PATRIC,CDS,1210462,1211388,927,-,FIG00537369,PLF_262_00001407,PGF_01719375,,308,,Protein containing domains DUF403,
Francisella tularensis subsp. tularensis SCHU S4,177416.18,NC_006570,fig|177416.18.peg.944,,VBIFraTul2086_0944,PATRIC.177416.18.NC_006570.CDS.840890.841243.fwd,PATRIC,CDS,840890,841243,354,+,FIG01023898,PLF_262_00001081,PGF_00577145,,117,,FIG138056: a glutathione-dependent thiol reductase,
Francisella tularensis subsp. tularensis SCHU S4,177416.18,NC_006570,fig|177416.18.peg.1782,,VBIFraTul2086_1782,PATRIC.177416.18.NC_006570.CDS.1605970.1606521.fwd,PATRIC,CDS,1605970,1606521,552,+,FIG00450955,PLF_262_00000159,PGF_12781341,,183,,Two-component system sensor histidine kinase,
Francisella tularensis subsp. tularensis SCHU S4,177416.18,NC_006570,,FTT1055c,FTT1055c,RefSeq.177416.18.NC_006570.CDS.1064856.1065281.rev,RefSeq,CDS,1064856,1065281,426,-,,,,YP_170036.1,141,,hypothetical protein,
Francisella tularensis subsp. tularensis SCHU S4,177416.18,NC_006570,fig|177416.18.peg.1962,,VBIFraTul2086_1962,PATRIC.177416.18.NC_006570.CDS.1760171.1760299.fwd,PATRIC,CDS,1760171,1760299,129,+,,PLF_262_00008759,PGF_00275443,,42,,hypothetical protein,
Francisella tularensis subsp. tularensis SCHU S4,177416.18,NC_006570,fig|177416.18.peg.79,FTT0073,VBIFraTul2086_0079,PATRIC.177416.18.NC_006570.CDS.74279.74632.fwd,PATRIC,CDS,74279,74632,354,+,FIG00000807,PLF_262_00000797,PGF_00658986,YP_169148.1,117,sdhD,Succinate dehydrogenase hydrophobic membrane anchor protein,
Francisella tularensis subsp. tularensis SCHU S4,177416.18,NC_006570,fig|177416.18.peg.823,,VBIFraTul2086_0823,PATRIC.177416.18.NC_006570.CDS.745380.746168.rev,PATRIC,CDS,745380,746168,789,-,FIG00657664,PLF_262_00000101,PGF_10532194,,262,,"Oxidoreductase, short-chain dehydrogenase/reductase family",
Francisella tularensis subsp. tularensis SCHU S4,177416.18,NC_006570,fig|177416.18.peg.704,,VBIFraTul2086_0704,PATRIC.177416.18.NC_006570.CDS.635666.636154.rev,PATRIC,CDS,635666,636154,489,-,FIG01954455,PLF_262_00001241,PGF_00020361,,162,,"Metal-dependent hydrolase YbeY, involved in rRNA and/or ribosome maturation and assembly",
Francisella tularensis subsp. tularensis SCHU S4,177416.18,NC_006570,fig|177416.18.peg.1855,,VBIFraTul2086_1855,PATRIC.177416.18.NC_006570.CDS.1668667.1670706.rev,PATRIC,CDS,1668667,1670706,2040,-,FIG00021289,PLF_262_00000530,PGF_02226715,,679,,ATP-dependent DNA helicase RecG (EC 3.6.4.12),
Francisella tularensis subsp. tularensis SCHU S4,177416.18,NC_006570,fig|177416.18.peg.1034,,VBIFraTul2086_1034,PATRIC.177416.18.NC_006570.CDS.911195.911644.fwd,PATRIC,CDS,911195,911644,450,+,FIG01336807,PLF_262_00001533,PGF_00412456,,149,,Uncharacterized protein FTF0903,
Francisella tularensis subsp. tularensis SCHU S4,177416.18,NC_006570,fig|177416.18.peg.2033,,VBIFraTul2086_2033,PATRIC.177416.18.NC_006570.CDS.1837736.1838185.fwd,PATRIC,CDS,1837736,1838185,450,+,FIG00001903,PLF_262_00000742,PGF_04315180,,149,,Protein-export protein SecB (maintains pre-export unfolded state),
Francisella tularensis subsp. tularensis SCHU S4,177416.18,NC_006570,fig|177416.18.peg.1054,,VBIFraTul2086_1054,PATRIC.177416.18.NC_006570.CDS.932888.933442.fwd,PATRIC,CDS,932888,933442,555,+,FIG00658194,PLF_262_00001405,PGF_10313842,,184,,Fatty acid hydroxylase family (carotene hydroxylase/sterol desaturase),
Francisella tularensis subsp. tularensis SCHU S4,177416.18,NC_006570,,FTT1674,FTT1674,RefSeq.177416.18.NC_006570.CDS.1743509.1743952.fwd,RefSeq,CDS,1743509,1743952,444,+,,,,YP_170580.1,147,ribH,"riboflavin synthase beta subunit (6,7-dimethl-8-ribityllumazine synthase)",
Francisella tularensis subsp. tularensis SCHU S4,177416.18,NC_006570,,FTT1001,FTT1001,RefSeq.177416.18.NC_006570.CDS.1012247.1012678.fwd,RefSeq,CDS,1012247,1012678,432,+,,,,YP_169987.1,143,,regulatory protein,
Francisella tularensis subsp. tularensis SCHU S4,177416.18,NC_006570,,FTT0745c,FTT0745c,RefSeq.177416.18.NC_006570.CDS.767928.768284.rev,RefSeq,CDS,767928,768284,357,-,,,,YP_169756.1,118,,hypothetical protein,
Francisella tularensis subsp. tularensis SCHU S4,177416.18,NC_006570,,FTT0469,FTT0469,RefSeq.177416.18.NC_006570.CDS.487872.488660.fwd,RefSeq,CDS,487872,488660,789,+,,,,YP_169507.1,262,ksgA,dimethyladenosine transferase,
Francisella tularensis subsp. tularensis SCHU S4,177416.18,NC_006570,fig|177416.18.peg.2074,,VBIFraTul2086_2074,PATRIC.177416.18.NC_006570.CDS.1870520.1872199.rev,PATRIC,CDS,1870520,1872199,1680,-,FIG00744535,PLF_262_00000521,PGF_02059020,,559,,Energy-dependent translational throttle protein EttA,
Francisella tularensis subsp. tularensis SCHU S4,177416.18,NC_006570,,FTT0525,FTT0525,RefSeq.177416.18.NC_006570.CDS.547484.548140.fwd,RefSeq,CDS,547484,548140,657,+,,,,YP_169556.1,218,,hypothetical protein,
Francisella tularensis subsp. tularensis SCHU S4,177416.18,NC_006570,,FTT1669,FTT1669,RefSeq.177416.18.NC_006570.CDS.1738767.1739551.fwd,RefSeq,CDS,1738767,1739551,327,+,,,,YP_170576.1,261,isftu1,transposase,
Francisella tularensis subsp. tularensis SCHU S4,177416.18,NC_006570,,FTT1236,FTT1236,RefSeq.177416.18.NC_006570.CDS.1255328.1256416.fwd,RefSeq,CDS,1255328,1256416,1089,+,,,,YP_170194.1,362,,hypothetical protein,
Francisella tularensis subsp. tularensis SCHU S4,177416.18,NC_006570,fig|177416.18.peg.1201,,VBIFraTul2086_1201,PATRIC.177416.18.NC_006570.CDS.1059358.1059819.rev,PATRIC,CDS,1059358,1059819,462,-,FIG00000821,PLF_262_00001368,PGF_07016429,,153,,Adenylylsulfate kinase (EC 2.7.1.25),GO:0004020|adenylylsulfate kinase activity
Francisella tularensis subsp. tularensis SCHU S4,177416.18,NC_006570,fig|177416.18.peg.903,,VBIFraTul2086_0903,PATRIC.177416.18.NC_006570.CDS.803456.803785.fwd,PATRIC,CDS,803456,803785,330,+,FIG00024746,PLF_262_00001104,PGF_00002862,,109,,FIG024746: hypothetical protein,
Francisella tularensis subsp. tularensis SCHU S4,177416.18,NC_006570,fig|177416.18.peg.256,,VBIFraTul2086_0256,PATRIC.177416.18.NC_006570.CDS.243546.243740.rev,PATRIC,CDS,243546,243740,195,-,FIG01637410,PLF_262_00001680,PGF_01719348,,64,,hypothetical protein,
Francisella tularensis subsp. tularensis SCHU S4,177416.18,NC_006570,fig|177416.18.peg.1913,,VBIFraTul2086_1913,PATRIC.177416.18.NC_006570.CDS.1714108.1716417.fwd,PATRIC,CDS,1714108,1716417,2310,+,FIG00687328,PLF_262_00000033,PGF_00016691,,769,,Large protein containing transglutaminase-like domain,
Francisella tularensis subsp. tularensis SCHU S4,177416.18,NC_006570,fig|177416.18.peg.2072,,VBIFraTul2086_2072,PATRIC.177416.18.NC_006570.CDS.1869174.1869590.fwd,PATRIC,CDS,1869174,1869590,417,+,FIG01306568,PLF_262_00000002,PGF_01719295,,138,,Mobile element protein,
Francisella tularensis subsp. tularensis SCHU S4,177416.18,NC_006570,fig|177416.18.peg.1176,,VBIFraTul2086_1176,PATRIC.177416.18.NC_006570.CDS.1037405.1037953.rev,PATRIC,CDS,1037405,1037953,549,-,FIG00000742,PLF_262_00001296,PGF_06894101,,182,,3-deoxy-D-manno-octulosonate 8-phosphate phosphatase (EC 3.1.3.45),GO:0019143|3-deoxy-manno-octulosonate-8-phosphatase activity
Francisella tularensis subsp. tularensis SCHU S4,177416.18,NC_006570,fig|177416.18.peg.1711,,VBIFraTul2086_1711,PATRIC.177416.18.NC_006570.CDS.1532885.1534297.rev,PATRIC,CDS,1532885,1534297,1413,-,FIG01305387,PLF_262_00000901,PGF_05197855,,470,,Dihydrolipoamide dehydrogenase of pyruvate dehydrogenase complex (EC 1.8.1.4),GO:0004148|dihydrolipoyl dehydrogenase activity
Francisella tularensis subsp. tularensis SCHU S4,177416.18,NC_006570,fig|177416.18.peg.1762,,VBIFraTul2086_1762,PATRIC.177416.18.NC_006570.CDS.1585477.1587165.fwd,PATRIC,CDS,1585477,1587165,1689,+,FIG00018699,PLF_262_00000400,PGF_00734739,,562,,Long-chain-fatty-acid--CoA ligase (EC 6.2.1.3),GO:0004467|long-chain-fatty-acid-CoA ligase activity
Francisella tularensis subsp. tularensis SCHU S4,177416.18,NC_006570,,FTT0546,FTT0546,RefSeq.177416.18.NC_006570.CDS.565308.565919.fwd,RefSeq,CDS,565308,565919,612,+,,,,YP_169573.1,203,,hypothetical protein,
Francisella tularensis subsp. tularensis SCHU S4,177416.18,NC_006570,,FTT0156,FTT0156,RefSeq.177416.18.NC_006570.CDS.171934.172518.fwd,RefSeq,CDS,171934,172518,585,+,,,,YP_169222.1,194,,acid phosphatase,
Francisella tularensis subsp. tularensis SCHU S4,177416.18,NC_006570,,FTT0104c,FTT0104c,RefSeq.177416.18.NC_006570.CDS.107798.109075.rev,RefSeq,CDS,107798,109075,1278,-,,,,YP_169174.1,425,,major facilitator transporter,
Francisella tularensis subsp. tularensis SCHU S4,177416.18,NC_006570,,FTT1214c,FTT1214c,RefSeq.177416.18.NC_006570.CDS.1232644.1233435.rev,RefSeq,CDS,1232644,1233435,792,-,,,,YP_170172.1,263,,haloacid dehalogenase-like hydrolase family protein,
Francisella tularensis subsp. tularensis SCHU S4,177416.18,NC_006570,,FTT0461,FTT0461,RefSeq.177416.18.NC_006570.CDS.478113.478391.fwd,RefSeq,CDS,478113,478391,279,+,,,,YP_169499.1,92,yhbY,RNA-binding protein,
Francisella tularensis subsp. tularensis SCHU S4,177416.18,NC_006570,,FTT1480c,FTT1480c,RefSeq.177416.18.NC_006570.CDS.1531423.1531602.rev,RefSeq,CDS,1531423,1531602,180,-,,,,YP_170416.1,59,,hypothetical protein,
Francisella tularensis subsp. tularensis SCHU S4,177416.18,NC_006570,fig|177416.18.peg.584,,VBIFraTul2086_0584,PATRIC.177416.18.NC_006570.CDS.541312.542157.fwd,PATRIC,CDS,541312,542157,846,+,FIG00000346,PLF_262_00000768,PGF_00048840,,281,,Ribosomal protein L11 methyltransferase,
Francisella tularensis subsp. tularensis SCHU S4,177416.18,NC_006570,,FTT0227c,FTT0227c,RefSeq.177416.18.NC_006570.CDS.243547.243741.rev,RefSeq,CDS,243547,243741,195,-,,,,YP_169280.1,64,,hypothetical protein,
Francisella tularensis subsp. tularensis SCHU S4,177416.18,NC_006570,fig|177416.18.peg.1988,,VBIFraTul2086_1988,PATRIC.177416.18.NC_006570.CDS.1791973.1792602.rev,PATRIC,CDS,1791973,1792602,630,-,FIG01402827,PLF_262_00000128,PGF_00338520,,209,,hypothetical protein,
Francisella tularensis subsp. tularensis SCHU S4,177416.18,NC_006570,,FTT1277c,FTT1277c,RefSeq.177416.18.NC_006570.CDS.1297843.1299114.rev,RefSeq,CDS,1297843,1299114,1272,-,,,,YP_170233.1,423,,Sodium-solute symporter family protein,
Francisella tularensis subsp. tularensis SCHU S4,177416.18,NC_006570,,FTT0459,FTT0459,RefSeq.177416.18.NC_006570.CDS.476164.477183.fwd,RefSeq,CDS,476164,477183,1020,+,,,,YP_169497.1,339,sohB,putative periplasmic protease,
Francisella tularensis subsp. tularensis SCHU S4,177416.18,NC_006570,,FTT0584,FTT0584,RefSeq.177416.18.NC_006570.CDS.601163.604534.fwd,RefSeq,CDS,601163,604534,3372,+,,,,YP_169608.1,1123,,hypothetical protein,
Francisella tularensis subsp. tularensis SCHU S4,177416.18,NC_006570,,FTT0821,FTT0821,RefSeq.177416.18.NC_006570.CDS.838222.838926.fwd,RefSeq,CDS,838222,838926,705,+,,,,YP_169828.1,234,,hypothetical protein,
Francisella tularensis subsp. tularensis SCHU S4,177416.18,NC_006570,,FTT0085c,FTT0085c,RefSeq.177416.18.NC_006570.CDS.87340.87717.rev,RefSeq,CDS,87340,87717,378,-,,,,YP_169159.1,125,,hypothetical protein,
Francisella tularensis subsp. tularensis SCHU S4,177416.18,NC_006570,,FTT0442c,FTT0442c,RefSeq.177416.18.NC_006570.CDS.455005.456198.rev,RefSeq,CDS,455005,456198,1194,-,,,,YP_169481.1,397,,major facilitator transporter,
Francisella tularensis subsp. tularensis SCHU S4,177416.18,NC_006570,,FTT0183c,FTT0183c,RefSeq.177416.18.NC_006570.CDS.198487.200157.rev,RefSeq,CDS,198487,200157,1671,-,,,,YP_169244.1,556,rpsA,30S ribosomal protein S1,
Francisella tularensis subsp. tularensis SCHU S4,177416.18,NC_006570,,FTT0260,FTT0260,RefSeq.177416.18.NC_006570.CDS.276947.277339.fwd,RefSeq,CDS,276947,277339,393,+,,,,YP_169312.1,130,crcB,CrcB family protein,
Francisella tularensis subsp. tularensis SCHU S4,177416.18,NC_006570,,FTT1023c,FTT1023c,RefSeq.177416.18.NC_006570.CDS.1034505.1035098.rev,RefSeq,CDS,1034505,1035098,594,-,,,,YP_170008.1,197,,fumarylacetoacetate hydrolase family protein,
Francisella tularensis subsp. tularensis SCHU S4,177416.18,NC_006570,,FTT1731c,FTT1731c,RefSeq.177416.18.NC_006570.CDS.1819745.1820749.rev,RefSeq,CDS,1819745,1820749,1005,-,,,,YP_170632.1,334,obgE,GTPase ObgE,
Francisella tularensis subsp. tularensis SCHU S4,177416.18,NC_006570,fig|177416.18.peg.1958,,VBIFraTul2086_1958,PATRIC.177416.18.NC_006570.CDS.1757138.1758343.fwd,PATRIC,CDS,1757138,1758343,1206,+,FIG00004484,PLF_262_00000473,PGF_03868166,,401,,Tyrosine-specific transport protein,
Francisella tularensis subsp. tularensis SCHU S4,177416.18,NC_006570,fig|177416.18.peg.782,,VBIFraTul2086_0782,PATRIC.177416.18.NC_006570.CDS.705161.706528.rev,PATRIC,CDS,705161,706528,1368,-,FIG00000505,PLF_262_00000095,PGF_00019038,,455,,ATP-dependent hsl protease ATP-binding subunit HslU,
Francisella tularensis subsp. tularensis SCHU S4,177416.18,NC_006570,fig|177416.18.peg.1660,,VBIFraTul2086_1660,PATRIC.177416.18.NC_006570.CDS.1487324.1487470.rev,PATRIC,CDS,1487324,1487470,147,-,FIG00453115,PLF_262_00001820,PGF_01719586,,48,,hypothetical protein,
Francisella tularensis subsp. tularensis SCHU S4,177416.18,NC_006570,fig|177416.18.peg.2053,,VBIFraTul2086_2053,PATRIC.177416.18.NC_006570.CDS.1852140.1852370.rev,PATRIC,CDS,1852140,1852370,231,-,,PLF_262_00000517,PGF_05759627,,76,,4Fe-4S dicluster fused with DUF3470,
Francisella tularensis subsp. tularensis SCHU S4,177416.18,NC_006570,fig|177416.18.peg.875,,VBIFraTul2086_0875,PATRIC.177416.18.NC_006570.CDS.780471.780746.rev,PATRIC,CDS,780471,780746,276,-,FIG00657943,PLF_262_00001522,PGF_01719414,,91,,hypothetical protein,
Francisella tularensis subsp. tularensis SCHU S4,177416.18,NC_006570,fig|177416.18.peg.1793,,VBIFraTul2086_1793,PATRIC.177416.18.NC_006570.CDS.1611325.1611744.fwd,PATRIC,CDS,1611325,1611744,420,+,FIG00026291,PLF_262_00000153,PGF_00002876,,139,,FIG026291: Hypothetical periplasmic protein,
Francisella tularensis subsp. tularensis SCHU S4,177416.18,NC_006570,fig|177416.18.peg.237,FTT0212c,VBIFraTul2086_0237,PATRIC.177416.18.NC_006570.CDS.229594.230133.rev,PATRIC,CDS,229594,230133,540,-,FIG01227591,PLF_262_00001022,PGF_01721471,YP_169270.1,179,wrbA,Trp repressor binding protein,
Francisella tularensis subsp. tularensis SCHU S4,177416.18,NC_006570,fig|177416.18.peg.926,,VBIFraTul2086_0926,PATRIC.177416.18.NC_006570.CDS.826545.827756.fwd,PATRIC,CDS,826545,827756,1212,+,FIG00087648,PLF_262_00000268,PGF_00013339,,403,,Hypothetical protein in predicted poly-gamma-glutamate synthase operon,
Francisella tularensis subsp. tularensis SCHU S4,177416.18,NC_006570,fig|177416.18.peg.1187,,VBIFraTul2086_1187,PATRIC.177416.18.NC_006570.CDS.1048194.1050011.rev,PATRIC,CDS,1048194,1050011,1818,-,FIG00019251,PLF_262_00001102,PGF_00421679,,605,,DNA primase DnaG,
Francisella tularensis subsp. tularensis SCHU S4,177416.18,NC_006570,fig|177416.18.peg.13,,VBIFraTul2086_0013,PATRIC.177416.18.NC_006570.CDS.9658.10272.fwd,PATRIC,CDS,9658,10272,615,+,FIG01366777,PLF_262_00001699,PGF_00063320,,204,,Type II restriction enzyme NgoPII (EC 3.1.21.4),
Francisella tularensis subsp. tularensis SCHU S4,177416.18,NC_006570,fig|177416.18.peg.934,,VBIFraTul2086_0934,PATRIC.177416.18.NC_006570.CDS.833475.833723.rev,PATRIC,CDS,833475,833723,249,-,FIG00002614,PLF_262_00001765,PGF_01719543,,82,,hypothetical protein,
Francisella tularensis subsp. tularensis SCHU S4,177416.18,NC_006570,fig|177416.18.peg.283,,VBIFraTul2086_0283,PATRIC.177416.18.NC_006570.CDS.269465.269881.rev,PATRIC,CDS,269465,269881,417,-,FIG01306568,PLF_262_00000002,PGF_01719295,,138,,Mobile element protein,
Francisella tularensis subsp. tularensis SCHU S4,177416.18,NC_006570,fig|177416.18.peg.1712,,VBIFraTul2086_1712,PATRIC.177416.18.NC_006570.CDS.1534311.1536206.rev,PATRIC,CDS,1534311,1536206,1896,-,FIG00136675,PLF_262_00000205,PGF_01915472,,631,,Dihydrolipoamide acetyltransferase component of pyruvate dehydrogenase complex (EC 2.3.1.12),GO:0004742|dihydrolipoyllysine-residue acetyltransferase activity
Francisella tularensis subsp. tularensis SCHU S4,177416.18,NC_006570,fig|177416.18.peg.874,,VBIFraTul2086_0874,PATRIC.177416.18.NC_006570.CDS.780180.780386.rev,PATRIC,CDS,780180,780386,207,-,FIG01367709,PLF_262_00001560,PGF_01719436,,68,,hypothetical protein,
Francisella tularensis subsp. tularensis SCHU S4,177416.18,NC_006570,fig|177416.18.peg.1036,,VBIFraTul2086_1036,PATRIC.177416.18.NC_006570.CDS.912217.913659.fwd,PATRIC,CDS,912217,913659,1443,+,FIG01342635,PLF_262_00000181,PGF_01719575,,480,,type IV pilus glycosylation protein,
Francisella tularensis subsp. tularensis SCHU S4,177416.18,NC_006570,fig|177416.18.peg.22,FTT0019,VBIFraTul2086_0022,PATRIC.177416.18.NC_006570.CDS.17884.18165.fwd,PATRIC,CDS,17884,18165,282,+,FIG00000432,PLF_262_00000547,PGF_07836795,YP_169095.1,93,gatC,Aspartyl-tRNA(Asn) amidotransferase subunit C (EC 6.3.5.6) @ Glutamyl-tRNA(Gln) amidotransferase subunit C (EC 6.3.5.7),
Francisella tularensis subsp. tularensis SCHU S4,177416.18,NC_006570,fig|177416.18.peg.1734,,VBIFraTul2086_1734,PATRIC.177416.18.NC_006570.CDS.1557949.1558827.fwd,PATRIC,CDS,1557949,1558827,879,+,FIG00600726,PLF_262_00000455,PGF_04835795,,292,,Site-specific tyrosine recombinase XerC,
Francisella tularensis subsp. tularensis SCHU S4,177416.18,NC_006570,fig|177416.18.peg.653,,VBIFraTul2086_0653,PATRIC.177416.18.NC_006570.CDS.592967.593143.fwd,PATRIC,CDS,592967,593143,177,+,,PLF_262_00001686,PGF_03128085,,58,,Amino acid permease family protein,
Francisella tularensis subsp. tularensis SCHU S4,177416.18,NC_006570,,FTT1563,FTT1563,RefSeq.177416.18.NC_006570.CDS.1625075.1625839.fwd,RefSeq,CDS,1625075,1625839,765,+,,,,YP_170486.1,254,pcs,phosphatidylcholine synthase,
Francisella tularensis subsp. tularensis SCHU S4,177416.18,NC_006570,fig|177416.18.peg.317,,VBIFraTul2086_0317,PATRIC.177416.18.NC_006570.CDS.296621.298651.fwd,PATRIC,CDS,296621,298651,2031,+,FIG00001077,PLF_262_00001161,PGF_08301315,,676,,Cytochrome O ubiquinol oxidase subunit I (EC 1.10.3.-),GO:0004129|cytochrome-c oxidase activity;GO:0006118|electron transport;GO:0016020|membrane
Francisella tularensis subsp. tularensis SCHU S4,177416.18,NC_006570,,FTT0015,FTT0015,RefSeq.177416.18.NC_006570.CDS.13182.14480.fwd,RefSeq,CDS,13182,14480,1299,+,,,,YP_169091.1,432,purB,adenylosuccinate lyase,
Francisella tularensis subsp. tularensis SCHU S4,177416.18,NC_006570,,FTT1418c,FTT1418c,RefSeq.177416.18.NC_006570.CDS.1468948.1469373.rev,RefSeq,CDS,1468948,1469373,426,-,,,,YP_170361.1,141,nusB,N utilisation substance protein B,
Francisella tularensis subsp. tularensis SCHU S4,177416.18,NC_006570,,FTT1620,FTT1620,RefSeq.177416.18.NC_006570.CDS.1683483.1684267.fwd,RefSeq,CDS,1683483,1684267,459,+,,,,YP_170533.1,261,isftu1,transposase,
Francisella tularensis subsp. tularensis SCHU S4,177416.18,NC_006570,,FTT0256c,FTT0256c,RefSeq.177416.18.NC_006570.CDS.272035.273003.rev,RefSeq,CDS,272035,273003,969,-,,,,YP_169308.1,322,,lipopolysaccharide protein,
Francisella tularensis subsp. tularensis SCHU S4,177416.18,NC_006570,,FTT0547,FTT0547,RefSeq.177416.18.NC_006570.CDS.566274.566807.fwd,RefSeq,CDS,566274,566807,534,+,,,,YP_169574.1,177,,hypothetical protein,
Francisella tularensis subsp. tularensis SCHU S4,177416.18,NC_006570,,FTT1184c,FTT1184c,RefSeq.177416.18.NC_006570.CDS.1201205.1201510.rev,RefSeq,CDS,1201205,1201510,306,-,,,,YP_170146.1,101,,hypothetical protein,
Francisella tularensis subsp. tularensis SCHU S4,177416.18,NC_006570,,FTT0849,FTT0849,RefSeq.177416.18.NC_006570.CDS.862422.863351.fwd,RefSeq,CDS,862422,863351,930,+,,,,YP_169852.1,309,,bile acid symporter family protein,
Francisella tularensis subsp. tularensis SCHU S4,177416.18,NC_006570,,FTT1586c,FTT1586c,RefSeq.177416.18.NC_006570.CDS.1649918.1650199.rev,RefSeq,CDS,1649918,1650199,282,-,,,,YP_170506.1,93,,hypothetical protein,
Francisella tularensis subsp. tularensis SCHU S4,177416.18,NC_006570,,FTT1668,FTT1668,RefSeq.177416.18.NC_006570.CDS.1736560.1737783.fwd,RefSeq,CDS,1736560,1737783,1224,+,,,,YP_170575.1,407,sdaC2,serine transporter,
Francisella tularensis subsp. tularensis SCHU S4,177416.18,NC_006570,,FTT1607,FTT1607,RefSeq.177416.18.NC_006570.CDS.1673355.1673627.fwd,RefSeq,CDS,1673355,1673627,273,+,,,,YP_170523.1,90,minE,cell division topological specificity factor MinE,
Francisella tularensis subsp. tularensis SCHU S4,177416.18,NC_006570,,FTT1694c,FTT1694c,RefSeq.177416.18.NC_006570.CDS.1763296.1763730.rev,RefSeq,CDS,1763296,1763730,435,-,,,,YP_170599.1,144,,hypothetical protein,
Francisella tularensis subsp. tularensis SCHU S4,177416.18,NC_006570,,FTT0861c,FTT0861c,RefSeq.177416.18.NC_006570.CDS.871497.872090.rev,RefSeq,CDS,871497,872090,594,-,,,,YP_169863.1,197,,Type IV pili fiber building block protein,
Francisella tularensis subsp. tularensis SCHU S4,177416.18,NC_006570,,FTT0097,FTT0097,RefSeq.177416.18.NC_006570.CDS.101596.102141.fwd,RefSeq,CDS,101596,102141,546,+,,,,YP_169169.1,181,,hypothetical protein,
Francisella tularensis subsp. tularensis SCHU S4,177416.18,NC_006570,,FTT0510,FTT0510,RefSeq.177416.18.NC_006570.CDS.530402.532819.fwd,RefSeq,CDS,530402,532819,2418,+,,,,YP_169545.1,805,gyrB,DNA gyrase subunit B,
Francisella tularensis subsp. tularensis SCHU S4,177416.18,NC_006570,,FTT1494c,FTT1494c,RefSeq.177416.18.NC_006570.CDS.1546776.1547660.rev,RefSeq,CDS,1546776,1547660,885,-,,,,YP_170429.1,294,murQ,N-acetylmuramic acid-6-phosphate etherase,
Francisella tularensis subsp. tularensis SCHU S4,177416.18,NC_006570,,FTT0691,FTT0691,RefSeq.177416.18.NC_006570.CDS.709047.710237.fwd,RefSeq,CDS,709047,710237,1191,+,,,,YP_169707.1,396,tyrS,tyrosyl-tRNA synthetase,
Francisella tularensis subsp. tularensis SCHU S4,177416.18,NC_006570,,FTT1456c,FTT1456c,RefSeq.177416.18.NC_006570.CDS.1505688.1507574.rev,RefSeq,CDS,1505688,1507574,1887,-,,,,YP_170393.1,628,wbtH,asparagine synthase,
Francisella tularensis subsp. tularensis SCHU S4,177416.18,NC_006570,,FTT0864c,FTT0864c,RefSeq.177416.18.NC_006570.CDS.873895.874791.rev,RefSeq,CDS,873895,874791,897,-,,,,YP_169866.1,298,,LysR family transcriptional regulator,
Francisella tularensis subsp. tularensis SCHU S4,177416.18,NC_006570,,FTT1434c,FTT1434c,RefSeq.177416.18.NC_006570.CDS.1481356.1482135.rev,RefSeq,CDS,1481356,1482135,780,-,,,,YP_170375.1,259,yadH,"ABC transporter, membrane protein",
Francisella tularensis subsp. tularensis SCHU S4,177416.18,NC_006570,,FTT0185,FTT0185,RefSeq.177416.18.NC_006570.CDS.200770.201660.fwd,RefSeq,CDS,200770,201660,891,+,,,,YP_169246.1,296,ddlB,D-alanine--D-alanine ligase B,
Francisella tularensis subsp. tularensis SCHU S4,177416.18,NC_006570,,FTT0418,FTT0418,RefSeq.177416.18.NC_006570.CDS.431479.432942.fwd,RefSeq,CDS,431479,432942,1464,+,,,,YP_169462.1,487,malQ,4-alpha-glucanotransferase,
Francisella tularensis subsp. tularensis SCHU S4,177416.18,NC_006570,,FTT0317,FTT0317,RefSeq.177416.18.NC_006570.CDS.331479.332252.fwd,RefSeq,CDS,331479,332252,774,+,,,,YP_169366.1,257,uppS,undecaprenyl pyrophosphate synthetase,
Francisella tularensis subsp. tularensis SCHU S4,177416.18,NC_006570,fig|177416.18.peg.428,,VBIFraTul2086_0428,PATRIC.177416.18.NC_006570.CDS.385993.386844.rev,PATRIC,CDS,385993,386844,852,-,FIG00001264,PLF_262_00001403,PGF_03938996,,283,,Phosphatidylserine decarboxylase (EC 4.1.1.65),GO:0004609|phosphatidylserine decarboxylase activity
Francisella tularensis subsp. tularensis SCHU S4,177416.18,NC_006570,fig|177416.18.peg.1641,,VBIFraTul2086_1641,PATRIC.177416.18.NC_006570.CDS.1473248.1474939.rev,PATRIC,CDS,1473248,1474939,1692,-,FIG00009736,PLF_262_00000125,PGF_00043419,,563,,Putative pyridine nucleotide-disulphide oxidoreductase,
Francisella tularensis subsp. tularensis SCHU S4,177416.18,NC_006570,fig|177416.18.peg.1534,,VBIFraTul2086_1534,PATRIC.177416.18.NC_006570.CDS.1360230.1361129.fwd,PATRIC,CDS,1360230,1361129,900,+,FIG00001653,PLF_262_00000601,PGF_00006359,,299,,Fructokinase (EC 2.7.1.4),GO:0008865|fructokinase activity
Francisella tularensis subsp. tularensis SCHU S4,177416.18,NC_006570,fig|177416.18.peg.1224,,VBIFraTul2086_1224,PATRIC.177416.18.NC_006570.CDS.1073815.1074195.rev,PATRIC,CDS,1073815,1074195,381,-,FIG01306568,PLF_262_00000001,PGF_01719295,,126,,Mobile element protein,
Francisella tularensis subsp. tularensis SCHU S4,177416.18,NC_006570,fig|177416.18.peg.281,,VBIFraTul2086_0281,PATRIC.177416.18.NC_006570.CDS.267097.267984.fwd,PATRIC,CDS,267097,267984,888,+,FIG00050603,PLF_262_00000337,PGF_08376928,,295,,Branched-chain amino acid aminotransferase (EC 2.6.1.42),GO:0004084|branched-chain-amino-acid transaminase activity
Francisella tularensis subsp. tularensis SCHU S4,177416.18,NC_006570,fig|177416.18.peg.1916,,VBIFraTul2086_1916,PATRIC.177416.18.NC_006570.CDS.1718233.1718859.fwd,PATRIC,CDS,1718233,1718859,627,+,FIG01361421,PLF_262_00000947,PGF_08225224,,208,,hypothetical protein,
Francisella tularensis subsp. tularensis SCHU S4,177416.18,NC_006570,fig|177416.18.peg.1337,,VBIFraTul2086_1337,PATRIC.177416.18.NC_006570.CDS.1171191.1171703.rev,PATRIC,CDS,1171191,1171703,513,-,FIG00001796,PLF_262_00000224,PGF_01719735,,170,,Type IV pilus biogenesis protein PilO,
Francisella tularensis subsp. tularensis SCHU S4,177416.18,NC_006570,fig|177416.18.peg.1833,,VBIFraTul2086_1833,PATRIC.177416.18.NC_006570.CDS.1648839.1649255.rev,PATRIC,CDS,1648839,1649255,417,-,FIG01306568,PLF_262_00000002,PGF_01719295,,138,,Mobile element protein,
Francisella tularensis subsp. tularensis SCHU S4,177416.18,NC_006570,fig|177416.18.peg.2064,,VBIFraTul2086_2064,PATRIC.177416.18.NC_006570.CDS.1863820.1864857.rev,PATRIC,CDS,1863820,1864857,1038,-,FIG00229345,PLF_262_00001090,PGF_04431830,,345,,Thermostable carboxypeptidase 1 (EC 3.4.17.19),
Francisella tularensis subsp. tularensis SCHU S4,177416.18,NC_006570,fig|177416.18.peg.1662,,VBIFraTul2086_1662,PATRIC.177416.18.NC_006570.CDS.1488773.1489729.rev,PATRIC,CDS,1488773,1489729,957,-,FIG00000140,PLF_262_00000581,PGF_00422271,,318,,DNA-directed RNA polymerase alpha subunit (EC 2.7.7.6),GO:0003899|DNA-directed RNA polymerase activity
Francisella tularensis subsp. tularensis SCHU S4,177416.18,NC_006570,fig|177416.18.peg.697,,VBIFraTul2086_0697,PATRIC.177416.18.NC_006570.CDS.629192.630256.fwd,PATRIC,CDS,629192,630256,1065,+,FIG01371368,PLF_262_00000583,PGF_03863408,,354,,DNA/RNA endonuclease G,
Francisella tularensis subsp. tularensis SCHU S4,177416.18,NC_006570,fig|177416.18.peg.366,,VBIFraTul2086_0366,PATRIC.177416.18.NC_006570.CDS.340446.340781.fwd,PATRIC,CDS,340446,340781,336,+,FIG00000219,PLF_262_00001107,PGF_00016368,,111,,LSU ribosomal protein L22p (L17e),GO:0003735|structural constituent of ribosome;GO:0005622|intracellular;GO:0005840|ribosome;GO:0006412|translation
Francisella tularensis subsp. tularensis SCHU S4,177416.18,NC_006570,fig|177416.18.peg.1408,,VBIFraTul2086_1408,PATRIC.177416.18.NC_006570.CDS.1234068.1235084.rev,PATRIC,CDS,1234068,1235084,1017,-,FIG00000334,PLF_262_00000777,PGF_00049362,,338,,S-adenosylmethionine:tRNA ribosyltransferase-isomerase (EC 2.4.99.17),
Francisella tularensis subsp. tularensis SCHU S4,177416.18,NC_006570,fig|177416.18.peg.1456,,VBIFraTul2086_1456,PATRIC.177416.18.NC_006570.CDS.1283338.1283493.rev,PATRIC,CDS,1283338,1283493,156,-,FIG01312614,PLF_262_00000172,PGF_00062013,,51,,Tryptophan repressor binding protein,
Francisella tularensis subsp. tularensis SCHU S4,177416.18,NC_006570,fig|177416.18.peg.1237,,VBIFraTul2086_1237,PATRIC.177416.18.NC_006570.CDS.1085435.1085815.fwd,PATRIC,CDS,1085435,1085815,381,+,FIG01306568,PLF_262_00000001,PGF_01719295,,126,,Mobile element protein,
Francisella tularensis subsp. tularensis SCHU S4,177416.18,NC_006570,fig|177416.18.peg.18,FTT0015,VBIFraTul2086_0018,PATRIC.177416.18.NC_006570.CDS.13182.14480.fwd,PATRIC,CDS,13182,14480,1299,+,FIG00000117,PLF_262_00000540,PGF_01054379,YP_169091.1,432,purB,Adenylosuccinate lyase (EC 4.3.2.2) @ SAICAR lyase (EC 4.3.2.2),"GO:0004018|N6-(1,2-dicarboxyethyl)AMP AMP-lyase (fumarate-forming) activity;GO:0004018|(S)-2-(5-amino-1-(5-phospho-D-ribosyl)imidazole-4-carboxamido)succinate AMP-lyase (fumarate-forming) activity"
Francisella tularensis subsp. tularensis SCHU S4,177416.18,NC_006570,fig|177416.18.peg.1304,,VBIFraTul2086_1304,PATRIC.177416.18.NC_006570.CDS.1144308.1145060.rev,PATRIC,CDS,1144308,1145060,753,-,FIG00002239,PLF_262_00001383,PGF_04776928,,250,,Glycerophosphoryl diester phosphodiesterase (EC 3.1.4.46),GO:0008889|glycerophosphodiester phosphodiesterase activity
Francisella tularensis subsp. tularensis SCHU S4,177416.18,NC_006570,fig|177416.18.peg.129,FTT0117,VBIFraTul2086_0129,PATRIC.177416.18.NC_006570.CDS.126208.126837.fwd,PATRIC,CDS,126208,126837,630,+,FIG00000175,PLF_262_00001261,PGF_06111020,YP_169187.1,209,tmk,Thymidylate kinase (EC 2.7.4.9),GO:0004798|thymidylate kinase activity
Francisella tularensis subsp. tularensis SCHU S4,177416.18,NC_006570,fig|177416.18.peg.799,,VBIFraTul2086_0799,PATRIC.177416.18.NC_006570.CDS.721301.721966.fwd,PATRIC,CDS,721301,721966,666,+,FIG00000995,PLF_262_00000836,PGF_01776925,,221,,Uridine kinase (EC 2.7.1.48),GO:0004849|uridine kinase activity
Francisella tularensis subsp. tularensis SCHU S4,177416.18,NC_006570,fig|177416.18.peg.908,,VBIFraTul2086_0908,PATRIC.177416.18.NC_006570.CDS.807002.807670.fwd,PATRIC,CDS,807002,807670,669,+,FIG00000047,PLF_262_00000773,PGF_10245672,,222,,Ribulose-phosphate 3-epimerase (EC 5.1.3.1),GO:0004750|ribulose-phosphate 3-epimerase activity
Francisella tularensis subsp. tularensis SCHU S4,177416.18,NC_006570,fig|177416.18.peg.353,,VBIFraTul2086_0353,PATRIC.177416.18.NC_006570.CDS.331574.332251.fwd,PATRIC,CDS,331574,332251,678,+,FIG01306573,PLF_262_00000478,PGF_02280759,,225,,Undecaprenyl diphosphate synthase (EC 2.5.1.31),
Francisella tularensis subsp. tularensis SCHU S4,177416.18,NC_006570,fig|177416.18.peg.631,,VBIFraTul2086_0631,PATRIC.177416.18.NC_006570.CDS.576352.577017.rev,PATRIC,CDS,576352,577017,666,-,FIG00041008,PLF_262_00001223,PGF_02455692,,221,,Cytidylate kinase (EC 2.7.4.25),
Francisella tularensis subsp. tularensis SCHU S4,177416.18,NC_006570,fig|177416.18.peg.220,FTT0200,VBIFraTul2086_0220,PATRIC.177416.18.NC_006570.CDS.217960.218373.fwd,PATRIC,CDS,217960,218373,414,+,FIG01364131,PLF_262_00001059,PGF_01719307,YP_169261.1,137,,INTERNALIN A,
Francisella tularensis subsp. tularensis SCHU S4,177416.18,NC_006570,fig|177416.18.peg.716,,VBIFraTul2086_0716,PATRIC.177416.18.NC_006570.CDS.648893.649798.fwd,PATRIC,CDS,648893,649798,906,+,FIG00000196,PLF_262_00000875,PGF_04807486,,301,,tRNA dimethylallyltransferase (EC 2.5.1.75),GO:0052381|tRNA dimethylallyltransferase activity
Francisella tularensis subsp. tularensis SCHU S4,177416.18,NC_006570,fig|177416.18.peg.412,,VBIFraTul2086_0412,PATRIC.177416.18.NC_006570.CDS.370900.371310.rev,PATRIC,CDS,370900,371310,411,-,FIG00000228,PLF_262_00001503,PGF_03753407,,136,,tRNA threonylcarbamoyladenosine biosynthesis protein TsaE,
Francisella tularensis subsp. tularensis SCHU S4,177416.18,NC_006570,fig|177416.18.peg.1124,,VBIFraTul2086_1124,PATRIC.177416.18.NC_006570.CDS.990734.990853.fwd,PATRIC,CDS,990734,990853,120,+,FIG00638284,PLF_262_00001893,PGF_01719626,,39,,hypothetical protein,
Francisella tularensis subsp. tularensis SCHU S4,177416.18,NC_006570,fig|177416.18.peg.1471,,VBIFraTul2086_1471,PATRIC.177416.18.NC_006570.CDS.1295896.1296324.fwd,PATRIC,CDS,1295896,1296324,429,+,FIG00000211,PLF_262_00000640,PGF_06180597,,142,,LSU ribosomal protein L13p (L13Ae),GO:0003735|structural constituent of ribosome;GO:0005622|intracellular;GO:0005840|ribosome;GO:0006412|translation
Francisella tularensis subsp. tularensis SCHU S4,177416.18,NC_006570,fig|177416.18.peg.80,FTT0074,VBIFraTul2086_0080,PATRIC.177416.18.NC_006570.CDS.74645.76438.fwd,PATRIC,CDS,74645,76438,1794,+,FIG00136922,PLF_262_00000457,PGF_08998238,YP_169149.1,597,sdhA,Succinate dehydrogenase flavoprotein subunit (EC 1.3.5.1),GO:0008177|succinate dehydrogenase (ubiquinone) activity
Francisella tularensis subsp. tularensis SCHU S4,177416.18,NC_006570,,FTT0916c,FTT0916c,RefSeq.177416.18.NC_006570.CDS.924619.925539.rev,RefSeq,CDS,924619,925539,921,-,,,,YP_169913.1,306,ribF,riboflavin biosynthesis protein RibF,
Francisella tularensis subsp. tularensis SCHU S4,177416.18,NC_006570,fig|177416.18.peg.404,,VBIFraTul2086_0404,PATRIC.177416.18.NC_006570.CDS.364422.364871.rev,PATRIC,CDS,364422,364871,450,-,FIG00658020,PLF_262_00001349,PGF_00175216,,149,,hypothetical protein,
Francisella tularensis subsp. tularensis SCHU S4,177416.18,NC_006570,,FTT0797,FTT0797,RefSeq.177416.18.NC_006570.CDS.815666.816625.fwd,RefSeq,CDS,815666,816625,960,+,,,,YP_169804.1,319,,glycosyl transferase family protein,
Francisella tularensis subsp. tularensis SCHU S4,177416.18,NC_006570,,FTT0877c,FTT0877c,RefSeq.177416.18.NC_006570.CDS.886005.886634.rev,RefSeq,CDS,886005,886634,630,-,,,,YP_169877.1,209,,hypothetical protein,
Francisella tularensis subsp. tularensis SCHU S4,177416.18,NC_006570,,FTT0248,FTT0248,RefSeq.177416.18.NC_006570.CDS.260523.260894.fwd,RefSeq,CDS,260523,260894,372,+,,,,YP_169300.1,123,,hypothetical protein,
Francisella tularensis subsp. tularensis SCHU S4,177416.18,NC_006570,,FTT0439,FTT0439,RefSeq.177416.18.NC_006570.CDS.452620.453276.fwd,RefSeq,CDS,452620,453276,657,+,,,,YP_169479.1,218,yjfH,tRNA/rRNA methyltransferase,
Francisella tularensis subsp. tularensis SCHU S4,177416.18,NC_006570,,FTT1616,FTT1616,RefSeq.177416.18.NC_006570.CDS.1679490.1680884.fwd,RefSeq,CDS,1679490,1680884,1395,+,,,,YP_170531.1,464,cysS,cysteinyl-tRNA synthetase,
Francisella tularensis subsp. tularensis SCHU S4,177416.18,NC_006570,,FTT1784c,FTT1784c,RefSeq.177416.18.NC_006570.CDS.1873678.1873986.rev,RefSeq,CDS,1873678,1873986,309,-,,,,YP_170672.1,102,,hypothetical protein,
Francisella tularensis subsp. tularensis SCHU S4,177416.18,NC_006570,,FTT1201c,FTT1201c,RefSeq.177416.18.NC_006570.CDS.1219654.1220376.rev,RefSeq,CDS,1219654,1220376,723,-,,,,YP_170160.1,240,,"oxidoreductase, short-chain dehydrogenase family protein",
Francisella tularensis subsp. tularensis SCHU S4,177416.18,NC_006570,,FTT1247,FTT1247,RefSeq.177416.18.NC_006570.CDS.1268202.1269302.fwd,RefSeq,CDS,1268202,1269302,1101,+,,,,YP_170205.1,366,,"ABC transporter, membrane protein",
Francisella tularensis subsp. tularensis SCHU S4,177416.18,NC_006570,,FTT1138,FTT1138,RefSeq.177416.18.NC_006570.CDS.1150233.1151234.fwd,RefSeq,CDS,1150233,1151234,1002,+,,,,YP_170109.1,333,hemH,ferrochelatase,
Francisella tularensis subsp. tularensis SCHU S4,177416.18,NC_006570,,FTT1595,FTT1595,RefSeq.177416.18.NC_006570.CDS.1659919.1660074.fwd,RefSeq,CDS,1659919,1660074,156,+,,,,YP_170511.1,51,,hypothetical protein,
Francisella tularensis subsp. tularensis SCHU S4,177416.18,NC_006570,,FTT0475,FTT0475,RefSeq.177416.18.NC_006570.CDS.492638.493756.fwd,RefSeq,CDS,492638,493756,1119,+,,,,YP_169513.1,372,msc,mechanosensitive ion channel protein,
Francisella tularensis subsp. tularensis SCHU S4,177416.18,NC_006570,,FTT1136c,FTT1136c,RefSeq.177416.18.NC_006570.CDS.1149487.1149822.rev,RefSeq,CDS,1149487,1149822,336,-,,,,YP_170107.1,111,,hypothetical protein,
Francisella tularensis subsp. tularensis SCHU S4,177416.18,NC_006570,,FTT1158c,FTT1158c,RefSeq.177416.18.NC_006570.CDS.1171193.1171789.rev,RefSeq,CDS,1171193,1171789,597,-,,,,YP_170125.1,198,,Type IV pili glycosylation protein,
Francisella tularensis subsp. tularensis SCHU S4,177416.18,NC_006570,,FTT1758c,FTT1758c,RefSeq.177416.18.NC_006570.CDS.1847013.1847606.rev,RefSeq,CDS,1847013,1847606,594,-,,,,YP_170650.1,197,,B-type cytochrome,
Francisella tularensis subsp. tularensis SCHU S4,177416.18,NC_006570,,FTT1570c,FTT1570c,RefSeq.177416.18.NC_006570.CDS.1631576.1632067.rev,RefSeq,CDS,1631576,1632067,492,-,,,,YP_170492.1,163,fabZ,(3R)-hydroxymyristoyl-ACP dehydratase,
Francisella tularensis subsp. tularensis SCHU S4,177416.18,NC_006570,,FTT0053,FTT0053,RefSeq.177416.18.NC_006570.CDS.54954.56252.fwd,RefSeq,CDS,54954,56252,1299,+,,,,YP_169128.1,432,,major facilitator transporter,
Francisella tularensis subsp. tularensis SCHU S4,177416.18,NC_006570,,FTT1659,FTT1659,RefSeq.177416.18.NC_006570.CDS.1724287.1725312.fwd,RefSeq,CDS,1724287,1725312,1026,+,,,,YP_170567.1,341,,hypothetical protein,
Francisella tularensis subsp. tularensis SCHU S4,177416.18,NC_006570,,FTT0101,FTT0101,RefSeq.177416.18.NC_006570.CDS.104514.105527.fwd,RefSeq,CDS,104514,105527,1014,+,,,,YP_169172.1,337,,hypothetical protein,
Francisella tularensis subsp. tularensis SCHU S4,177416.18,NC_006570,,FTT1463c,FTT1463c,RefSeq.177416.18.NC_006570.CDS.1514090.1514707.rev,RefSeq,CDS,1514090,1514707,618,-,,,,YP_170400.1,205,wbtB,galactosyl transferase,
Francisella tularensis subsp. tularensis SCHU S4,177416.18,NC_006570,,FTT1169,FTT1169,RefSeq.177416.18.NC_006570.CDS.1182765.1183637.fwd,RefSeq,CDS,1182765,1183637,873,+,,,,YP_170135.1,290,,GTP-binding protein,
Francisella tularensis subsp. tularensis SCHU S4,177416.18,NC_006570,,FTT0827c,FTT0827c,RefSeq.177416.18.NC_006570.CDS.842103.843416.rev,RefSeq,CDS,842103,843416,1314,-,,,,YP_169834.1,437,,hypothetical protein,
Francisella tularensis subsp. tularensis SCHU S4,177416.18,NC_006570,,FTT1175c,FTT1175c,RefSeq.177416.18.NC_006570.CDS.1189244.1189882.rev,RefSeq,CDS,1189244,1189882,639,-,,,,YP_170140.1,212,,hypothetical protein,
Francisella tularensis subsp. tularensis SCHU S4,177416.18,NC_006570,fig|177416.18.peg.1204,,VBIFraTul2086_1204,PATRIC.177416.18.NC_006570.CDS.1062454.1062648.rev,PATRIC,CDS,1062454,1062648,195,-,FIG00638284,PLF_262_00001723,PGF_01719514,,64,,hypothetical protein,
Francisella tularensis subsp. tularensis SCHU S4,177416.18,NC_006570,fig|177416.18.peg.542,,VBIFraTul2086_0542,PATRIC.177416.18.NC_006570.CDS.504862.506664.fwd,PATRIC,CDS,504862,506664,1803,+,FIG00000380,PLF_262_00000353,PGF_05507938,,600,,DNA mismatch repair protein MutL,GO:0005524|ATP binding;GO:0006298|mismatch repair
Francisella tularensis subsp. tularensis SCHU S4,177416.18,NC_006570,fig|177416.18.peg.604,,VBIFraTul2086_0604,PATRIC.177416.18.NC_006570.CDS.557817.558329.fwd,PATRIC,CDS,557817,558329,513,+,FIG00946206,PLF_262_00001442,PGF_00308627,,170,,hypothetical protein,
Francisella tularensis subsp. tularensis SCHU S4,177416.18,NC_006570,fig|177416.18.peg.1368,,VBIFraTul2086_1368,PATRIC.177416.18.NC_006570.CDS.1198959.1199165.rev,PATRIC,CDS,1198959,1199165,207,-,FIG01321310,PLF_262_00001785,PGF_01719556,,68,,Lipoprotein,
Francisella tularensis subsp. tularensis SCHU S4,177416.18,NC_006570,fig|177416.18.peg.1817,,VBIFraTul2086_1817,PATRIC.177416.18.NC_006570.CDS.1631541.1632032.rev,PATRIC,CDS,1631541,1632032,492,-,FIG00000393,PLF_262_00000236,PGF_07504595,,163,,"3-hydroxyacyl-[acyl-carrier-protein] dehydratase, FabZ form (EC 4.2.1.59)",GO:0019171|3-hydroxyacyl-[acyl-carrier-protein] dehydratase activity;GO:0019171|3-hydroxyoctanoyl-[acyl-carrier-protein] dehydratase activity
Francisella tularensis subsp. tularensis SCHU S4,177416.18,NC_006570,fig|177416.18.peg.1049,,VBIFraTul2086_1049,PATRIC.177416.18.NC_006570.CDS.927711.929339.fwd,PATRIC,CDS,927711,929339,1629,+,FIG00001074,PLF_262_00001050,PGF_00408265,,542,,putative lipoprotein,
Francisella tularensis subsp. tularensis SCHU S4,177416.18,NC_006570,fig|177416.18.peg.356,,VBIFraTul2086_0356,PATRIC.177416.18.NC_006570.CDS.333519.334115.fwd,PATRIC,CDS,333519,334115,597,+,FIG00001550,PLF_262_00000338,PGF_03295678,,198,,CDP-diacylglycerol--glycerol-3-phosphate 3-phosphatidyltransferase (EC 2.7.8.5),GO:0008444|CDP-diacylglycerol-glycerol-3-phosphate 3-phosphatidyltransferase activity
Francisella tularensis subsp. tularensis SCHU S4,177416.18,NC_006570,fig|177416.18.peg.1460,,VBIFraTul2086_1460,PATRIC.177416.18.NC_006570.CDS.1285041.1286006.rev,PATRIC,CDS,1285041,1286006,966,-,FIG00657767,PLF_262_00000067,PGF_01722143,,321,,hypothetical protein,
Francisella tularensis subsp. tularensis SCHU S4,177416.18,NC_006570,fig|177416.18.peg.973,,VBIFraTul2086_0973,PATRIC.177416.18.NC_006570.CDS.862158.862295.fwd,PATRIC,CDS,862158,862295,138,+,FIG01493439,PLF_262_00001623,PGF_05305060,,45,,Uncharacterized protein Caur_1846,
Francisella tularensis subsp. tularensis SCHU S4,177416.18,NC_006570,fig|177416.18.peg.60,FTT0055,VBIFraTul2086_0060,PATRIC.177416.18.NC_006570.CDS.57315.58244.fwd,PATRIC,CDS,57315,58244,930,+,,PLF_262_00000766,PGF_02996782,YP_169130.1,309,rluC,LSU rRNA pseudouridine(955/2504/2580) synthase (EC 5.4.99.24),
Francisella tularensis subsp. tularensis SCHU S4,177416.18,NC_006570,fig|177416.18.peg.547,,VBIFraTul2086_0547,PATRIC.177416.18.NC_006570.CDS.510079.511296.rev,PATRIC,CDS,510079,511296,1218,-,FIG00658353,PLF_262_00001110,PGF_01719320,,405,,Phospholipase D family protein,
Francisella tularensis subsp. tularensis SCHU S4,177416.18,NC_006570,fig|177416.18.peg.1858,,VBIFraTul2086_1858,PATRIC.177416.18.NC_006570.CDS.1671577.1671732.fwd,PATRIC,CDS,1671577,1671732,156,+,FIG01956151,PLF_262_00000651,PGF_00016416,,51,,"LSU ribosomal protein L33p @ LSU ribosomal protein L33p, zinc-independent",GO:0003735|structural constituent of ribosome;GO:0005622|intracellular;GO:0005840|ribosome;GO:0006412|translation
Francisella tularensis subsp. tularensis SCHU S4,177416.18,NC_006570,fig|177416.18.peg.579,,VBIFraTul2086_0579,PATRIC.177416.18.NC_006570.CDS.536875.537714.fwd,PATRIC,CDS,536875,537714,840,+,FIG00104852,PLF_262_00000135,PGF_00066308,,279,,"Uroporphyrinogen-III synthase in Bacteroidetes, divergent, putative (EC 4.2.1.75)",GO:0004852|uroporphyrinogen-III synthase activity
Francisella tularensis subsp. tularensis SCHU S4,177416.18,NC_006570,fig|177416.18.peg.226,FTT0204,VBIFraTul2086_0226,PATRIC.177416.18.NC_006570.CDS.222665.223951.fwd,PATRIC,CDS,222665,223951,1287,+,FIG00000107,PLF_262_00000541,PGF_06935032,YP_169264.1,428,purA,Adenylosuccinate synthetase (EC 6.3.4.4),GO:0004019|adenylosuccinate synthase activity
Francisella tularensis subsp. tularensis SCHU S4,177416.18,NC_006570,fig|177416.18.peg.1822,,VBIFraTul2086_1822,PATRIC.177416.18.NC_006570.CDS.1637265.1639871.rev,PATRIC,CDS,1637265,1639871,2607,-,FIG00000080,PLF_262_00000575,PGF_03272313,,868,,DNA gyrase subunit A (EC 5.99.1.3),GO:0003918|DNA topoisomerase (ATP-hydrolyzing) activity
Francisella tularensis subsp. tularensis SCHU S4,177416.18,NC_006570,fig|177416.18.peg.1504,,VBIFraTul2086_1504,PATRIC.177416.18.NC_006570.CDS.1325129.1325905.fwd,PATRIC,CDS,1325129,1325905,777,+,FIG00033705,PLF_262_00001259,PGF_00049554,,258,,"SAM-dependent methyltransferase, BioC-like",
Francisella tularensis subsp. tularensis SCHU S4,177416.18,NC_006570,fig|177416.18.peg.1887,,VBIFraTul2086_1887,PATRIC.177416.18.NC_006570.CDS.1690201.1690344.rev,PATRIC,CDS,1690201,1690344,144,-,FIG00657796,PLF_262_00005706,PGF_04016886,,47,,hypothetical protein,
Francisella tularensis subsp. tularensis SCHU S4,177416.18,NC_006570,fig|177416.18.peg.1339,,VBIFraTul2086_1339,PATRIC.177416.18.NC_006570.CDS.1172346.1173350.rev,PATRIC,CDS,1172346,1173350,1005,-,FIG00657830,PLF_262_00001446,PGF_00348965,,334,,hypothetical protein,
Francisella tularensis subsp. tularensis SCHU S4,177416.18,NC_006570,fig|177416.18.peg.1803,,VBIFraTul2086_1803,PATRIC.177416.18.NC_006570.CDS.1620059.1620574.rev,PATRIC,CDS,1620059,1620574,516,-,FIG01958967,PLF_262_00001505,PGF_00296076,,171,,hypothetical protein,
Francisella tularensis subsp. tularensis SCHU S4,177416.18,NC_006570,fig|177416.18.peg.1250,,VBIFraTul2086_1250,PATRIC.177416.18.NC_006570.CDS.1093845.1094831.fwd,PATRIC,CDS,1093845,1094831,987,+,,PLF_262_00000757,PGF_00048327,,328,,Rhodanese domain protein UPF0176,
Francisella tularensis subsp. tularensis SCHU S4,177416.18,NC_006570,fig|177416.18.peg.965,,VBIFraTul2086_0965,PATRIC.177416.18.NC_006570.CDS.856026.856649.fwd,PATRIC,CDS,856026,856649,624,+,FIG01303872,PLF_262_00000807,PGF_00057028,,207,,Tol-Pal system peptidoglycan-associated lipoprotein PAL,
Francisella tularensis subsp. tularensis SCHU S4,177416.18,NC_006570,fig|177416.18.peg.589,,VBIFraTul2086_0589,PATRIC.177416.18.NC_006570.CDS.545582.546808.fwd,PATRIC,CDS,545582,546808,1227,+,FIG01332742,PLF_262_00001735,PGF_04563108,,408,,"Type I restriction-modification system, specificity subunit S",
Francisella tularensis subsp. tularensis SCHU S4,177416.18,NC_006570,fig|177416.18.peg.483,,VBIFraTul2086_0483,PATRIC.177416.18.NC_006570.CDS.447726.447914.fwd,PATRIC,CDS,447726,447914,189,+,,PLF_262_00001873,PGF_01719613,,62,,hypothetical protein,
Francisella tularensis subsp. tularensis SCHU S4,177416.18,NC_006570,fig|177416.18.peg.1472,,VBIFraTul2086_1472,PATRIC.177416.18.NC_006570.CDS.1296340.1296729.fwd,PATRIC,CDS,1296340,1296729,390,+,FIG00001110,PLF_262_00000786,PGF_00049909,,129,,SSU ribosomal protein S9p (S16e),GO:0003735|structural constituent of ribosome;GO:0005622|intracellular;GO:0005840|ribosome;GO:0006412|translation
Francisella tularensis subsp. tularensis SCHU S4,177416.18,NC_006570,fig|177416.18.peg.1247,,VBIFraTul2086_1247,PATRIC.177416.18.NC_006570.CDS.1091062.1091865.rev,PATRIC,CDS,1091062,1091865,804,-,FIG01323555,PLF_262_00001475,PGF_00015483,,267,,Iron-regulated protein frpC,
Francisella tularensis subsp. tularensis SCHU S4,177416.18,NC_006570,fig|177416.18.peg.1232,,VBIFraTul2086_1232,PATRIC.177416.18.NC_006570.CDS.1079871.1082798.rev,PATRIC,CDS,1079871,1082798,2928,-,FIG01167256,PLF_262_00001777,PGF_00421121,,975,,DEAD/DEAH box helicase-like protein,
Francisella tularensis subsp. tularensis SCHU S4,177416.18,NC_006570,fig|177416.18.peg.1909,,VBIFraTul2086_1909,PATRIC.177416.18.NC_006570.CDS.1711785.1712078.fwd,PATRIC,CDS,1711785,1712078,294,+,FIG00000473,PLF_262_00000064,PGF_00421071,,97,,D-aminoacyl-tRNA deacylase (EC 3.1.1.96),
Francisella tularensis subsp. tularensis SCHU S4,177416.18,NC_006570,fig|177416.18.peg.1052,,VBIFraTul2086_1052,PATRIC.177416.18.NC_006570.CDS.931304.931720.fwd,PATRIC,CDS,931304,931720,417,+,FIG01306568,PLF_262_00000002,PGF_01719295,,138,,Mobile element protein,
Francisella tularensis subsp. tularensis SCHU S4,177416.18,NC_006570,fig|177416.18.peg.1550,,VBIFraTul2086_1550,PATRIC.177416.18.NC_006570.CDS.1386053.1386547.fwd,PATRIC,CDS,1386053,1386547,495,+,FIG00657553,PLF_262_00002146,PGF_00414608,,164,,vgrG protein,
Francisella tularensis subsp. tularensis SCHU S4,177416.18,NC_006570,fig|177416.18.peg.2025,,VBIFraTul2086_2025,PATRIC.177416.18.NC_006570.CDS.1831850.1832266.rev,PATRIC,CDS,1831850,1832266,417,-,FIG01306568,PLF_262_00000002,PGF_01719295,,138,,Mobile element protein,
Francisella tularensis subsp. tularensis SCHU S4,177416.18,NC_006570,fig|177416.18.peg.787,,VBIFraTul2086_0787,PATRIC.177416.18.NC_006570.CDS.710248.710412.fwd,PATRIC,CDS,710248,710412,165,+,FIG00657448,PLF_262_00001051,PGF_01719306,,54,,hypothetical protein,
Francisella tularensis subsp. tularensis SCHU S4,177416.18,NC_006570,fig|177416.18.peg.162,FTT0146,VBIFraTul2086_0162,PATRIC.177416.18.NC_006570.CDS.163426.163653.fwd,PATRIC,CDS,163426,163653,228,+,FIG00946206,PLF_262_00000867,PGF_00408742,YP_169212.1,75,,putative membrane protein,
Francisella tularensis subsp. tularensis SCHU S4,177416.18,NC_006570,fig|177416.18.peg.1941,,VBIFraTul2086_1941,PATRIC.177416.18.NC_006570.CDS.1743465.1743908.fwd,PATRIC,CDS,1743465,1743908,444,+,FIG00000231,PLF_262_00000520,PGF_00426932,,147,,"6,7-dimethyl-8-ribityllumazine synthase (EC 2.5.1.78)",
Francisella tularensis subsp. tularensis SCHU S4,177416.18,NC_006570,fig|177416.18.peg.685,,VBIFraTul2086_0685,PATRIC.177416.18.NC_006570.CDS.620247.620366.fwd,PATRIC,CDS,620247,620366,120,+,FIG00638284,PLF_262_00001648,PGF_01719477,,39,,hypothetical protein,
Francisella tularensis subsp. tularensis SCHU S4,177416.18,NC_006570,,FTT1747,FTT1747,RefSeq.177416.18.NC_006570.CDS.1836620.1837195.fwd,RefSeq,CDS,1836620,1837195,576,+,,,,YP_170641.1,191,,outer membrane protein,
Francisella tularensis subsp. tularensis SCHU S4,177416.18,NC_006570,,FTT0384c,FTT0384c,RefSeq.177416.18.NC_006570.CDS.385994.386845.rev,RefSeq,CDS,385994,386845,852,-,,,,YP_169429.1,283,psd,phosphatidylserine decarboxylase proenzyme,
Francisella tularensis subsp. tularensis SCHU S4,177416.18,NC_006570,,FTT1623c,FTT1623c,RefSeq.177416.18.NC_006570.CDS.1686479.1686799.rev,RefSeq,CDS,1686479,1686799,321,-,,,,YP_170536.1,106,,hypothetical protein,
Francisella tularensis subsp. tularensis SCHU S4,177416.18,NC_006570,,FTT1343c,FTT1343c,RefSeq.177416.18.NC_006570.CDS.1373544.1374353.rev,RefSeq,CDS,1373544,1374353,810,-,,,,YP_170295.1,269,,hypothetical protein,
Francisella tularensis subsp. tularensis SCHU S4,177416.18,NC_006570,,FTT0148,FTT0148,RefSeq.177416.18.NC_006570.CDS.164777.165943.fwd,RefSeq,CDS,164777,165943,1167,+,,,,YP_169214.1,388,,fatty acid desaturase,
Francisella tularensis subsp. tularensis SCHU S4,177416.18,NC_006570,,FTT1092c,FTT1092c,RefSeq.177416.18.NC_006570.CDS.1101066.1101524.rev,RefSeq,CDS,1101066,1101524,459,-,,,,YP_170071.1,152,,hypothetical protein,
Francisella tularensis subsp. tularensis SCHU S4,177416.18,NC_006570,,FTT0710,FTT0710,RefSeq.177416.18.NC_006570.CDS.729006.729296.fwd,RefSeq,CDS,729006,729296,291,+,,,,YP_169725.1,96,ftsB,cell division protein,
Francisella tularensis subsp. tularensis SCHU S4,177416.18,NC_006570,,FTT0524,FTT0524,RefSeq.177416.18.NC_006570.CDS.547051.547437.fwd,RefSeq,CDS,547051,547437,387,+,,,,YP_169555.1,128,,hypothetical protein,
Francisella tularensis subsp. tularensis SCHU S4,177416.18,NC_006570,,FTT0592,FTT0592,RefSeq.177416.18.NC_006570.CDS.611224.611910.fwd,RefSeq,CDS,611224,611910,687,+,,,,YP_169615.1,228,cynT,carbonic anhydrase,
Francisella tularensis subsp. tularensis SCHU S4,177416.18,NC_006570,,FTT1278c,FTT1278c,RefSeq.177416.18.NC_006570.CDS.1299107.1299670.rev,RefSeq,CDS,1299107,1299670,564,-,,,,YP_170234.1,187,rnhB,ribonuclease HII,
Francisella tularensis subsp. tularensis SCHU S4,177416.18,NC_006570,,FTT1276,FTT1276,RefSeq.177416.18.NC_006570.CDS.1297439.1297846.fwd,RefSeq,CDS,1297439,1297846,408,+,,,,YP_170232.1,135,mglB,ClpXP protease specificity-enhancing factor,
Francisella tularensis subsp. tularensis SCHU S4,177416.18,NC_006570,,FTT1147c,FTT1147c,RefSeq.177416.18.NC_006570.CDS.1157638.1158813.rev,RefSeq,CDS,1157638,1158813,1176,-,,,,YP_170114.1,391,dfp,"4'-phosphopantothenoylcysteine decarboxylase,phosphopantothenoylcysteine synthetase,FMN-binding (bifunctional protein)",
Francisella tularensis subsp. tularensis SCHU S4,177416.18,NC_006570,,FTT1400c,FTT1400c,RefSeq.177416.18.NC_006570.CDS.1450571.1450957.rev,RefSeq,CDS,1450571,1450957,387,-,,,,YP_170344.1,128,,hypothetical protein,
Francisella tularensis subsp. tularensis SCHU S4,177416.18,NC_006570,,FTT0254c,FTT0254c,RefSeq.177416.18.NC_006570.CDS.270393.270764.rev,RefSeq,CDS,270393,270764,372,-,,,,YP_169306.1,123,,hypothetical protein,
Francisella tularensis subsp. tularensis SCHU S4,177416.18,NC_006570,,FTT0543,FTT0543,RefSeq.177416.18.NC_006570.CDS.563269.564645.fwd,RefSeq,CDS,563269,564645,1377,+,,,,YP_169570.1,458,,hypothetical protein,
Francisella tularensis subsp. tularensis SCHU S4,177416.18,NC_006570,,FTT1241,FTT1241,RefSeq.177416.18.NC_006570.CDS.1260817.1262070.fwd,RefSeq,CDS,1260817,1262070,1254,+,,,,YP_170199.1,417,glyA,serine hydroxymethyltransferase,
Francisella tularensis subsp. tularensis SCHU S4,177416.18,NC_006570,,FTT1008c,FTT1008c,RefSeq.177416.18.NC_006570.CDS.1020826.1020990.rev,RefSeq,CDS,1020826,1020990,165,-,,,,YP_169994.1,54,,hypothetical protein,
Francisella tularensis subsp. tularensis SCHU S4,177416.18,NC_006570,,FTT0867,FTT0867,RefSeq.177416.18.NC_006570.CDS.876766.877509.fwd,RefSeq,CDS,876766,877509,744,+,,,,YP_169867.1,247,isftu2,transposase,
Francisella tularensis subsp. tularensis SCHU S4,177416.18,NC_006570,fig|177416.18.peg.189,FTT0171,VBIFraTul2086_0189,PATRIC.177416.18.NC_006570.CDS.186359.186775.fwd,PATRIC,CDS,186359,186775,417,+,FIG01306568,PLF_262_00000002,PGF_01719295,YP_169236.1,138,isftu1,Mobile element protein,
Francisella tularensis subsp. tularensis SCHU S4,177416.18,NC_006570,fig|177416.18.peg.430,,VBIFraTul2086_0430,PATRIC.177416.18.NC_006570.CDS.387933.388976.fwd,PATRIC,CDS,387933,388976,1044,+,FIG00003882,PLF_262_00001244,PGF_00025581,,347,,"Nicotinamide-nucleotide adenylyltransferase, NadM family (EC 2.7.7.1) / ADP-ribose pyrophosphatase (EC 3.6.1.13)",GO:0000309|nicotinamide-nucleotide adenylyltransferase activity;GO:0047631|ADP-ribose diphosphatase activity
Francisella tularensis subsp. tularensis SCHU S4,177416.18,NC_006570,fig|177416.18.peg.1116,,VBIFraTul2086_1116,PATRIC.177416.18.NC_006570.CDS.986732.987061.fwd,PATRIC,CDS,986732,987061,330,+,FIG00002156,PLF_262_00001482,PGF_00024969,,109,,"NG,NG-dimethylarginine dimethylaminohydrolase 1 (EC 3.5.3.18)",GO:0016403|dimethylargininase activity
Francisella tularensis subsp. tularensis SCHU S4,177416.18,NC_006570,fig|177416.18.peg.1402,,VBIFraTul2086_1402,PATRIC.177416.18.NC_006570.CDS.1229938.1230354.rev,PATRIC,CDS,1229938,1230354,417,-,FIG01306568,PLF_262_00000002,PGF_01719295,,138,,Mobile element protein,
Francisella tularensis subsp. tularensis SCHU S4,177416.18,NC_006570,fig|177416.18.peg.715,,VBIFraTul2086_0715,PATRIC.177416.18.NC_006570.CDS.647441.648871.fwd,PATRIC,CDS,647441,648871,1431,+,FIG01307267,PLF_262_00001401,PGF_00030817,,476,,Peptidyl-prolyl cis-trans isomerase PpiD (EC 5.2.1.8),
Francisella tularensis subsp. tularensis SCHU S4,177416.18,NC_006570,fig|177416.18.peg.801,,VBIFraTul2086_0801,PATRIC.177416.18.NC_006570.CDS.722442.723014.fwd,PATRIC,CDS,722442,723014,573,+,FIG00657546,PLF_262_00001275,PGF_00182135,,190,,hypothetical protein,
Francisella tularensis subsp. tularensis SCHU S4,177416.18,NC_006570,fig|177416.18.peg.1414,,VBIFraTul2086_1414,PATRIC.177416.18.NC_006570.CDS.1239526.1239792.fwd,PATRIC,CDS,1239526,1239792,267,+,FIG00021808,PLF_262_00001303,PGF_00649271,,88,,Cell division protein BolA,GO:0030528|transcription regulator activity
Francisella tularensis subsp. tularensis SCHU S4,177416.18,NC_006570,fig|177416.18.peg.1265,,VBIFraTul2086_1265,PATRIC.177416.18.NC_006570.CDS.1110168.1110677.rev,PATRIC,CDS,1110168,1110677,510,-,FIG01266634,PLF_262_00005735,PGF_02949765,,169,,"ATP-dependent DNA helicase UvrD/PcrA/Rep family, Francisella type",
Francisella tularensis subsp. tularensis SCHU S4,177416.18,NC_006570,fig|177416.18.peg.1829,,VBIFraTul2086_1829,PATRIC.177416.18.NC_006570.CDS.1646488.1646931.rev,PATRIC,CDS,1646488,1646931,444,-,FIG00658366,PLF_262_00001802,PGF_00068007,,147,,adenine specific DNA methyltransferase (mod),
Francisella tularensis subsp. tularensis SCHU S4,177416.18,NC_006570,fig|177416.18.peg.1324,,VBIFraTul2086_1324,PATRIC.177416.18.NC_006570.CDS.1156661.1156846.rev,PATRIC,CDS,1156661,1156846,186,-,FIG00135025,PLF_262_00001718,PGF_01719511,,61,,hypothetical protein,
Francisella tularensis subsp. tularensis SCHU S4,177416.18,NC_006570,fig|177416.18.peg.2093,,VBIFraTul2086_2093,PATRIC.177416.18.NC_006570.CDS.1886016.1886105.rev,PATRIC,CDS,1886016,1886105,90,-,FIG00658142,PLF_262_00001077,PGF_01719314,,29,,hypothetical protein,
Francisella tularensis subsp. tularensis SCHU S4,177416.18,NC_006570,fig|177416.18.peg.246,,VBIFraTul2086_0246,PATRIC.177416.18.NC_006570.CDS.235980.236975.rev,PATRIC,CDS,235980,236975,996,-,FIG00009601,PLF_262_00000733,PGF_00037171,,331,,Probable low-affinity inorganic phosphate transporter,GO:0005315|inorganic phosphate transmembrane transporter activity;GO:0006817|phosphate transport;GO:0016020|membrane
Francisella tularensis subsp. tularensis SCHU S4,177416.18,NC_006570,fig|177416.18.peg.1729,,VBIFraTul2086_1729,PATRIC.177416.18.NC_006570.CDS.1552226.1554766.fwd,PATRIC,CDS,1552226,1554766,2541,+,FIG00000356,PLF_262_00000354,PGF_05340948,,846,,DNA mismatch repair protein MutS,GO:0003677|DNA binding;GO:0003684|damaged DNA binding;GO:0005524|ATP binding;GO:0006259|DNA metabolic process;GO:0006281|DNA repair;GO:0006298|mismatch repair
Francisella tularensis subsp. tularensis SCHU S4,177416.18,NC_006570,fig|177416.18.peg.1312,,VBIFraTul2086_1312,PATRIC.177416.18.NC_006570.CDS.1151217.1151495.fwd,PATRIC,CDS,1151217,1151495,279,+,FIG00000633,PLF_262_00001822,PGF_01147190,,92,,Deoxyribodipyrimidine photolyase (EC 4.1.99.3),GO:0003913|DNA photolyase activity;GO:0006281|DNA repair
Francisella tularensis subsp. tularensis SCHU S4,177416.18,NC_006570,fig|177416.18.peg.838,,VBIFraTul2086_0838,PATRIC.177416.18.NC_006570.CDS.755912.756241.fwd,PATRIC,CDS,755912,756241,330,+,FIG00657481,PLF_262_00000158,PGF_02896870,,109,,Protein of unknown function DUF819,
Francisella tularensis subsp. tularensis SCHU S4,177416.18,NC_006570,fig|177416.18.peg.723,,VBIFraTul2086_0723,PATRIC.177416.18.NC_006570.CDS.655475.656041.fwd,PATRIC,CDS,655475,656041,567,+,FIG00000298,PLF_262_00000371,PGF_00007026,,188,,GTP-binding protein EngB,GO:0005525|GTP binding;GO:0005622|intracellular
Francisella tularensis subsp. tularensis SCHU S4,177416.18,NC_006570,fig|177416.18.peg.1800,,VBIFraTul2086_1800,PATRIC.177416.18.NC_006570.CDS.1617175.1617867.rev,PATRIC,CDS,1617175,1617867,693,-,FIG00000208,PLF_262_00000937,PGF_03790040,,230,,Ribonuclease III (EC 3.1.26.3),GO:0004525|ribonuclease III activity
Francisella tularensis subsp. tularensis SCHU S4,177416.18,NC_006570,fig|177416.18.peg.305,,VBIFraTul2086_0305,PATRIC.177416.18.NC_006570.CDS.287566.287946.fwd,PATRIC,CDS,287566,287946,381,+,FIG01306568,PLF_262_00000001,PGF_01719295,,126,,Mobile element protein,
Francisella tularensis subsp. tularensis SCHU S4,177416.18,NC_006570,fig|177416.18.peg.444,,VBIFraTul2086_0444,PATRIC.177416.18.NC_006570.CDS.401273.403216.fwd,PATRIC,CDS,401273,403216,1944,+,FIG00002289,PLF_262_00000456,PGF_04582196,,647,,Soluble lytic murein transglycosylase (EC 4.2.2.n1),
Francisella tularensis subsp. tularensis SCHU S4,177416.18,NC_006570,fig|177416.18.peg.882,,VBIFraTul2086_0882,PATRIC.177416.18.NC_006570.CDS.786674.787123.rev,PATRIC,CDS,786674,787123,450,-,FIG00657645,PLF_262_00001445,PGF_00151202,,149,,hypothetical protein,
Francisella tularensis subsp. tularensis SCHU S4,177416.18,NC_006570,fig|177416.18.peg.272,,VBIFraTul2086_0272,PATRIC.177416.18.NC_006570.CDS.254792.255571.fwd,PATRIC,CDS,254792,255571,780,+,FIG01532284,PLF_262_00001177,PGF_00047191,,259,,Regulator of chromosome condensation RCC1 family protein,
Francisella tularensis subsp. tularensis SCHU S4,177416.18,NC_006570,fig|177416.18.peg.1809,,VBIFraTul2086_1809,PATRIC.177416.18.NC_006570.CDS.1625040.1625804.fwd,PATRIC,CDS,1625040,1625804,765,+,FIG00033758,PLF_262_00000712,PGF_00033293,,254,,Phosphatidylcholine synthase (EC 2.7.8.24),
Francisella tularensis subsp. tularensis SCHU S4,177416.18,NC_006570,fig|177416.18.peg.1342,,VBIFraTul2086_1342,PATRIC.177416.18.NC_006570.CDS.1176115.1176432.rev,PATRIC,CDS,1176115,1176432,318,-,FIG00104852,PLF_262_00001714,PGF_05063576,,105,,"Predicted D-lactate dehydrogenase, Fe-S protein, FAD/FMN-containing",GO:0005506|iron ion binding;GO:0006118|electron transport;GO:0009055|electron carrier activity
Francisella tularensis subsp. tularensis SCHU S4,177416.18,NC_006570,fig|177416.18.peg.1195,,VBIFraTul2086_1195,PATRIC.177416.18.NC_006570.CDS.1054249.1055061.fwd,PATRIC,CDS,1054249,1055061,813,+,FIG01307025,PLF_262_00001233,PGF_00003742,,270,,FKBP-type peptidyl-prolyl cis-trans isomerase FklB (EC 5.2.1.8),
Francisella tularensis subsp. tularensis SCHU S4,177416.18,NC_006570,fig|177416.18.peg.487,,VBIFraTul2086_0487,PATRIC.177416.18.NC_006570.CDS.450466.451092.rev,PATRIC,CDS,450466,451092,627,-,FIG00025759,PLF_262_00000694,PGF_10381714,,208,,Orotate phosphoribosyltransferase (EC 2.4.2.10),GO:0004588|orotate phosphoribosyltransferase activity
Francisella tularensis subsp. tularensis SCHU S4,177416.18,NC_006570,fig|177416.18.peg.2046,,VBIFraTul2086_2046,PATRIC.177416.18.NC_006570.CDS.1847243.1847392.fwd,PATRIC,CDS,1847243,1847392,150,+,FIG00638284,PLF_262_00002952,PGF_01720007,,49,,hypothetical protein,
Francisella tularensis subsp. tularensis SCHU S4,177416.18,NC_006570,fig|177416.18.peg.1027,,VBIFraTul2086_1027,PATRIC.177416.18.NC_006570.CDS.905380.905871.fwd,PATRIC,CDS,905380,905871,492,+,FIG00000227,PLF_262_00000674,PGF_05172785,,163,,N5-carboxyaminoimidazole ribonucleotide mutase (EC 5.4.99.18),GO:0034023|5-(carboxyamino)imidazole ribonucleotide mutase activity
Francisella tularensis subsp. tularensis SCHU S4,177416.18,NC_006570,,FTT1061c,FTT1061c,RefSeq.177416.18.NC_006570.CDS.1070086.1070304.rev,RefSeq,CDS,1070086,1070304,219,-,,,,YP_170042.1,72,rpsR,30S ribosomal protein S18,
Francisella tularensis subsp. tularensis SCHU S4,177416.18,NC_006570,fig|177416.18.peg.1245,,VBIFraTul2086_1245,PATRIC.177416.18.NC_006570.CDS.1089907.1090167.rev,PATRIC,CDS,1089907,1090167,261,-,FIG01352145,PLF_262_00001811,PGF_01719577,,86,,hypothetical protein,
Francisella tularensis subsp. tularensis SCHU S4,177416.18,NC_006570,fig|177416.18.peg.1230,,VBIFraTul2086_1230,PATRIC.177416.18.NC_006570.CDS.1078721.1079626.rev,PATRIC,CDS,1078721,1079626,906,-,FIG01954797,PLF_262_00001791,PGF_01719561,,301,,Methyl-accepting chemotaxis protein,
Francisella tularensis subsp. tularensis SCHU S4,177416.18,NC_006570,fig|177416.18.peg.239,,VBIFraTul2086_0239,PATRIC.177416.18.NC_006570.CDS.231403.231960.fwd,PATRIC,CDS,231403,231960,558,+,FIG00016286,PLF_262_00000772,PGF_01722157,,185,,"Ribosyl nicotinamide transporter, PnuC-like",
Francisella tularensis subsp. tularensis SCHU S4,177416.18,NC_006570,fig|177416.18.peg.1826,,VBIFraTul2086_1826,PATRIC.177416.18.NC_006570.CDS.1642490.1645363.rev,PATRIC,CDS,1642490,1645363,2874,-,FIG01343047,PLF_262_00001672,PGF_00048231,,957,,Restriction endonuclease,
Francisella tularensis subsp. tularensis SCHU S4,177416.18,NC_006570,fig|177416.18.peg.1390,,VBIFraTul2086_1390,PATRIC.177416.18.NC_006570.CDS.1215228.1215863.rev,PATRIC,CDS,1215228,1215863,636,-,FIG00657819,PLF_262_00000857,PGF_01722177,,211,,hypothetical protein,
Francisella tularensis subsp. tularensis SCHU S4,177416.18,NC_006570,,FTT1071c,FTT1071c,RefSeq.177416.18.NC_006570.CDS.1082897.1083403.rev,RefSeq,CDS,1082897,1083403,507,-,,,,YP_170050.1,168,,hypothetical protein,
Francisella tularensis subsp. tularensis SCHU S4,177416.18,NC_006570,,FTT0594c,FTT0594c,RefSeq.177416.18.NC_006570.CDS.612866.613738.rev,RefSeq,CDS,612866,613738,873,-,,,,YP_169617.1,290,,hypothetical protein,
Francisella tularensis subsp. tularensis SCHU S4,177416.18,NC_006570,,FTT1260,FTT1260,RefSeq.177416.18.NC_006570.CDS.1282524.1282946.fwd,RefSeq,CDS,1282524,1282946,423,+,,,,YP_170218.1,140,,hypothetical protein,
Francisella tularensis subsp. tularensis SCHU S4,177416.18,NC_006570,,FTT0417,FTT0417,RefSeq.177416.18.NC_006570.CDS.429162.431435.fwd,RefSeq,CDS,429162,431435,2274,+,,,,YP_169461.1,757,malP,maltodextrin phosphorylase,
Francisella tularensis subsp. tularensis SCHU S4,177416.18,NC_006570,fig|177416.18.peg.310,,VBIFraTul2086_0310,PATRIC.177416.18.NC_006570.CDS.290131.290349.rev,PATRIC,CDS,290131,290349,219,-,FIG01313022,PLF_262_00001409,PGF_01719657,,72,,Prephenate dehydratase (EC 4.2.1.51) @ Arogenate dehydratase (EC 4.2.1.91),GO:0004664|prephenate dehydratase activity;GO:0047769|arogenate dehydratase activity
Francisella tularensis subsp. tularensis SCHU S4,177416.18,NC_006570,,FTT1152,FTT1152,RefSeq.177416.18.NC_006570.CDS.1166336.1166719.fwd,RefSeq,CDS,1166336,1166719,384,+,,,,YP_170119.1,127,,hypothetical protein,
Francisella tularensis subsp. tularensis SCHU S4,177416.18,NC_006570,,FTT0447c,FTT0447c,RefSeq.177416.18.NC_006570.CDS.462339.463679.rev,RefSeq,CDS,462339,463679,1341,-,,,,YP_169485.1,446,,hypothetical protein,
Francisella tularensis subsp. tularensis SCHU S4,177416.18,NC_006570,,FTT1561,FTT1561,RefSeq.177416.18.NC_006570.CDS.1622854.1624149.fwd,RefSeq,CDS,1622854,1624149,1296,+,,,,YP_170484.1,431,kdtA,3-deoxy-D-manno-octulosonic-acid transferase,
Francisella tularensis subsp. tularensis SCHU S4,177416.18,NC_006570,,FTT1027c,FTT1027c,RefSeq.177416.18.NC_006570.CDS.1037406.1037954.rev,RefSeq,CDS,1037406,1037954,549,-,,,,YP_170012.1,182,yrbI,3-deoxy-D-manno-octulosonate 8-phosphate phosphatase,
Francisella tularensis subsp. tularensis SCHU S4,177416.18,NC_006570,,FTT0301,FTT0301,RefSeq.177416.18.NC_006570.CDS.316104.316973.fwd,RefSeq,CDS,316104,316973,870,+,,,,YP_169350.1,289,,hypothetical protein,
Francisella tularensis subsp. tularensis SCHU S4,177416.18,NC_006570,,FTT1693c,FTT1693c,RefSeq.177416.18.NC_006570.CDS.1761891.1762655.rev,RefSeq,CDS,1761891,1762655,765,-,,,,YP_170598.1,254,,hypothetical protein,
Francisella tularensis subsp. tularensis SCHU S4,177416.18,NC_006570,,FTT1004c,FTT1004c,RefSeq.177416.18.NC_006570.CDS.1016213.1017106.rev,RefSeq,CDS,1016213,1017106,894,-,,,,YP_169990.1,297,,hypothetical protein,
Francisella tularensis subsp. tularensis SCHU S4,177416.18,NC_006570,,FTT0569c,FTT0569c,RefSeq.177416.18.NC_006570.CDS.586509.587531.rev,RefSeq,CDS,586509,587531,1023,-,,,,YP_169594.1,340,,hypothetical protein,
Francisella tularensis subsp. tularensis SCHU S4,177416.18,NC_006570,,FTT0434,FTT0434,RefSeq.177416.18.NC_006570.CDS.447896.448882.fwd,RefSeq,CDS,447896,448882,987,+,,,,YP_169474.1,328,,hypothetical protein,
Francisella tularensis subsp. tularensis SCHU S4,177416.18,NC_006570,,FTT1795c,FTT1795c,RefSeq.177416.18.NC_006570.CDS.1883056.1884417.rev,RefSeq,CDS,1883056,1884417,1362,-,,,,YP_170679.1,453,trpC,bifunctional indole-3-glycerol phosphate synthase/phosphoribosylanthranilate isomerase,
Francisella tularensis subsp. tularensis SCHU S4,177416.18,NC_006570,,FTT0171,FTT0171,RefSeq.177416.18.NC_006570.CDS.185991.186775.fwd,RefSeq,CDS,185991,186775,327,+,,,,YP_169236.1,261,isftu1,transposase,
Francisella tularensis subsp. tularensis SCHU S4,177416.18,NC_006570,,FTT1365c,FTT1365c,RefSeq.177416.18.NC_006570.CDS.1410241.1411305.rev,RefSeq,CDS,1410241,1411305,1065,-,,,,YP_170314.1,354,fbaB,"fructose-1,6-bisphosphate aldolase",
Francisella tularensis subsp. tularensis SCHU S4,177416.18,NC_006570,,FTT1428c,FTT1428c,RefSeq.177416.18.NC_006570.CDS.1477002.1477517.rev,RefSeq,CDS,1477002,1477517,516,-,,,,YP_170371.1,171,,acetyltransferase,
Francisella tularensis subsp. tularensis SCHU S4,177416.18,NC_006570,,FTT0070c,FTT0070c,RefSeq.177416.18.NC_006570.CDS.70944.72209.rev,RefSeq,CDS,70944,72209,1266,-,,,,YP_169145.1,421,ampG,major facilitator superfamily tranporter,
Francisella tularensis subsp. tularensis SCHU S4,177416.18,NC_006570,fig|177416.18.peg.1902,,VBIFraTul2086_1902,PATRIC.177416.18.NC_006570.CDS.1706416.1706946.rev,PATRIC,CDS,1706416,1706946,531,-,FIG00016514,PLF_262_00001618,PGF_00414310,,176,,"Type I restriction-modification system, restriction subunit R (EC 3.1.21.3)",GO:0009035|Type I site-specific deoxyribonuclease activity
Francisella tularensis subsp. tularensis SCHU S4,177416.18,NC_006570,fig|177416.18.peg.1877,,VBIFraTul2086_1877,PATRIC.177416.18.NC_006570.CDS.1683438.1683818.fwd,PATRIC,CDS,1683438,1683818,381,+,FIG01306568,PLF_262_00000001,PGF_01719295,,126,,Mobile element protein,
Francisella tularensis subsp. tularensis SCHU S4,177416.18,NC_006570,fig|177416.18.peg.696,,VBIFraTul2086_0696,PATRIC.177416.18.NC_006570.CDS.627301.629094.fwd,PATRIC,CDS,627301,629094,1794,+,FIG00010600,PLF_262_00001270,PGF_00066867,,597,,Xaa-Pro aminopeptidase (EC 3.4.11.9),GO:0008451|X-Pro aminopeptidase activity
Francisella tularensis subsp. tularensis SCHU S4,177416.18,NC_006570,fig|177416.18.peg.640,,VBIFraTul2086_0640,PATRIC.177416.18.NC_006570.CDS.583397.583663.fwd,PATRIC,CDS,583397,583663,267,+,FIG00657755,PLF_262_00001515,PGF_01719409,,88,,hypothetical protein,
Francisella tularensis subsp. tularensis SCHU S4,177416.18,NC_006570,fig|177416.18.peg.726,,VBIFraTul2086_0726,PATRIC.177416.18.NC_006570.CDS.657063.657500.fwd,PATRIC,CDS,657063,657500,438,+,FIG00000134,PLF_262_00000050,PGF_03316046,,145,,Threonine synthase (EC 4.2.3.1),GO:0004795|threonine synthase activity
Francisella tularensis subsp. tularensis SCHU S4,177416.18,NC_006570,,FTT0407,FTT0407,RefSeq.177416.18.NC_006570.CDS.413780.414856.fwd,RefSeq,CDS,413780,414856,1077,+,,,,YP_169452.1,358,gcvT,glycine cleavage system aminomethyltransferase T,
Francisella tularensis subsp. tularensis SCHU S4,177416.18,NC_006570,fig|177416.18.peg.1676,,VBIFraTul2086_1676,PATRIC.177416.18.NC_006570.CDS.1500602.1501486.rev,PATRIC,CDS,1500602,1501486,885,-,FIG00000187,PLF_262_00001581,PGF_08108653,,294,,Glucose-1-phosphate thymidylyltransferase (EC 2.7.7.24),GO:0008879|glucose-1-phosphate thymidylyltransferase activity
Francisella tularensis subsp. tularensis SCHU S4,177416.18,NC_006570,fig|177416.18.peg.1433,,VBIFraTul2086_1433,PATRIC.177416.18.NC_006570.CDS.1258877.1260148.fwd,PATRIC,CDS,1258877,1260148,1272,+,FIG00658188,PLF_262_00001188,PGF_01719330,,423,,hypothetical protein,
Francisella tularensis subsp. tularensis SCHU S4,177416.18,NC_006570,fig|177416.18.peg.341,,VBIFraTul2086_0341,PATRIC.177416.18.NC_006570.CDS.319465.319842.fwd,PATRIC,CDS,319465,319842,378,+,FIG00004727,PLF_262_00001348,PGF_00142872,,125,,hypothetical protein,
Francisella tularensis subsp. tularensis SCHU S4,177416.18,NC_006570,fig|177416.18.peg.1090,,VBIFraTul2086_1090,PATRIC.177416.18.NC_006570.CDS.965467.967008.rev,PATRIC,CDS,965467,967008,1542,-,FIG00026146,PLF_262_00001008,PGF_00423018,,513,,Di-tripeptide/H+ symporter,
Francisella tularensis subsp. tularensis SCHU S4,177416.18,NC_006570,fig|177416.18.peg.1394,,VBIFraTul2086_1394,PATRIC.177416.18.NC_006570.CDS.1220490.1221389.fwd,PATRIC,CDS,1220490,1221389,900,+,FIG01312420,PLF_262_00001114,PGF_10495677,,299,,"Transcriptional regulator, LysR family",
Francisella tularensis subsp. tularensis SCHU S4,177416.18,NC_006570,fig|177416.18.peg.1415,,VBIFraTul2086_1415,PATRIC.177416.18.NC_006570.CDS.1239799.1240425.fwd,PATRIC,CDS,1239799,1240425,627,+,FIG00002761,PLF_262_00000584,PGF_08055739,,208,,DedA protein,
Francisella tularensis subsp. tularensis SCHU S4,177416.18,NC_006570,fig|177416.18.peg.124,FTT0112,VBIFraTul2086_0124,PATRIC.177416.18.NC_006570.CDS.121036.121812.fwd,PATRIC,CDS,121036,121812,777,+,FIG00000695,PLF_262_00000701,PGF_04213876,YP_169182.1,258,,"Pantothenate kinase type III, CoaX-like (EC 2.7.1.33)",GO:0004594|pantothenate kinase activity
Francisella tularensis subsp. tularensis SCHU S4,177416.18,NC_006570,fig|177416.18.peg.1642,,VBIFraTul2086_1642,PATRIC.177416.18.NC_006570.CDS.1474964.1475482.rev,PATRIC,CDS,1474964,1475482,519,-,FIG00519199,PLF_262_00000222,PGF_12789592,,172,,Rhodanese-related sulfurtransferases,
Francisella tularensis subsp. tularensis SCHU S4,177416.18,NC_006570,fig|177416.18.peg.818,,VBIFraTul2086_0818,PATRIC.177416.18.NC_006570.CDS.738567.739787.fwd,PATRIC,CDS,738567,739787,1221,+,FIG00061305,PLF_262_00001322,PGF_01021079,,406,,Uncharacterized MFS-type transporter,
Francisella tularensis subsp. tularensis SCHU S4,177416.18,NC_006570,fig|177416.18.peg.135,,VBIFraTul2086_0135,PATRIC.177416.18.NC_006570.CDS.134895.135155.rev,PATRIC,CDS,134895,135155,261,-,FIG00658262,PLF_262_00001708,PGF_01719506,,86,,hypothetical protein,
Francisella tularensis subsp. tularensis SCHU S4,177416.18,NC_006570,fig|177416.18.peg.1684,,VBIFraTul2086_1684,PATRIC.177416.18.NC_006570.CDS.1509882.1510853.rev,PATRIC,CDS,1509882,1510853,972,-,FIG00022300,PLF_262_00001651,PGF_03020638,,323,,Capsular polysaccharide biosynthesis protein WbpP,
Francisella tularensis subsp. tularensis SCHU S4,177416.18,NC_006570,fig|177416.18.peg.1030,,VBIFraTul2086_1030,PATRIC.177416.18.NC_006570.CDS.907389.909410.rev,PATRIC,CDS,907389,909410,2022,-,FIG00002216,PLF_262_00000693,PGF_00026904,,673,,Oligopeptidase A (EC 3.4.24.70),
Francisella tularensis subsp. tularensis SCHU S4,177416.18,NC_006570,fig|177416.18.peg.1614,,VBIFraTul2086_1614,PATRIC.177416.18.NC_006570.CDS.1452316.1453950.rev,PATRIC,CDS,1452316,1453950,1635,-,FIG00657673,PLF_262_00001514,PGF_01719408,,544,,hypothetical protein,
Francisella tularensis subsp. tularensis SCHU S4,177416.18,NC_006570,fig|177416.18.peg.892,,VBIFraTul2086_0892,PATRIC.177416.18.NC_006570.CDS.794436.795338.rev,PATRIC,CDS,794436,795338,903,-,FIG00010064,PLF_262_00001180,PGF_06767689,,300,,"Multidrug resistance transporter, Bcr/CflA family",
Francisella tularensis subsp. tularensis SCHU S4,177416.18,NC_006570,fig|177416.18.peg.469,,VBIFraTul2086_0469,PATRIC.177416.18.NC_006570.CDS.436365.437723.fwd,PATRIC,CDS,436365,437723,1359,+,FIG00024401,PLF_262_00000830,PGF_04521913,,452,,UDP-N-acetylmuramoyl-tripeptide--D-alanyl-D-alanine ligase (EC 6.3.2.10),GO:0047480|UDP-N-acetylmuramoyl-tripeptide-D-alanyl-D-alanine ligase activity
Francisella tularensis subsp. tularensis SCHU S4,177416.18,NC_006570,fig|177416.18.peg.622,,VBIFraTul2086_0622,PATRIC.177416.18.NC_006570.CDS.570138.570239.fwd,PATRIC,CDS,570138,570239,102,+,FIG01408457,PLF_262_00002184,PGF_03974401,,33,,"dehydrogenase, NADP-dependent",
Francisella tularensis subsp. tularensis SCHU S4,177416.18,NC_006570,fig|177416.18.peg.1869,,VBIFraTul2086_1869,PATRIC.177416.18.NC_006570.CDS.1678246.1678569.fwd,PATRIC,CDS,1678246,1678569,324,+,FIG01306568,PLF_262_00000001,PGF_01719295,,107,,Mobile element protein,
Francisella tularensis subsp. tularensis SCHU S4,177416.18,NC_006570,fig|177416.18.peg.1015,,VBIFraTul2086_1015,PATRIC.177416.18.NC_006570.CDS.893288.894067.fwd,PATRIC,CDS,893288,894067,780,+,FIG00000207,PLF_262_00001378,PGF_01719362,,259,,Cobalt-zinc-cadmium resistance protein,GO:0006812|cation transport;GO:0008324|cation transmembrane transporter activity;GO:0016020|membrane
Francisella tularensis subsp. tularensis SCHU S4,177416.18,NC_006570,fig|177416.18.peg.1354,,VBIFraTul2086_1354,PATRIC.177416.18.NC_006570.CDS.1187496.1188164.rev,PATRIC,CDS,1187496,1188164,669,-,FIG00000494,PLF_262_00001264,PGF_04563108,,222,,"Type I restriction-modification system, specificity subunit S",
Francisella tularensis subsp. tularensis SCHU S4,177416.18,NC_006570,fig|177416.18.peg.912,,VBIFraTul2086_0912,PATRIC.177416.18.NC_006570.CDS.811287.812969.fwd,PATRIC,CDS,811287,812969,1683,+,FIG00018176,PLF_262_00001064,PGF_02924297,,560,,Phospholipid-lipopolysaccharide ABC transporter,GO:0005524|ATP binding;GO:0006810|transport;GO:0016021|integral to membrane;GO:0016887|ATPase activity
Francisella tularensis subsp. tularensis SCHU S4,177416.18,NC_006570,,FTT0261,FTT0261,RefSeq.177416.18.NC_006570.CDS.277336.277743.fwd,RefSeq,CDS,277336,277743,408,+,,,,YP_169313.1,135,,hypothetical protein,
Francisella tularensis subsp. tularensis SCHU S4,177416.18,NC_006570,,FTT0235c,FTT0235c,RefSeq.177416.18.NC_006570.CDS.249122.249523.rev,RefSeq,CDS,249122,249523,402,-,,,,YP_169288.1,133,rnpA,ribonuclease P protein component,
Francisella tularensis subsp. tularensis SCHU S4,177416.18,NC_006570,,FTT0342,FTT0342,RefSeq.177416.18.NC_006570.CDS.345394.345894.fwd,RefSeq,CDS,345394,345894,501,+,,,,YP_169391.1,166,rpsE,30S ribosomal protein S5,
Francisella tularensis subsp. tularensis SCHU S4,177416.18,NC_006570,,FTT1540c,FTT1540c,RefSeq.177416.18.NC_006570.CDS.1603350.1603958.rev,RefSeq,CDS,1603350,1603958,609,-,,,,YP_170468.1,202,,hypothetical protein,
Francisella tularensis subsp. tularensis SCHU S4,177416.18,NC_006570,,FTT1671,FTT1671,RefSeq.177416.18.NC_006570.CDS.1740630.1741697.fwd,RefSeq,CDS,1740630,1741697,1068,+,,,,YP_170577.1,355,ribD,riboflavin biosynthesis protein ribD,
Francisella tularensis subsp. tularensis SCHU S4,177416.18,NC_006570,fig|177416.18.peg.1706,,VBIFraTul2086_1706,PATRIC.177416.18.NC_006570.CDS.1530815.1531003.rev,PATRIC,CDS,1530815,1531003,189,-,FIG01304147,PLF_262_00000595,PGF_07550057,,62,,FIG002473: Protein YcaR in KDO2-Lipid A biosynthesis cluster,
Francisella tularensis subsp. tularensis SCHU S4,177416.18,NC_006570,fig|177416.18.peg.1588,,VBIFraTul2086_1588,PATRIC.177416.18.NC_006570.CDS.1424744.1424986.fwd,PATRIC,CDS,1424744,1424986,243,+,FIG00004554,PLF_262_00000020,PGF_01719680,,80,,TsgA protein homolog,
Francisella tularensis subsp. tularensis SCHU S4,177416.18,NC_006570,,FTT0803,FTT0803,RefSeq.177416.18.NC_006570.CDS.821971.822834.fwd,RefSeq,CDS,821971,822834,864,+,,,,YP_169810.1,287,ans,asparaginase,
Francisella tularensis subsp. tularensis SCHU S4,177416.18,NC_006570,fig|177416.18.peg.1811,,VBIFraTul2086_1811,PATRIC.177416.18.NC_006570.CDS.1627054.1628097.rev,PATRIC,CDS,1627054,1628097,1044,-,FIG00001088,PLF_262_00001054,PGF_05406959,,347,,beta-N-acetylglucosaminidase (EC 3.2.1.52),GO:0004563|beta-N-acetylhexosaminidase activity
Francisella tularensis subsp. tularensis SCHU S4,177416.18,NC_006570,fig|177416.18.peg.554,,VBIFraTul2086_0554,PATRIC.177416.18.NC_006570.CDS.515843.516607.fwd,PATRIC,CDS,515843,516607,765,+,FIG00658217,PLF_262_00001356,PGF_01719358,,254,,hypothetical protein,
Francisella tularensis subsp. tularensis SCHU S4,177416.18,NC_006570,,FTT1369c,FTT1369c,RefSeq.177416.18.NC_006570.CDS.1415006.1416997.rev,RefSeq,CDS,1415006,1416997,1992,-,,,,YP_170318.1,663,tktA,transketolase,
Francisella tularensis subsp. tularensis SCHU S4,177416.18,NC_006570,,FTT0659,FTT0659,RefSeq.177416.18.NC_006570.CDS.678247.679659.fwd,RefSeq,CDS,678247,679659,1413,+,,,,YP_169676.1,470,,DNA recombination protein RmuC family protein,
Francisella tularensis subsp. tularensis SCHU S4,177416.18,NC_006570,,FTT0634,FTT0634,RefSeq.177416.18.NC_006570.CDS.654040.654966.fwd,RefSeq,CDS,654040,654966,927,+,,,,YP_169655.1,308,hflC,SPFH domain-containing protein/band 7 family protein,
Francisella tularensis subsp. tularensis SCHU S4,177416.18,NC_006570,,FTT1432c,FTT1432c,RefSeq.177416.18.NC_006570.CDS.1479329.1480219.rev,RefSeq,CDS,1479329,1480219,891,-,,,,YP_170373.1,296,ppnK,inorganic phosphate/ATP-NAD kinase,
Francisella tularensis subsp. tularensis SCHU S4,177416.18,NC_006570,,FTT0800,FTT0800,RefSeq.177416.18.NC_006570.CDS.818684.819346.fwd,RefSeq,CDS,818684,819346,663,+,,,,YP_169807.1,220,,haloacid dehalogenase-like hydrolase family protein,
Francisella tularensis subsp. tularensis SCHU S4,177416.18,NC_006570,fig|177416.18.peg.1749,,VBIFraTul2086_1749,PATRIC.177416.18.NC_006570.CDS.1570879.1571598.rev,PATRIC,CDS,1570879,1571598,720,-,FIG01304881,PLF_262_00000550,PGF_08096763,,239,,COG0398: uncharacterized membrane protein,
Francisella tularensis subsp. tularensis SCHU S4,177416.18,NC_006570,fig|177416.18.peg.955,,VBIFraTul2086_0955,PATRIC.177416.18.NC_006570.CDS.849395.849859.fwd,PATRIC,CDS,849395,849859,465,+,FIG00019216,PLF_262_00000599,PGF_00003749,,154,,FKBP-type peptidyl-prolyl cis-trans isomerase SlpA (EC 5.2.1.8),
Francisella tularensis subsp. tularensis SCHU S4,177416.18,NC_006570,fig|177416.18.peg.1664,,VBIFraTul2086_1664,PATRIC.177416.18.NC_006570.CDS.1491144.1491260.rev,PATRIC,CDS,1491144,1491260,117,-,FIG00638284,PLF_262_00001591,PGF_01719448,,38,,hypothetical protein,
Francisella tularensis subsp. tularensis SCHU S4,177416.18,NC_006570,fig|177416.18.peg.772,,VBIFraTul2086_0772,PATRIC.177416.18.NC_006570.CDS.694925.695701.rev,PATRIC,CDS,694925,695701,777,-,FIG01238125,PLF_262_00001696,PGF_00049546,,258,,SAM-dependent methyltransferase YafE (UbiE paralog),
Francisella tularensis subsp. tularensis SCHU S4,177416.18,NC_006570,fig|177416.18.peg.2012,,VBIFraTul2086_2012,PATRIC.177416.18.NC_006570.CDS.1817820.1819694.rev,PATRIC,CDS,1817820,1819694,1875,-,FIG00745843,PLF_262_00000328,PGF_00778630,,624,,"Uncharacterized amino acid permease, GabP family",
Francisella tularensis subsp. tularensis SCHU S4,177416.18,NC_006570,fig|177416.18.peg.1292,,VBIFraTul2086_1292,PATRIC.177416.18.NC_006570.CDS.1130084.1131187.rev,PATRIC,CDS,1130084,1131187,1104,-,FIG00000274,PLF_262_00000879,PGF_02061452,,367,,Queuine tRNA-ribosyltransferase (EC 2.4.2.29),GO:0008479|queuine tRNA-ribosyltransferase activity
Francisella tularensis subsp. tularensis SCHU S4,177416.18,NC_006570,,FTT0927,FTT0927,RefSeq.177416.18.NC_006570.CDS.938085.939380.fwd,RefSeq,CDS,938085,939380,1296,+,,,,YP_169923.1,431,hemL,glutamate-1-semialdehyde aminotransferase,
Francisella tularensis subsp. tularensis SCHU S4,177416.18,NC_006570,fig|177416.18.peg.1474,,VBIFraTul2086_1474,PATRIC.177416.18.NC_006570.CDS.1297408.1297815.fwd,PATRIC,CDS,1297408,1297815,408,+,FIG00010140,PLF_262_00000796,PGF_01722159,,135,,Stringent starvation protein B,
Francisella tularensis subsp. tularensis SCHU S4,177416.18,NC_006570,fig|177416.18.peg.1736,,VBIFraTul2086_1736,PATRIC.177416.18.NC_006570.CDS.1559559.1560173.rev,PATRIC,CDS,1559559,1560173,615,-,FIG00946206,PLF_262_00001194,PGF_00353068,,204,,hypothetical protein,
Francisella tularensis subsp. tularensis SCHU S4,177416.18,NC_006570,fig|177416.18.peg.2022,,VBIFraTul2086_2022,PATRIC.177416.18.NC_006570.CDS.1830648.1830761.rev,PATRIC,CDS,1830648,1830761,114,-,FIG00002960,PLF_262_00000027,PGF_00035405,,37,,Potassium-transporting ATPase A chain (EC 3.6.3.12) (TC 3.A.3.7.1),GO:0008556|potassium-transporting ATPase activity
Francisella tularensis subsp. tularensis SCHU S4,177416.18,NC_006570,,FTT0738,FTT0738,RefSeq.177416.18.NC_006570.CDS.758879.760423.fwd,RefSeq,CDS,758879,760423,1545,+,,,,YP_169749.1,514,yjeF,carbohydrate kinase family protein (YjeF-related protein),
Francisella tularensis subsp. tularensis SCHU S4,177416.18,NC_006570,,FTT1205,FTT1205,RefSeq.177416.18.NC_006570.CDS.1223519.1225402.fwd,RefSeq,CDS,1223519,1225402,1884,+,,,,YP_170164.1,627,gidA,tRNA uridine 5-carboxymethylaminomethyl modification enzyme GidA,
Francisella tularensis subsp. tularensis SCHU S4,177416.18,NC_006570,,FTT0645c,FTT0645c,RefSeq.177416.18.NC_006570.CDS.666505.667191.rev,RefSeq,CDS,666505,667191,687,-,,,,YP_169663.1,228,,hypothetical protein,
Francisella tularensis subsp. tularensis SCHU S4,177416.18,NC_006570,,FTT0129,FTT0129,RefSeq.177416.18.NC_006570.CDS.140641.141909.fwd,RefSeq,CDS,140641,141909,1269,+,,,,YP_169196.1,422,,major facilitator transporter,
Francisella tularensis subsp. tularensis SCHU S4,177416.18,NC_006570,,FTT0847,FTT0847,RefSeq.177416.18.NC_006570.CDS.860687.862162.fwd,RefSeq,CDS,860687,862162,1476,+,,,,YP_169850.1,491,,hypothetical protein,
Francisella tularensis subsp. tularensis SCHU S4,177416.18,NC_006570,,FTT0281,FTT0281,RefSeq.177416.18.NC_006570.CDS.295681.296583.fwd,RefSeq,CDS,295681,296583,903,+,,,,YP_169331.1,300,cyoA,cytochrome O ubiquinol oxidase subunit II,
Francisella tularensis subsp. tularensis SCHU S4,177416.18,NC_006570,,FTT1712c,FTT1712c,RefSeq.177416.18.NC_006570.CDS.1792017.1792652.rev,RefSeq,CDS,1792017,1792652,636,-,,,,YP_170617.1,211,iglC1,"intracellular growth locus, subunit C",
Francisella tularensis subsp. tularensis SCHU S4,177416.18,NC_006570,fig|177416.18.peg.910,,VBIFraTul2086_0910,PATRIC.177416.18.NC_006570.CDS.809038.810057.fwd,PATRIC,CDS,809038,810057,1020,+,FIG00022300,PLF_262_00001343,PGF_01033123,,339,,UDP-glucose 4-epimerase (EC 5.1.3.2),GO:0003978|UDP-glucose 4-epimerase activity
Francisella tularensis subsp. tularensis SCHU S4,177416.18,NC_006570,,FTT0970,FTT0970,RefSeq.177416.18.NC_006570.CDS.982380.982790.fwd,RefSeq,CDS,982380,982790,411,+,,,,YP_169959.1,136,,hypothetical protein,
Francisella tularensis subsp. tularensis SCHU S4,177416.18,NC_006570,,FTT0110,FTT0110,RefSeq.177416.18.NC_006570.CDS.117259.118227.fwd,RefSeq,CDS,117259,118227,969,+,,,,YP_169180.1,322,lpxK,tetraacyldisaccharide 4'-kinase,
Francisella tularensis subsp. tularensis SCHU S4,177416.18,NC_006570,fig|177416.18.peg.1539,,VBIFraTul2086_1539,PATRIC.177416.18.NC_006570.CDS.1365362.1367011.fwd,PATRIC,CDS,1365362,1367011,1650,+,FIG00046358,PLF_262_00000469,PGF_04183997,,549,,"Efflux ABC transporter for glutathione/L-cysteine, essential for assembly of bd-type respiratory oxidases => CydC subunit",
Francisella tularensis subsp. tularensis SCHU S4,177416.18,NC_006570,fig|177416.18.peg.842,,VBIFraTul2086_0842,PATRIC.177416.18.NC_006570.CDS.757123.757818.fwd,PATRIC,CDS,757123,757818,696,+,FIG01955967,PLF_262_00000026,PGF_03148229,,231,,L-alanine-DL-glutamate epimerase (EC 5.1.1.n1),
Francisella tularensis subsp. tularensis SCHU S4,177416.18,NC_006570,fig|177416.18.peg.1891,,VBIFraTul2086_1891,PATRIC.177416.18.NC_006570.CDS.1695297.1696283.rev,PATRIC,CDS,1695297,1696283,987,-,FIG00138413,PLF_262_00000908,PGF_08364774,,328,,"Fructose-1,6-bisphosphatase, GlpX type (EC 3.1.3.11)",GO:0042132|fructose-bisphosphatase activity
Francisella tularensis subsp. tularensis SCHU S4,177416.18,NC_006570,,FTT0287c,FTT0287c,RefSeq.177416.18.NC_006570.CDS.301720.302415.rev,RefSeq,CDS,301720,302415,696,-,,,,YP_169337.1,231,,hypothetical protein,
Francisella tularensis subsp. tularensis SCHU S4,177416.18,NC_006570,,FTT0359,FTT0359,RefSeq.177416.18.NC_006570.CDS.359414.359884.fwd,RefSeq,CDS,359414,359884,471,+,,,,YP_169406.1,156,,hypothetical protein,
Francisella tularensis subsp. tularensis SCHU S4,177416.18,NC_006570,,FTT0806,FTT0806,RefSeq.177416.18.NC_006570.CDS.826080.826544.fwd,RefSeq,CDS,826080,826544,465,+,,,,YP_169813.1,154,capC,capsule biosynthesis protein CapC,
Francisella tularensis subsp. tularensis SCHU S4,177416.18,NC_006570,,FTT0823,FTT0823,RefSeq.177416.18.NC_006570.CDS.840226.840873.fwd,RefSeq,CDS,840226,840873,648,+,,,,YP_169830.1,215,,MutT protein,
Francisella tularensis subsp. tularensis SCHU S4,177416.18,NC_006570,,FTT0512,FTT0512,RefSeq.177416.18.NC_006570.CDS.533815.534354.fwd,RefSeq,CDS,533815,534354,540,+,,,,YP_169547.2,179,,glutamine amidotransferase subunit PdxT,
Francisella tularensis subsp. tularensis SCHU S4,177416.18,NC_006570,,FTT1439c,FTT1439c,RefSeq.177416.18.NC_006570.CDS.1485272.1486039.rev,RefSeq,CDS,1485272,1486039,768,-,,,,YP_170378.1,255,,deoxyribonuclease,
Francisella tularensis subsp. tularensis SCHU S4,177416.18,NC_006570,fig|177416.18.peg.686,,VBIFraTul2086_0686,PATRIC.177416.18.NC_006570.CDS.620480.620587.fwd,PATRIC,CDS,620480,620587,108,+,FIG01310674,PLF_262_00001787,PGF_01719557,,35,,hypothetical protein,
Francisella tularensis subsp. tularensis SCHU S4,177416.18,NC_006570,fig|177416.18.peg.1499,,VBIFraTul2086_1499,PATRIC.177416.18.NC_006570.CDS.1322037.1323584.fwd,PATRIC,CDS,1322037,1323584,1548,+,FIG00000320,PLF_262_00000476,PGF_00064460,,515,,Ubiquinone biosynthesis regulatory protein kinase UbiB,
Francisella tularensis subsp. tularensis SCHU S4,177416.18,NC_006570,fig|177416.18.peg.1445,,VBIFraTul2086_1445,PATRIC.177416.18.NC_006570.CDS.1271504.1272190.rev,PATRIC,CDS,1271504,1272190,687,-,FIG00657638,PLF_262_00000845,PGF_00194856,,228,,hypothetical protein,
Francisella tularensis subsp. tularensis SCHU S4,177416.18,NC_006570,fig|177416.18.peg.1260,,VBIFraTul2086_1260,PATRIC.177416.18.NC_006570.CDS.1102644.1104023.rev,PATRIC,CDS,1102644,1104023,1380,-,FIG00001201,PLF_262_00007861,PGF_03094694,,459,,Peptidase B (EC 3.4.11.23),GO:0004177|aminopeptidase activity;GO:0005622|intracellular;GO:0006508|proteolysis
Francisella tularensis subsp. tularensis SCHU S4,177416.18,NC_006570,fig|177416.18.peg.1705,,VBIFraTul2086_1705,PATRIC.177416.18.NC_006570.CDS.1530070.1530822.rev,PATRIC,CDS,1530070,1530822,753,-,FIG00000603,PLF_262_00000510,PGF_00418128,,250,,3-deoxy-manno-octulosonate cytidylyltransferase (EC 2.7.7.38),GO:0008690|3-deoxy-manno-octulosonate cytidylyltransferase activity
Francisella tularensis subsp. tularensis SCHU S4,177416.18,NC_006570,fig|177416.18.peg.1838,,VBIFraTul2086_1838,PATRIC.177416.18.NC_006570.CDS.1651812.1651970.rev,PATRIC,CDS,1651812,1651970,159,-,FIG00657621,PLF_262_00001743,PGF_00170137,,52,,hypothetical protein,
Francisella tularensis subsp. tularensis SCHU S4,177416.18,NC_006570,fig|177416.18.peg.998,,VBIFraTul2086_0998,PATRIC.177416.18.NC_006570.CDS.879521.880174.fwd,PATRIC,CDS,879521,880174,654,+,FIG00657951,PLF_262_00000127,PGF_01719347,,217,,hypothetical protein,
Francisella tularensis subsp. tularensis SCHU S4,177416.18,NC_006570,fig|177416.18.peg.30,FTT0027c,VBIFraTul2086_0030,PATRIC.177416.18.NC_006570.CDS.25842.27095.rev,PATRIC,CDS,25842,27095,1254,-,FIG00138250,PLF_262_00001400,PGF_00027503,YP_169103.1,417,lysA,Orn/DAP/Arg family decarboxylase,
Francisella tularensis subsp. tularensis SCHU S4,177416.18,NC_006570,fig|177416.18.peg.277,,VBIFraTul2086_0277,PATRIC.177416.18.NC_006570.CDS.259936.260352.fwd,PATRIC,CDS,259936,260352,417,+,FIG01306568,PLF_262_00000002,PGF_01719295,,138,,Mobile element protein,
Francisella tularensis subsp. tularensis SCHU S4,177416.18,NC_006570,fig|177416.18.peg.752,,VBIFraTul2086_0752,PATRIC.177416.18.NC_006570.CDS.677570.678220.fwd,PATRIC,CDS,677570,678220,651,+,FIG00000314,PLF_262_00000266,PGF_03189552,,216,,Holliday junction ATP-dependent DNA helicase RuvA (EC 3.6.4.12),
Francisella tularensis subsp. tularensis SCHU S4,177416.18,NC_006570,fig|177416.18.peg.276,,VBIFraTul2086_0276,PATRIC.177416.18.NC_006570.CDS.259568.259948.fwd,PATRIC,CDS,259568,259948,381,+,FIG01306568,PLF_262_00000001,PGF_01719295,,126,,Mobile element protein,
Francisella tularensis subsp. tularensis SCHU S4,177416.18,NC_006570,fig|177416.18.peg.1384,,VBIFraTul2086_1384,PATRIC.177416.18.NC_006570.CDS.1209927.1210445.rev,PATRIC,CDS,1209927,1210445,519,-,FIG01435339,PLF_262_00000039,PGF_00038071,,172,,"Protein containing transglutaminase-like domain, putative cysteine protease",
Francisella tularensis subsp. tularensis SCHU S4,177416.18,NC_006570,fig|177416.18.peg.372,,VBIFraTul2086_0372,PATRIC.177416.18.NC_006570.CDS.342827.343144.fwd,PATRIC,CDS,342827,343144,318,+,FIG00000198,PLF_262_00000646,PGF_00016377,,105,,LSU ribosomal protein L24p (L26e),
Francisella tularensis subsp. tularensis SCHU S4,177416.18,NC_006570,fig|177416.18.peg.1177,,VBIFraTul2086_1177,PATRIC.177416.18.NC_006570.CDS.1038044.1038565.rev,PATRIC,CDS,1038044,1038565,522,-,FIG00000429,PLF_262_00000629,PGF_01922063,,173,,Inorganic pyrophosphatase (EC 3.6.1.1),GO:0004427|inorganic diphosphatase activity
Francisella tularensis subsp. tularensis SCHU S4,177416.18,NC_006570,fig|177416.18.peg.913,,VBIFraTul2086_0913,PATRIC.177416.18.NC_006570.CDS.812983.814269.fwd,PATRIC,CDS,812983,814269,1287,+,FIG00000149,PLF_262_00001713,PGF_01721641,,428,,Phosphoserine phosphatase (EC 3.1.3.3) / Phosphoserine phosphatase (EC 3.1.3.3),GO:0004647|phosphoserine phosphatase activity
Francisella tularensis subsp. tularensis SCHU S4,177416.18,NC_006570,fig|177416.18.peg.206,FTT0186,VBIFraTul2086_0206,PATRIC.177416.18.NC_006570.CDS.201657.202340.fwd,PATRIC,CDS,201657,202340,684,+,FIG00021517,PLF_262_00001607,PGF_10535492,YP_169247.1,227,ftsQ,Cell division protein FtsQ,
Francisella tularensis subsp. tularensis SCHU S4,177416.18,NC_006570,fig|177416.18.peg.1583,,VBIFraTul2086_1583,PATRIC.177416.18.NC_006570.CDS.1421026.1421769.fwd,PATRIC,CDS,1421026,1421769,744,+,FIG00621114,PLF_262_00000513,PGF_08693885,,247,,"3-oxoacyl-[acyl-carrier protein] reductase (EC 1.1.1.100), FadG",GO:0004316|3-oxoacyl-[acyl-carrier-protein] reductase (NADPH) activity
Francisella tularensis subsp. tularensis SCHU S4,177416.18,NC_006570,fig|177416.18.peg.1033,,VBIFraTul2086_1033,PATRIC.177416.18.NC_006570.CDS.910562.911041.fwd,PATRIC,CDS,910562,911041,480,+,FIG00657582,PLF_262_00001717,PGF_01719674,,159,,hypothetical protein,
Francisella tularensis subsp. tularensis SCHU S4,177416.18,NC_006570,,FTT1441,FTT1441,RefSeq.177416.18.NC_006570.CDS.1487705.1488190.fwd,RefSeq,CDS,1487705,1488190,486,+,,,,YP_170379.1,161,,hypothetical protein,
Francisella tularensis subsp. tularensis SCHU S4,177416.18,NC_006570,fig|177416.18.peg.590,,VBIFraTul2086_0590,PATRIC.177416.18.NC_006570.CDS.547050.547436.fwd,PATRIC,CDS,547050,547436,387,+,FIG00847668,PLF_262_00001583,PGF_09125493,,128,,Putative DNA methylase,
Francisella tularensis subsp. tularensis SCHU S4,177416.18,NC_006570,fig|177416.18.peg.594,,VBIFraTul2086_0594,PATRIC.177416.18.NC_006570.CDS.549181.549549.fwd,PATRIC,CDS,549181,549549,369,+,FIG00657748,PLF_262_00000063,PGF_08225224,,122,,hypothetical protein,
Francisella tularensis subsp. tularensis SCHU S4,177416.18,NC_006570,fig|177416.18.peg.314,,VBIFraTul2086_0314,PATRIC.177416.18.NC_006570.CDS.293952.294965.rev,PATRIC,CDS,293952,294965,1014,-,FIG00453115,PLF_262_00001126,PGF_00014284,,337,,Inner membrane transport protein YajR,
Francisella tularensis subsp. tularensis SCHU S4,177416.18,NC_006570,fig|177416.18.peg.1698,,VBIFraTul2086_1698,PATRIC.177416.18.NC_006570.CDS.1522463.1524172.rev,PATRIC,CDS,1522463,1524172,1710,-,FIG00001381,PLF_262_00000574,PGF_00421098,,569,,DEAD-box ATP-dependent RNA helicase DeaD (= CshA) (EC 3.6.4.13),
Francisella tularensis subsp. tularensis SCHU S4,177416.18,NC_006570,,FTT0458,FTT0458,RefSeq.177416.18.NC_006570.CDS.475520.476152.fwd,RefSeq,CDS,475520,476152,633,+,,,,YP_169496.1,210,sspA,"stringent starvation protein A, regulator of transcription",
Francisella tularensis subsp. tularensis SCHU S4,177416.18,NC_006570,,FTT0631,FTT0631,RefSeq.177416.18.NC_006570.CDS.650291.651598.fwd,RefSeq,CDS,650291,651598,1308,+,,,,YP_169652.1,435,hflX,"protease, GTP-binding subunit",
Francisella tularensis subsp. tularensis SCHU S4,177416.18,NC_006570,,FTT1246,FTT1246,RefSeq.177416.18.NC_006570.CDS.1267279.1268127.fwd,RefSeq,CDS,1267279,1268127,849,+,,,,YP_170204.1,282,,hypothetical protein,
Francisella tularensis subsp. tularensis SCHU S4,177416.18,NC_006570,,FTT1804c,FTT1804c,RefSeq.177416.18.NC_006570.CDS.1890890.1892386.rev,RefSeq,CDS,1890890,1892386,1497,-,,,,YP_170686.1,498,rng,ribonuclease G,
Francisella tularensis subsp. tularensis SCHU S4,177416.18,NC_006570,,FTT0983,FTT0983,RefSeq.177416.18.NC_006570.CDS.994057.994200.fwd,RefSeq,CDS,994057,994200,144,+,,,,YP_169971.1,47,,hypothetical protein,
Francisella tularensis subsp. tularensis SCHU S4,177416.18,NC_006570,,FTT1386,FTT1386,RefSeq.177416.18.NC_006570.CDS.1429994.1430778.fwd,RefSeq,CDS,1429994,1430778,327,+,,,,YP_170331.1,261,isftu1,transposase,
Francisella tularensis subsp. tularensis SCHU S4,177416.18,NC_006570,,FTT1161,FTT1161,RefSeq.177416.18.NC_006570.CDS.1173479.1174135.fwd,RefSeq,CDS,1173479,1174135,657,+,,,,YP_170128.1,218,adk,adenylate kinase,
Francisella tularensis subsp. tularensis SCHU S4,177416.18,NC_006570,,FTT1249,FTT1249,RefSeq.177416.18.NC_006570.CDS.1270088.1270813.fwd,RefSeq,CDS,1270088,1270813,726,+,,,,YP_170207.1,241,,cell entry (mce) related family protein,
Francisella tularensis subsp. tularensis SCHU S4,177416.18,NC_006570,,FTT0149c,FTT0149c,RefSeq.177416.18.NC_006570.CDS.166155.167315.rev,RefSeq,CDS,166155,167315,1161,-,,,,YP_169215.1,386,metK,S-adenosylmethionine synthetase,
Francisella tularensis subsp. tularensis SCHU S4,177416.18,NC_006570,,FTT0136,FTT0136,RefSeq.177416.18.NC_006570.CDS.148165.149580.fwd,RefSeq,CDS,148165,149580,1416,+,,,,YP_169202.1,471,,helicase,
Francisella tularensis subsp. tularensis SCHU S4,177416.18,NC_006570,,FTT1013c,FTT1013c,RefSeq.177416.18.NC_006570.CDS.1023159.1024205.rev,RefSeq,CDS,1023159,1024205,1047,-,,,,YP_169998.1,348,ruvB,Holliday junction DNA helicase RuvB,
Francisella tularensis subsp. tularensis SCHU S4,177416.18,NC_006570,,FTT1072,FTT1072,RefSeq.177416.18.NC_006570.CDS.1084047.1084676.fwd,RefSeq,CDS,1084047,1084676,630,+,,,,YP_170051.1,209,,hypothetical protein,
Francisella tularensis subsp. tularensis SCHU S4,177416.18,NC_006570,,FTT0397,FTT0397,RefSeq.177416.18.NC_006570.CDS.398659.399345.fwd,RefSeq,CDS,398659,399345,687,+,,,,YP_169442.1,228,mtn,5'-methylthioadenosine/S-adenosylhomocysteine nucleosidase,
Francisella tularensis subsp. tularensis SCHU S4,177416.18,NC_006570,,FTT0411c,FTT0411c,RefSeq.177416.18.NC_006570.CDS.418297.419142.rev,RefSeq,CDS,418297,419142,846,-,,,,YP_169456.1,281,aroE2,shikimate 5-dehydrogenase,
Francisella tularensis subsp. tularensis SCHU S4,177416.18,NC_006570,,FTT0242,FTT0242,RefSeq.177416.18.NC_006570.CDS.254157.254720.fwd,RefSeq,CDS,254157,254720,564,+,,,,YP_169295.1,187,,hypothetical protein,
Francisella tularensis subsp. tularensis SCHU S4,177416.18,NC_006570,,FTT1235c,FTT1235c,RefSeq.177416.18.NC_006570.CDS.1254094.1255158.rev,RefSeq,CDS,1254094,1255158,1065,-,,,,YP_170193.1,354,lpcC,glycosyl transferase group 1 family protein,
Francisella tularensis subsp. tularensis SCHU S4,177416.18,NC_006570,,FTT0575,FTT0575,RefSeq.177416.18.NC_006570.CDS.593230.594072.fwd,RefSeq,CDS,593230,594072,843,+,,,,YP_169599.1,280,pheA,prephenate dehydratase,
Francisella tularensis subsp. tularensis SCHU S4,177416.18,NC_006570,,FTT1713c,FTT1713c,RefSeq.177416.18.NC_006570.CDS.1792663.1794207.rev,RefSeq,CDS,1792663,1794207,1545,-,,,,YP_170618.1,514,iglB1,"intracellular growth locus, subunit B",
Francisella tularensis subsp. tularensis SCHU S4,177416.18,NC_006570,,FTT0807,FTT0807,RefSeq.177416.18.NC_006570.CDS.826546.827757.fwd,RefSeq,CDS,826546,827757,1212,+,,,,YP_169814.1,403,,hypothetical protein,
Francisella tularensis subsp. tularensis SCHU S4,177416.18,NC_006570,,FTT0494c,FTT0494c,RefSeq.177416.18.NC_006570.CDS.514280.515002.rev,RefSeq,CDS,514280,515002,723,-,,,,YP_169531.1,240,cutC,CutC family protein,
Francisella tularensis subsp. tularensis SCHU S4,177416.18,NC_006570,,FTT1082,FTT1082,RefSeq.177416.18.NC_006570.CDS.1092093.1092515.fwd,RefSeq,CDS,1092093,1092515,423,+,,,,YP_170061.1,140,,T1082 protein,
Francisella tularensis subsp. tularensis SCHU S4,177416.18,NC_006570,fig|177416.18.peg.1879,,VBIFraTul2086_1879,PATRIC.177416.18.NC_006570.CDS.1684631.1685482.rev,PATRIC,CDS,1684631,1685482,852,-,FIG00657932,PLF_262_00001274,PGF_08225224,,283,,hypothetical protein,
Francisella tularensis subsp. tularensis SCHU S4,177416.18,NC_006570,fig|177416.18.peg.328,,VBIFraTul2086_0328,PATRIC.177416.18.NC_006570.CDS.306195.307196.fwd,PATRIC,CDS,306195,307196,1002,+,FIG00015469,PLF_262_00000333,PGF_10081007,,333,,Aerotolerance protein BatA,
Francisella tularensis subsp. tularensis SCHU S4,177416.18,NC_006570,fig|177416.18.peg.436,,VBIFraTul2086_0436,PATRIC.177416.18.NC_006570.CDS.393465.393794.rev,PATRIC,CDS,393465,393794,330,-,FIG00657611,PLF_262_00001286,PGF_00319151,,109,,hypothetical protein,
Francisella tularensis subsp. tularensis SCHU S4,177416.18,NC_006570,fig|177416.18.peg.1788,,VBIFraTul2086_1788,PATRIC.177416.18.NC_006570.CDS.1608750.1609100.fwd,PATRIC,CDS,1608750,1609100,351,+,FIG01306636,PLF_262_00000021,PGF_06149846,,116,,FIG001571: Hypothetical protein,
Francisella tularensis subsp. tularensis SCHU S4,177416.18,NC_006570,fig|177416.18.peg.1084,,VBIFraTul2086_1084,PATRIC.177416.18.NC_006570.CDS.961128.962048.rev,PATRIC,CDS,961128,962048,921,-,FIG00554419,PLF_262_00001375,PGF_00416519,,306,,Carbon-nitrogen hydrolase,
Francisella tularensis subsp. tularensis SCHU S4,177416.18,NC_006570,fig|177416.18.peg.1336,,VBIFraTul2086_1336,PATRIC.177416.18.NC_006570.CDS.1170595.1171185.rev,PATRIC,CDS,1170595,1171185,591,-,FIG00001895,PLF_262_00001265,PGF_02330993,,196,,Type IV pilus biogenesis protein PilP,
Francisella tularensis subsp. tularensis SCHU S4,177416.18,NC_006570,fig|177416.18.peg.1533,,VBIFraTul2086_1533,PATRIC.177416.18.NC_006570.CDS.1358840.1360120.fwd,PATRIC,CDS,1358840,1360120,1281,+,FIG00000121,PLF_262_00000287,PGF_00051525,,426,,Seryl-tRNA synthetase (EC 6.1.1.11),GO:0004828|serine-tRNA ligase activity
Francisella tularensis subsp. tularensis SCHU S4,177416.18,NC_006570,fig|177416.18.peg.150,FTT0134,VBIFraTul2086_0150,PATRIC.177416.18.NC_006570.CDS.146977.147690.fwd,PATRIC,CDS,146977,147690,714,+,FIG00657475,PLF_262_00001449,PGF_00364028,YP_169201.1,237,,hypothetical protein,
Francisella tularensis subsp. tularensis SCHU S4,177416.18,NC_006570,fig|177416.18.peg.718,,VBIFraTul2086_0718,PATRIC.177416.18.NC_006570.CDS.650290.651597.fwd,PATRIC,CDS,650290,651597,1308,+,FIG00000304,PLF_262_00000372,PGF_00007028,,435,,Ribosome LSU-associated GTP-binding protein HflX,
Francisella tularensis subsp. tularensis SCHU S4,177416.18,NC_006570,fig|177416.18.peg.1577,,VBIFraTul2086_1577,PATRIC.177416.18.NC_006570.CDS.1414971.1416962.rev,PATRIC,CDS,1414971,1416962,1992,-,FIG00020289,PLF_262_00000465,PGF_01136362,,663,,Transketolase (EC 2.2.1.1),GO:0004802|transketolase activity
Francisella tularensis subsp. tularensis SCHU S4,177416.18,NC_006570,,FTT0476c,FTT0476c,RefSeq.177416.18.NC_006570.CDS.493761.494684.rev,RefSeq,CDS,493761,494684,924,-,,,,YP_169514.1,307,poxA,lysyl-tRNA synthetase,
Francisella tularensis subsp. tularensis SCHU S4,177416.18,NC_006570,fig|177416.18.peg.1995,,VBIFraTul2086_1995,PATRIC.177416.18.NC_006570.CDS.1799879.1800634.fwd,PATRIC,CDS,1799879,1800634,756,+,FIG00139235,PLF_262_00000038,PGF_00036526,,251,,"Predicted trehalose permease, MFS family, FucP subfamily",
Francisella tularensis subsp. tularensis SCHU S4,177416.18,NC_006570,fig|177416.18.peg.2085,,VBIFraTul2086_2085,PATRIC.177416.18.NC_006570.CDS.1879053.1879175.rev,PATRIC,CDS,1879053,1879175,123,-,FIG01306568,PLF_262_00000014,PGF_01000105,,40,,Mobile element protein,
Francisella tularensis subsp. tularensis SCHU S4,177416.18,NC_006570,fig|177416.18.peg.1556,,VBIFraTul2086_1556,PATRIC.177416.18.NC_006570.CDS.1392079.1392795.fwd,PATRIC,CDS,1392079,1392795,717,+,FIG00657538,PLF_262_00001117,PGF_01719321,,238,,hypothetical protein,
Francisella tularensis subsp. tularensis SCHU S4,177416.18,NC_006570,fig|177416.18.peg.503,,VBIFraTul2086_0503,PATRIC.177416.18.NC_006570.CDS.463699.465345.rev,PATRIC,CDS,463699,465345,1647,-,FIG00000825,PLF_262_00000613,PGF_00008326,,548,,Glutaminyl-tRNA synthetase (EC 6.1.1.18),GO:0004819|glutamine-tRNA ligase activity
Francisella tularensis subsp. tularensis SCHU S4,177416.18,NC_006570,,FTT0315,FTT0315,RefSeq.177416.18.NC_006570.CDS.330111.330860.fwd,RefSeq,CDS,330111,330860,750,+,,,,YP_169364.1,249,pyrH,uridylate kinase,
Francisella tularensis subsp. tularensis SCHU S4,177416.18,NC_006570,fig|177416.18.peg.1796,,VBIFraTul2086_1796,PATRIC.177416.18.NC_006570.CDS.1612382.1613125.fwd,PATRIC,CDS,1612382,1613125,744,+,FIG01955289,PLF_262_00000700,PGF_10532194,,247,,"Oxidoreductase, short-chain dehydrogenase/reductase family",
Francisella tularensis subsp. tularensis SCHU S4,177416.18,NC_006570,fig|177416.18.peg.555,,VBIFraTul2086_0555,PATRIC.177416.18.NC_006570.CDS.516613.517341.rev,PATRIC,CDS,516613,517341,729,-,FIG00000376,PLF_262_00000484,PGF_01721349,,242,,asparaginase,
Francisella tularensis subsp. tularensis SCHU S4,177416.18,NC_006570,fig|177416.18.peg.338,,VBIFraTul2086_0338,PATRIC.177416.18.NC_006570.CDS.317156.317491.fwd,PATRIC,CDS,317156,317491,336,+,FIG00946206,PLF_262_00001366,PGF_01719361,,111,,hypothetical protein,
Francisella tularensis subsp. tularensis SCHU S4,177416.18,NC_006570,fig|177416.18.peg.350,,VBIFraTul2086_0350,PATRIC.177416.18.NC_006570.CDS.329237.330106.fwd,PATRIC,CDS,329237,330106,870,+,FIG00000191,PLF_262_00000467,PGF_06936561,,289,,Translation elongation factor Ts,GO:0003746|translation elongation factor activity;GO:0006414|translational elongation
Francisella tularensis subsp. tularensis SCHU S4,177416.18,NC_006570,,FTT0019,FTT0019,RefSeq.177416.18.NC_006570.CDS.17884.18165.fwd,RefSeq,CDS,17884,18165,282,+,,,,YP_169095.1,93,gatC,Glu-tRNAGln amidotransferase C subunit,
Francisella tularensis subsp. tularensis SCHU S4,177416.18,NC_006570,,FTT0051,FTT0051,RefSeq.177416.18.NC_006570.CDS.53243.53674.fwd,RefSeq,CDS,53243,53674,432,+,,,,YP_169126.1,143,rbfA,ribosome-binding factor A,
Francisella tularensis subsp. tularensis SCHU S4,177416.18,NC_006570,fig|177416.18.peg.1296,,VBIFraTul2086_1296,PATRIC.177416.18.NC_006570.CDS.1133814.1134866.fwd,PATRIC,CDS,1133814,1134866,1053,+,FIG00006151,PLF_262_00000213,PGF_00020717,,350,,Methionine ABC transporter ATP-binding protein,GO:0005524|ATP binding;GO:0016887|ATPase activity
Francisella tularensis subsp. tularensis SCHU S4,177416.18,NC_006570,fig|177416.18.peg.240,,VBIFraTul2086_0240,PATRIC.177416.18.NC_006570.CDS.231974.234127.fwd,PATRIC,CDS,231974,234127,2154,+,FIG00080955,PLF_262_00001309,PGF_00011081,,717,,Helicase PriA essential for oriC/DnaA-independent DNA replication,
Francisella tularensis subsp. tularensis SCHU S4,177416.18,NC_006570,fig|177416.18.peg.181,FTT0164c,VBIFraTul2086_0181,PATRIC.177416.18.NC_006570.CDS.178932.180113.rev,PATRIC,CDS,178932,180113,1182,-,FIG00025607,PLF_262_00001248,PGF_06767689,YP_169230.1,393,,"Multidrug resistance transporter, Bcr/CflA family",
Francisella tularensis subsp. tularensis SCHU S4,177416.18,NC_006570,fig|177416.18.peg.437,,VBIFraTul2086_0437,PATRIC.177416.18.NC_006570.CDS.393921.394691.fwd,PATRIC,CDS,393921,394691,771,+,FIG00000036,PLF_262_00000668,PGF_06629251,,256,,Methionine aminopeptidase (EC 3.4.11.18),GO:0004239|methionyl aminopeptidase activity
Francisella tularensis subsp. tularensis SCHU S4,177416.18,NC_006570,fig|177416.18.peg.1944,,VBIFraTul2086_1944,PATRIC.177416.18.NC_006570.CDS.1745523.1746602.rev,PATRIC,CDS,1745523,1746602,1080,-,FIG00000626,PLF_262_00000880,PGF_07304022,,359,,tRNA-specific 2-thiouridylase MnmA (EC 2.8.1.13),
Francisella tularensis subsp. tularensis SCHU S4,177416.18,NC_006570,fig|177416.18.peg.1315,,VBIFraTul2086_1315,PATRIC.177416.18.NC_006570.CDS.1153449.1153646.fwd,PATRIC,CDS,1153449,1153646,198,+,,PLF_262_00001615,PGF_01719458,,65,,hypothetical protein,
Francisella tularensis subsp. tularensis SCHU S4,177416.18,NC_006570,fig|177416.18.peg.458,,VBIFraTul2086_0458,PATRIC.177416.18.NC_006570.CDS.419167.422379.rev,PATRIC,CDS,419167,422379,3213,-,FIG00181043,PLF_262_00001252,PGF_02875184,,1070,,Pullulanase (EC 3.2.1.41),
Francisella tularensis subsp. tularensis SCHU S4,177416.18,NC_006570,fig|177416.18.peg.2001,,VBIFraTul2086_2001,PATRIC.177416.18.NC_006570.CDS.1805945.1807435.rev,PATRIC,CDS,1805945,1807435,1491,-,FIG00000179,PLF_262_00000542,PGF_00050995,,496,,Amidophosphoribosyltransferase (EC 2.4.2.14),GO:0004044|amidophosphoribosyltransferase activity
Francisella tularensis subsp. tularensis SCHU S4,177416.18,NC_006570,,FTT0753,FTT0753,RefSeq.177416.18.NC_006570.CDS.774331.774531.fwd,RefSeq,CDS,774331,774531,201,+,,,,YP_169764.1,66,rpsU,30S ribosomal protein S21,
Francisella tularensis subsp. tularensis SCHU S4,177416.18,NC_006570,fig|177416.18.peg.1155,,VBIFraTul2086_1155,PATRIC.177416.18.NC_006570.CDS.1020042.1020764.rev,PATRIC,CDS,1020042,1020764,723,-,FIG00658088,PLF_262_00001140,PGF_00114967,,240,,hypothetical protein,
Francisella tularensis subsp. tularensis SCHU S4,177416.18,NC_006570,fig|177416.18.peg.1286,,VBIFraTul2086_1286,PATRIC.177416.18.NC_006570.CDS.1124734.1126671.rev,PATRIC,CDS,1124734,1126671,1938,-,FIG00001617,PLF_262_00000739,PGF_05949521,,645,,Protein translocase subunit SecD,
Francisella tularensis subsp. tularensis SCHU S4,177416.18,NC_006570,fig|177416.18.peg.1434,,VBIFraTul2086_1434,PATRIC.177416.18.NC_006570.CDS.1260163.1260711.rev,PATRIC,CDS,1260163,1260711,549,-,FIG00058322,PLF_262_00000940,PGF_00053372,,182,,Sodium-dependent phosphate transporter,
Francisella tularensis subsp. tularensis SCHU S4,177416.18,NC_006570,fig|177416.18.peg.1568,,VBIFraTul2086_1568,PATRIC.177416.18.NC_006570.CDS.1407396.1407812.rev,PATRIC,CDS,1407396,1407812,417,-,FIG01306568,PLF_262_00000002,PGF_01719295,,138,,Mobile element protein,
Francisella tularensis subsp. tularensis SCHU S4,177416.18,NC_006570,fig|177416.18.peg.1220,,VBIFraTul2086_1220,PATRIC.177416.18.NC_006570.CDS.1071331.1072257.fwd,PATRIC,CDS,1071331,1072257,927,+,FIG00000778,PLF_262_00000347,PGF_00419627,,308,,"Coproporphyrinogen III oxidase, aerobic (EC 1.3.3.3)",GO:0004109|coproporphyrinogen oxidase activity
Francisella tularensis subsp. tularensis SCHU S4,177416.18,NC_006570,,FTT0588,FTT0588,RefSeq.177416.18.NC_006570.CDS.607811.609088.fwd,RefSeq,CDS,607811,609088,1278,+,,,,YP_169611.1,425,aroA,3-phosphoshikimate 1-carboxyvinyltransferase,
Francisella tularensis subsp. tularensis SCHU S4,177416.18,NC_006570,,FTT0264c,FTT0264c,RefSeq.177416.18.NC_006570.CDS.278450.278623.rev,RefSeq,CDS,278450,278623,174,-,,,,YP_169316.1,57,,hypothetical protein,
Francisella tularensis subsp. tularensis SCHU S4,177416.18,NC_006570,,FTT0665c,FTT0665c,RefSeq.177416.18.NC_006570.CDS.683315.683920.rev,RefSeq,CDS,683315,683920,606,-,,,,YP_169682.1,201,,aldolase/adducin class II family protein,
Francisella tularensis subsp. tularensis SCHU S4,177416.18,NC_006570,,FTT1782c,FTT1782c,RefSeq.177416.18.NC_006570.CDS.1870564.1872243.rev,RefSeq,CDS,1870564,1872243,1680,-,,,,YP_170670.1,559,yjjK,putative ABC transporter ATP-binding protein,
Francisella tularensis subsp. tularensis SCHU S4,177416.18,NC_006570,fig|177416.18.peg.991,,VBIFraTul2086_0991,PATRIC.177416.18.NC_006570.CDS.874929.875123.fwd,PATRIC,CDS,874929,875123,195,+,FIG00657771,PLF_262_00009085,PGF_12731216,,64,,hypothetical protein,
Francisella tularensis subsp. tularensis SCHU S4,177416.18,NC_006570,fig|177416.18.peg.1029,,VBIFraTul2086_1029,PATRIC.177416.18.NC_006570.CDS.906969.907322.rev,PATRIC,CDS,906969,907322,354,-,FIG00009496,PLF_262_00000930,PGF_02501663,,117,,UPF0102 protein YraN,
Francisella tularensis subsp. tularensis SCHU S4,177416.18,NC_006570,fig|177416.18.peg.1609,,VBIFraTul2086_1609,PATRIC.177416.18.NC_006570.CDS.1447891.1448502.rev,PATRIC,CDS,1447891,1448502,612,-,FIG01303823,PLF_262_00000964,PGF_00408673,,203,,Ferredoxin-dependent glutamate synthase (EC 1.4.7.1),GO:0016041|glutamate synthase (ferredoxin) activity
Francisella tularensis subsp. tularensis SCHU S4,177416.18,NC_006570,fig|177416.18.peg.902,,VBIFraTul2086_0902,PATRIC.177416.18.NC_006570.CDS.802482.803444.fwd,PATRIC,CDS,802482,803444,963,+,FIG00016566,PLF_262_00000331,PGF_00065532,,320,,Arylsulfatase (EC 3.1.6.1),GO:0004065|arylsulfatase activity
Francisella tularensis subsp. tularensis SCHU S4,177416.18,NC_006570,,FTT1112c,FTT1112c,RefSeq.177416.18.NC_006570.CDS.1122309.1123187.rev,RefSeq,CDS,1122309,1123187,879,-,,,,YP_170086.1,292,rpoH,RNA polymerase factor sigma-32,
Francisella tularensis subsp. tularensis SCHU S4,177416.18,NC_006570,,FTT1621c,FTT1621c,RefSeq.177416.18.NC_006570.CDS.1684676.1685527.rev,RefSeq,CDS,1684676,1685527,852,-,,,,YP_170534.1,283,,hypothetical protein,
Francisella tularensis subsp. tularensis SCHU S4,177416.18,NC_006570,,FTT1357c,FTT1357c,RefSeq.177416.18.NC_006570.CDS.1398673.1399308.rev,RefSeq,CDS,1398673,1399308,636,-,,,,YP_170309.1,211,iglC,"intracellular growth locus, subunit C",
Francisella tularensis subsp. tularensis SCHU S4,177416.18,NC_006570,,FTT0915c,FTT0915c,RefSeq.177416.18.NC_006570.CDS.921719.924526.rev,RefSeq,CDS,921719,924526,2808,-,,,,YP_169912.1,935,ileS,isoleucyl-tRNA synthetase,
Francisella tularensis subsp. tularensis SCHU S4,177416.18,NC_006570,,FTT0080,FTT0080,RefSeq.177416.18.NC_006570.CDS.83407.84168.fwd,RefSeq,CDS,83407,84168,762,+,,,,YP_169155.1,253,tpiA,triosephosphate isomerase,
Francisella tularensis subsp. tularensis SCHU S4,177416.18,NC_006570,,FTT0718,FTT0718,RefSeq.177416.18.NC_006570.CDS.738164.738508.fwd,RefSeq,CDS,738164,738508,345,+,,,,YP_169732.1,114,,hypothetical protein,
Francisella tularensis subsp. tularensis SCHU S4,177416.18,NC_006570,,FTT1777c,FTT1777c,RefSeq.177416.18.NC_006570.CDS.1867194.1867604.rev,RefSeq,CDS,1867194,1867604,411,-,,,,YP_170666.1,136,,hypothetical protein,
Francisella tularensis subsp. tularensis SCHU S4,177416.18,NC_006570,,FTT1332,FTT1332,RefSeq.177416.18.NC_006570.CDS.1361242.1362501.fwd,RefSeq,CDS,1361242,1362501,1260,+,,,,YP_170284.1,419,,polysaccharide biosynthesis protein (export protein),
Francisella tularensis subsp. tularensis SCHU S4,177416.18,NC_006570,,FTT0454,FTT0454,RefSeq.177416.18.NC_006570.CDS.471633.472589.fwd,RefSeq,CDS,471633,472589,957,+,,,,YP_169492.1,318,yfdH,"glycosyl transferase, group 2 family protein",
Francisella tularensis subsp. tularensis SCHU S4,177416.18,NC_006570,,FTT1178c,FTT1178c,RefSeq.177416.18.NC_006570.CDS.1193673.1193921.rev,RefSeq,CDS,1193673,1193921,249,-,,,,YP_170142.1,82,,hypothetical protein,
Francisella tularensis subsp. tularensis SCHU S4,177416.18,NC_006570,fig|177416.18.peg.760,,VBIFraTul2086_0760,PATRIC.177416.18.NC_006570.CDS.684010.684591.rev,PATRIC,CDS,684010,684591,582,-,FIG00001134,PLF_262_00007698,PGF_04198961,,193,,DNA-3-methyladenine glycosylase II (EC 3.2.2.21),GO:0003905|alkylbase DNA N-glycosylase activity
Francisella tularensis subsp. tularensis SCHU S4,177416.18,NC_006570,fig|177416.18.peg.1905,,VBIFraTul2086_1905,PATRIC.177416.18.NC_006570.CDS.1708060.1708476.fwd,PATRIC,CDS,1708060,1708476,417,+,FIG01306568,PLF_262_00000002,PGF_01719295,,138,,Mobile element protein,
Francisella tularensis subsp. tularensis SCHU S4,177416.18,NC_006570,fig|177416.18.peg.694,,VBIFraTul2086_0694,PATRIC.177416.18.NC_006570.CDS.625352.626557.fwd,PATRIC,CDS,625352,626557,1206,+,FIG00000449,PLF_262_00000501,PGF_00426236,,401,,(E)-4-hydroxy-3-methylbut-2-enyl-diphosphate synthase (flavodoxin) (EC 1.17.7.3),
Francisella tularensis subsp. tularensis SCHU S4,177416.18,NC_006570,fig|177416.18.peg.313,,VBIFraTul2086_0313,PATRIC.177416.18.NC_006570.CDS.291745.293499.rev,PATRIC,CDS,291745,293499,1755,-,FIG00096593,PLF_262_00000249,PGF_01605461,,584,,Cytochrome d ubiquinol oxidase subunit I (EC 1.10.3.-),GO:0006118|electron transport;GO:0016020|membrane;GO:0016491|oxidoreductase activity
Francisella tularensis subsp. tularensis SCHU S4,177416.18,NC_006570,fig|177416.18.peg.224,,VBIFraTul2086_0224,PATRIC.177416.18.NC_006570.CDS.220154.220765.fwd,PATRIC,CDS,220154,220765,612,+,FIG00033877,PLF_262_00000011,PGF_12907514,,203,,Serine transporter,GO:0006865|amino acid transport;GO:0009847|spore germination;GO:0016020|membrane;GO:0016021|integral to membrane
Francisella tularensis subsp. tularensis SCHU S4,177416.18,NC_006570,fig|177416.18.peg.233,,VBIFraTul2086_0233,PATRIC.177416.18.NC_006570.CDS.227778.227951.rev,PATRIC,CDS,227778,227951,174,-,FIG01318878,PLF_262_00001892,PGF_01719625,,57,,hypothetical protein,
Francisella tularensis subsp. tularensis SCHU S4,177416.18,NC_006570,fig|177416.18.peg.152,FTT0136,VBIFraTul2086_0152,PATRIC.177416.18.NC_006570.CDS.148165.149580.fwd,PATRIC,CDS,148165,149580,1416,+,FIG00131476,PLF_262_00001331,PGF_12948670,YP_169202.1,471,,RecD-like DNA helicase Atu2026,
Francisella tularensis subsp. tularensis SCHU S4,177416.18,NC_006570,fig|177416.18.peg.1605,,VBIFraTul2086_1605,PATRIC.177416.18.NC_006570.CDS.1438763.1442416.rev,PATRIC,CDS,1438763,1442416,3654,-,FIG00043030,PLF_262_00000364,PGF_01058419,,1217,,Exodeoxyribonuclease V beta chain (EC 3.1.11.5),GO:0008854|exodeoxyribonuclease V activity
Francisella tularensis subsp. tularensis SCHU S4,177416.18,NC_006570,fig|177416.18.peg.1233,,VBIFraTul2086_1233,PATRIC.177416.18.NC_006570.CDS.1082895.1083401.rev,PATRIC,CDS,1082895,1083401,507,-,FIG00514391,PLF_262_00001666,PGF_07504948,,168,,Antirestriction protein,
Francisella tularensis subsp. tularensis SCHU S4,177416.18,NC_006570,fig|177416.18.peg.1579,,VBIFraTul2086_1579,PATRIC.177416.18.NC_006570.CDS.1417649.1417831.fwd,PATRIC,CDS,1417649,1417831,183,+,FIG00006632,PLF_262_00000650,PGF_04792416,,60,,"LSU ribosomal protein L32p @ LSU ribosomal protein L32p, zinc-independent",
Francisella tularensis subsp. tularensis SCHU S4,177416.18,NC_006570,fig|177416.18.peg.1278,,VBIFraTul2086_1278,PATRIC.177416.18.NC_006570.CDS.1118497.1118946.rev,PATRIC,CDS,1118497,1118946,450,-,FIG00001690,PLF_262_00001769,PGF_01719545,,149,,Glycine betaine transporter,
Francisella tularensis subsp. tularensis SCHU S4,177416.18,NC_006570,fig|177416.18.peg.1364,,VBIFraTul2086_1364,PATRIC.177416.18.NC_006570.CDS.1194339.1196156.fwd,PATRIC,CDS,1194339,1196156,1818,+,FIG00000268,PLF_262_00000608,PGF_00007041,,605,,GTP-binding protein TypA/BipA,GO:0005525|GTP binding;GO:0006412|translation
Francisella tularensis subsp. tularensis SCHU S4,177416.18,NC_006570,fig|177416.18.peg.213,FTT0193c,VBIFraTul2086_0213,PATRIC.177416.18.NC_006570.CDS.210928.211470.rev,PATRIC,CDS,210928,211470,543,-,FIG00657586,PLF_262_00000999,PGF_10383881,YP_169254.1,180,,putative membrane protein,
Francisella tularensis subsp. tularensis SCHU S4,177416.18,NC_006570,fig|177416.18.peg.1977,,VBIFraTul2086_1977,PATRIC.177416.18.NC_006570.CDS.1779076.1779375.fwd,PATRIC,CDS,1779076,1779375,300,+,FIG00657815,PLF_262_00000179,PGF_00326511,,99,,hypothetical protein,
Francisella tularensis subsp. tularensis SCHU S4,177416.18,NC_006570,fig|177416.18.peg.287,,VBIFraTul2086_0287,PATRIC.177416.18.NC_006570.CDS.273191.275047.fwd,PATRIC,CDS,273191,275047,1857,+,FIG01368580,PLF_262_00000170,PGF_02914727,,618,,RNase R-related protein,
Francisella tularensis subsp. tularensis SCHU S4,177416.18,NC_006570,fig|177416.18.peg.1823,,VBIFraTul2086_1823,PATRIC.177416.18.NC_006570.CDS.1640130.1640675.fwd,PATRIC,CDS,1640130,1640675,546,+,FIG00657585,PLF_262_00001603,PGF_00366485,,181,,hypothetical protein,
Francisella tularensis subsp. tularensis SCHU S4,177416.18,NC_006570,fig|177416.18.peg.1057,,VBIFraTul2086_1057,PATRIC.177416.18.NC_006570.CDS.936175.937116.fwd,PATRIC,CDS,936175,937116,942,+,FIG00000112,PLF_262_00000669,PGF_05165078,,313,,Methionyl-tRNA formyltransferase (EC 2.1.2.9),GO:0004479|methionyl-tRNA formyltransferase activity
Francisella tularensis subsp. tularensis SCHU S4,177416.18,NC_006570,fig|177416.18.peg.865,,VBIFraTul2086_0865,PATRIC.177416.18.NC_006570.CDS.773935.774084.rev,PATRIC,CDS,773935,774084,150,-,FIG00638284,PLF_262_00000031,PGF_01720100,,49,,hypothetical protein,
Francisella tularensis subsp. tularensis SCHU S4,177416.18,NC_006570,fig|177416.18.peg.403,,VBIFraTul2086_0403,PATRIC.177416.18.NC_006570.CDS.363882.364298.fwd,PATRIC,CDS,363882,364298,417,+,FIG01306568,PLF_262_00000002,PGF_01719295,,138,,Mobile element protein,
Francisella tularensis subsp. tularensis SCHU S4,177416.18,NC_006570,fig|177416.18.peg.46,FTT0043,VBIFraTul2086_0046,PATRIC.177416.18.NC_006570.CDS.42589.44178.fwd,PATRIC,CDS,42589,44178,1590,+,FIG00138227,PLF_262_00000687,PGF_00024742,YP_169119.1,529,nuoM,NADH-ubiquinone oxidoreductase chain M (EC 1.6.5.3),GO:0008137|NADH dehydrogenase (ubiquinone) activity
Francisella tularensis subsp. tularensis SCHU S4,177416.18,NC_006570,,FTT0278c,FTT0278c,RefSeq.177416.18.NC_006570.CDS.290542.291735.rev,RefSeq,CDS,290542,291735,1194,-,,,,YP_169328.1,397,cydB,"cytochrome d terminal oxidase, polypeptide subunit II",
Francisella tularensis subsp. tularensis SCHU S4,177416.18,NC_006570,,FTT0212c,FTT0212c,RefSeq.177416.18.NC_006570.CDS.229594.230190.rev,RefSeq,CDS,229594,230190,597,-,,,,YP_169270.1,198,wrbA,trp repressor binding protein,
Francisella tularensis subsp. tularensis SCHU S4,177416.18,NC_006570,,FTT1196c,FTT1196c,RefSeq.177416.18.NC_006570.CDS.1213065.1214348.rev,RefSeq,CDS,1213065,1214348,1284,-,,,,YP_170155.1,427,,major facilitator transporter,
Francisella tularensis subsp. tularensis SCHU S4,177416.18,NC_006570,,FTT1768c,FTT1768c,RefSeq.177416.18.NC_006570.CDS.1855330.1857150.rev,RefSeq,CDS,1855330,1857150,1821,-,,,,YP_170659.1,606,,chitinase,
Francisella tularensis subsp. tularensis SCHU S4,177416.18,NC_006570,,FTT1397c,FTT1397c,RefSeq.177416.18.NC_006570.CDS.1444610.1447849.rev,RefSeq,CDS,1444610,1447849,3240,-,,,,YP_170342.1,1079,recC,exodeoxyribonuclease V gamma chain,
Francisella tularensis subsp. tularensis SCHU S4,177416.18,NC_006570,,FTT0343,FTT0343,RefSeq.177416.18.NC_006570.CDS.345901.346086.fwd,RefSeq,CDS,345901,346086,186,+,,,,YP_169392.1,61,rpmD,50S ribosomal protein L30,
Francisella tularensis subsp. tularensis SCHU S4,177416.18,NC_006570,,FTT0042,FTT0042,RefSeq.177416.18.NC_006570.CDS.40554.42563.fwd,RefSeq,CDS,40554,42563,2010,+,,,,YP_169118.1,669,nuoL,"NADH dehydrogenase I, L subunit",
Francisella tularensis subsp. tularensis SCHU S4,177416.18,NC_006570,fig|177416.18.peg.2032,,VBIFraTul2086_2032,PATRIC.177416.18.NC_006570.CDS.1837287.1837709.fwd,PATRIC,CDS,1837287,1837709,423,+,FIG00003495,PLF_262_00000758,PGF_01722155,,140,,Rhodanese-like domain protein,
Francisella tularensis subsp. tularensis SCHU S4,177416.18,NC_006570,,FTT1206,FTT1206,RefSeq.177416.18.NC_006570.CDS.1225414.1225806.fwd,RefSeq,CDS,1225414,1225806,393,+,,,,YP_170165.1,130,,hypothetical protein,
Francisella tularensis subsp. tularensis SCHU S4,177416.18,NC_006570,,FTT1287,FTT1287,RefSeq.177416.18.NC_006570.CDS.1305452.1306375.fwd,RefSeq,CDS,1305452,1306375,924,+,,,,YP_170242.1,307,cbs,cystathionine beta-synthase (cystein synthase),
Francisella tularensis subsp. tularensis SCHU S4,177416.18,NC_006570,,FTT0145,FTT0145,RefSeq.177416.18.NC_006570.CDS.159061.163314.fwd,RefSeq,CDS,159061,163314,4254,+,,,,YP_169211.1,1417,rpoC,"DNA-directed RNA polymerase, beta subunit",
Francisella tularensis subsp. tularensis SCHU S4,177416.18,NC_006570,,FTT0270,FTT0270,RefSeq.177416.18.NC_006570.CDS.285584.286219.fwd,RefSeq,CDS,285584,286219,636,+,,,,YP_169322.1,211,lolB,"lipoprotein releasing system, subunit B, outer membrane lipoprotein",
Francisella tularensis subsp. tularensis SCHU S4,177416.18,NC_006570,,FTT1579c,FTT1579c,RefSeq.177416.18.NC_006570.CDS.1642525.1645398.rev,RefSeq,CDS,1642525,1645398,2874,-,,,,YP_170501.1,957,,Type III restriction enzyme,
Francisella tularensis subsp. tularensis SCHU S4,177416.18,NC_006570,,FTT0285,FTT0285,RefSeq.177416.18.NC_006570.CDS.299616.300464.fwd,RefSeq,CDS,299616,300464,849,+,,,,YP_169335.1,282,cyoE,Protoheme IX farnesyltransferase,
Francisella tularensis subsp. tularensis SCHU S4,177416.18,NC_006570,fig|177416.18.peg.1221,,VBIFraTul2086_1221,PATRIC.177416.18.NC_006570.CDS.1072221.1072448.rev,PATRIC,CDS,1072221,1072448,228,-,,PLF_262_00003341,PGF_01720240,,75,,hypothetical protein,
Francisella tularensis subsp. tularensis SCHU S4,177416.18,NC_006570,fig|177416.18.peg.493,,VBIFraTul2086_0493,PATRIC.177416.18.NC_006570.CDS.454603.454974.rev,PATRIC,CDS,454603,454974,372,-,FIG00658189,PLF_262_00001589,PGF_00360962,,123,,hypothetical protein,
Francisella tularensis subsp. tularensis SCHU S4,177416.18,NC_006570,fig|177416.18.peg.800,,VBIFraTul2086_0800,PATRIC.177416.18.NC_006570.CDS.721959.722177.fwd,PATRIC,CDS,721959,722177,219,+,FIG00000394,PLF_262_00000582,PGF_05906360,,72,,DNA-directed RNA polymerase omega subunit (EC 2.7.7.6),GO:0003899|DNA-directed RNA polymerase activity
Francisella tularensis subsp. tularensis SCHU S4,177416.18,NC_006570,fig|177416.18.peg.1992,,VBIFraTul2086_1992,PATRIC.177416.18.NC_006570.CDS.1798607.1799008.rev,PATRIC,CDS,1798607,1799008,402,-,,PLF_262_00000069,PGF_00055966,,133,,Anhydro-N-acetylmuramic acid kinase (EC 2.7.1.170),
Francisella tularensis subsp. tularensis SCHU S4,177416.18,NC_006570,fig|177416.18.peg.1797,,VBIFraTul2086_1797,PATRIC.177416.18.NC_006570.CDS.1613139.1613966.fwd,PATRIC,CDS,1613139,1613966,828,+,FIG01185489,PLF_262_00000260,PGF_00004094,,275,,Fatty acid desaturase (EC 1.14.19.1); Delta-9 fatty acid desaturase (EC 1.14.19.1),
Francisella tularensis subsp. tularensis SCHU S4,177416.18,NC_006570,fig|177416.18.peg.512,,VBIFraTul2086_0512,PATRIC.177416.18.NC_006570.CDS.475119.475376.rev,PATRIC,CDS,475119,475376,258,-,FIG00141658,PLF_262_00000874,PGF_00413232,,85,,tRNA 2-thiouridine synthesis protein TusE,
Francisella tularensis subsp. tularensis SCHU S4,177416.18,NC_006570,fig|177416.18.peg.47,FTT0044,VBIFraTul2086_0047,PATRIC.177416.18.NC_006570.CDS.44194.45645.fwd,PATRIC,CDS,44194,45645,1452,+,FIG00000512,PLF_262_00000688,PGF_00024746,YP_169120.1,483,nuoN,NADH-ubiquinone oxidoreductase chain N (EC 1.6.5.3),GO:0008137|NADH dehydrogenase (ubiquinone) activity
Francisella tularensis subsp. tularensis SCHU S4,177416.18,NC_006570,fig|177416.18.peg.602,,VBIFraTul2086_0602,PATRIC.177416.18.NC_006570.CDS.554731.556503.rev,PATRIC,CDS,554731,556503,1773,-,FIG00000606,PLF_262_00000439,PGF_00048630,,590,,"Ribonucleotide reductase of class Ia (aerobic), alpha subunit (EC 1.17.4.1)",GO:0004748|ribonucleoside-diphosphate reductase activity
Francisella tularensis subsp. tularensis SCHU S4,177416.18,NC_006570,fig|177416.18.peg.1214,,VBIFraTul2086_1214,PATRIC.177416.18.NC_006570.CDS.1068125.1069513.rev,PATRIC,CDS,1068125,1069513,1389,-,FIG00061313,PLF_262_00000284,PGF_10518765,,462,,Replicative DNA helicase (DnaB) (EC 3.6.4.12),
Francisella tularensis subsp. tularensis SCHU S4,177416.18,NC_006570,fig|177416.18.peg.1566,,VBIFraTul2086_1566,PATRIC.177416.18.NC_006570.CDS.1406420.1406635.fwd,PATRIC,CDS,1406420,1406635,216,+,FIG00139235,PLF_262_00000038,PGF_00036526,,71,,"Predicted trehalose permease, MFS family, FucP subfamily",
Francisella tularensis subsp. tularensis SCHU S4,177416.18,NC_006570,,FTT0192,FTT0192,RefSeq.177416.18.NC_006570.CDS.208813.210543.fwd,RefSeq,CDS,208813,210543,1731,+,,,,YP_169253.1,576,lysU,lysyl-tRNA synthetase,
Francisella tularensis subsp. tularensis SCHU S4,177416.18,NC_006570,fig|177416.18.peg.558,,VBIFraTul2086_0558,PATRIC.177416.18.NC_006570.CDS.517832.518869.rev,PATRIC,CDS,517832,518869,1038,-,FIG00004528,PLF_262_00001164,PGF_02158779,,345,,Di-tripeptide/cation symporter,
Francisella tularensis subsp. tularensis SCHU S4,177416.18,NC_006570,,FTT0810c,FTT0810c,RefSeq.177416.18.NC_006570.CDS.830550.830888.rev,RefSeq,CDS,830550,830888,339,-,,,,YP_169817.1,112,ybaB,hypothetical protein,
Francisella tularensis subsp. tularensis SCHU S4,177416.18,NC_006570,fig|177416.18.peg.1037,,VBIFraTul2086_1037,PATRIC.177416.18.NC_006570.CDS.913713.916007.rev,PATRIC,CDS,913713,916007,2295,-,FIG00000204,PLF_262_00000356,PGF_10300474,,764,,DNA topoisomerase I (EC 5.99.1.2),GO:0003917|DNA topoisomerase type I activity
Francisella tularensis subsp. tularensis SCHU S4,177416.18,NC_006570,,FTT1267,FTT1267,RefSeq.177416.18.NC_006570.CDS.1288617.1289513.fwd,RefSeq,CDS,1288617,1289513,897,+,,,,YP_170223.1,298,,LysR transcriptional regulator family protein,
Francisella tularensis subsp. tularensis SCHU S4,177416.18,NC_006570,,FTT0096,FTT0096,RefSeq.177416.18.NC_006570.CDS.100422.101462.fwd,RefSeq,CDS,100422,101462,1041,+,,,,YP_169168.1,346,,hypothetical protein,
Francisella tularensis subsp. tularensis SCHU S4,177416.18,NC_006570,,FTT0615c,FTT0615c,RefSeq.177416.18.NC_006570.CDS.634835.635695.rev,RefSeq,CDS,634835,635695,861,-,,,,YP_169636.1,286,,metal ion transporter protein,
Francisella tularensis subsp. tularensis SCHU S4,177416.18,NC_006570,,FTT0674,FTT0674,RefSeq.177416.18.NC_006570.CDS.692008.692976.fwd,RefSeq,CDS,692008,692976,969,+,,,,YP_169690.1,322,prsA,ribose-phosphate pyrophosphokinase,
Francisella tularensis subsp. tularensis SCHU S4,177416.18,NC_006570,,FTT0472,FTT0472,RefSeq.177416.18.NC_006570.CDS.489945.490418.fwd,RefSeq,CDS,489945,490418,474,+,,,,YP_169510.1,157,accB,"Acetyl-CoA carboxylase, biotin carboxyl carrier protein subunit",
Francisella tularensis subsp. tularensis SCHU S4,177416.18,NC_006570,,FTT0835,FTT0835,RefSeq.177416.18.NC_006570.CDS.851170.851991.fwd,RefSeq,CDS,851170,851991,822,+,,,,YP_169840.1,273,,CDP-alcohol phosphatidyltransferase,
Francisella tularensis subsp. tularensis SCHU S4,177416.18,NC_006570,,FTT0591,FTT0591,RefSeq.177416.18.NC_006570.CDS.610116.611153.fwd,RefSeq,CDS,610116,611153,1038,+,,,,YP_169614.1,345,ansA,L-asparaginase,
Francisella tularensis subsp. tularensis SCHU S4,177416.18,NC_006570,,FTT0187,FTT0187,RefSeq.177416.18.NC_006570.CDS.202442.203704.fwd,RefSeq,CDS,202442,203704,1263,+,,,,YP_169248.1,420,ftsA,cell division protein FtsA,
Francisella tularensis subsp. tularensis SCHU S4,177416.18,NC_006570,,FTT1476,FTT1476,RefSeq.177416.18.NC_006570.CDS.1528572.1529720.fwd,RefSeq,CDS,1528572,1529720,1149,+,,,,YP_170412.1,382,galK,galactokinase,
Francisella tularensis subsp. tularensis SCHU S4,177416.18,NC_006570,,FTT0211c,FTT0211c,RefSeq.177416.18.NC_006570.CDS.229119.229583.rev,RefSeq,CDS,229119,229583,465,-,,,,YP_169269.1,154,,outer membrane lipoprotein,
Francisella tularensis subsp. tularensis SCHU S4,177416.18,NC_006570,fig|177416.18.peg.1236,,VBIFraTul2086_1236,PATRIC.177416.18.NC_006570.CDS.1084830.1085201.rev,PATRIC,CDS,1084830,1085201,372,-,FIG01598427,PLF_262_00001800,PGF_01719568,,123,,TriL protein,
Francisella tularensis subsp. tularensis SCHU S4,177416.18,NC_006570,fig|177416.18.peg.916,,VBIFraTul2086_0916,PATRIC.177416.18.NC_006570.CDS.815665.816624.fwd,PATRIC,CDS,815665,816624,960,+,FIG01312005,PLF_262_00001608,PGF_00009085,,319,,Glycosyl transferase family protein,
Francisella tularensis subsp. tularensis SCHU S4,177416.18,NC_006570,,FTT1571c,FTT1571c,RefSeq.177416.18.NC_006570.CDS.1632082.1633095.rev,RefSeq,CDS,1632082,1633095,1014,-,,,,YP_170493.1,337,lpxD,UDP-3-O-[3-hydroxymyristoyl] glucosamine N-acyltransferase,
Francisella tularensis subsp. tularensis SCHU S4,177416.18,NC_006570,fig|177416.18.peg.666,,VBIFraTul2086_0666,PATRIC.177416.18.NC_006570.CDS.605627.605722.fwd,PATRIC,CDS,605627,605722,96,+,FIG00143626,PLF_262_00002874,PGF_01719966,,31,,hypothetical protein,
Francisella tularensis subsp. tularensis SCHU S4,177416.18,NC_006570,fig|177416.18.peg.586,,VBIFraTul2086_0586,PATRIC.177416.18.NC_006570.CDS.543360.543953.fwd,PATRIC,CDS,543360,543953,594,+,FIG01361874,PLF_262_00000230,PGF_00414316,,197,,"type I restriction-modification system, M subunit, putative",
Francisella tularensis subsp. tularensis SCHU S4,177416.18,NC_006570,fig|177416.18.peg.1597,,VBIFraTul2086_1597,PATRIC.177416.18.NC_006570.CDS.1430327.1430743.fwd,PATRIC,CDS,1430327,1430743,417,+,FIG01306568,PLF_262_00000002,PGF_01719295,,138,,Mobile element protein,
Francisella tularensis subsp. tularensis SCHU S4,177416.18,NC_006570,fig|177416.18.peg.1011,,VBIFraTul2086_1011,PATRIC.177416.18.NC_006570.CDS.890194.890556.fwd,PATRIC,CDS,890194,890556,363,+,FIG01956356,PLF_262_00000921,PGF_00019311,,120,,Mannose-6-phosphate isomerase (EC 5.3.1.8),GO:0004476|mannose-6-phosphate isomerase activity
Francisella tularensis subsp. tularensis SCHU S4,177416.18,NC_006570,,FTT0457c,FTT0457c,RefSeq.177416.18.NC_006570.CDS.475120.475434.rev,RefSeq,CDS,475120,475434,315,-,,,,YP_169495.1,104,yccK,anaerobic sulfite reductase subunit,
Francisella tularensis subsp. tularensis SCHU S4,177416.18,NC_006570,,FTT1203c,FTT1203c,RefSeq.177416.18.NC_006570.CDS.1221402.1222307.rev,RefSeq,CDS,1221402,1222307,906,-,,,,YP_170162.1,301,,hypothetical protein,
Francisella tularensis subsp. tularensis SCHU S4,177416.18,NC_006570,fig|177416.18.peg.2041,,VBIFraTul2086_2041,PATRIC.177416.18.NC_006570.CDS.1845152.1845532.rev,PATRIC,CDS,1845152,1845532,381,-,FIG01306568,PLF_262_00000001,PGF_01719295,,126,,Mobile element protein,
Francisella tularensis subsp. tularensis SCHU S4,177416.18,NC_006570,fig|177416.18.peg.1831,,VBIFraTul2086_1831,PATRIC.177416.18.NC_006570.CDS.1647583.1648143.rev,PATRIC,CDS,1647583,1648143,561,-,FIG00005727,PLF_262_00001715,PGF_01719509,,186,,adenine specific DNA methylase,
Francisella tularensis subsp. tularensis SCHU S4,177416.18,NC_006570,fig|177416.18.peg.1622,,VBIFraTul2086_1622,PATRIC.177416.18.NC_006570.CDS.1459739.1459858.rev,PATRIC,CDS,1459739,1459858,120,-,FIG00638284,PLF_262_00001580,PGF_01719444,,39,,hypothetical protein,
Francisella tularensis subsp. tularensis SCHU S4,177416.18,NC_006570,fig|177416.18.peg.1152,,VBIFraTul2086_1152,PATRIC.177416.18.NC_006570.CDS.1016212.1017105.rev,PATRIC,CDS,1016212,1017105,894,-,FIG00846773,PLF_262_00000168,PGF_12671371,,297,,Permease of the drug/metabolite transporter (DMT) superfamily,GO:0016020|membrane
Francisella tularensis subsp. tularensis SCHU S4,177416.18,NC_006570,fig|177416.18.peg.159,FTT0143,VBIFraTul2086_0159,PATRIC.177416.18.NC_006570.CDS.154392.154769.fwd,PATRIC,CDS,154392,154769,378,+,FIG00000141,PLF_262_00000918,PGF_00016445,YP_169209.1,125,rplL,LSU ribosomal protein L7p/L12p (P1/P2),
Francisella tularensis subsp. tularensis SCHU S4,177416.18,NC_006570,fig|177416.18.peg.1917,,VBIFraTul2086_1917,PATRIC.177416.18.NC_006570.CDS.1718860.1719729.rev,PATRIC,CDS,1718860,1719729,870,-,FIG01304134,PLF_262_00001182,PGF_00820564,,289,,"Transcriptional regulator, LysR family",
Francisella tularensis subsp. tularensis SCHU S4,177416.18,NC_006570,fig|177416.18.peg.534,,VBIFraTul2086_0534,PATRIC.177416.18.NC_006570.CDS.495459.497201.rev,PATRIC,CDS,495459,497201,1743,-,FIG00060517,PLF_262_00000288,PGF_07058357,,580,,Single-stranded-DNA-specific exonuclease RecJ,
Francisella tularensis subsp. tularensis SCHU S4,177416.18,NC_006570,fig|177416.18.peg.536,,VBIFraTul2086_0536,PATRIC.177416.18.NC_006570.CDS.498403.499812.rev,PATRIC,CDS,498403,499812,1410,-,FIG00657720,PLF_262_00000843,PGF_00389177,,469,,hypothetical protein,
Francisella tularensis subsp. tularensis SCHU S4,177416.18,NC_006570,,FTT0128,FTT0128,RefSeq.177416.18.NC_006570.CDS.139916.140497.fwd,RefSeq,CDS,139916,140497,582,+,,,,YP_169195.1,193,,hypothetical protein,
Francisella tularensis subsp. tularensis SCHU S4,177416.18,NC_006570,,FTT1460c,FTT1460c,RefSeq.177416.18.NC_006570.CDS.1510888.1512198.rev,RefSeq,CDS,1510888,1512198,1311,-,,,,YP_170397.1,436,wbtE,UDP-glucose/GDP-mannose dehydrogenase,
Francisella tularensis subsp. tularensis SCHU S4,177416.18,NC_006570,,FTT1718c,FTT1718c,RefSeq.177416.18.NC_006570.CDS.1800775.1801559.rev,RefSeq,CDS,1800775,1801559,459,-,,,,YP_170621.1,261,isftu1,transposase,
Francisella tularensis subsp. tularensis SCHU S4,177416.18,NC_006570,,FTT1550,FTT1550,RefSeq.177416.18.NC_006570.CDS.1611873.1612415.fwd,RefSeq,CDS,1611873,1612415,543,+,,,,YP_170474.1,180,,hypothetical protein,
Francisella tularensis subsp. tularensis SCHU S4,177416.18,NC_006570,,FTT1730c,FTT1730c,RefSeq.177416.18.NC_006570.CDS.1817864.1819738.rev,RefSeq,CDS,1817864,1819738,1875,-,,,,YP_170631.1,624,,amino acid transporter,
Francisella tularensis subsp. tularensis SCHU S4,177416.18,NC_006570,,FTT0403,FTT0403,RefSeq.177416.18.NC_006570.CDS.408141.408776.fwd,RefSeq,CDS,408141,408776,636,+,,,,YP_169448.1,211,def1,peptide deformylase,
Francisella tularensis subsp. tularensis SCHU S4,177416.18,NC_006570,,FTT1308c,FTT1308c,RefSeq.177416.18.NC_006570.CDS.1331217.1331825.rev,RefSeq,CDS,1331217,1331825,609,-,,,,YP_170262.1,202,,hypothetical protein,
Francisella tularensis subsp. tularensis SCHU S4,177416.18,NC_006570,,FTT0470,FTT0470,RefSeq.177416.18.NC_006570.CDS.488672.489499.fwd,RefSeq,CDS,488672,489499,828,+,,,,YP_169508.1,275,apaH,diadenosine tetraphosphatase,
Francisella tularensis subsp. tularensis SCHU S4,177416.18,NC_006570,,FTT0635,FTT0635,RefSeq.177416.18.NC_006570.CDS.654967.655452.fwd,RefSeq,CDS,654967,655452,486,+,,,,YP_169656.1,161,wzb,low molecular weight (LMW) phosphotyrosine protein phosphatase,
Francisella tularensis subsp. tularensis SCHU S4,177416.18,NC_006570,,FTT0022,FTT0022,RefSeq.177416.18.NC_006570.CDS.21058.21465.fwd,RefSeq,CDS,21058,21465,408,+,,,,YP_169098.1,135,,hypothetical protein,
Francisella tularensis subsp. tularensis SCHU S4,177416.18,NC_006570,,FTT1761,FTT1761,RefSeq.177416.18.NC_006570.CDS.1849790.1850509.fwd,RefSeq,CDS,1849790,1850509,720,+,,,,YP_170652.1,239,,hypothetical protein,
Francisella tularensis subsp. tularensis SCHU S4,177416.18,NC_006570,,FTT0583,FTT0583,RefSeq.177416.18.NC_006570.CDS.599320.600501.fwd,RefSeq,CDS,599320,600501,1182,+,,,,YP_169607.1,393,fopA,outer membrane associated protein,
Francisella tularensis subsp. tularensis SCHU S4,177416.18,NC_006570,,FTT1172c,FTT1172c,RefSeq.177416.18.NC_006570.CDS.1186892.1187323.rev,RefSeq,CDS,1186892,1187323,432,-,,,,YP_170138.1,143,csp,cold shock protein (DNA-binding),
Francisella tularensis subsp. tularensis SCHU S4,177416.18,NC_006570,,FTT1087c,FTT1087c,RefSeq.177416.18.NC_006570.CDS.1095850.1097865.rev,RefSeq,CDS,1095850,1097865,2016,-,,,,YP_170066.1,671,rep,ATP-dependent DNA helicase,
Francisella tularensis subsp. tularensis SCHU S4,177416.18,NC_006570,,FTT0251,FTT0251,RefSeq.177416.18.NC_006570.CDS.267098.267985.fwd,RefSeq,CDS,267098,267985,888,+,,,,YP_169303.1,295,ilvE,branched-chain amino acid aminotransferase protein (class IV),
Francisella tularensis subsp. tularensis SCHU S4,177416.18,NC_006570,,FTT0650c,FTT0650c,RefSeq.177416.18.NC_006570.CDS.670256.670900.rev,RefSeq,CDS,670256,670900,645,-,,,,YP_169668.1,214,grxB,glutaredoxin 2,
Francisella tularensis subsp. tularensis SCHU S4,177416.18,NC_006570,,FTT0986,FTT0986,RefSeq.177416.18.NC_006570.CDS.995822.996232.fwd,RefSeq,CDS,995822,996232,411,+,,,,YP_169974.1,136,,hypothetical protein,
Francisella tularensis subsp. tularensis SCHU S4,177416.18,NC_006570,,FTT0791,FTT0791,RefSeq.177416.18.NC_006570.CDS.809039.810058.fwd,RefSeq,CDS,809039,810058,1020,+,,,,YP_169798.1,339,galE,UDP-glucose 4-epimerase,
Francisella tularensis subsp. tularensis SCHU S4,177416.18,NC_006570,,FTT1622c,FTT1622c,RefSeq.177416.18.NC_006570.CDS.1685540.1686460.rev,RefSeq,CDS,1685540,1686460,921,-,,,,YP_170535.1,306,,hypothetical protein,
Francisella tularensis subsp. tularensis SCHU S4,177416.18,NC_006570,,FTT1016c,FTT1016c,RefSeq.177416.18.NC_006570.CDS.1025712.1026341.rev,RefSeq,CDS,1025712,1026341,630,-,,,,YP_170001.1,209,,GDSL-like lipase/acylhydrolase family protein,
Francisella tularensis subsp. tularensis SCHU S4,177416.18,NC_006570,,FTT1030,FTT1030,RefSeq.177416.18.NC_006570.CDS.1040090.1040374.fwd,RefSeq,CDS,1040090,1040374,285,+,,,,YP_170015.1,94,,hypothetical protein,
Francisella tularensis subsp. tularensis SCHU S4,177416.18,NC_006570,,FTT1037c,FTT1037c,RefSeq.177416.18.NC_006570.CDS.1050033.1050479.rev,RefSeq,CDS,1050033,1050479,447,-,,,,YP_170020.1,148,,hypothetical protein,
Francisella tularensis subsp. tularensis SCHU S4,177416.18,NC_006570,fig|177416.18.peg.1871,,VBIFraTul2086_1871,PATRIC.177416.18.NC_006570.CDS.1679147.1679377.fwd,PATRIC,CDS,1679147,1679377,231,+,FIG00658644,PLF_262_00001523,PGF_08225224,,76,,hypothetical protein,
Francisella tularensis subsp. tularensis SCHU S4,177416.18,NC_006570,,FTT0842,FTT0842,RefSeq.177416.18.NC_006570.CDS.856027.856650.fwd,RefSeq,CDS,856027,856650,624,+,,,,YP_169847.1,207,,peptidoglycan-associated lipoprotein,
Francisella tularensis subsp. tularensis SCHU S4,177416.18,NC_006570,,FTT1238c,FTT1238c,RefSeq.177416.18.NC_006570.CDS.1257340.1258671.rev,RefSeq,CDS,1257340,1258671,1332,-,,,,YP_170196.1,443,,hypothetical protein,
Francisella tularensis subsp. tularensis SCHU S4,177416.18,NC_006570,fig|177416.18.peg.10,,VBIFraTul2086_0010,PATRIC.177416.18.NC_006570.CDS.8350.8730.fwd,PATRIC,CDS,8350,8730,381,+,FIG01306568,PLF_262_00000001,PGF_01719295,,126,,Mobile element protein,
Francisella tularensis subsp. tularensis SCHU S4,177416.18,NC_006570,,FTT1157c,FTT1157c,RefSeq.177416.18.NC_006570.CDS.1170597.1171187.rev,RefSeq,CDS,1170597,1171187,591,-,,,,YP_170124.1,196,,Type IV pili lipoprotein.,
Francisella tularensis subsp. tularensis SCHU S4,177416.18,NC_006570,,FTT0656,FTT0656,RefSeq.177416.18.NC_006570.CDS.675747.676283.fwd,RefSeq,CDS,675747,676283,537,+,,,,YP_169674.1,178,ruvC,Holliday junction resolvase,
Francisella tularensis subsp. tularensis SCHU S4,177416.18,NC_006570,fig|177416.18.peg.743,,VBIFraTul2086_0743,PATRIC.177416.18.NC_006570.CDS.671057.672529.fwd,PATRIC,CDS,671057,672529,1473,+,FIG01304279,PLF_262_00000079,PGF_00423016,,490,,Di-tripeptide/H+ symporter,
Francisella tularensis subsp. tularensis SCHU S4,177416.18,NC_006570,fig|177416.18.peg.2055,,VBIFraTul2086_2055,PATRIC.177416.18.NC_006570.CDS.1853414.1854070.fwd,PATRIC,CDS,1853414,1854070,657,+,FIG00755352,PLF_262_00000166,PGF_00406043,,218,,Uncharacterized SAM-dependent O-methyltransferase,
Francisella tularensis subsp. tularensis SCHU S4,177416.18,NC_006570,fig|177416.18.peg.1860,,VBIFraTul2086_1860,PATRIC.177416.18.NC_006570.CDS.1672493.1673317.fwd,PATRIC,CDS,1672493,1673317,825,+,FIG00000519,PLF_262_00000789,PGF_02950579,,274,,Septum site-determining protein MinD,
Francisella tularensis subsp. tularensis SCHU S4,177416.18,NC_006570,fig|177416.18.peg.1643,,VBIFraTul2086_1643,PATRIC.177416.18.NC_006570.CDS.1475548.1475871.rev,PATRIC,CDS,1475548,1475871,324,-,FIG00003845,PLF_262_00000943,PGF_08030842,,107,,"Transcriptional regulator, ArsR family",GO:0003700|transcription factor activity;GO:0005622|intracellular
Francisella tularensis subsp. tularensis SCHU S4,177416.18,NC_006570,fig|177416.18.peg.320,,VBIFraTul2086_0320,PATRIC.177416.18.NC_006570.CDS.299615.300463.fwd,PATRIC,CDS,299615,300463,849,+,FIG00000497,PLF_262_00001166,PGF_07157721,,282,,"Heme O synthase, protoheme IX farnesyltransferase, COX10-CtaB",
Francisella tularensis subsp. tularensis SCHU S4,177416.18,NC_006570,fig|177416.18.peg.1126,,VBIFraTul2086_1126,PATRIC.177416.18.NC_006570.CDS.992841.993836.fwd,PATRIC,CDS,992841,993836,996,+,FIG01332169,PLF_262_00001263,PGF_01719345,,331,,Two-component system sensor histidine kinase,
Francisella tularensis subsp. tularensis SCHU S4,177416.18,NC_006570,fig|177416.18.peg.523,,VBIFraTul2086_0523,PATRIC.177416.18.NC_006570.CDS.483890.486466.fwd,PATRIC,CDS,483890,486466,2577,+,FIG00019192,PLF_262_00000216,PGF_09964285,,858,,LPS-assembly protein LptD @ Organic solvent tolerance protein precursor,
Francisella tularensis subsp. tularensis SCHU S4,177416.18,NC_006570,fig|177416.18.peg.1933,,VBIFraTul2086_1933,PATRIC.177416.18.NC_006570.CDS.1735953.1736189.fwd,PATRIC,CDS,1735953,1736189,237,+,FIG00657452,PLF_262_00001604,PGF_01719454,,78,,hypothetical protein,
Francisella tularensis subsp. tularensis SCHU S4,177416.18,NC_006570,fig|177416.18.peg.417,,VBIFraTul2086_0417,PATRIC.177416.18.NC_006570.CDS.375903.376730.fwd,PATRIC,CDS,375903,376730,828,+,,PLF_262_00001326,PGF_01719632,,275,,Putative S-transferase,
Francisella tularensis subsp. tularensis SCHU S4,177416.18,NC_006570,fig|177416.18.peg.1678,,VBIFraTul2086_1678,PATRIC.177416.18.NC_006570.CDS.1502364.1503851.rev,PATRIC,CDS,1502364,1503851,1488,-,FIG00016555,PLF_262_00001694,PGF_10547900,,495,,Polysaccharide biosynthesis domain protein,
Francisella tularensis subsp. tularensis SCHU S4,177416.18,NC_006570,fig|177416.18.peg.415,,VBIFraTul2086_0415,PATRIC.177416.18.NC_006570.CDS.373428.373850.rev,PATRIC,CDS,373428,373850,423,-,FIG00000251,PLF_262_00000691,PGF_03518570,,140,,Nucleoside diphosphate kinase (EC 2.7.4.6),GO:0004550|nucleoside diphosphate kinase activity
Francisella tularensis subsp. tularensis SCHU S4,177416.18,NC_006570,fig|177416.18.peg.1181,,VBIFraTul2086_1181,PATRIC.177416.18.NC_006570.CDS.1041562.1042215.fwd,PATRIC,CDS,1041562,1042215,654,+,FIG01384071,PLF_262_00001361,PGF_01719359,,217,,putative GPH family sugar transporter,
Francisella tularensis subsp. tularensis SCHU S4,177416.18,NC_006570,fig|177416.18.peg.1467,,VBIFraTul2086_1467,PATRIC.177416.18.NC_006570.CDS.1290709.1292637.rev,PATRIC,CDS,1290709,1292637,1929,-,FIG00023369,PLF_262_00000560,PGF_10357457,,642,,Chaperone protein DnaK,
Francisella tularensis subsp. tularensis SCHU S4,177416.18,NC_006570,fig|177416.18.peg.1738,,VBIFraTul2086_1738,PATRIC.177416.18.NC_006570.CDS.1560958.1561548.fwd,PATRIC,CDS,1560958,1561548,591,+,FIG00658029,PLF_262_00000852,PGF_01722172,,196,,hypothetical protein,
Francisella tularensis subsp. tularensis SCHU S4,177416.18,NC_006570,fig|177416.18.peg.164,FTT0148,VBIFraTul2086_0164,PATRIC.177416.18.NC_006570.CDS.164777.165943.fwd,PATRIC,CDS,164777,165943,1167,+,FIG01185489,PLF_262_00000600,PGF_00004094,YP_169214.1,388,,Fatty acid desaturase (EC 1.14.19.1); Delta-9 fatty acid desaturase (EC 1.14.19.1),
Francisella tularensis subsp. tularensis SCHU S4,177416.18,NC_006570,fig|177416.18.peg.974,,VBIFraTul2086_0974,PATRIC.177416.18.NC_006570.CDS.862430.863350.fwd,PATRIC,CDS,862430,863350,921,+,FIG01326085,PLF_262_00000247,PGF_01719789,,306,,Bile acid transporter family protein,
Francisella tularensis subsp. tularensis SCHU S4,177416.18,NC_006570,fig|177416.18.peg.538,,VBIFraTul2086_0538,PATRIC.177416.18.NC_006570.CDS.501330.502145.rev,PATRIC,CDS,501330,502145,816,-,FIG00658192,PLF_262_00000228,PGF_00143937,,271,,hypothetical protein,
Francisella tularensis subsp. tularensis SCHU S4,177416.18,NC_006570,fig|177416.18.peg.399,,VBIFraTul2086_0399,PATRIC.177416.18.NC_006570.CDS.360020.360844.fwd,PATRIC,CDS,360020,360844,825,+,FIG00920802,PLF_262_00001253,PGF_03373042,,274,,Putative NAD(P)-dependent oxidoreductase EC-YbbO,
Francisella tularensis subsp. tularensis SCHU S4,177416.18,NC_006570,fig|177416.18.peg.1813,,VBIFraTul2086_1813,PATRIC.177416.18.NC_006570.CDS.1628731.1628880.rev,PATRIC,CDS,1628731,1628880,150,-,FIG00638284,PLF_262_00002961,PGF_01720015,,49,,hypothetical protein,
Francisella tularensis subsp. tularensis SCHU S4,177416.18,NC_006570,fig|177416.18.peg.435,,VBIFraTul2086_0435,PATRIC.177416.18.NC_006570.CDS.393014.393217.rev,PATRIC,CDS,393014,393217,204,-,FIG00004100,PLF_262_00000567,PGF_02049468,,67,,Cold shock protein of CSP family,
Francisella tularensis subsp. tularensis SCHU S4,177416.18,NC_006570,fig|177416.18.peg.29,FTT0026c,VBIFraTul2086_0029,PATRIC.177416.18.NC_006570.CDS.24636.25826.rev,PATRIC,CDS,24636,25826,1191,-,FIG00025607,PLF_262_00001395,PGF_06767689,YP_169102.1,396,,"Multidrug resistance transporter, Bcr/CflA family",
Francisella tularensis subsp. tularensis SCHU S4,177416.18,NC_006570,fig|177416.18.peg.1127,,VBIFraTul2086_1127,PATRIC.177416.18.NC_006570.CDS.993929.994072.fwd,PATRIC,CDS,993929,994072,144,+,,PLF_262_00001812,PGF_01719578,,47,,hypothetical protein,
Francisella tularensis subsp. tularensis SCHU S4,177416.18,NC_006570,,FTT0414,FTT0414,RefSeq.177416.18.NC_006570.CDS.424638.426272.fwd,RefSeq,CDS,424638,426272,1635,+,,,,YP_169459.1,544,pgm,phosphoglucomutase,
Francisella tularensis subsp. tularensis SCHU S4,177416.18,NC_006570,,FTT1700,FTT1700,RefSeq.177416.18.NC_006570.CDS.1775771.1779052.fwd,RefSeq,CDS,1775771,1779052,3282,+,,,,YP_170605.1,1093,pdpB1,hypothetical protein,
Francisella tularensis subsp. tularensis SCHU S4,177416.18,NC_006570,,FTT1256,FTT1256,RefSeq.177416.18.NC_006570.CDS.1277487.1279016.fwd,RefSeq,CDS,1277487,1279016,1530,+,,,,YP_170214.1,509,emrB,major facilitator transporter,
Francisella tularensis subsp. tularensis SCHU S4,177416.18,NC_006570,fig|177416.18.peg.2069,,VBIFraTul2086_2069,PATRIC.177416.18.NC_006570.CDS.1868146.1868670.fwd,PATRIC,CDS,1868146,1868670,525,+,FIG00016286,PLF_262_00000982,PGF_01722208,,174,,"Ribosyl nicotinamide transporter, PnuC-like",
Francisella tularensis subsp. tularensis SCHU S4,177416.18,NC_006570,fig|177416.18.peg.323,,VBIFraTul2086_0323,PATRIC.177416.18.NC_006570.CDS.302414.303265.rev,PATRIC,CDS,302414,303265,852,-,FIG00001020,PLF_262_00000433,PGF_03846068,,283,,Pyridoxal kinase (EC 2.7.1.35),GO:0008478|pyridoxal kinase activity
Francisella tularensis subsp. tularensis SCHU S4,177416.18,NC_006570,fig|177416.18.peg.33,FTT0030c,VBIFraTul2086_0033,PATRIC.177416.18.NC_006570.CDS.30529.30951.rev,PATRIC,CDS,30529,30951,423,-,FIG00132630,PLF_262_00001470,PGF_10470343,YP_169106.1,140,fur,Ferric uptake regulation protein FUR,GO:0003700|transcription factor activity
Francisella tularensis subsp. tularensis SCHU S4,177416.18,NC_006570,fig|177416.18.peg.1391,,VBIFraTul2086_1391,PATRIC.177416.18.NC_006570.CDS.1216062.1218068.rev,PATRIC,CDS,1216062,1218068,2007,-,FIG00000146,PLF_262_00000362,PGF_00950554,,668,,Excinuclease ABC subunit B,GO:0003676|nucleic acid binding;GO:0003677|DNA binding;GO:0004386|helicase activity;GO:0004518|nuclease activity;GO:0005524|ATP binding;GO:0006289|nucleotide-excision repair
Francisella tularensis subsp. tularensis SCHU S4,177416.18,NC_006570,fig|177416.18.peg.2004,,VBIFraTul2086_2004,PATRIC.177416.18.NC_006570.CDS.1809536.1811065.rev,PATRIC,CDS,1809536,1811065,1530,-,FIG00028132,PLF_262_00001247,PGF_01719339,,509,,"Type I secretion outer membrane protein, TolC family",
Francisella tularensis subsp. tularensis SCHU S4,177416.18,NC_006570,fig|177416.18.peg.1981,,VBIFraTul2086_1981,PATRIC.177416.18.NC_006570.CDS.1782152.1783582.fwd,PATRIC,CDS,1782152,1783582,1431,+,FIG00657560,PLF_262_00001075,PGF_00123379,,476,,hypothetical protein,
Francisella tularensis subsp. tularensis SCHU S4,177416.18,NC_006570,fig|177416.18.peg.1035,,VBIFraTul2086_1035,PATRIC.177416.18.NC_006570.CDS.911677.912144.fwd,PATRIC,CDS,911677,912144,468,+,FIG01312326,PLF_262_00001150,PGF_00012451,,155,,17 kDa major membrane protein precursor,
Francisella tularensis subsp. tularensis SCHU S4,177416.18,NC_006570,,FTT0764,FTT0764,RefSeq.177416.18.NC_006570.CDS.782779.784863.fwd,RefSeq,CDS,782779,784863,2085,+,,,,YP_169774.1,694,glyS,glycyl-tRNA synthetase beta subunit,
Francisella tularensis subsp. tularensis SCHU S4,177416.18,NC_006570,,FTT0444,FTT0444,RefSeq.177416.18.NC_006570.CDS.457584.458822.fwd,RefSeq,CDS,457584,458822,1239,+,,,,YP_169483.1,412,tet,multidrug transporter (tetracycline resistance protein),
Francisella tularensis subsp. tularensis SCHU S4,177416.18,NC_006570,,FTT1129c,FTT1129c,RefSeq.177416.18.NC_006570.CDS.1138921.1140606.rev,RefSeq,CDS,1138921,1140606,1686,-,,,,YP_170102.1,561,,hypothetical protein,
Francisella tularensis subsp. tularensis SCHU S4,177416.18,NC_006570,,FTT0267,FTT0267,RefSeq.177416.18.NC_006570.CDS.282011.283129.fwd,RefSeq,CDS,282011,283129,1119,+,,,,YP_169319.1,372,,hypothetical protein,
Francisella tularensis subsp. tularensis SCHU S4,177416.18,NC_006570,,FTT1452c,FTT1452c,RefSeq.177416.18.NC_006570.CDS.1501546.1502406.rev,RefSeq,CDS,1501546,1502406,861,-,,,,YP_170389.1,286,wbtK,glycosyltransferase,
Francisella tularensis subsp. tularensis SCHU S4,177416.18,NC_006570,,FTT1300c,FTT1300c,RefSeq.177416.18.NC_006570.CDS.1323978.1324109.rev,RefSeq,CDS,1323978,1324109,132,-,,,,YP_170255.1,43,,hypothetical protein,
Francisella tularensis subsp. tularensis SCHU S4,177416.18,NC_006570,,FTT1559c,FTT1559c,RefSeq.177416.18.NC_006570.CDS.1621240.1622064.rev,RefSeq,CDS,1621240,1622064,825,-,,,,YP_170482.1,274,proC,pyrroline-5-carboxylate reductase,
Francisella tularensis subsp. tularensis SCHU S4,177416.18,NC_006570,,FTT0617c,FTT0617c,RefSeq.177416.18.NC_006570.CDS.636148.637131.rev,RefSeq,CDS,636148,637131,984,-,,,,YP_169638.1,327,phoH,phoH-like protein,
Francisella tularensis subsp. tularensis SCHU S4,177416.18,NC_006570,,FTT1413,FTT1413,RefSeq.177416.18.NC_006570.CDS.1464938.1466068.fwd,RefSeq,CDS,1464938,1466068,1131,+,,,,YP_170356.1,376,,aminotransferase,
Francisella tularensis subsp. tularensis SCHU S4,177416.18,NC_006570,,FTT1723c,FTT1723c,RefSeq.177416.18.NC_006570.CDS.1808930.1809574.rev,RefSeq,CDS,1808930,1809574,645,-,,,,YP_170625.1,214,,hypothetical protein,
Francisella tularensis subsp. tularensis SCHU S4,177416.18,NC_006570,fig|177416.18.peg.1866,,VBIFraTul2086_1866,PATRIC.177416.18.NC_006570.CDS.1676446.1676739.fwd,PATRIC,CDS,1676446,1676739,294,+,FIG00657797,PLF_262_00001485,PGF_00033759,,97,,Phospholipid ABC transporter-binding protein MlaB,
Francisella tularensis subsp. tularensis SCHU S4,177416.18,NC_006570,fig|177416.18.peg.178,FTT0161c,VBIFraTul2086_0178,PATRIC.177416.18.NC_006570.CDS.175677.176303.rev,PATRIC,CDS,175677,176303,627,-,FIG01366408,PLF_262_00000975,PGF_01722205,YP_169227.1,208,,"putative membrane-associated phospholipid phosphatase, PAP2 superfamily",
Francisella tularensis subsp. tularensis SCHU S4,177416.18,NC_006570,,FTT0335,FTT0335,RefSeq.177416.18.NC_006570.CDS.342438.342806.fwd,RefSeq,CDS,342438,342806,369,+,,,,YP_169384.1,122,rplN,50S ribosomal protein L14,
Francisella tularensis subsp. tularensis SCHU S4,177416.18,NC_006570,fig|177416.18.peg.695,,VBIFraTul2086_0695,PATRIC.177416.18.NC_006570.CDS.626572.627150.fwd,PATRIC,CDS,626572,627150,579,+,FIG00003370,PLF_262_00000366,PGF_05501316,,192,,FIG00003370: Multicopper polyphenol oxidase,
Francisella tularensis subsp. tularensis SCHU S4,177416.18,NC_006570,fig|177416.18.peg.409,,VBIFraTul2086_0409,PATRIC.177416.18.NC_006570.CDS.366631.368136.rev,PATRIC,CDS,366631,368136,1506,-,FIG00003631,PLF_262_00000262,PGF_00008159,,501,,Glutamate--cysteine ligase (EC 6.3.2.2),GO:0004357|glutamate-cysteine ligase activity
Francisella tularensis subsp. tularensis SCHU S4,177416.18,NC_006570,,FTT1002c,FTT1002c,RefSeq.177416.18.NC_006570.CDS.1012721.1015093.rev,RefSeq,CDS,1012721,1015093,2373,-,,,,YP_169988.1,790,pheT,phenylalanyl-tRNA synthetase subunit beta,
Francisella tularensis subsp. tularensis SCHU S4,177416.18,NC_006570,,FTT0680c,FTT0680c,RefSeq.177416.18.NC_006570.CDS.697711.698286.rev,RefSeq,CDS,697711,698286,576,-,,,,YP_169696.1,191,pth,peptidyl-tRNA hydrolase,
Francisella tularensis subsp. tularensis SCHU S4,177416.18,NC_006570,,FTT0348,FTT0348,RefSeq.177416.18.NC_006570.CDS.348510.348899.fwd,RefSeq,CDS,348510,348899,390,+,,,,YP_169397.1,129,rpsK,30S ribosomal protein S11,
Francisella tularensis subsp. tularensis SCHU S4,177416.18,NC_006570,fig|177416.18.peg.576,,VBIFraTul2086_0576,PATRIC.177416.18.NC_006570.CDS.535336.535893.fwd,PATRIC,CDS,535336,535893,558,+,FIG00121995,PLF_262_00000132,PGF_00016130,,185,,L-lactate dehydrogenase,
Francisella tularensis subsp. tularensis SCHU S4,177416.18,NC_006570,fig|177416.18.peg.2054,,VBIFraTul2086_2054,PATRIC.177416.18.NC_006570.CDS.1852695.1853336.fwd,PATRIC,CDS,1852695,1853336,642,+,FIG00657834,PLF_262_00000851,PGF_01722171,,213,,hypothetical protein,
Francisella tularensis subsp. tularensis SCHU S4,177416.18,NC_006570,fig|177416.18.peg.1840,,VBIFraTul2086_1840,PATRIC.177416.18.NC_006570.CDS.1652791.1653486.rev,PATRIC,CDS,1652791,1653486,696,-,FIG01306713,PLF_262_00000129,PGF_00417755,,231,,3-demethylubiquinol 3-O-methyltransferase (EC 2.1.1.64) @ 2-polyprenyl-6-hydroxyphenyl methylase (EC 2.1.1.222),GO:0008689|3-demethylubiquinone-9 3-O-methyltransferase activity
Francisella tularensis subsp. tularensis SCHU S4,177416.18,NC_006570,fig|177416.18.peg.1691,,VBIFraTul2086_1691,PATRIC.177416.18.NC_006570.CDS.1517322.1517423.rev,PATRIC,CDS,1517322,1517423,102,-,FIG00000687,PLF_262_00002142,PGF_01719712,,33,,hypothetical protein,
Francisella tularensis subsp. tularensis SCHU S4,177416.18,NC_006570,fig|177416.18.peg.1937,,VBIFraTul2086_1937,PATRIC.177416.18.NC_006570.CDS.1739581.1740171.rev,PATRIC,CDS,1739581,1740171,591,-,FIG01288745,PLF_262_00001654,PGF_07165184,,196,,"Na+/H+ antiporter, NhaP family",
Francisella tularensis subsp. tularensis SCHU S4,177416.18,NC_006570,fig|177416.18.peg.687,,VBIFraTul2086_0687,PATRIC.177416.18.NC_006570.CDS.620993.622450.rev,PATRIC,CDS,620993,622450,1458,-,FIG00657794,PLF_262_00001617,PGF_00408265,,485,,putative lipoprotein,
Francisella tularensis subsp. tularensis SCHU S4,177416.18,NC_006570,fig|177416.18.peg.893,,VBIFraTul2086_0893,PATRIC.177416.18.NC_006570.CDS.795296.795646.rev,PATRIC,CDS,795296,795646,351,-,FIG00010064,PLF_262_00001180,PGF_06767689,,116,,"Multidrug resistance transporter, Bcr/CflA family",
Francisella tularensis subsp. tularensis SCHU S4,177416.18,NC_006570,fig|177416.18.peg.289,,VBIFraTul2086_0289,PATRIC.177416.18.NC_006570.CDS.275378.276046.fwd,PATRIC,CDS,275378,276046,669,+,FIG01337426,PLF_262_00000340,PGF_01720272,,222,,Carboxylesterase/phospholipase family protein (EC 3.1.1.1),
Francisella tularensis subsp. tularensis SCHU S4,177416.18,NC_006570,fig|177416.18.peg.822,,VBIFraTul2086_0822,PATRIC.177416.18.NC_006570.CDS.744693.745073.rev,PATRIC,CDS,744693,745073,381,-,FIG01306568,PLF_262_00000001,PGF_01719295,,126,,Mobile element protein,
Francisella tularensis subsp. tularensis SCHU S4,177416.18,NC_006570,fig|177416.18.peg.2008,,VBIFraTul2086_2008,PATRIC.177416.18.NC_006570.CDS.1814742.1816169.fwd,PATRIC,CDS,1814742,1816169,1428,+,FIG01261528,PLF_262_00000408,PGF_08166083,,475,,Na+/H+ antiporter NhaD type,
Francisella tularensis subsp. tularensis SCHU S4,177416.18,NC_006570,fig|177416.18.peg.966,,VBIFraTul2086_0966,PATRIC.177416.18.NC_006570.CDS.856756.857313.fwd,PATRIC,CDS,856756,857313,558,+,FIG01266244,PLF_262_00000029,PGF_00048846,,185,,Ribosomal protein S12p Asp88 (E. coli) methylthiotransferase (EC 2.8.4.4),
Francisella tularensis subsp. tularensis SCHU S4,177416.18,NC_006570,fig|177416.18.peg.768,,VBIFraTul2086_0768,PATRIC.177416.18.NC_006570.CDS.690789.691754.rev,PATRIC,CDS,690789,691754,966,-,FIG00466705,PLF_262_00000108,PGF_01719315,,321,,Predicted deacylase,
Francisella tularensis subsp. tularensis SCHU S4,177416.18,NC_006570,fig|177416.18.peg.773,,VBIFraTul2086_0773,PATRIC.177416.18.NC_006570.CDS.696310.696585.rev,PATRIC,CDS,696310,696585,276,-,FIG00658053,PLF_262_00000950,PGF_01722200,,91,,hypothetical protein,
Francisella tularensis subsp. tularensis SCHU S4,177416.18,NC_006570,fig|177416.18.peg.1802,,VBIFraTul2086_1802,PATRIC.177416.18.NC_006570.CDS.1618742.1619428.rev,PATRIC,CDS,1618742,1619428,687,-,FIG01031438,PLF_262_00000900,PGF_07420062,,228,,"Two-component transcriptional response regulator, OmpR family",
Francisella tularensis subsp. tularensis SCHU S4,177416.18,NC_006570,,FTT1663,FTT1663,RefSeq.177416.18.NC_006570.CDS.1729092.1730258.fwd,RefSeq,CDS,1729092,1730258,1167,+,,,,YP_170570.1,388,carA,carbamoyl phosphate synthase small subunit,
Francisella tularensis subsp. tularensis SCHU S4,177416.18,NC_006570,,FTT1406c,FTT1406c,RefSeq.177416.18.NC_006570.CDS.1455892.1457049.rev,RefSeq,CDS,1455892,1457049,1158,-,,,,YP_170350.1,385,,hypothetical protein,
Francisella tularensis subsp. tularensis SCHU S4,177416.18,NC_006570,,FTT0487,FTT0487,RefSeq.177416.18.NC_006570.CDS.507022.507756.fwd,RefSeq,CDS,507022,507756,735,+,,,,YP_169525.1,244,,hypothetical protein,
Francisella tularensis subsp. tularensis SCHU S4,177416.18,NC_006570,,FTT0045,FTT0045,RefSeq.177416.18.NC_006570.CDS.45721.45915.fwd,RefSeq,CDS,45721,45915,195,+,,,,YP_169121.1,64,,hypothetical protein,
Francisella tularensis subsp. tularensis SCHU S4,177416.18,NC_006570,,FTT1728,FTT1728,RefSeq.177416.18.NC_006570.CDS.1814786.1816213.fwd,RefSeq,CDS,1814786,1816213,1428,+,,,,YP_170630.1,475,nhaD,Na+/H+ antiporter,
Francisella tularensis subsp. tularensis SCHU S4,177416.18,NC_006570,,FTT0167,FTT0167,RefSeq.177416.18.NC_006570.CDS.182323.183573.fwd,RefSeq,CDS,182323,183573,1251,+,,,,YP_169233.1,416,hemA,glutamyl-tRNA reductase,
Francisella tularensis subsp. tularensis SCHU S4,177416.18,NC_006570,fig|177416.18.peg.1000,,VBIFraTul2086_1000,PATRIC.177416.18.NC_006570.CDS.880494.881492.fwd,PATRIC,CDS,880494,881492,999,+,FIG00000309,PLF_262_00000617,PGF_00008611,,332,,Glycerol-3-phosphate dehydrogenase [NAD(P)+] (EC 1.1.1.94),GO:0047952|glycerol-3-phosphate dehydrogenase [NAD(P)+] activity
Francisella tularensis subsp. tularensis SCHU S4,177416.18,NC_006570,fig|177416.18.peg.1880,,VBIFraTul2086_1880,PATRIC.177416.18.NC_006570.CDS.1685495.1686415.rev,PATRIC,CDS,1685495,1686415,921,-,FIG00946206,PLF_262_00001097,PGF_00409183,,306,,putative membrane protein,
Francisella tularensis subsp. tularensis SCHU S4,177416.18,NC_006570,fig|177416.18.peg.1313,,VBIFraTul2086_1313,PATRIC.177416.18.NC_006570.CDS.1151887.1152612.fwd,PATRIC,CDS,1151887,1152612,726,+,FIG00000633,PLF_262_00000105,PGF_01147190,,241,,Deoxyribodipyrimidine photolyase (EC 4.1.99.3),GO:0003913|DNA photolyase activity;GO:0006281|DNA repair
Francisella tularensis subsp. tularensis SCHU S4,177416.18,NC_006570,fig|177416.18.peg.1141,,VBIFraTul2086_1141,PATRIC.177416.18.NC_006570.CDS.1006154.1006960.fwd,PATRIC,CDS,1006154,1006960,807,+,FIG00052605,PLF_262_00007852,PGF_10482116,,268,,"Cardiolipin synthase, bacterial type ClsA",
Francisella tularensis subsp. tularensis SCHU S4,177416.18,NC_006570,fig|177416.18.peg.1032,,VBIFraTul2086_1032,PATRIC.177416.18.NC_006570.CDS.909954.910403.fwd,PATRIC,CDS,909954,910403,450,+,FIG01397805,PLF_262_00000884,PGF_01722186,,149,,17 kDa lipoprotein TUL4 precursor,
Francisella tularensis subsp. tularensis SCHU S4,177416.18,NC_006570,fig|177416.18.peg.61,FTT0056c,VBIFraTul2086_0061,PATRIC.177416.18.NC_006570.CDS.58246.59229.rev,PATRIC,CDS,58246,59229,984,-,FIG00657865,PLF_262_00000846,PGF_00973298,YP_169131.1,327,,Uncharacterized MFS-type transporter,
Francisella tularensis subsp. tularensis SCHU S4,177416.18,NC_006570,fig|177416.18.peg.1432,,VBIFraTul2086_1432,PATRIC.177416.18.NC_006570.CDS.1257338.1258669.rev,PATRIC,CDS,1257338,1258669,1332,-,FIG00946206,PLF_262_00001397,PGF_01719370,,443,,O-antigen polymerase,
Francisella tularensis subsp. tularensis SCHU S4,177416.18,NC_006570,fig|177416.18.peg.995,,VBIFraTul2086_0995,PATRIC.177416.18.NC_006570.CDS.877513.877884.rev,PATRIC,CDS,877513,877884,372,-,FIG00658111,PLF_262_00000144,PGF_07109475,,123,,"Lead, cadmium, zinc and mercury transporting ATPase (EC 3.6.3.3) (EC 3.6.3.5); Copper-translocating P-type ATPase (EC 3.6.3.4)",GO:0004008|copper-exporting ATPase activity
Francisella tularensis subsp. tularensis SCHU S4,177416.18,NC_006570,fig|177416.18.peg.2066,,VBIFraTul2086_2066,PATRIC.177416.18.NC_006570.CDS.1866749.1867147.rev,PATRIC,CDS,1866749,1867147,399,-,FIG00657827,PLF_262_00001284,PGF_00237148,,132,,hypothetical protein,
Francisella tularensis subsp. tularensis SCHU S4,177416.18,NC_006570,fig|177416.18.peg.1979,,VBIFraTul2086_1979,PATRIC.177416.18.NC_006570.CDS.1779887.1781617.fwd,PATRIC,CDS,1779887,1781617,1731,+,FIG00000404,PLF_262_00001056,PGF_00421470,,576,,DNA polymerase I (EC 2.7.7.7),GO:0003887|DNA-directed DNA polymerase activity
Francisella tularensis subsp. tularensis SCHU S4,177416.18,NC_006570,fig|177416.18.peg.1372,,VBIFraTul2086_1372,PATRIC.177416.18.NC_006570.CDS.1201508.1201939.rev,PATRIC,CDS,1201508,1201939,432,-,FIG00920183,PLF_262_00000747,PGF_06120144,,143,,Ribosome association toxin RatA,
Francisella tularensis subsp. tularensis SCHU S4,177416.18,NC_006570,fig|177416.18.peg.318,,VBIFraTul2086_0318,PATRIC.177416.18.NC_006570.CDS.298648.299250.fwd,PATRIC,CDS,298648,299250,603,+,FIG00001056,PLF_262_00001224,PGF_00420155,,200,,Cytochrome O ubiquinol oxidase subunit III (EC 1.10.3.-),GO:0004129|cytochrome-c oxidase activity;GO:0006118|electron transport;GO:0016020|membrane
Francisella tularensis subsp. tularensis SCHU S4,177416.18,NC_006570,fig|177416.18.peg.1658,,VBIFraTul2086_1658,PATRIC.177416.18.NC_006570.CDS.1485237.1486004.rev,PATRIC,CDS,1485237,1486004,768,-,FIG00000184,PLF_262_00000746,PGF_02472178,,255,,Uncharacterized metal-dependent hydrolase YcfH,
Francisella tularensis subsp. tularensis SCHU S4,177416.18,NC_006570,fig|177416.18.peg.2018,,VBIFraTul2086_2018,PATRIC.177416.18.NC_006570.CDS.1823996.1826677.rev,PATRIC,CDS,1823996,1826677,2682,-,FIG00000846,PLF_262_00000065,PGF_02938414,,893,,Osmosensitive K+ channel histidine kinase KdpD,
Francisella tularensis subsp. tularensis SCHU S4,177416.18,NC_006570,fig|177416.18.peg.650,,VBIFraTul2086_0650,PATRIC.177416.18.NC_006570.CDS.590357.591454.fwd,PATRIC,CDS,590357,591454,1098,+,FIG00001642,PLF_262_00000326,PGF_08932911,,365,,Alanine racemase (EC 5.1.1.1),GO:0008784|alanine racemase activity
Francisella tularensis subsp. tularensis SCHU S4,177416.18,NC_006570,fig|177416.18.peg.1018,,VBIFraTul2086_1018,PATRIC.177416.18.NC_006570.CDS.896394.896768.rev,PATRIC,CDS,896394,896768,375,-,FIG00134039,PLF_262_00001827,PGF_01719589,,124,,hypothetical protein,
Francisella tularensis subsp. tularensis SCHU S4,177416.18,NC_006570,fig|177416.18.peg.253,,VBIFraTul2086_0253,PATRIC.177416.18.NC_006570.CDS.241608.242576.rev,PATRIC,CDS,241608,242576,969,-,FIG00061305,PLF_262_00001406,PGF_01719399,,322,,Proline/betaine transporter,
Francisella tularensis subsp. tularensis SCHU S4,177416.18,NC_006570,fig|177416.18.peg.967,,VBIFraTul2086_0967,PATRIC.177416.18.NC_006570.CDS.857493.858074.fwd,PATRIC,CDS,857493,858074,582,+,FIG01266244,PLF_262_00000029,PGF_00048846,,193,,Ribosomal protein S12p Asp88 (E. coli) methylthiotransferase (EC 2.8.4.4),
Francisella tularensis subsp. tularensis SCHU S4,177416.18,NC_006570,,FTT1312c,FTT1312c,RefSeq.177416.18.NC_006570.CDS.1336516.1339338.rev,RefSeq,CDS,1336516,1339338,2823,-,,,,YP_170265.1,940,uvrA,"DNA excision repair enzyme, subunit A (UvrABC system protein A), ABC transporter, ATP-binding protein",
Francisella tularensis subsp. tularensis SCHU S4,177416.18,NC_006570,,FTT1766,FTT1766,RefSeq.177416.18.NC_006570.CDS.1853458.1854114.fwd,RefSeq,CDS,1853458,1854114,657,+,,,,YP_170657.1,218,,O-methyltransferase,
Francisella tularensis subsp. tularensis SCHU S4,177416.18,NC_006570,,FTT0221,FTT0221,RefSeq.177416.18.NC_006570.CDS.237887.239431.fwd,RefSeq,CDS,237887,239431,1545,+,,,,YP_169276.1,514,acpA,acid phosphatase (precursor),
Francisella tularensis subsp. tularensis SCHU S4,177416.18,NC_006570,,FTT0908,FTT0908,RefSeq.177416.18.NC_006570.CDS.916841.917755.fwd,RefSeq,CDS,916841,917755,915,+,,,,YP_169905.1,304,parB,chromosome partition protein B,
Francisella tularensis subsp. tularensis SCHU S4,177416.18,NC_006570,,FTT1351,FTT1351,RefSeq.177416.18.NC_006570.CDS.1390295.1390918.fwd,RefSeq,CDS,1390295,1390918,624,+,,,,YP_170303.1,207,,hypothetical protein,
Francisella tularensis subsp. tularensis SCHU S4,177416.18,NC_006570,,FTT0347,FTT0347,RefSeq.177416.18.NC_006570.CDS.348114.348470.fwd,RefSeq,CDS,348114,348470,357,+,,,,YP_169396.1,118,rpsM,30S ribosomal protein S13,
Francisella tularensis subsp. tularensis SCHU S4,177416.18,NC_006570,,FTT0479c,FTT0479c,RefSeq.177416.18.NC_006570.CDS.497196.498302.rev,RefSeq,CDS,497196,498302,1107,-,,,,YP_169517.1,368,perM,PerM family protein,
Francisella tularensis subsp. tularensis SCHU S4,177416.18,NC_006570,,FTT0083,FTT0083,RefSeq.177416.18.NC_006570.CDS.85720.86196.fwd,RefSeq,CDS,85720,86196,477,+,,,,YP_169157.1,158,,hypothetical protein,
Francisella tularensis subsp. tularensis SCHU S4,177416.18,NC_006570,,FTT0391c,FTT0391c,RefSeq.177416.18.NC_006570.CDS.393015.393218.rev,RefSeq,CDS,393015,393218,204,-,,,,YP_169436.1,67,cspC,cold shock protein,
Francisella tularensis subsp. tularensis SCHU S4,177416.18,NC_006570,,FTT0216,FTT0216,RefSeq.177416.18.NC_006570.CDS.234258.235042.fwd,RefSeq,CDS,234258,235042,459,+,,,,YP_169273.1,261,isftu1,transposase,
Francisella tularensis subsp. tularensis SCHU S4,177416.18,NC_006570,,FTT0526,FTT0526,RefSeq.177416.18.NC_006570.CDS.548146.548352.fwd,RefSeq,CDS,548146,548352,207,+,,,,YP_169557.1,68,,hypothetical protein,
Francisella tularensis subsp. tularensis SCHU S4,177416.18,NC_006570,,FTT0478c,FTT0478c,RefSeq.177416.18.NC_006570.CDS.495460.497202.rev,RefSeq,CDS,495460,497202,1743,-,,,,YP_169516.1,580,recJ,single-stranded-DNA-specific exonuclease,
Francisella tularensis subsp. tularensis SCHU S4,177416.18,NC_006570,,FTT0716,FTT0716,RefSeq.177416.18.NC_006570.CDS.736512.737156.fwd,RefSeq,CDS,736512,737156,645,+,,,,YP_169731.1,214,upp,uracil phosphoribosyltransferase,
Francisella tularensis subsp. tularensis SCHU S4,177416.18,NC_006570,,FTT1108,FTT1108,RefSeq.177416.18.NC_006570.CDS.1119090.1119842.fwd,RefSeq,CDS,1119090,1119842,753,+,,,,YP_170082.1,250,,rRNA methyltransferase,
Francisella tularensis subsp. tularensis SCHU S4,177416.18,NC_006570,,FTT0976,FTT0976,RefSeq.177416.18.NC_006570.CDS.987850.988176.fwd,RefSeq,CDS,987850,988176,327,+,,,,YP_169964.1,108,trxA2,thioredoxin,
Francisella tularensis subsp. tularensis SCHU S4,177416.18,NC_006570,,FTT0428,FTT0428,RefSeq.177416.18.NC_006570.CDS.443012.444298.fwd,RefSeq,CDS,443012,444298,1287,+,,,,YP_169469.1,428,thrC,threonine synthase,
Francisella tularensis subsp. tularensis SCHU S4,177416.18,NC_006570,,FTT0708,FTT0708,RefSeq.177416.18.NC_006570.CDS.726266.727519.fwd,RefSeq,CDS,726266,727519,1254,+,,,,YP_169723.1,417,,major facilitator transporter,
Francisella tularensis subsp. tularensis SCHU S4,177416.18,NC_006570,,FTT0576,FTT0576,RefSeq.177416.18.NC_006570.CDS.594098.594766.fwd,RefSeq,CDS,594098,594766,669,+,,,,YP_169600.1,222,,hypothetical protein,
Francisella tularensis subsp. tularensis SCHU S4,177416.18,NC_006570,,FTT1421,FTT1421,RefSeq.177416.18.NC_006570.CDS.1470705.1471154.fwd,RefSeq,CDS,1470705,1471154,450,+,,,,YP_170364.1,149,,hypothetical protein,
Francisella tularensis subsp. tularensis SCHU S4,177416.18,NC_006570,,FTT0048,FTT0048,RefSeq.177416.18.NC_006570.CDS.48716.49174.fwd,RefSeq,CDS,48716,49174,459,+,,,,YP_169123.1,152,,hypothetical protein,
Francisella tularensis subsp. tularensis SCHU S4,177416.18,NC_006570,,FTT0058,FTT0058,RefSeq.177416.18.NC_006570.CDS.60111.60902.fwd,RefSeq,CDS,60111,60902,792,+,,,,YP_169133.1,263,atpB,F0F1 ATP synthase subunit A,
Francisella tularensis subsp. tularensis SCHU S4,177416.18,NC_006570,,FTT0904,FTT0904,RefSeq.177416.18.NC_006570.CDS.911678.912145.fwd,RefSeq,CDS,911678,912145,468,+,,,,YP_169901.1,155,lpnB,lipoprotein,
Francisella tularensis subsp. tularensis SCHU S4,177416.18,NC_006570,,FTT0232c,FTT0232c,RefSeq.177416.18.NC_006570.CDS.246328.247227.rev,RefSeq,CDS,246328,247227,900,-,,,,YP_169285.1,299,ddg,acyltransferase,
Francisella tularensis subsp. tularensis SCHU S4,177416.18,NC_006570,fig|177416.18.peg.638,,VBIFraTul2086_0638,PATRIC.177416.18.NC_006570.CDS.581558.582364.fwd,PATRIC,CDS,581558,582364,807,+,FIG01304252,PLF_262_00000751,PGF_04803924,,268,,Putrescine transport system permease protein PotI (TC 3.A.1.11.2),
Francisella tularensis subsp. tularensis SCHU S4,177416.18,NC_006570,,FTT0694,FTT0694,RefSeq.177416.18.NC_006570.CDS.712511.714610.fwd,RefSeq,CDS,712511,714610,2100,+,,,,YP_169710.1,699,,hypothetical protein,
Francisella tularensis subsp. tularensis SCHU S4,177416.18,NC_006570,,FTT0283,FTT0283,RefSeq.177416.18.NC_006570.CDS.298649.299251.fwd,RefSeq,CDS,298649,299251,603,+,,,,YP_169333.1,200,cyoC,"cytochrome O ubiquinol oxidase, subunit III",
Francisella tularensis subsp. tularensis SCHU S4,177416.18,NC_006570,,FTT0086,FTT0086,RefSeq.177416.18.NC_006570.CDS.87787.88665.fwd,RefSeq,CDS,87787,88665,879,+,,,,YP_169160.1,292,,hypothetical protein,
Francisella tularensis subsp. tularensis SCHU S4,177416.18,NC_006570,,FTT0925,FTT0925,RefSeq.177416.18.NC_006570.CDS.936176.937117.fwd,RefSeq,CDS,936176,937117,942,+,,,,YP_169921.1,313,fmt,methionyl-tRNA formyltransferase,
Francisella tularensis subsp. tularensis SCHU S4,177416.18,NC_006570,,FTT1783,FTT1783,RefSeq.177416.18.NC_006570.CDS.1872411.1873697.fwd,RefSeq,CDS,1872411,1873697,1287,+,,,,YP_170671.1,428,,major facilitator transporter,
Francisella tularensis subsp. tularensis SCHU S4,177416.18,NC_006570,,FTT0874c,FTT0874c,RefSeq.177416.18.NC_006570.CDS.883413.884183.rev,RefSeq,CDS,883413,884183,771,-,,,,YP_169874.1,256,,hypothetical protein,
Francisella tularensis subsp. tularensis SCHU S4,177416.18,NC_006570,,FTT1500,FTT1500,RefSeq.177416.18.NC_006570.CDS.1554873.1555316.fwd,RefSeq,CDS,1554873,1555316,444,+,,,,YP_170435.1,147,secB2,preprotein translocase subunit SecB,
Francisella tularensis subsp. tularensis SCHU S4,177416.18,NC_006570,,FTT1706,FTT1706,RefSeq.177416.18.NC_006570.CDS.1783639.1784262.fwd,RefSeq,CDS,1783639,1784262,624,+,,,,YP_170611.1,207,,hypothetical protein,
Francisella tularensis subsp. tularensis SCHU S4,177416.18,NC_006570,,FTT1443c,FTT1443c,RefSeq.177416.18.NC_006570.CDS.1489852.1490754.rev,RefSeq,CDS,1489852,1490754,903,-,,,,YP_170381.1,300,,AAA family ATPase,
Francisella tularensis subsp. tularensis SCHU S4,177416.18,NC_006570,fig|177416.18.peg.881,,VBIFraTul2086_0881,PATRIC.177416.18.NC_006570.CDS.785955.786677.fwd,PATRIC,CDS,785955,786677,723,+,FIG00000659,PLF_262_00000429,PGF_00038987,,240,,Purine nucleoside phosphorylase (EC 2.4.2.1),GO:0004731|purine-nucleoside phosphorylase activity
Francisella tularensis subsp. tularensis SCHU S4,177416.18,NC_006570,fig|177416.18.peg.1876,,VBIFraTul2086_1876,PATRIC.177416.18.NC_006570.CDS.1682942.1683292.fwd,PATRIC,CDS,1682942,1683292,351,+,FIG00657608,PLF_262_00005320,PGF_01291787,,116,,Acetyltransferase,
Francisella tularensis subsp. tularensis SCHU S4,177416.18,NC_006570,fig|177416.18.peg.190,,VBIFraTul2086_0190,PATRIC.177416.18.NC_006570.CDS.186954.187226.fwd,PATRIC,CDS,186954,187226,273,+,FIG00657733,PLF_262_00001624,PGF_00319080,,90,,hypothetical protein,
Francisella tularensis subsp. tularensis SCHU S4,177416.18,NC_006570,fig|177416.18.peg.1428,,VBIFraTul2086_1428,PATRIC.177416.18.NC_006570.CDS.1252946.1254091.fwd,PATRIC,CDS,1252946,1254091,1146,+,FIG01337597,PLF_262_00001304,PGF_00417804,,381,,Choloylglycine hydrolase family protein,
Francisella tularensis subsp. tularensis SCHU S4,177416.18,NC_006570,fig|177416.18.peg.1056,,VBIFraTul2086_1056,PATRIC.177416.18.NC_006570.CDS.935796.936170.fwd,PATRIC,CDS,935796,936170,375,+,FIG00657637,PLF_262_00001287,PGF_01719352,,124,,hypothetical protein,
Francisella tularensis subsp. tularensis SCHU S4,177416.18,NC_006570,fig|177416.18.peg.2006,,VBIFraTul2086_2006,PATRIC.177416.18.NC_006570.CDS.1812014.1813345.fwd,PATRIC,CDS,1812014,1813345,1332,+,FIG00949142,PLF_262_00000225,PGF_02105064,,443,,Uncharacterized protease YegQ,
Francisella tularensis subsp. tularensis SCHU S4,177416.18,NC_006570,fig|177416.18.peg.202,FTT0182c,VBIFraTul2086_0202,PATRIC.177416.18.NC_006570.CDS.197828.198370.rev,PATRIC,CDS,197828,198370,543,-,FIG01304464,PLF_262_00001136,PGF_01898991,YP_169243.1,180,,Threonylcarbamoyl-AMP synthase (EC 2.7.7.87),
Francisella tularensis subsp. tularensis SCHU S4,177416.18,NC_006570,fig|177416.18.peg.999,,VBIFraTul2086_0999,PATRIC.177416.18.NC_006570.CDS.880186.880317.rev,PATRIC,CDS,880186,880317,132,-,FIG00657735,PLF_262_00001537,PGF_01719422,,43,,hypothetical protein,
Francisella tularensis subsp. tularensis SCHU S4,177416.18,NC_006570,fig|177416.18.peg.299,,VBIFraTul2086_0299,PATRIC.177416.18.NC_006570.CDS.283260.283412.rev,PATRIC,CDS,283260,283412,153,-,FIG00638284,PLF_262_00001932,PGF_01719650,,50,,hypothetical protein,
Francisella tularensis subsp. tularensis SCHU S4,177416.18,NC_006570,fig|177416.18.peg.179,FTT0162,VBIFraTul2086_0179,PATRIC.177416.18.NC_006570.CDS.176377.176901.fwd,PATRIC,CDS,176377,176901,525,+,FIG01303978,PLF_262_00001207,PGF_00423914,YP_169228.1,174,ampD,"1,6-anhydro-N-acetylmuramyl-L-alanine amidase",
Francisella tularensis subsp. tularensis SCHU S4,177416.18,NC_006570,fig|177416.18.peg.1188,,VBIFraTul2086_1188,PATRIC.177416.18.NC_006570.CDS.1050032.1050478.rev,PATRIC,CDS,1050032,1050478,447,-,FIG00012764,PLF_262_00000811,PGF_10054809,,148,,Transamidase GatB domain protein,
Francisella tularensis subsp. tularensis SCHU S4,177416.18,NC_006570,fig|177416.18.peg.1147,,VBIFraTul2086_1147,PATRIC.177416.18.NC_006570.CDS.1010589.1010885.rev,PATRIC,CDS,1010589,1010885,297,-,FIG01309504,PLF_262_00000075,PGF_00851332,,98,,"Zinc transporter, ZIP family",
Francisella tularensis subsp. tularensis SCHU S4,177416.18,NC_006570,fig|177416.18.peg.110,,VBIFraTul2086_0110,PATRIC.177416.18.NC_006570.CDS.104163.104285.fwd,PATRIC,CDS,104163,104285,123,+,FIG01306568,PLF_262_00000014,PGF_01000105,,40,,Mobile element protein,
Francisella tularensis subsp. tularensis SCHU S4,177416.18,NC_006570,fig|177416.18.peg.733,,VBIFraTul2086_0733,PATRIC.177416.18.NC_006570.CDS.661867.662010.fwd,PATRIC,CDS,661867,662010,144,+,FIG00000244,PLF_262_00001858,PGF_00015855,,47,,Ketol-acid reductoisomerase (NADP(+)) (EC 1.1.1.86),GO:0004455|ketol-acid reductoisomerase activity
Francisella tularensis subsp. tularensis SCHU S4,177416.18,NC_006570,fig|177416.18.peg.359,,VBIFraTul2086_0359,PATRIC.177416.18.NC_006570.CDS.335151.337265.fwd,PATRIC,CDS,335151,337265,2115,+,FIG00063189,PLF_262_00001045,PGF_00060409,,704,,Translation elongation factor G,GO:0005525|GTP binding;GO:0006412|translation
Francisella tularensis subsp. tularensis SCHU S4,177416.18,NC_006570,fig|177416.18.peg.712,,VBIFraTul2086_0712,PATRIC.177416.18.NC_006570.CDS.643368.644621.fwd,PATRIC,CDS,643368,644621,1254,+,FIG00000241,PLF_262_00000321,PGF_00016338,,417,,ATP-dependent Clp protease ATP-binding subunit ClpX,
Francisella tularensis subsp. tularensis SCHU S4,177416.18,NC_006570,fig|177416.18.peg.1311,,VBIFraTul2086_1311,PATRIC.177416.18.NC_006570.CDS.1150231.1151232.fwd,PATRIC,CDS,1150231,1151232,1002,+,FIG00000345,PLF_262_00000906,PGF_02029456,,333,,"Ferrochelatase, protoheme ferro-lyase (EC 4.99.1.1)",GO:0004325|ferrochelatase activity
Francisella tularensis subsp. tularensis SCHU S4,177416.18,NC_006570,fig|177416.18.peg.1223,,VBIFraTul2086_1223,PATRIC.177416.18.NC_006570.CDS.1073411.1073827.rev,PATRIC,CDS,1073411,1073827,417,-,FIG01306568,PLF_262_00000002,PGF_01719295,,138,,Mobile element protein,
Francisella tularensis subsp. tularensis SCHU S4,177416.18,NC_006570,,FTT0127c,FTT0127c,RefSeq.177416.18.NC_006570.CDS.138580.139782.rev,RefSeq,CDS,138580,139782,1203,-,,,,YP_169194.1,400,,major facilitator transporter,
Francisella tularensis subsp. tularensis SCHU S4,177416.18,NC_006570,,FTT0824,FTT0824,RefSeq.177416.18.NC_006570.CDS.840891.841244.fwd,RefSeq,CDS,840891,841244,354,+,,,,YP_169831.1,117,arsC1,arsenate reductase,
Francisella tularensis subsp. tularensis SCHU S4,177416.18,NC_006570,,FTT0872c,FTT0872c,RefSeq.177416.18.NC_006570.CDS.881494.882030.rev,RefSeq,CDS,881494,882030,537,-,,,,YP_169872.1,178,,hypothetical protein,
Francisella tularensis subsp. tularensis SCHU S4,177416.18,NC_006570,,FTT1089,FTT1089,RefSeq.177416.18.NC_006570.CDS.1099213.1099734.fwd,RefSeq,CDS,1099213,1099734,522,+,,,,YP_170068.1,173,,isochorismatase hydrolase family protein,
Francisella tularensis subsp. tularensis SCHU S4,177416.18,NC_006570,,FTT1797c,FTT1797c,RefSeq.177416.18.NC_006570.CDS.1884926.1885615.rev,RefSeq,CDS,1884926,1885615,690,-,,,,YP_170681.1,229,msrA2,peptide methionine sulfoxide reductase msrA,
Francisella tularensis subsp. tularensis SCHU S4,177416.18,NC_006570,,FTT1168c,FTT1168c,RefSeq.177416.18.NC_006570.CDS.1181569.1182702.rev,RefSeq,CDS,1181569,1182702,1134,-,,,,YP_170134.1,377,nagA,N-acetylglucosamine-6-phosphate deacetylase,
Francisella tularensis subsp. tularensis SCHU S4,177416.18,NC_006570,,FTT1603,FTT1603,RefSeq.177416.18.NC_006570.CDS.1671349.1671585.fwd,RefSeq,CDS,1671349,1671585,237,+,,,,YP_170519.1,78,rpmB,50S ribosomal protein L28,
Francisella tularensis subsp. tularensis SCHU S4,177416.18,NC_006570,,FTT0741c,FTT0741c,RefSeq.177416.18.NC_006570.CDS.763366.763596.rev,RefSeq,CDS,763366,763596,231,-,,,,YP_169752.1,76,,hypothetical protein,
Francisella tularensis subsp. tularensis SCHU S4,177416.18,NC_006570,,FTT0505,FTT0505,RefSeq.177416.18.NC_006570.CDS.524741.526654.fwd,RefSeq,CDS,524741,526654,1914,+,,,,YP_169540.1,637,,hypothetical protein,
Francisella tularensis subsp. tularensis SCHU S4,177416.18,NC_006570,,FTT1539c,FTT1539c,RefSeq.177416.18.NC_006570.CDS.1601863.1603293.rev,RefSeq,CDS,1601863,1603293,1431,-,,,,YP_170467.1,476,,hypothetical protein,
Francisella tularensis subsp. tularensis SCHU S4,177416.18,NC_006570,,FTT0519,FTT0519,RefSeq.177416.18.NC_006570.CDS.542148.543131.fwd,RefSeq,CDS,542148,543131,984,+,,,,YP_169551.1,327,,Nif3 family protein,
Francisella tularensis subsp. tularensis SCHU S4,177416.18,NC_006570,,FTT0068,FTT0068,RefSeq.177416.18.NC_006570.CDS.70161.70739.fwd,RefSeq,CDS,70161,70739,579,+,,,,YP_169143.1,192,sodB,superoxide dismutase (Fe),
Francisella tularensis subsp. tularensis SCHU S4,177416.18,NC_006570,,FTT0381,FTT0381,RefSeq.177416.18.NC_006570.CDS.383703.384446.fwd,RefSeq,CDS,383703,384446,744,+,,,,YP_169426.1,247,isftu2,transposase,
Francisella tularensis subsp. tularensis SCHU S4,177416.18,NC_006570,,FTT1063,FTT1063,RefSeq.177416.18.NC_006570.CDS.1071333.1072259.fwd,RefSeq,CDS,1071333,1072259,927,+,,,,YP_170044.1,308,hemF,coproporphyrinogen III oxidase,
Francisella tularensis subsp. tularensis SCHU S4,177416.18,NC_006570,,FTT1130c,FTT1130c,RefSeq.177416.18.NC_006570.CDS.1140632.1143454.rev,RefSeq,CDS,1140632,1143454,2823,-,,,,YP_170103.1,940,cphA,cyanophycin synthetase,
Francisella tularensis subsp. tularensis SCHU S4,177416.18,NC_006570,,FTT1345,FTT1345,RefSeq.177416.18.NC_006570.CDS.1382427.1385708.fwd,RefSeq,CDS,1382427,1385708,3282,+,,,,YP_170297.1,1093,pdpB,hypothetical protein,
Francisella tularensis subsp. tularensis SCHU S4,177416.18,NC_006570,,FTT1678c,FTT1678c,RefSeq.177416.18.NC_006570.CDS.1746660.1748444.rev,RefSeq,CDS,1746660,1748444,1785,-,,,,YP_170584.1,594,lepA,GTP-binding protein LepA,
Francisella tularensis subsp. tularensis SCHU S4,177416.18,NC_006570,,FTT0779,FTT0779,RefSeq.177416.18.NC_006570.CDS.799236.800020.fwd,RefSeq,CDS,799236,800020,327,+,,,,YP_169786.1,261,isftu1,transposase,
Francisella tularensis subsp. tularensis SCHU S4,177416.18,NC_006570,,FTT0609,FTT0609,RefSeq.177416.18.NC_006570.CDS.627302.629095.fwd,RefSeq,CDS,627302,629095,1794,+,,,,YP_169630.1,597,,"peptidase, M24 family protein",
Francisella tularensis subsp. tularensis SCHU S4,177416.18,NC_006570,,FTT0313,FTT0313,RefSeq.177416.18.NC_006570.CDS.328497.329216.fwd,RefSeq,CDS,328497,329216,720,+,,,,YP_169362.1,239,rpsB,30S ribosomal protein S2,
Francisella tularensis subsp. tularensis SCHU S4,177416.18,NC_006570,,FTT0786,FTT0786,RefSeq.177416.18.NC_006570.CDS.804592.805290.fwd,RefSeq,CDS,804592,805290,699,+,,,,YP_169793.1,232,,hypothetical protein,
Francisella tularensis subsp. tularensis SCHU S4,177416.18,NC_006570,fig|177416.18.peg.1170,,VBIFraTul2086_1170,PATRIC.177416.18.NC_006570.CDS.1031880.1032656.rev,PATRIC,CDS,1031880,1032656,777,-,,PLF_262_00000876,PGF_00413290,,258,,tRNA pseudouridine(38-40) synthase (EC 5.4.99.12),GO:0009982|pseudouridine synthase activity
Francisella tularensis subsp. tularensis SCHU S4,177416.18,NC_006570,fig|177416.18.peg.1439,,VBIFraTul2086_1439,PATRIC.177416.18.NC_006570.CDS.1266337.1267335.fwd,PATRIC,CDS,1266337,1267335,999,+,,PLF_262_00000767,PGF_10569727,,332,,LSU rRNA pseudouridine(1911/1915/1917) synthase (EC 5.4.99.23),
Francisella tularensis subsp. tularensis SCHU S4,177416.18,NC_006570,fig|177416.18.peg.111,FTT0101,VBIFraTul2086_0111,PATRIC.177416.18.NC_006570.CDS.104565.105527.fwd,PATRIC,CDS,104565,105527,963,+,FIG01366330,PLF_262_00001568,PGF_06721510,YP_169172.1,320,,Muramoyltetrapeptide carboxypeptidase (EC 3.4.17.13),
Francisella tularensis subsp. tularensis SCHU S4,177416.18,NC_006570,fig|177416.18.peg.841,,VBIFraTul2086_0841,PATRIC.177416.18.NC_006570.CDS.756841.757095.fwd,PATRIC,CDS,756841,757095,255,+,FIG00133144,PLF_262_00000026,PGF_03148229,,84,,L-alanine-DL-glutamate epimerase (EC 5.1.1.n1),
Francisella tularensis subsp. tularensis SCHU S4,177416.18,NC_006570,,FTT1293c,FTT1293c,RefSeq.177416.18.NC_006570.CDS.1317971.1318585.rev,RefSeq,CDS,1317971,1318585,615,-,,,,YP_170248.1,204,,Sua5_yciO_yrdC family protein,
Francisella tularensis subsp. tularensis SCHU S4,177416.18,NC_006570,,FTT0483c,FTT0483c,RefSeq.177416.18.NC_006570.CDS.502365.503252.rev,RefSeq,CDS,502365,503252,888,-,,,,YP_169521.1,295,,hypothetical protein,
Francisella tularensis subsp. tularensis SCHU S4,177416.18,NC_006570,,FTT0528,FTT0528,RefSeq.177416.18.NC_006570.CDS.549173.549550.fwd,RefSeq,CDS,549173,549550,378,+,,,,YP_169559.1,125,,hypothetical protein,
Francisella tularensis subsp. tularensis SCHU S4,177416.18,NC_006570,fig|177416.18.peg.1212,,VBIFraTul2086_1212,PATRIC.177416.18.NC_006570.CDS.1066087.1066992.rev,PATRIC,CDS,1066087,1066992,906,-,FIG00657694,PLF_262_00001185,PGF_00063696,,301,,Type IV pilus (Tfp) assembly protein PilF,
Francisella tularensis subsp. tularensis SCHU S4,177416.18,NC_006570,,FTT0168,FTT0168,RefSeq.177416.18.NC_006570.CDS.183574.184659.fwd,RefSeq,CDS,183574,184659,1086,+,,,,YP_169234.1,361,prfA,peptide chain release factor 1,
Francisella tularensis subsp. tularensis SCHU S4,177416.18,NC_006570,,FTT1017c,FTT1017c,RefSeq.177416.18.NC_006570.CDS.1026363.1026698.rev,RefSeq,CDS,1026363,1026698,336,-,,,,YP_170002.1,111,,hypothetical protein,
Francisella tularensis subsp. tularensis SCHU S4,177416.18,NC_006570,,FTT0533c,FTT0533c,RefSeq.177416.18.NC_006570.CDS.554468.554728.rev,RefSeq,CDS,554468,554728,261,-,,,,YP_169562.1,86,grxA,glutaredoxin 1,
Francisella tularensis subsp. tularensis SCHU S4,177416.18,NC_006570,,FTT1509c,FTT1509c,RefSeq.177416.18.NC_006570.CDS.1564011.1564367.rev,RefSeq,CDS,1564011,1564367,357,-,,,,YP_170443.1,118,,hypothetical protein,
Francisella tularensis subsp. tularensis SCHU S4,177416.18,NC_006570,fig|177416.18.peg.573,,VBIFraTul2086_0573,PATRIC.177416.18.NC_006570.CDS.533814.534353.fwd,PATRIC,CDS,533814,534353,540,+,FIG00001203,PLF_262_00001412,PGF_00045787,,179,,"Pyridoxal 5'-phosphate synthase (glutamine hydrolyzing), glutaminase subunit (EC 4.3.3.6)",GO:0036381|pyridoxal 5'-phosphate synthase (glutamine hydrolysing) activity
Francisella tularensis subsp. tularensis SCHU S4,177416.18,NC_006570,fig|177416.18.peg.1512,,VBIFraTul2086_1512,PATRIC.177416.18.NC_006570.CDS.1332931.1334877.rev,PATRIC,CDS,1332931,1334877,1947,-,FIG00018369,PLF_262_00000341,PGF_06275407,,648,,"Cell division-associated, ATP-dependent zinc metalloprotease FtsH",
Francisella tularensis subsp. tularensis SCHU S4,177416.18,NC_006570,fig|177416.18.peg.268,,VBIFraTul2086_0268,PATRIC.177416.18.NC_006570.CDS.251115.252470.fwd,PATRIC,CDS,251115,252470,1356,+,FIG00135554,PLF_262_00001115,PGF_00063999,,451,,UDP-N-acetylmuramate--L-alanine ligase (EC 6.3.2.8),GO:0008763|UDP-N-acetylmuramate-L-alanine ligase activity
Francisella tularensis subsp. tularensis SCHU S4,177416.18,NC_006570,fig|177416.18.peg.132,FTT0120,VBIFraTul2086_0132,PATRIC.177416.18.NC_006570.CDS.129900.130895.fwd,PATRIC,CDS,129900,130895,996,+,FIG00000095,PLF_262_00000792,PGF_08905885,YP_169190.1,331,ftsY,Signal recognition particle receptor FtsY,
Francisella tularensis subsp. tularensis SCHU S4,177416.18,NC_006570,fig|177416.18.peg.389,,VBIFraTul2086_0389,PATRIC.177416.18.NC_006570.CDS.351573.351989.fwd,PATRIC,CDS,351573,351989,417,+,FIG01306568,PLF_262_00000002,PGF_01719295,,138,,Mobile element protein,
Francisella tularensis subsp. tularensis SCHU S4,177416.18,NC_006570,fig|177416.18.peg.920,,VBIFraTul2086_0920,PATRIC.177416.18.NC_006570.CDS.819627.820733.rev,PATRIC,CDS,819627,820733,1107,-,FIG00028476,PLF_262_00000438,PGF_02382389,,368,,Ribokinase (EC 2.7.1.15),GO:0004747|ribokinase activity
Francisella tularensis subsp. tularensis SCHU S4,177416.18,NC_006570,fig|177416.18.peg.329,,VBIFraTul2086_0329,PATRIC.177416.18.NC_006570.CDS.307198.308196.fwd,PATRIC,CDS,307198,308196,999,+,FIG00015469,PLF_262_00000246,PGF_00400034,,332,,Aerotolerance protein BatB,
Francisella tularensis subsp. tularensis SCHU S4,177416.18,NC_006570,fig|177416.18.peg.88,,VBIFraTul2086_0088,PATRIC.177416.18.NC_006570.CDS.84679.85272.fwd,PATRIC,CDS,84679,85272,594,+,FIG00613225,PLF_262_00001132,PGF_00044444,,197,,Putative transcriptional regulatory protein,
Francisella tularensis subsp. tularensis SCHU S4,177416.18,NC_006570,fig|177416.18.peg.927,,VBIFraTul2086_0927,PATRIC.177416.18.NC_006570.CDS.827825.829939.fwd,PATRIC,CDS,827825,829939,2115,+,FIG01258918,PLF_262_00000383,PGF_00010349,,704,,"Guanosine-3',5'-bis(diphosphate) 3'-pyrophosphohydrolase (EC 3.1.7.2) / GTP pyrophosphokinase (EC 2.7.6.5), (p)ppGpp synthetase II","GO:0008893|guanosine-3',5'-bis(diphosphate) 3'-diphosphatase activity;GO:0008728|GTP diphosphokinase activity"
Francisella tularensis subsp. tularensis SCHU S4,177416.18,NC_006570,fig|177416.18.peg.506,,VBIFraTul2086_0506,PATRIC.177416.18.NC_006570.CDS.468254.469504.fwd,PATRIC,CDS,468254,469504,1251,+,FIG00085033,PLF_262_00001269,PGF_06162930,,416,,UDP-N-acetylmuramoyl-L-alanine--D-glutamate ligase (EC 6.3.2.9),GO:0008764|UDP-N-acetylmuramoylalanine-D-glutamate ligase activity
Francisella tularensis subsp. tularensis SCHU S4,177416.18,NC_006570,fig|177416.18.peg.407,,VBIFraTul2086_0407,PATRIC.177416.18.NC_006570.CDS.365352.366083.fwd,PATRIC,CDS,365352,366083,732,+,FIG01346485,PLF_262_00001454,PGF_01719392,,243,,Phenol 2-monooxygenase (EC 1.14.13.7),GO:0018662|phenol 2-monooxygenase activity
Francisella tularensis subsp. tularensis SCHU S4,177416.18,NC_006570,fig|177416.18.peg.1744,,VBIFraTul2086_1744,PATRIC.177416.18.NC_006570.CDS.1567752.1568468.fwd,PATRIC,CDS,1567752,1568468,717,+,FIG01345058,PLF_262_00001099,PGF_02899202,,238,,Amino acid transporter,
Francisella tularensis subsp. tularensis SCHU S4,177416.18,NC_006570,fig|177416.18.peg.145,FTT0130,VBIFraTul2086_0145,PATRIC.177416.18.NC_006570.CDS.141966.143474.fwd,PATRIC,CDS,141966,143474,1509,+,FIG00075702,PLF_262_00000380,PGF_00008537,YP_169197.1,502,glpK,Glycerol kinase (EC 2.7.1.30),GO:0004370|glycerol kinase activity
Francisella tularensis subsp. tularensis SCHU S4,177416.18,NC_006570,fig|177416.18.peg.1469,,VBIFraTul2086_1469,PATRIC.177416.18.NC_006570.CDS.1293429.1294580.fwd,PATRIC,CDS,1293429,1294580,1152,+,FIG00002231,PLF_262_00000667,PGF_00020168,,383,,Membrane-bound lytic murein transglycosylase A,
Francisella tularensis subsp. tularensis SCHU S4,177416.18,NC_006570,fig|177416.18.peg.1388,,VBIFraTul2086_1388,PATRIC.177416.18.NC_006570.CDS.1213063.1214340.rev,PATRIC,CDS,1213063,1214340,1278,-,FIG00061305,PLF_262_00000915,PGF_01722192,,425,,L-Proline/Glycine betaine transporter ProP,
Francisella tularensis subsp. tularensis SCHU S4,177416.18,NC_006570,fig|177416.18.peg.1747,,VBIFraTul2086_1747,PATRIC.177416.18.NC_006570.CDS.1569458.1569724.rev,PATRIC,CDS,1569458,1569724,267,-,,PLF_262_00000167,PGF_05493974,,88,,Mercuric ion reductase (EC 1.16.1.1),GO:0016152|mercury (II) reductase activity
Francisella tularensis subsp. tularensis SCHU S4,177416.18,NC_006570,fig|177416.18.peg.513,,VBIFraTul2086_0513,PATRIC.177416.18.NC_006570.CDS.475522.476151.fwd,PATRIC,CDS,475522,476151,630,+,FIG00791698,PLF_262_00001392,PGF_01719367,,209,,Maleylacetoacetate isomerase (EC 5.2.1.2) @ Glutathione S-transferase,GO:0016034|maleylacetoacetate isomerase activity
Francisella tularensis subsp. tularensis SCHU S4,177416.18,NC_006570,fig|177416.18.peg.2023,,VBIFraTul2086_2023,PATRIC.177416.18.NC_006570.CDS.1830761.1831003.rev,PATRIC,CDS,1830761,1831003,243,-,FIG00002960,PLF_262_00005780,PGF_03994219,,80,,hypothetical protein,
Francisella tularensis subsp. tularensis SCHU S4,177416.18,NC_006570,fig|177416.18.peg.1309,,VBIFraTul2086_1309,PATRIC.177416.18.NC_006570.CDS.1149485.1149874.rev,PATRIC,CDS,1149485,1149874,390,-,FIG00657832,PLF_262_00001550,PGF_01719429,,129,,hypothetical protein,
Francisella tularensis subsp. tularensis SCHU S4,177416.18,NC_006570,fig|177416.18.peg.1511,,VBIFraTul2086_1511,PATRIC.177416.18.NC_006570.CDS.1332313.1332693.rev,PATRIC,CDS,1332313,1332693,381,-,FIG01306568,PLF_262_00000001,PGF_01719295,,126,,Mobile element protein,
Francisella tularensis subsp. tularensis SCHU S4,177416.18,NC_006570,fig|177416.18.peg.452,,VBIFraTul2086_0452,PATRIC.177416.18.NC_006570.CDS.411546.413687.fwd,PATRIC,CDS,411546,413687,2142,+,FIG00003237,PLF_262_00000403,PGF_00017965,,713,,"Lysine decarboxylase, inducible (EC 4.1.1.18)",GO:0008923|lysine decarboxylase activity
Francisella tularensis subsp. tularensis SCHU S4,177416.18,NC_006570,fig|177416.18.peg.1064,,VBIFraTul2086_1064,PATRIC.177416.18.NC_006570.CDS.942809.944068.fwd,PATRIC,CDS,942809,944068,1260,+,FIG01325675,PLF_262_00000090,PGF_00013446,,419,,Hypothetical sugar permease,
Francisella tularensis subsp. tularensis SCHU S4,177416.18,NC_006570,fig|177416.18.peg.431,,VBIFraTul2086_0431,PATRIC.177416.18.NC_006570.CDS.388990.390357.fwd,PATRIC,CDS,388990,390357,1368,+,FIG00000353,PLF_262_00000672,PGF_08454293,,455,,N-acetylglucosamine-1-phosphate uridyltransferase (EC 2.7.7.23) / Glucosamine-1-phosphate N-acetyltransferase (EC 2.3.1.157),GO:0003977|UDP-N-acetylglucosamine diphosphorylase activity;GO:0019134|glucosamine-1-phosphate N-acetyltransferase activity
Francisella tularensis subsp. tularensis SCHU S4,177416.18,NC_006570,,FTT1497c,FTT1497c,RefSeq.177416.18.NC_006570.CDS.1550624.1551127.rev,RefSeq,CDS,1550624,1551127,504,-,,,,YP_170432.1,167,,hypothetical protein,
Francisella tularensis subsp. tularensis SCHU S4,177416.18,NC_006570,,FTT0973,FTT0973,RefSeq.177416.18.NC_006570.CDS.985034.986188.fwd,RefSeq,CDS,985034,986188,1155,+,,,,YP_169962.1,384,,hypothetical protein,
Francisella tularensis subsp. tularensis SCHU S4,177416.18,NC_006570,,FTT0140,FTT0140,RefSeq.177416.18.NC_006570.CDS.152509.152943.fwd,RefSeq,CDS,152509,152943,435,+,,,,YP_169206.1,144,rplK,50S ribosomal protein L11,
Francisella tularensis subsp. tularensis SCHU S4,177416.18,NC_006570,,FTT0536,FTT0536,RefSeq.177416.18.NC_006570.CDS.557815.558330.fwd,RefSeq,CDS,557815,558330,516,+,,,,YP_169565.1,171,,hypothetical protein,
Francisella tularensis subsp. tularensis SCHU S4,177416.18,NC_006570,,FTT0142,FTT0142,RefSeq.177416.18.NC_006570.CDS.153811.154329.fwd,RefSeq,CDS,153811,154329,519,+,,,,YP_169208.1,172,rplJ,50S ribosomal protein L10,
Francisella tularensis subsp. tularensis SCHU S4,177416.18,NC_006570,,FTT1185c,FTT1185c,RefSeq.177416.18.NC_006570.CDS.1201510.1201941.rev,RefSeq,CDS,1201510,1201941,432,-,,,,YP_170147.1,143,,hypothetical protein,
Francisella tularensis subsp. tularensis SCHU S4,177416.18,NC_006570,,FTT0299,FTT0299,RefSeq.177416.18.NC_006570.CDS.312389.315148.fwd,RefSeq,CDS,312389,315148,2760,+,,,,YP_169348.1,919,valS,valyl-tRNA synthetase,
Francisella tularensis subsp. tularensis SCHU S4,177416.18,NC_006570,,FTT0662c,FTT0662c,RefSeq.177416.18.NC_006570.CDS.680776.681159.rev,RefSeq,CDS,680776,681159,384,-,,,,YP_169679.1,127,,hypothetical protein,
Francisella tularensis subsp. tularensis SCHU S4,177416.18,NC_006570,fig|177416.18.peg.1951,,VBIFraTul2086_1951,PATRIC.177416.18.NC_006570.CDS.1751142.1752458.fwd,PATRIC,CDS,1751142,1752458,1317,+,FIG01309169,PLF_262_00000113,PGF_10567826,,438,,putative lipoprotein,
Francisella tularensis subsp. tularensis SCHU S4,177416.18,NC_006570,fig|177416.18.peg.2044,,VBIFraTul2086_2044,PATRIC.177416.18.NC_006570.CDS.1846679.1846939.rev,PATRIC,CDS,1846679,1846939,261,-,FIG00061305,PLF_262_00001809,PGF_01719574,,86,,hypothetical protein,
Francisella tularensis subsp. tularensis SCHU S4,177416.18,NC_006570,,FTT1154c,FTT1154c,RefSeq.177416.18.NC_006570.CDS.1167068.1168147.rev,RefSeq,CDS,1167068,1168147,1080,-,,,,YP_170121.1,359,aroB,3-dehydroquinate synthase,
Francisella tularensis subsp. tularensis SCHU S4,177416.18,NC_006570,,FTT1458c,FTT1458c,RefSeq.177416.18.NC_006570.CDS.1508671.1509900.rev,RefSeq,CDS,1508671,1509900,1230,-,,,,YP_170395.1,409,wzy,membrane protein/O-antigen protein,
Francisella tularensis subsp. tularensis SCHU S4,177416.18,NC_006570,,FTT1507,FTT1507,RefSeq.177416.18.NC_006570.CDS.1560951.1561583.fwd,RefSeq,CDS,1560951,1561583,633,+,,,,YP_170441.1,210,,hypothetical protein,
Francisella tularensis subsp. tularensis SCHU S4,177416.18,NC_006570,,FTT1648c,FTT1648c,RefSeq.177416.18.NC_006570.CDS.1713241.1713885.rev,RefSeq,CDS,1713241,1713885,645,-,,,,YP_170557.1,214,pyrF,orotidine 5'-phosphate decarboxylase,
Francisella tularensis subsp. tularensis SCHU S4,177416.18,NC_006570,,FTT0840,FTT0840,RefSeq.177416.18.NC_006570.CDS.854434.855753.fwd,RefSeq,CDS,854434,855753,1320,+,,,,YP_169845.1,439,tolB,TolB protein precursor,
Francisella tularensis subsp. tularensis SCHU S4,177416.18,NC_006570,,FTT0223c,FTT0223c,RefSeq.177416.18.NC_006570.CDS.240256.240954.rev,RefSeq,CDS,240256,240954,699,-,,,,YP_169278.1,232,ybgL,LamB/YcsF family protein,
Francisella tularensis subsp. tularensis SCHU S4,177416.18,NC_006570,,FTT0971,FTT0971,RefSeq.177416.18.NC_006570.CDS.982797.984242.fwd,RefSeq,CDS,982797,984242,1446,+,,,,YP_169960.1,481,,cysteine desulfurase activator complex subunit SufB,
Francisella tularensis subsp. tularensis SCHU S4,177416.18,NC_006570,,FTT0707,FTT0707,RefSeq.177416.18.NC_006570.CDS.725384.726178.fwd,RefSeq,CDS,725384,726178,795,+,,,,YP_169722.1,264,,nicotinamide mononucleotide transport (NMT) family protein,
Francisella tularensis subsp. tularensis SCHU S4,177416.18,NC_006570,,FTT0638,FTT0638,RefSeq.177416.18.NC_006570.CDS.657479.657829.fwd,RefSeq,CDS,657479,657829,351,+,,,,YP_169658.1,116,,hypothetical protein,
Francisella tularensis subsp. tularensis SCHU S4,177416.18,NC_006570,fig|177416.18.peg.957,,VBIFraTul2086_0957,PATRIC.177416.18.NC_006570.CDS.850798.851160.fwd,PATRIC,CDS,850798,851160,363,+,FIG00002036,PLF_262_00001220,PGF_09008105,,120,,Chorismate mutase II (EC 5.4.99.5),
Francisella tularensis subsp. tularensis SCHU S4,177416.18,NC_006570,,FTT1721c,FTT1721c,RefSeq.177416.18.NC_006570.CDS.1805989.1807479.rev,RefSeq,CDS,1805989,1807479,1491,-,,,,YP_170623.1,496,purF,amidophosphoribosyltransferase,
Francisella tularensis subsp. tularensis SCHU S4,177416.18,NC_006570,,FTT0106c,FTT0106c,RefSeq.177416.18.NC_006570.CDS.112320.113693.rev,RefSeq,CDS,112320,113693,1374,-,,,,YP_169176.1,457,,RND efflux transporter,
Francisella tularensis subsp. tularensis SCHU S4,177416.18,NC_006570,,FTT0980,FTT0980,RefSeq.177416.18.NC_006570.CDS.991133.992374.fwd,RefSeq,CDS,991133,992374,1242,+,,,,YP_169968.1,413,,hypothetical protein,
Francisella tularensis subsp. tularensis SCHU S4,177416.18,NC_006570,,FTT0509c,FTT0509c,RefSeq.177416.18.NC_006570.CDS.529426.530226.rev,RefSeq,CDS,529426,530226,801,-,,,,YP_169544.1,266,,hypothetical protein,
Francisella tularensis subsp. tularensis SCHU S4,177416.18,NC_006570,,FTT0099,FTT0099,RefSeq.177416.18.NC_006570.CDS.103101.103844.fwd,RefSeq,CDS,103101,103844,744,+,,,,YP_169171.1,247,isftu2,transposase,
Francisella tularensis subsp. tularensis SCHU S4,177416.18,NC_006570,fig|177416.18.peg.1986,,VBIFraTul2086_1986,PATRIC.177416.18.NC_006570.CDS.1790174.1790749.fwd,PATRIC,CDS,1790174,1790749,576,+,FIG00657983,PLF_262_00001095,PGF_01719317,,191,,hypothetical protein,
Francisella tularensis subsp. tularensis SCHU S4,177416.18,NC_006570,fig|177416.18.peg.1527,,VBIFraTul2086_1527,PATRIC.177416.18.NC_006570.CDS.1351185.1351835.fwd,PATRIC,CDS,1351185,1351835,651,+,FIG00773824,PLF_262_00000666,PGF_01722142,,216,,Membrane protein,
Francisella tularensis subsp. tularensis SCHU S4,177416.18,NC_006570,fig|177416.18.peg.161,FTT0145,VBIFraTul2086_0161,PATRIC.177416.18.NC_006570.CDS.159061.163314.fwd,PATRIC,CDS,159061,163314,4254,+,FIG00000242,PLF_262_00000258,PGF_02704551,YP_169211.1,1417,rpoC,DNA-directed RNA polymerase beta' subunit (EC 2.7.7.6),GO:0003899|DNA-directed RNA polymerase activity
Francisella tularensis subsp. tularensis SCHU S4,177416.18,NC_006570,fig|177416.18.peg.1352,,VBIFraTul2086_1352,PATRIC.177416.18.NC_006570.CDS.1185437.1186885.rev,PATRIC,CDS,1185437,1186885,1449,-,FIG00000477,PLF_262_00000142,PGF_03084064,,482,,"Type I restriction-modification system, DNA-methyltransferase subunit M (EC 2.1.1.72)",GO:0009007|site-specific DNA-methyltransferase (adenine-specific) activity
Francisella tularensis subsp. tularensis SCHU S4,177416.18,NC_006570,fig|177416.18.peg.112,,VBIFraTul2086_0112,PATRIC.177416.18.NC_006570.CDS.106316.106441.fwd,PATRIC,CDS,106316,106441,126,+,FIG01353043,PLF_262_00007834,PGF_08174419,,41,,hypothetical protein,
Francisella tularensis subsp. tularensis SCHU S4,177416.18,NC_006570,fig|177416.18.peg.1259,,VBIFraTul2086_1259,PATRIC.177416.18.NC_006570.CDS.1101545.1102510.rev,PATRIC,CDS,1101545,1102510,966,-,FIG00000023,PLF_262_00000810,PGF_00057399,,321,,Transaldolase (EC 2.2.1.2),GO:0004801|transaldolase activity
Francisella tularensis subsp. tularensis SCHU S4,177416.18,NC_006570,fig|177416.18.peg.1425,,VBIFraTul2086_1425,PATRIC.177416.18.NC_006570.CDS.1250509.1250889.fwd,PATRIC,CDS,1250509,1250889,381,+,FIG01306568,PLF_262_00000001,PGF_01719295,,126,,Mobile element protein,
Francisella tularensis subsp. tularensis SCHU S4,177416.18,NC_006570,fig|177416.18.peg.1487,,VBIFraTul2086_1487,PATRIC.177416.18.NC_006570.CDS.1306433.1306591.fwd,PATRIC,CDS,1306433,1306591,159,+,FIG00638284,PLF_262_00001733,PGF_01719521,,52,,hypothetical protein,
Francisella tularensis subsp. tularensis SCHU S4,177416.18,NC_006570,fig|177416.18.peg.1431,,VBIFraTul2086_1431,PATRIC.177416.18.NC_006570.CDS.1256422.1257312.fwd,PATRIC,CDS,1256422,1257312,891,+,FIG01308517,PLF_262_00001473,PGF_01719395,,296,,"Glycosyl transferase, family 8",
Francisella tularensis subsp. tularensis SCHU S4,177416.18,NC_006570,fig|177416.18.peg.1136,,VBIFraTul2086_1136,PATRIC.177416.18.NC_006570.CDS.1002034.1002189.rev,PATRIC,CDS,1002034,1002189,156,-,FIG00657628,PLF_262_00001746,PGF_01719530,,51,,hypothetical protein,
Francisella tularensis subsp. tularensis SCHU S4,177416.18,NC_006570,fig|177416.18.peg.971,,VBIFraTul2086_0971,PATRIC.177416.18.NC_006570.CDS.859133.860632.fwd,PATRIC,CDS,859133,860632,1500,+,FIG00000633,PLF_262_00000096,PGF_04415682,,499,,Cryptochrome,
Francisella tularensis subsp. tularensis SCHU S4,177416.18,NC_006570,fig|177416.18.peg.363,,VBIFraTul2086_0363,PATRIC.177416.18.NC_006570.CDS.338992.339291.fwd,PATRIC,CDS,338992,339291,300,+,FIG00000271,PLF_262_00001086,PGF_03990071,,99,,LSU ribosomal protein L23p (L23Ae),
Francisella tularensis subsp. tularensis SCHU S4,177416.18,NC_006570,fig|177416.18.peg.1452,,VBIFraTul2086_1452,PATRIC.177416.18.NC_006570.CDS.1280068.1281540.fwd,PATRIC,CDS,1280068,1281540,1473,+,FIG00004305,PLF_262_00001129,PGF_06982509,,490,,"Efflux transport system, outer membrane factor (OMF) lipoprotein",
Francisella tularensis subsp. tularensis SCHU S4,177416.18,NC_006570,fig|177416.18.peg.1934,,VBIFraTul2086_1934,PATRIC.177416.18.NC_006570.CDS.1736537.1737739.fwd,PATRIC,CDS,1736537,1737739,1203,+,FIG00033877,PLF_262_00000939,PGF_00051326,,400,,Serine transporter,GO:0006865|amino acid transport;GO:0009847|spore germination;GO:0016020|membrane;GO:0016021|integral to membrane
Francisella tularensis subsp. tularensis SCHU S4,177416.18,NC_006570,fig|177416.18.peg.486,,VBIFraTul2086_0486,PATRIC.177416.18.NC_006570.CDS.449760.450476.rev,PATRIC,CDS,449760,450476,717,-,FIG00000943,PLF_262_00000295,PGF_00063937,,238,,"UDP-2,3-diacylglucosamine diphosphatase (EC 3.6.1.54)",
Francisella tularensis subsp. tularensis SCHU S4,177416.18,NC_006570,fig|177416.18.peg.1890,,VBIFraTul2086_1890,PATRIC.177416.18.NC_006570.CDS.1693525.1694886.rev,PATRIC,CDS,1693525,1694886,1362,-,FIG00034981,PLF_262_00000931,PGF_07303950,,453,,Proline/sodium symporter PutP (TC 2.A.21.2.1) @ Propionate/sodium symporter,
Francisella tularensis subsp. tularensis SCHU S4,177416.18,NC_006570,fig|177416.18.peg.1451,,VBIFraTul2086_1451,PATRIC.177416.18.NC_006570.CDS.1279036.1280058.fwd,PATRIC,CDS,1279036,1280058,1023,+,FIG00001080,PLF_262_00000665,PGF_09484084,,340,,Membrane fusion component of MSF-type tripartite multidrug efflux system,
Francisella tularensis subsp. tularensis SCHU S4,177416.18,NC_006570,fig|177416.18.peg.1353,,VBIFraTul2086_1353,PATRIC.177416.18.NC_006570.CDS.1186890.1187321.rev,PATRIC,CDS,1186890,1187321,432,-,FIG01604201,PLF_262_00001620,PGF_01719460,,143,,Cold shock protein of CSP family / hypothetical domain,
Francisella tularensis subsp. tularensis SCHU S4,177416.18,NC_006570,fig|177416.18.peg.1069,,VBIFraTul2086_1069,PATRIC.177416.18.NC_006570.CDS.946561.947298.rev,PATRIC,CDS,946561,947298,738,-,,PLF_262_00001478,PGF_00019042,,245,,Malonyl-[acyl-carrier protein] O-methyltransferase (EC 2.1.1.197),
Francisella tularensis subsp. tularensis SCHU S4,177416.18,NC_006570,fig|177416.18.peg.346,,VBIFraTul2086_0346,PATRIC.177416.18.NC_006570.CDS.325045.326427.fwd,PATRIC,CDS,325045,326427,1383,+,FIG01345058,PLF_262_00000200,PGF_07229883,,460,,Amino acid-proton symporter related protein,
Francisella tularensis subsp. tularensis SCHU S4,177416.18,NC_006570,fig|177416.18.peg.657,,VBIFraTul2086_0657,PATRIC.177416.18.NC_006570.CDS.596297.597520.fwd,PATRIC,CDS,596297,597520,1224,+,FIG00229199,PLF_262_00001222,PGF_07583562,,407,,Cysteine desulfurase (EC 2.8.1.7) => SufS,GO:0031071|cysteine desulfurase activity
Francisella tularensis subsp. tularensis SCHU S4,177416.18,NC_006570,fig|177416.18.peg.1920,,VBIFraTul2086_1920,PATRIC.177416.18.NC_006570.CDS.1721303.1722355.fwd,PATRIC,CDS,1721303,1722355,1053,+,FIG00657738,PLF_262_00001571,PGF_01719439,,350,,Predicted membrane protein,
Francisella tularensis subsp. tularensis SCHU S4,177416.18,NC_006570,fig|177416.18.peg.1046,,VBIFraTul2086_1046,PATRIC.177416.18.NC_006570.CDS.921718.924525.rev,PATRIC,CDS,921718,924525,2808,-,FIG00000085,PLF_262_00000210,PGF_05171623,,935,,Isoleucyl-tRNA synthetase (EC 6.1.1.5),GO:0004822|isoleucine-tRNA ligase activity
Francisella tularensis subsp. tularensis SCHU S4,177416.18,NC_006570,fig|177416.18.peg.1931,,VBIFraTul2086_1931,PATRIC.177416.18.NC_006570.CDS.1733645.1734565.fwd,PATRIC,CDS,1733645,1734565,921,+,FIG00000122,PLF_262_00000892,PGF_00066906,,306,,Aspartate carbamoyltransferase (EC 2.1.3.2),GO:0004070|aspartate carbamoyltransferase activity
Francisella tularensis subsp. tularensis SCHU S4,177416.18,NC_006570,fig|177416.18.peg.1199,,VBIFraTul2086_1199,PATRIC.177416.18.NC_006570.CDS.1057953.1058315.rev,PATRIC,CDS,1057953,1058315,363,-,FIG00658242,PLF_262_00001719,PGF_00190300,,120,,hypothetical protein,
Francisella tularensis subsp. tularensis SCHU S4,177416.18,NC_006570,,FTT1753,FTT1753,RefSeq.177416.18.NC_006570.CDS.1840524.1841678.fwd,RefSeq,CDS,1840524,1841678,1155,+,,,,YP_170647.1,384,tdcD,propionate kinase,
Francisella tularensis subsp. tularensis SCHU S4,177416.18,NC_006570,fig|177416.18.peg.109,FTT0099,VBIFraTul2086_0109,PATRIC.177416.18.NC_006570.CDS.103101.103844.fwd,PATRIC,CDS,103101,103844,744,+,FIG01306568,PLF_262_00000003,PGF_01000105,YP_169171.1,247,isftu2,Mobile element protein,
Francisella tularensis subsp. tularensis SCHU S4,177416.18,NC_006570,fig|177416.18.peg.499,,VBIFraTul2086_0499,PATRIC.177416.18.NC_006570.CDS.460280.460528.fwd,PATRIC,CDS,460280,460528,249,+,FIG01956052,PLF_262_00001894,PGF_03029859,,82,,Bis-ABC ATPase Uup,
Francisella tularensis subsp. tularensis SCHU S4,177416.18,NC_006570,fig|177416.18.peg.2047,,VBIFraTul2086_2047,PATRIC.177416.18.NC_006570.CDS.1847544.1847957.rev,PATRIC,CDS,1847544,1847957,414,-,FIG01955905,PLF_262_00000070,PGF_01722150,,137,,C3: similar to Vanillate O-demethylase oxygenase,
Francisella tularensis subsp. tularensis SCHU S4,177416.18,NC_006570,fig|177416.18.peg.1129,,VBIFraTul2086_1129,PATRIC.177416.18.NC_006570.CDS.995235.995819.fwd,PATRIC,CDS,995235,995819,585,+,FIG00137400,PLF_262_00000832,PGF_09061641,,194,,UPF0301 protein YqgE,
Francisella tularensis subsp. tularensis SCHU S4,177416.18,NC_006570,fig|177416.18.peg.336,,VBIFraTul2086_0336,PATRIC.177416.18.NC_006570.CDS.315176.316030.fwd,PATRIC,CDS,315176,316030,855,+,FIG00638284,PLF_262_00000028,PGF_08225224,,284,,hypothetical protein,
Francisella tularensis subsp. tularensis SCHU S4,177416.18,NC_006570,fig|177416.18.peg.315,,VBIFraTul2086_0315,PATRIC.177416.18.NC_006570.CDS.295018.295143.fwd,PATRIC,CDS,295018,295143,126,+,FIG00658234,PLF_262_00001931,PGF_01719649,,41,,hypothetical protein,
Francisella tularensis subsp. tularensis SCHU S4,177416.18,NC_006570,fig|177416.18.peg.491,,VBIFraTul2086_0491,PATRIC.177416.18.NC_006570.CDS.453753.454133.rev,PATRIC,CDS,453753,454133,381,-,FIG01306568,PLF_262_00000001,PGF_01719295,,126,,Mobile element protein,
Francisella tularensis subsp. tularensis SCHU S4,177416.18,NC_006570,,FTT1696,FTT1696,RefSeq.177416.18.NC_006570.CDS.1764306.1765940.fwd,RefSeq,CDS,1764306,1765940,1635,+,,,,YP_170601.1,544,groEL,chaperonin GroEL,
Francisella tularensis subsp. tularensis SCHU S4,177416.18,NC_006570,fig|177416.18.peg.810,,VBIFraTul2086_0810,PATRIC.177416.18.NC_006570.CDS.729979.731241.rev,PATRIC,CDS,729979,731241,1263,-,FIG00033877,PLF_262_00000790,PGF_00051326,,420,,Serine transporter,GO:0006865|amino acid transport;GO:0009847|spore germination;GO:0016020|membrane;GO:0016021|integral to membrane
Francisella tularensis subsp. tularensis SCHU S4,177416.18,NC_006570,fig|177416.18.peg.762,,VBIFraTul2086_0762,PATRIC.177416.18.NC_006570.CDS.685222.685854.fwd,PATRIC,CDS,685222,685854,633,+,FIG01958922,PLF_262_00001489,PGF_01719398,,210,,Predicted thiamin transporter PnuT,
Francisella tularensis subsp. tularensis SCHU S4,177416.18,NC_006570,,FTT1059c,FTT1059c,RefSeq.177416.18.NC_006570.CDS.1068127.1069524.rev,RefSeq,CDS,1068127,1069524,1398,-,,,,YP_170040.1,465,dnaB,replicative DNA helicase,
Francisella tularensis subsp. tularensis SCHU S4,177416.18,NC_006570,,FTT1652c,FTT1652c,RefSeq.177416.18.NC_006570.CDS.1718904.1719773.rev,RefSeq,CDS,1718904,1719773,870,-,,,,YP_170560.1,289,,LysR family transcriptional regulator,
Francisella tularensis subsp. tularensis SCHU S4,177416.18,NC_006570,,FTT0154,FTT0154,RefSeq.177416.18.NC_006570.CDS.170083.170961.fwd,RefSeq,CDS,170083,170961,879,+,,,,YP_169220.1,292,xerD,integrase/recombinase,
Francisella tularensis subsp. tularensis SCHU S4,177416.18,NC_006570,,FTT0565c,FTT0565c,RefSeq.177416.18.NC_006570.CDS.582509.583252.rev,RefSeq,CDS,582509,583252,744,-,,,,YP_169591.1,247,isftu2,transposase,
Francisella tularensis subsp. tularensis SCHU S4,177416.18,NC_006570,,FTT1208,FTT1208,RefSeq.177416.18.NC_006570.CDS.1227192.1227866.fwd,RefSeq,CDS,1227192,1227866,675,+,,,,YP_170167.1,224,rpiA,ribose-5-phosphate isomerase A,
Francisella tularensis subsp. tularensis SCHU S4,177416.18,NC_006570,,FTT0982,FTT0982,RefSeq.177416.18.NC_006570.CDS.993930.994073.fwd,RefSeq,CDS,993930,994073,144,+,,,,YP_169970.1,47,,hypothetical protein,
Francisella tularensis subsp. tularensis SCHU S4,177416.18,NC_006570,,FTT1041,FTT1041,RefSeq.177416.18.NC_006570.CDS.1053024.1053440.fwd,RefSeq,CDS,1053024,1053440,417,+,,,,YP_170024.1,138,,hypothetical protein,
Francisella tularensis subsp. tularensis SCHU S4,177416.18,NC_006570,,FTT0484,FTT0484,RefSeq.177416.18.NC_006570.CDS.503406.504125.fwd,RefSeq,CDS,503406,504125,720,+,,,,YP_169522.1,239,,hypothetical protein,
Francisella tularensis subsp. tularensis SCHU S4,177416.18,NC_006570,,FTT0936c,FTT0936c,RefSeq.177416.18.NC_006570.CDS.947277.948404.rev,RefSeq,CDS,947277,948404,1128,-,,,,YP_169929.1,375,bioF,8-amino-7-oxononanoate synthase,
Francisella tularensis subsp. tularensis SCHU S4,177416.18,NC_006570,,FTT0548,FTT0548,RefSeq.177416.18.NC_006570.CDS.566859.567551.fwd,RefSeq,CDS,566859,567551,693,+,,,,YP_169575.1,230,dnaQ,"DNA polymerase III, epsilon subunit",
Francisella tularensis subsp. tularensis SCHU S4,177416.18,NC_006570,,FTT1760,FTT1760,RefSeq.177416.18.NC_006570.CDS.1848574.1849725.fwd,RefSeq,CDS,1848574,1849725,1152,+,,,,YP_170651.1,383,nhaA,Na(+)/H(+) antiporter 1,
Francisella tularensis subsp. tularensis SCHU S4,177416.18,NC_006570,fig|177416.18.peg.1726,,VBIFraTul2086_1726,PATRIC.177416.18.NC_006570.CDS.1549595.1550608.rev,PATRIC,CDS,1549595,1550608,1014,-,FIG00003070,PLF_262_00001353,PGF_01719357,,337,,hypothetical protein,
Francisella tularensis subsp. tularensis SCHU S4,177416.18,NC_006570,,FTT0062,FTT0062,RefSeq.177416.18.NC_006570.CDS.62337.63878.fwd,RefSeq,CDS,62337,63878,1542,+,,,,YP_169137.1,513,atpA,F0F1 ATP synthase subunit alpha,
Francisella tularensis subsp. tularensis SCHU S4,177416.18,NC_006570,,FTT1251c,FTT1251c,RefSeq.177416.18.NC_006570.CDS.1271506.1272192.rev,RefSeq,CDS,1271506,1272192,687,-,,,,YP_170209.1,228,,hypothetical protein,
Francisella tularensis subsp. tularensis SCHU S4,177416.18,NC_006570,,FTT0907,FTT0907,RefSeq.177416.18.NC_006570.CDS.916207.916848.fwd,RefSeq,CDS,916207,916848,642,+,,,,YP_169904.1,213,parA,chmomosome partition protein A,
Francisella tularensis subsp. tularensis SCHU S4,177416.18,NC_006570,fig|177416.18.peg.1674,,VBIFraTul2086_1674,PATRIC.177416.18.NC_006570.CDS.1500341.1500490.rev,PATRIC,CDS,1500341,1500490,150,-,FIG01337044,PLF_262_00001847,PGF_01719601,,49,,hypothetical protein,
Francisella tularensis subsp. tularensis SCHU S4,177416.18,NC_006570,fig|177416.18.peg.376,,VBIFraTul2086_0376,PATRIC.177416.18.NC_006570.CDS.344453.344989.fwd,PATRIC,CDS,344453,344989,537,+,FIG00001577,PLF_262_00000655,PGF_00016444,,178,,LSU ribosomal protein L6p (L9e),GO:0003735|structural constituent of ribosome;GO:0005622|intracellular;GO:0005840|ribosome;GO:0006412|translation
Francisella tularensis subsp. tularensis SCHU S4,177416.18,NC_006570,fig|177416.18.peg.756,,VBIFraTul2086_0756,PATRIC.177416.18.NC_006570.CDS.680775.681107.rev,PATRIC,CDS,680775,681107,333,-,FIG01310447,PLF_262_00001457,PGF_00410151,,110,,putative phosphoribosyl-AMP cyclohydrolase,
Francisella tularensis subsp. tularensis SCHU S4,177416.18,NC_006570,,FTT0654,FTT0654,RefSeq.177416.18.NC_006570.CDS.674250.674909.fwd,RefSeq,CDS,674250,674909,660,+,,,,YP_169672.1,219,elbB,isoprenoid biosynthesis protein with amidotransferase-like domain,
Francisella tularensis subsp. tularensis SCHU S4,177416.18,NC_006570,fig|177416.18.peg.886,,VBIFraTul2086_0886,PATRIC.177416.18.NC_006570.CDS.791339.791683.fwd,PATRIC,CDS,791339,791683,345,+,FIG00000673,PLF_262_00000017,PGF_05357708,,114,,DNA-3-methyladenine glycosylase (EC 3.2.2.20),GO:0008725|DNA-3-methyladenine glycosylase I activity
Francisella tularensis subsp. tularensis SCHU S4,177416.18,NC_006570,fig|177416.18.peg.946,,VBIFraTul2086_0946,PATRIC.177416.18.NC_006570.CDS.842102.843415.rev,PATRIC,CDS,842102,843415,1314,-,FIG00016110,PLF_262_00000299,PGF_00066964,,437,,Xanthine/uracil/thiamine/ascorbate permease family protein,
Francisella tularensis subsp. tularensis SCHU S4,177416.18,NC_006570,fig|177416.18.peg.804,,VBIFraTul2086_0804,PATRIC.177416.18.NC_006570.CDS.725241.725393.fwd,PATRIC,CDS,725241,725393,153,+,,PLF_262_00001819,PGF_01719584,,50,,hypothetical protein,
Francisella tularensis subsp. tularensis SCHU S4,177416.18,NC_006570,fig|177416.18.peg.1867,,VBIFraTul2086_1867,PATRIC.177416.18.NC_006570.CDS.1676756.1676992.fwd,PATRIC,CDS,1676756,1676992,237,+,FIG00002146,PLF_262_00000838,PGF_00067412,,78,,YrbA protein,
Francisella tularensis subsp. tularensis SCHU S4,177416.18,NC_006570,fig|177416.18.peg.1325,,VBIFraTul2086_1325,PATRIC.177416.18.NC_006570.CDS.1156896.1157639.rev,PATRIC,CDS,1156896,1157639,744,-,FIG00010047,PLF_262_00001468,PGF_01019506,,247,,D-xylose-specific 1-epimerase (mutarotase),
Francisella tularensis subsp. tularensis SCHU S4,177416.18,NC_006570,fig|177416.18.peg.771,,VBIFraTul2086_0771,PATRIC.177416.18.NC_006570.CDS.693461.694720.fwd,PATRIC,CDS,693461,694720,1260,+,FIG00936959,PLF_262_00000933,PGF_00041948,,419,,Putative membrane protein YfjD,
Francisella tularensis subsp. tularensis SCHU S4,177416.18,NC_006570,fig|177416.18.peg.1520,,VBIFraTul2086_1520,PATRIC.177416.18.NC_006570.CDS.1342772.1344232.rev,PATRIC,CDS,1342772,1344232,1461,-,FIG00020613,PLF_262_00000630,PGF_10048015,,486,,Inosine-5'-monophosphate dehydrogenase (EC 1.1.1.205) / CBS domain,GO:0003938|IMP dehydrogenase activity
Francisella tularensis subsp. tularensis SCHU S4,177416.18,NC_006570,fig|177416.18.peg.1718,,VBIFraTul2086_1718,PATRIC.177416.18.NC_006570.CDS.1543121.1544419.fwd,PATRIC,CDS,1543121,1544419,1299,+,FIG01288745,PLF_262_00000409,PGF_07165184,,432,,"Na+/H+ antiporter, NhaP family",
Francisella tularensis subsp. tularensis SCHU S4,177416.18,NC_006570,fig|177416.18.peg.1021,,VBIFraTul2086_1021,PATRIC.177416.18.NC_006570.CDS.898598.899005.rev,PATRIC,CDS,898598,899005,408,-,FIG00134039,PLF_262_00001599,PGF_01719451,,135,,Type IV pilus biogenesis protein PilE,
Francisella tularensis subsp. tularensis SCHU S4,177416.18,NC_006570,fig|177416.18.peg.612,,VBIFraTul2086_0612,PATRIC.177416.18.NC_006570.CDS.563268.564644.fwd,PATRIC,CDS,563268,564644,1377,+,FIG00658091,PLF_262_00000180,PGF_00269852,,458,,hypothetical protein,
Francisella tularensis subsp. tularensis SCHU S4,177416.18,NC_006570,fig|177416.18.peg.947,,VBIFraTul2086_0947,PATRIC.177416.18.NC_006570.CDS.843482.844294.rev,PATRIC,CDS,843482,844294,813,-,FIG00657770,PLF_262_00000072,PGF_00016061,,270,,L-aspartate-beta-decarboxylase,
Francisella tularensis subsp. tularensis SCHU S4,177416.18,NC_006570,,FTT1633c,FTT1633c,RefSeq.177416.18.NC_006570.CDS.1696995.1698449.rev,RefSeq,CDS,1696995,1698449,1455,-,,,,YP_170546.1,484,,amino acid transporter,
Francisella tularensis subsp. tularensis SCHU S4,177416.18,NC_006570,fig|177416.18.peg.1429,,VBIFraTul2086_1429,PATRIC.177416.18.NC_006570.CDS.1254092.1255156.rev,PATRIC,CDS,1254092,1255156,1065,-,FIG01538021,PLF_262_00007831,PGF_01719825,,354,,Glycosyltransferase,
Francisella tularensis subsp. tularensis SCHU S4,177416.18,NC_006570,fig|177416.18.peg.1,FTT0001,VBIFraTul2086_0001,PATRIC.177416.18.NC_006570.CDS.130.1521.fwd,PATRIC,CDS,130,1521,1392,+,FIG00000441,PLF_262_00000561,PGF_00876106,YP_169084.1,463,dnaA,Chromosomal replication initiator protein DnaA,
Francisella tularensis subsp. tularensis SCHU S4,177416.18,NC_006570,fig|177416.18.peg.1545,,VBIFraTul2086_1545,PATRIC.177416.18.NC_006570.CDS.1372306.1373214.fwd,PATRIC,CDS,1372306,1373214,909,+,FIG00657524,PLF_262_00000991,PGF_01722212,,302,,hypothetical protein,
Francisella tularensis subsp. tularensis SCHU S4,177416.18,NC_006570,fig|177416.18.peg.930,,VBIFraTul2086_0930,PATRIC.177416.18.NC_006570.CDS.830897.832012.rev,PATRIC,CDS,830897,832012,1116,-,FIG00047056,PLF_262_00001268,PGF_03295331,,371,,UDP-N-acetylglucosamine--N-acetylmuramyl-(pentapeptide) pyrophosphoryl-undecaprenol N-acetylglucosamine transferase (EC 2.4.1.227),GO:0050511|undecaprenyldiphospho-muramoylpentapeptide beta-N-acetylglucosaminyltransferase activity
Francisella tularensis subsp. tularensis SCHU S4,177416.18,NC_006570,fig|177416.18.peg.115,FTT0103c,VBIFraTul2086_0115,PATRIC.177416.18.NC_006570.CDS.106972.107553.rev,PATRIC,CDS,106972,107553,582,-,FIG00657717,PLF_262_00001098,PGF_01719318,YP_169173.1,193,,hypothetical protein,
Francisella tularensis subsp. tularensis SCHU S4,177416.18,NC_006570,fig|177416.18.peg.1239,,VBIFraTul2086_1239,PATRIC.177416.18.NC_006570.CDS.1086402.1086521.rev,PATRIC,CDS,1086402,1086521,120,-,FIG00638284,PLF_262_00001724,PGF_01719515,,39,,hypothetical protein,
Francisella tularensis subsp. tularensis SCHU S4,177416.18,NC_006570,fig|177416.18.peg.588,,VBIFraTul2086_0588,PATRIC.177416.18.NC_006570.CDS.544291.545457.fwd,PATRIC,CDS,544291,545457,1167,+,FIG01366884,PLF_262_00000230,PGF_00414316,,388,,"type I restriction-modification system, M subunit, putative",
Francisella tularensis subsp. tularensis SCHU S4,177416.18,NC_006570,fig|177416.18.peg.393,,VBIFraTul2086_0393,PATRIC.177416.18.NC_006570.CDS.354609.354989.rev,PATRIC,CDS,354609,354989,381,-,FIG01306568,PLF_262_00000001,PGF_01719295,,126,,Mobile element protein,
Francisella tularensis subsp. tularensis SCHU S4,177416.18,NC_006570,fig|177416.18.peg.386,,VBIFraTul2086_0386,PATRIC.177416.18.NC_006570.CDS.349598.350569.fwd,PATRIC,CDS,349598,350569,972,+,FIG00000140,PLF_262_00000256,PGF_00422271,,323,,DNA-directed RNA polymerase alpha subunit (EC 2.7.7.6),GO:0003899|DNA-directed RNA polymerase activity
Francisella tularensis subsp. tularensis SCHU S4,177416.18,NC_006570,fig|177416.18.peg.1282,,VBIFraTul2086_1282,PATRIC.177416.18.NC_006570.CDS.1121516.1122259.fwd,PATRIC,CDS,1121516,1122259,744,+,FIG01306568,PLF_262_00000003,PGF_01000105,,247,,Mobile element protein,
Francisella tularensis subsp. tularensis SCHU S4,177416.18,NC_006570,fig|177416.18.peg.654,,VBIFraTul2086_0654,PATRIC.177416.18.NC_006570.CDS.593229.594071.fwd,PATRIC,CDS,593229,594071,843,+,FIG00341289,PLF_262_00000730,PGF_07544077,,280,,Prephenate dehydratase (EC 4.2.1.51),GO:0004664|prephenate dehydratase activity
Francisella tularensis subsp. tularensis SCHU S4,177416.18,NC_006570,,FTT1803c,FTT1803c,RefSeq.177416.18.NC_006570.CDS.1890129.1890416.rev,RefSeq,CDS,1890129,1890416,288,-,,,,YP_170685.1,95,trpR,trp operon repressor,
Francisella tularensis subsp. tularensis SCHU S4,177416.18,NC_006570,,FTT0143,FTT0143,RefSeq.177416.18.NC_006570.CDS.154392.154769.fwd,RefSeq,CDS,154392,154769,378,+,,,,YP_169209.1,125,rplL,50S ribosomal protein L7/L12,
Francisella tularensis subsp. tularensis SCHU S4,177416.18,NC_006570,,FTT1675,FTT1675,RefSeq.177416.18.NC_006570.CDS.1743949.1744473.fwd,RefSeq,CDS,1743949,1744473,525,+,,,,YP_170581.1,174,def2,peptide deformylase,
Francisella tularensis subsp. tularensis SCHU S4,177416.18,NC_006570,,FTT0792,FTT0792,RefSeq.177416.18.NC_006570.CDS.810062.811291.fwd,RefSeq,CDS,810062,811291,1230,+,,,,YP_169799.1,409,,glycosyl transferase group 1 family protein,
Francisella tularensis subsp. tularensis SCHU S4,177416.18,NC_006570,,FTT0623,FTT0623,RefSeq.177416.18.NC_006570.CDS.641398.642714.fwd,RefSeq,CDS,641398,642714,1317,+,,,,YP_169644.1,438,tig,trigger factor,
Francisella tularensis subsp. tularensis SCHU S4,177416.18,NC_006570,fig|177416.18.peg.1308,,VBIFraTul2086_1308,PATRIC.177416.18.NC_006570.CDS.1148593.1149240.rev,PATRIC,CDS,1148593,1149240,648,-,FIG01424673,PLF_262_00007701,PGF_00406089,,215,,Split AAA-ATPase protein PA0787,
Francisella tularensis subsp. tularensis SCHU S4,177416.18,NC_006570,fig|177416.18.peg.977,,VBIFraTul2086_0977,PATRIC.177416.18.NC_006570.CDS.865343.865924.fwd,PATRIC,CDS,865343,865924,582,+,FIG01407418,PLF_262_00001611,PGF_01719456,,193,,Transglutaminase-like enzyme,
Francisella tularensis subsp. tularensis SCHU S4,177416.18,NC_006570,fig|177416.18.peg.285,,VBIFraTul2086_0285,PATRIC.177416.18.NC_006570.CDS.270756.271697.rev,PATRIC,CDS,270756,271697,942,-,FIG00657785,PLF_262_00001192,PGF_00136089,,313,,hypothetical protein,
Francisella tularensis subsp. tularensis SCHU S4,177416.18,NC_006570,fig|177416.18.peg.885,,VBIFraTul2086_0885,PATRIC.177416.18.NC_006570.CDS.791117.791311.fwd,PATRIC,CDS,791117,791311,195,+,FIG00000673,PLF_262_00000017,PGF_05357708,,64,,DNA-3-methyladenine glycosylase (EC 3.2.2.20),GO:0008725|DNA-3-methyladenine glycosylase I activity
Francisella tularensis subsp. tularensis SCHU S4,177416.18,NC_006570,fig|177416.18.peg.1271,,VBIFraTul2086_1271,PATRIC.177416.18.NC_006570.CDS.1112651.1112941.fwd,PATRIC,CDS,1112651,1112941,291,+,FIG00001463,PLF_262_00001315,PGF_00018532,,96,,Macrophage infectivity potentiator,
Francisella tularensis subsp. tularensis SCHU S4,177416.18,NC_006570,fig|177416.18.peg.471,,VBIFraTul2086_0471,PATRIC.177416.18.NC_006570.CDS.437853.438551.fwd,PATRIC,CDS,437853,438551,699,+,FIG00657859,PLF_262_00001073,PGF_01719312,,232,,hypothetical protein,
Francisella tularensis subsp. tularensis SCHU S4,177416.18,NC_006570,fig|177416.18.peg.1453,,VBIFraTul2086_1453,PATRIC.177416.18.NC_006570.CDS.1281669.1282418.fwd,PATRIC,CDS,1281669,1282418,750,+,FIG00137076,PLF_262_00000689,PGF_00025033,,249,,NMN synthetase,
Francisella tularensis subsp. tularensis SCHU S4,177416.18,NC_006570,fig|177416.18.peg.528,,VBIFraTul2086_0528,PATRIC.177416.18.NC_006570.CDS.489944.490417.fwd,PATRIC,CDS,489944,490417,474,+,FIG00000411,PLF_262_00000548,PGF_00648021,,157,,Biotin carboxyl carrier protein of acetyl-CoA carboxylase,
Francisella tularensis subsp. tularensis SCHU S4,177416.18,NC_006570,fig|177416.18.peg.370,,VBIFraTul2086_0370,PATRIC.177416.18.NC_006570.CDS.342094.342345.fwd,PATRIC,CDS,342094,342345,252,+,FIG00000181,PLF_262_00000783,PGF_00049854,,83,,SSU ribosomal protein S17p (S11e),GO:0003735|structural constituent of ribosome;GO:0005622|intracellular;GO:0005840|ribosome;GO:0006412|translation
Francisella tularensis subsp. tularensis SCHU S4,177416.18,NC_006570,,FTT0846,FTT0846,RefSeq.177416.18.NC_006570.CDS.859134.860633.fwd,RefSeq,CDS,859134,860633,1500,+,,,,YP_169849.1,499,,deoxyribodipyrimidine photolyase,
Francisella tularensis subsp. tularensis SCHU S4,177416.18,NC_006570,fig|177416.18.peg.1927,,VBIFraTul2086_1927,PATRIC.177416.18.NC_006570.CDS.1727615.1728031.rev,PATRIC,CDS,1727615,1728031,417,-,FIG01480076,PLF_262_00000073,PGF_00018582,,138,,Major acid phosphatase Map,
Francisella tularensis subsp. tularensis SCHU S4,177416.18,NC_006570,fig|177416.18.peg.1924,,VBIFraTul2086_1924,PATRIC.177416.18.NC_006570.CDS.1724249.1725268.fwd,PATRIC,CDS,1724249,1725268,1020,+,FIG01469784,PLF_262_00001636,PGF_00015924,,339,,"ATP-binding region, ATPase-like",
Francisella tularensis subsp. tularensis SCHU S4,177416.18,NC_006570,,FTT0332,FTT0332,RefSeq.177416.18.NC_006570.CDS.341469.341882.fwd,RefSeq,CDS,341469,341882,414,+,,,,YP_169381.1,137,rplP,50S ribosomal protein L16,
Francisella tularensis subsp. tularensis SCHU S4,177416.18,NC_006570,,FTT0798,FTT0798,RefSeq.177416.18.NC_006570.CDS.816642.817649.fwd,RefSeq,CDS,816642,817649,1008,+,,,,YP_169805.1,335,,glycosyl transferase family protein,
Francisella tularensis subsp. tularensis SCHU S4,177416.18,NC_006570,,FTT1304c,FTT1304c,RefSeq.177416.18.NC_006570.CDS.1326894.1327742.rev,RefSeq,CDS,1326894,1327742,849,-,,,,YP_170258.1,282,murB,UDP-N-acetylenolpyruvoylglucosamine reductase,
Francisella tularensis subsp. tularensis SCHU S4,177416.18,NC_006570,fig|177416.18.peg.1031,,VBIFraTul2086_1031,PATRIC.177416.18.NC_006570.CDS.909502.909873.fwd,PATRIC,CDS,909502,909873,372,+,FIG01436814,PLF_262_00000504,PGF_01721543,,123,,13 kDa major membrane protein,
Francisella tularensis subsp. tularensis SCHU S4,177416.18,NC_006570,fig|177416.18.peg.186,FTT0169,VBIFraTul2086_0186,PATRIC.177416.18.NC_006570.CDS.184652.185506.fwd,PATRIC,CDS,184652,185506,855,+,FIG00795509,PLF_262_00000704,PGF_05580933,YP_169235.1,284,,Peptide chain release factor N(5)-glutamine methyltransferase (EC 2.1.1.297),
Francisella tularensis subsp. tularensis SCHU S4,177416.18,NC_006570,fig|177416.18.peg.259,,VBIFraTul2086_0259,PATRIC.177416.18.NC_006570.CDS.244923.245330.rev,PATRIC,CDS,244923,245330,408,-,FIG00134039,PLF_262_00007850,PGF_05057543,,135,,Type IV pilus biogenesis protein PilE,
Francisella tularensis subsp. tularensis SCHU S4,177416.18,NC_006570,fig|177416.18.peg.1926,,VBIFraTul2086_1926,PATRIC.177416.18.NC_006570.CDS.1726774.1727454.fwd,PATRIC,CDS,1726774,1727454,681,+,FIG01320650,PLF_262_00001066,PGF_01719309,,226,,Thiopurine S-methyltransferase (EC 2.1.1.67),
Francisella tularensis subsp. tularensis SCHU S4,177416.18,NC_006570,,FTT0137,FTT0137,RefSeq.177416.18.NC_006570.CDS.150045.151229.fwd,RefSeq,CDS,150045,151229,1185,+,,,,YP_169203.1,394,tufA,elongation factor Tu,
Francisella tularensis subsp. tularensis SCHU S4,177416.18,NC_006570,,FTT1150c,FTT1150c,RefSeq.177416.18.NC_006570.CDS.1161754.1165827.rev,RefSeq,CDS,1161754,1165827,4074,-,,,,YP_170117.1,1357,putA,bifunctional proline dehydrogenase/pyrroline-5-carboxylate dehydrogenase,
Francisella tularensis subsp. tularensis SCHU S4,177416.18,NC_006570,fig|177416.18.peg.921,,VBIFraTul2086_0921,PATRIC.177416.18.NC_006570.CDS.820936.821754.fwd,PATRIC,CDS,820936,821754,819,+,FIG00062522,PLF_262_00000569,PGF_00419875,,272,,Cyanophycinase (EC 3.4.15.6),
Francisella tularensis subsp. tularensis SCHU S4,177416.18,NC_006570,,FTT1609,FTT1609,RefSeq.177416.18.NC_006570.CDS.1674448.1675212.fwd,RefSeq,CDS,1674448,1675212,765,+,,,,YP_170525.1,254,,"ABC transporter, membrane protein",
Francisella tularensis subsp. tularensis SCHU S4,177416.18,NC_006570,fig|177416.18.peg.1717,,VBIFraTul2086_1717,PATRIC.177416.18.NC_006570.CDS.1542386.1543111.fwd,PATRIC,CDS,1542386,1543111,726,+,FIG00657503,PLF_262_00001289,PGF_00260189,,241,,hypothetical protein,
Francisella tularensis subsp. tularensis SCHU S4,177416.18,NC_006570,fig|177416.18.peg.1799,,VBIFraTul2086_1799,PATRIC.177416.18.NC_006570.CDS.1616280.1617188.rev,PATRIC,CDS,1616280,1617188,909,-,FIG01016270,PLF_262_00000308,PGF_00413295,,302,,tRNA pseudouridine(55) synthase (EC 5.4.99.25),
Francisella tularensis subsp. tularensis SCHU S4,177416.18,NC_006570,fig|177416.18.peg.1781,,VBIFraTul2086_1781,PATRIC.177416.18.NC_006570.CDS.1605297.1605986.fwd,PATRIC,CDS,1605297,1605986,690,+,FIG00015368,PLF_262_00000136,PGF_10402597,,229,,response regulator in two-component regulatory system with PhoQ,
Francisella tularensis subsp. tularensis SCHU S4,177416.18,NC_006570,fig|177416.18.peg.1806,,VBIFraTul2086_1806,PATRIC.177416.18.NC_006570.CDS.1622136.1622714.fwd,PATRIC,CDS,1622136,1622714,579,+,FIG00000584,PLF_262_00001317,PGF_00026362,,192,,"Nucleoside 5-triphosphatase RdgB (dHAPTP, dITP, XTP-specific) (EC 3.6.1.66)",
Francisella tularensis subsp. tularensis SCHU S4,177416.18,NC_006570,fig|177416.18.peg.267,,VBIFraTul2086_0267,PATRIC.177416.18.NC_006570.CDS.250338.251048.fwd,PATRIC,CDS,250338,251048,711,+,FIG00000022,PLF_262_00007869,PGF_08181546,,236,,Shikimate 5-dehydrogenase I alpha (EC 1.1.1.25),
Francisella tularensis subsp. tularensis SCHU S4,177416.18,NC_006570,,FTT0564,FTT0564,RefSeq.177416.18.NC_006570.CDS.581559.582365.fwd,RefSeq,CDS,581559,582365,807,+,,,,YP_169590.1,268,potI,"polyamine transporter, subunit I, ABC transporter, membrane protein",
Francisella tularensis subsp. tularensis SCHU S4,177416.18,NC_006570,,FTT0782,FTT0782,RefSeq.177416.18.NC_006570.CDS.801554.802336.fwd,RefSeq,CDS,801554,802336,783,+,,,,YP_169789.1,260,fabI,enoyl-[acyl-carrier-protein] reductase (NADH),
Francisella tularensis subsp. tularensis SCHU S4,177416.18,NC_006570,,FTT1468c,FTT1468c,RefSeq.177416.18.NC_006570.CDS.1519891.1520754.rev,RefSeq,CDS,1519891,1520754,864,-,,,,YP_170404.1,287,nadC,nicotinate-nucleotide pyrophosphorylase,
Francisella tularensis subsp. tularensis SCHU S4,177416.18,NC_006570,fig|177416.18.peg.1019,,VBIFraTul2086_1019,PATRIC.177416.18.NC_006570.CDS.896761.897357.rev,PATRIC,CDS,896761,897357,597,-,FIG00134039,PLF_262_00001092,PGF_05057543,,198,,Type IV pilus biogenesis protein PilE,
Francisella tularensis subsp. tularensis SCHU S4,177416.18,NC_006570,fig|177416.18.peg.455,,VBIFraTul2086_0455,PATRIC.177416.18.NC_006570.CDS.415358.416725.fwd,PATRIC,CDS,415358,416725,1368,+,FIG00001364,PLF_262_00000619,PGF_00008774,,455,,Glycine dehydrogenase [decarboxylating] (glycine cleavage system P1 protein) (EC 1.4.4.2),GO:0004375|glycine dehydrogenase (decarboxylating) activity
Francisella tularensis subsp. tularensis SCHU S4,177416.18,NC_006570,,FTT0597,FTT0597,RefSeq.177416.18.NC_006570.CDS.614733.616127.fwd,RefSeq,CDS,614733,616127,1395,+,,,,YP_169620.1,464,,hypothetical protein,
Francisella tularensis subsp. tularensis SCHU S4,177416.18,NC_006570,,FTT1382,FTT1382,RefSeq.177416.18.NC_006570.CDS.1427104.1427892.fwd,RefSeq,CDS,1427104,1427892,789,+,,,,YP_170327.1,262,suhB,inositol-1-monophosphatase,
Francisella tularensis subsp. tularensis SCHU S4,177416.18,NC_006570,,FTT1035c,FTT1035c,RefSeq.177416.18.NC_006570.CDS.1046442.1048175.rev,RefSeq,CDS,1046442,1048175,1734,-,,,,YP_170018.1,577,rpoD,RNA polymerase sigma-70 factor,
Francisella tularensis subsp. tularensis SCHU S4,177416.18,NC_006570,,FTT1654,FTT1654,RefSeq.177416.18.NC_006570.CDS.1720395.1721360.fwd,RefSeq,CDS,1720395,1721360,966,+,,,,YP_170562.1,321,emrA2,HlyD family secretion protein,
Francisella tularensis subsp. tularensis SCHU S4,177416.18,NC_006570,fig|177416.18.peg.1687,,VBIFraTul2086_1687,PATRIC.177416.18.NC_006570.CDS.1513262.1514053.rev,PATRIC,CDS,1513262,1514053,792,-,FIG00022300,PLF_262_00001613,PGF_10462175,,263,,UDP-glucose 4-epimerase (EC 5.1.3.2),GO:0003978|UDP-glucose 4-epimerase activity
Francisella tularensis subsp. tularensis SCHU S4,177416.18,NC_006570,,FTT0879,FTT0879,RefSeq.177416.18.NC_006570.CDS.887326.887883.fwd,RefSeq,CDS,887326,887883,558,+,,,,YP_169879.1,185,sodC,superoxide dismuate (Cu-Zn) precusor,
Francisella tularensis subsp. tularensis SCHU S4,177416.18,NC_006570,,FTT1376,FTT1376,RefSeq.177416.18.NC_006570.CDS.1421900.1422184.fwd,RefSeq,CDS,1421900,1422184,285,+,,,,YP_170325.1,94,acpP,acyl carrier protein,
Francisella tularensis subsp. tularensis SCHU S4,177416.18,NC_006570,,FTT0340,FTT0340,RefSeq.177416.18.NC_006570.CDS.344454.344990.fwd,RefSeq,CDS,344454,344990,537,+,,,,YP_169389.1,178,rplF,50S ribosomal protein L6,
Francisella tularensis subsp. tularensis SCHU S4,177416.18,NC_006570,,FTT1445,FTT1445,RefSeq.177416.18.NC_006570.CDS.1492446.1492769.fwd,RefSeq,CDS,1492446,1492769,324,+,,,,YP_170383.1,107,trxA1,thioredoxin,
Francisella tularensis subsp. tularensis SCHU S4,177416.18,NC_006570,,FTT1281c,FTT1281c,RefSeq.177416.18.NC_006570.CDS.1300900.1301196.rev,RefSeq,CDS,1300900,1301196,297,-,,,,YP_170237.1,98,yhbH,sigma-54 modulation protein,
Francisella tularensis subsp. tularensis SCHU S4,177416.18,NC_006570,fig|177416.18.peg.1593,,VBIFraTul2086_1593,PATRIC.177416.18.NC_006570.CDS.1427857.1429137.fwd,PATRIC,CDS,1427857,1429137,1281,+,FIG01958964,PLF_262_00000311,PGF_00769755,,426,,16S rRNA (cytosine(967)-C(5))-methyltransferase (EC 2.1.1.176),
Francisella tularensis subsp. tularensis SCHU S4,177416.18,NC_006570,,FTT1720c,FTT1720c,RefSeq.177416.18.NC_006570.CDS.1802117.1805989.rev,RefSeq,CDS,1802117,1805989,3873,-,,,,YP_170622.1,1290,purL,phosphoribosylformylglycinamidine synthase,
Francisella tularensis subsp. tularensis SCHU S4,177416.18,NC_006570,,FTT0273,FTT0273,RefSeq.177416.18.NC_006570.CDS.287567.288351.fwd,RefSeq,CDS,287567,288351,459,+,,,,YP_169325.1,261,isftu1,transposase,
Francisella tularensis subsp. tularensis SCHU S4,177416.18,NC_006570,,FTT0191,FTT0191,RefSeq.177416.18.NC_006570.CDS.207703.208680.fwd,RefSeq,CDS,207703,208680,978,+,,,,YP_169252.1,325,prfB,peptide chain release factor 2,
Francisella tularensis subsp. tularensis SCHU S4,177416.18,NC_006570,,FTT1762c,FTT1762c,RefSeq.177416.18.NC_006570.CDS.1850515.1851255.rev,RefSeq,CDS,1850515,1851255,741,-,,,,YP_170653.1,246,,acetyltransferase protein,
Francisella tularensis subsp. tularensis SCHU S4,177416.18,NC_006570,,FTT0078,FTT0078,RefSeq.177416.18.NC_006570.CDS.81535.82062.fwd,RefSeq,CDS,81535,82062,528,+,,,,YP_169153.1,175,apt,adenine phosphoribosyltransferase,
Francisella tularensis subsp. tularensis SCHU S4,177416.18,NC_006570,fig|177416.18.peg.1635,,VBIFraTul2086_1635,PATRIC.177416.18.NC_006570.CDS.1469546.1469851.fwd,PATRIC,CDS,1469546,1469851,306,+,FIG01376712,PLF_262_00001133,PGF_01722202,,101,,11.6 kDa putative exported protein,
Francisella tularensis subsp. tularensis SCHU S4,177416.18,NC_006570,fig|177416.18.peg.264,,VBIFraTul2086_0264,PATRIC.177416.18.NC_006570.CDS.249121.249522.rev,PATRIC,CDS,249121,249522,402,-,FIG00092649,PLF_262_00001673,PGF_08424570,,133,,Ribonuclease P protein component (EC 3.1.26.5),GO:0004526|ribonuclease P activity
Francisella tularensis subsp. tularensis SCHU S4,177416.18,NC_006570,fig|177416.18.peg.451,,VBIFraTul2086_0451,PATRIC.177416.18.NC_006570.CDS.410734.411429.fwd,PATRIC,CDS,410734,411429,696,+,FIG00000771,PLF_262_00000398,PGF_10535258,,231,,Lipoprotein-releasing system ATP-binding protein LolD,
Francisella tularensis subsp. tularensis SCHU S4,177416.18,NC_006570,fig|177416.18.peg.1092,,VBIFraTul2086_1092,PATRIC.177416.18.NC_006570.CDS.967477.968838.rev,PATRIC,CDS,967477,968838,1362,-,FIG00000841,PLF_262_00000616,PGF_08199696,,453,,Glutathione reductase (EC 1.8.1.7),GO:0004362|glutathione-disulfide reductase activity
Francisella tularensis subsp. tularensis SCHU S4,177416.18,NC_006570,fig|177416.18.peg.232,FTT0209c,VBIFraTul2086_0232,PATRIC.177416.18.NC_006570.CDS.226786.227703.rev,PATRIC,CDS,226786,227703,918,-,FIG00021555,PLF_262_00000483,PGF_02486076,YP_169268.1,305,,"Zinc ABC transporter, substrate-binding protein ZnuA",
Francisella tularensis subsp. tularensis SCHU S4,177416.18,NC_006570,fig|177416.18.peg.864,,VBIFraTul2086_0864,PATRIC.177416.18.NC_006570.CDS.773757.773954.rev,PATRIC,CDS,773757,773954,198,-,FIG00658031,PLF_262_00000031,PGF_01720100,,65,,hypothetical protein,
Francisella tularensis subsp. tularensis SCHU S4,177416.18,NC_006570,fig|177416.18.peg.1267,,VBIFraTul2086_1267,PATRIC.177416.18.NC_006570.CDS.1110966.1111079.rev,PATRIC,CDS,1110966,1111079,114,-,FIG00638284,PLF_262_00001554,PGF_01719430,,37,,hypothetical protein,
Francisella tularensis subsp. tularensis SCHU S4,177416.18,NC_006570,fig|177416.18.peg.1343,,VBIFraTul2086_1343,PATRIC.177416.18.NC_006570.CDS.1176475.1177413.rev,PATRIC,CDS,1176475,1177413,939,-,FIG00104852,PLF_262_00001582,PGF_05063576,,312,,"Predicted D-lactate dehydrogenase, Fe-S protein, FAD/FMN-containing",GO:0005506|iron ion binding;GO:0006118|electron transport;GO:0009055|electron carrier activity
Francisella tularensis subsp. tularensis SCHU S4,177416.18,NC_006570,fig|177416.18.peg.1991,,VBIFraTul2086_1991,PATRIC.177416.18.NC_006570.CDS.1794788.1798375.rev,PATRIC,CDS,1794788,1798375,3588,-,FIG01317924,PLF_262_00001656,PGF_08225224,,1195,,hypothetical protein,
Francisella tularensis subsp. tularensis SCHU S4,177416.18,NC_006570,fig|177416.18.peg.2075,,VBIFraTul2086_2075,PATRIC.177416.18.NC_006570.CDS.1872412.1873653.fwd,PATRIC,CDS,1872412,1873653,1242,+,FIG00061305,PLF_262_00001695,PGF_01719498,,413,,Proline/betaine transporter,
Francisella tularensis subsp. tularensis SCHU S4,177416.18,NC_006570,fig|177416.18.peg.1060,,VBIFraTul2086_1060,PATRIC.177416.18.NC_006570.CDS.939400.941022.rev,PATRIC,CDS,939400,941022,1623,-,FIG00001088,PLF_262_00000334,PGF_05406959,,540,,beta-N-acetylglucosaminidase (EC 3.2.1.52),GO:0004563|beta-N-acetylhexosaminidase activity
Francisella tularensis subsp. tularensis SCHU S4,177416.18,NC_006570,fig|177416.18.peg.960,,VBIFraTul2086_0960,PATRIC.177416.18.NC_006570.CDS.852372.853079.fwd,PATRIC,CDS,852372,853079,708,+,FIG00002161,PLF_262_00000808,PGF_00648054,,235,,Tol-Pal system protein TolQ,
Francisella tularensis subsp. tularensis SCHU S4,177416.18,NC_006570,fig|177416.18.peg.1850,,VBIFraTul2086_1850,PATRIC.177416.18.NC_006570.CDS.1665129.1665545.rev,PATRIC,CDS,1665129,1665545,417,-,FIG01306568,PLF_262_00000002,PGF_01719295,,138,,Mobile element protein,
Francisella tularensis subsp. tularensis SCHU S4,177416.18,NC_006570,fig|177416.18.peg.1620,,VBIFraTul2086_1620,PATRIC.177416.18.NC_006570.CDS.1458062.1458811.rev,PATRIC,CDS,1458062,1458811,750,-,FIG00139402,PLF_262_00000135,PGF_00066308,,249,,"Uroporphyrinogen-III synthase in Bacteroidetes, divergent, putative (EC 4.2.1.75)",GO:0004852|uroporphyrinogen-III synthase activity
Francisella tularensis subsp. tularensis SCHU S4,177416.18,NC_006570,fig|177416.18.peg.1009,,VBIFraTul2086_1009,PATRIC.177416.18.NC_006570.CDS.888046.888675.fwd,PATRIC,CDS,888046,888675,630,+,FIG00023840,PLF_262_00000728,PGF_10512754,,209,,Fatty acid hydroxylase family (carotene hydroxylase/sterol desaturase),
Francisella tularensis subsp. tularensis SCHU S4,177416.18,NC_006570,fig|177416.18.peg.473,,VBIFraTul2086_0473,PATRIC.177416.18.NC_006570.CDS.439797.440624.fwd,PATRIC,CDS,439797,440624,828,+,FIG01290007,PLF_262_00000078,PGF_04992191,,275,,Aspartokinase (EC 2.7.2.4) / Homoserine dehydrogenase (EC 1.1.1.3),GO:0004072|aspartate kinase activity;GO:0004412|homoserine dehydrogenase activity
Francisella tularensis subsp. tularensis SCHU S4,177416.18,NC_006570,,FTT0563,FTT0563,RefSeq.177416.18.NC_006570.CDS.580628.581545.fwd,RefSeq,CDS,580628,581545,918,+,,,,YP_169589.1,305,potH,"polyamine transporter, subunit H, ABC transporter, membrane protein",
Francisella tularensis subsp. tularensis SCHU S4,177416.18,NC_006570,fig|177416.18.peg.1663,,VBIFraTul2086_1663,PATRIC.177416.18.NC_006570.CDS.1489817.1490719.rev,PATRIC,CDS,1489817,1490719,903,-,FIG01360707,PLF_262_00000238,PGF_05935795,,300,,Replication-associated recombination protein RarA,
Francisella tularensis subsp. tularensis SCHU S4,177416.18,NC_006570,fig|177416.18.peg.1154,,VBIFraTul2086_1154,PATRIC.177416.18.NC_006570.CDS.1018849.1020057.fwd,PATRIC,CDS,1018849,1020057,1209,+,FIG00097052,PLF_262_00000121,PGF_00003421,,402,,FIG097052: Sugar transporter,
Francisella tularensis subsp. tularensis SCHU S4,177416.18,NC_006570,fig|177416.18.peg.1182,,VBIFraTul2086_1182,PATRIC.177416.18.NC_006570.CDS.1042252.1042950.fwd,PATRIC,CDS,1042252,1042950,699,+,FIG01319768,PLF_262_00001693,PGF_01719497,,232,,Oligogalacturonide transporter,
Francisella tularensis subsp. tularensis SCHU S4,177416.18,NC_006570,fig|177416.18.peg.530,,VBIFraTul2086_0530,PATRIC.177416.18.NC_006570.CDS.491931.492611.fwd,PATRIC,CDS,491931,492611,681,+,FIG01056920,PLF_262_00001294,PGF_00727863,,226,,putative membrane protein,
Francisella tularensis subsp. tularensis SCHU S4,177416.18,NC_006570,,FTT1171c,FTT1171c,RefSeq.177416.18.NC_006570.CDS.1185439.1186905.rev,RefSeq,CDS,1185439,1186905,1467,-,,,,YP_170137.1,488,hsdM,"DNA-methyltransferase, type I restriction-modification enzyme subunit M",
Francisella tularensis subsp. tularensis SCHU S4,177416.18,NC_006570,,FTT0229c,FTT0229c,RefSeq.177416.18.NC_006570.CDS.244315.244884.rev,RefSeq,CDS,244315,244884,570,-,,,,YP_169282.1,189,efp,elongation factor P,
Francisella tularensis subsp. tularensis SCHU S4,177416.18,NC_006570,,FTT1009,FTT1009,RefSeq.177416.18.NC_006570.CDS.1021118.1021654.fwd,RefSeq,CDS,1021118,1021654,537,+,,,,YP_169995.1,178,,hypothetical protein,
Francisella tularensis subsp. tularensis SCHU S4,177416.18,NC_006570,,FTT1028c,FTT1028c,RefSeq.177416.18.NC_006570.CDS.1038045.1038566.rev,RefSeq,CDS,1038045,1038566,522,-,,,,YP_170013.1,173,ppa,inorganic pyrophosphatase,
Francisella tularensis subsp. tularensis SCHU S4,177416.18,NC_006570,,FTT0437c,FTT0437c,RefSeq.177416.18.NC_006570.CDS.450467.451093.rev,RefSeq,CDS,450467,451093,627,-,,,,YP_169477.1,208,pyrE,orotate phosphoribosyltransferase,
Francisella tularensis subsp. tularensis SCHU S4,177416.18,NC_006570,fig|177416.18.peg.390,,VBIFraTul2086_0390,PATRIC.177416.18.NC_006570.CDS.352063.352554.rev,PATRIC,CDS,352063,352554,492,-,FIG01306568,PLF_262_00000003,PGF_01000105,,163,,Mobile element protein,
Francisella tularensis subsp. tularensis SCHU S4,177416.18,NC_006570,fig|177416.18.peg.1290,,VBIFraTul2086_1290,PATRIC.177416.18.NC_006570.CDS.1128222.1129097.rev,PATRIC,CDS,1128222,1129097,876,-,FIG00846773,PLF_262_00001173,PGF_00031259,,291,,Permease of the drug/metabolite transporter (DMT) superfamily,GO:0016020|membrane
Francisella tularensis subsp. tularensis SCHU S4,177416.18,NC_006570,,FTT0598c,FTT0598c,RefSeq.177416.18.NC_006570.CDS.616159.617439.rev,RefSeq,CDS,616159,617439,1281,-,,,,YP_169621.1,426,,Sodium-dicarboxylate symporter family protein,
Francisella tularensis subsp. tularensis SCHU S4,177416.18,NC_006570,fig|177416.18.peg.347,,VBIFraTul2086_0347,PATRIC.177416.18.NC_006570.CDS.326759.327652.rev,PATRIC,CDS,326759,327652,894,-,FIG00657573,PLF_262_00001024,PGF_01719299,,297,,hypothetical protein,
Francisella tularensis subsp. tularensis SCHU S4,177416.18,NC_006570,,FTT0049,FTT0049,RefSeq.177416.18.NC_006570.CDS.49192.50661.fwd,RefSeq,CDS,49192,50661,1470,+,,,,YP_169124.1,489,nusA,transcription elongation factor NusA,
Francisella tularensis subsp. tularensis SCHU S4,177416.18,NC_006570,fig|177416.18.peg.645,,VBIFraTul2086_0645,PATRIC.177416.18.NC_006570.CDS.586508.587236.rev,PATRIC,CDS,586508,587236,729,-,FIG01956050,PLF_262_00000632,PGF_01546579,,242,,Integral membrane protein,
Francisella tularensis subsp. tularensis SCHU S4,177416.18,NC_006570,,FTT1754,FTT1754,RefSeq.177416.18.NC_006570.CDS.1841688.1843784.fwd,RefSeq,CDS,1841688,1843784,2097,+,,,,YP_170648.1,698,pta,phosphate acetyltransferase,
Francisella tularensis subsp. tularensis SCHU S4,177416.18,NC_006570,,FTT0311c,FTT0311c,RefSeq.177416.18.NC_006570.CDS.326760.327683.rev,RefSeq,CDS,326760,327683,924,-,,,,YP_169360.1,307,,hypothetical protein,
Francisella tularensis subsp. tularensis SCHU S4,177416.18,NC_006570,,FTT1548,FTT1548,RefSeq.177416.18.NC_006570.CDS.1609829.1610613.fwd,RefSeq,CDS,1609829,1610613,459,+,,,,YP_170472.1,261,isftu1,transposase,
Francisella tularensis subsp. tularensis SCHU S4,177416.18,NC_006570,,FTT1598,FTT1598,RefSeq.177416.18.NC_006570.CDS.1662233.1665067.fwd,RefSeq,CDS,1662233,1665067,2835,+,,,,YP_170514.1,944,,hypothetical protein,
Francisella tularensis subsp. tularensis SCHU S4,177416.18,NC_006570,,FTT1564,FTT1564,RefSeq.177416.18.NC_006570.CDS.1625909.1626718.fwd,RefSeq,CDS,1625909,1626718,810,+,,,,YP_170487.1,269,,hypothetical protein,
Francisella tularensis subsp. tularensis SCHU S4,177416.18,NC_006570,,FTT0041,FTT0041,RefSeq.177416.18.NC_006570.CDS.40212.40544.fwd,RefSeq,CDS,40212,40544,333,+,,,,YP_169117.1,110,nuoK,"NADH dehydrogenase I, K subunit",
Francisella tularensis subsp. tularensis SCHU S4,177416.18,NC_006570,,FTT1250,FTT1250,RefSeq.177416.18.NC_006570.CDS.1270818.1271516.fwd,RefSeq,CDS,1270818,1271516,699,+,,,,YP_170208.1,232,,hypothetical protein,
Francisella tularensis subsp. tularensis SCHU S4,177416.18,NC_006570,fig|177416.18.peg.6,,VBIFraTul2086_0006,PATRIC.177416.18.NC_006570.CDS.3957.4625.fwd,PATRIC,CDS,3957,4625,669,+,,PLF_262_00008748,PGF_05146839,,222,,hypothetical protein,
Francisella tularensis subsp. tularensis SCHU S4,177416.18,NC_006570,fig|177416.18.peg.1020,,VBIFraTul2086_1020,PATRIC.177416.18.NC_006570.CDS.898027.898467.rev,PATRIC,CDS,898027,898467,441,-,FIG00134039,PLF_262_00001575,PGF_01719440,,146,,Type IV pilin PilA,
Francisella tularensis subsp. tularensis SCHU S4,177416.18,NC_006570,fig|177416.18.peg.1652,,VBIFraTul2086_1652,PATRIC.177416.18.NC_006570.CDS.1480373.1481317.fwd,PATRIC,CDS,1480373,1481317,945,+,FIG00454917,PLF_262_00001385,PGF_00666902,,314,,"Glycosyl transferase, family 2",
Francisella tularensis subsp. tularensis SCHU S4,177416.18,NC_006570,fig|177416.18.peg.1764,,VBIFraTul2086_1764,PATRIC.177416.18.NC_006570.CDS.1589516.1592212.fwd,PATRIC,CDS,1589516,1592212,2697,+,FIG00006602,PLF_262_00000360,PGF_03441843,,898,,3-hydroxyacyl-CoA dehydrogenase [fadN-fadA-fadE operon] (EC 1.1.1.35) / Enoyl-CoA hydratase [fadN-fadA-fadE operon] (EC 4.2.1.17),GO:0003857|3-hydroxyacyl-CoA dehydrogenase activity;GO:0004300|enoyl-CoA hydratase activity
Francisella tularensis subsp. tularensis SCHU S4,177416.18,NC_006570,fig|177416.18.peg.1743,,VBIFraTul2086_1743,PATRIC.177416.18.NC_006570.CDS.1566627.1567553.rev,PATRIC,CDS,1566627,1567553,927,-,FIG00027226,PLF_262_00000589,PGF_10561718,,308,,DnaJ-class molecular chaperone CbpA,GO:0006457|protein folding;GO:0031072|heat shock protein binding;GO:0051082|unfolded protein binding
Francisella tularensis subsp. tularensis SCHU S4,177416.18,NC_006570,fig|177416.18.peg.2082,,VBIFraTul2086_2082,PATRIC.177416.18.NC_006570.CDS.1877112.1877906.fwd,PATRIC,CDS,1877112,1877906,795,+,FIG00002368,PLF_262_00000305,PGF_08225224,,264,,hypothetical protein,
Francisella tularensis subsp. tularensis SCHU S4,177416.18,NC_006570,fig|177416.18.peg.1987,,VBIFraTul2086_1987,PATRIC.177416.18.NC_006570.CDS.1790756.1791952.rev,PATRIC,CDS,1790756,1791952,1197,-,FIG01352855,PLF_262_00000155,PGF_01719428,,398,,"Intracellular growth locus, subunit D",
Francisella tularensis subsp. tularensis SCHU S4,177416.18,NC_006570,fig|177416.18.peg.228,,VBIFraTul2086_0228,PATRIC.177416.18.NC_006570.CDS.224507.224986.rev,PATRIC,CDS,224507,224986,480,-,FIG01379580,PLF_262_00000025,PGF_02280536,,159,,Dienelactone hydrolase family protein,
Francisella tularensis subsp. tularensis SCHU S4,177416.18,NC_006570,fig|177416.18.peg.919,,VBIFraTul2086_0919,PATRIC.177416.18.NC_006570.CDS.818683.819345.fwd,PATRIC,CDS,818683,819345,663,+,FIG00657551,PLF_262_00001238,PGF_00010906,,220,,Haloacid dehalogenase-like hydrolase family protein,
Francisella tularensis subsp. tularensis SCHU S4,177416.18,NC_006570,fig|177416.18.peg.1348,,VBIFraTul2086_1348,PATRIC.177416.18.NC_006570.CDS.1180925.1181563.rev,PATRIC,CDS,1180925,1181563,639,-,FIG00000247,PLF_262_00000823,PGF_02792560,,212,,tRNA threonylcarbamoyladenosine biosynthesis protein TsaB,
Francisella tularensis subsp. tularensis SCHU S4,177416.18,NC_006570,fig|177416.18.peg.343,,VBIFraTul2086_0343,PATRIC.177416.18.NC_006570.CDS.321536.322942.fwd,PATRIC,CDS,321536,322942,1407,+,FIG00000773,PLF_262_00000377,PGF_00008335,,468,,Glutamyl-tRNA synthetase (EC 6.1.1.17),GO:0004818|glutamate-tRNA ligase activity
Francisella tularensis subsp. tularensis SCHU S4,177416.18,NC_006570,fig|177416.18.peg.1481,,VBIFraTul2086_1481,PATRIC.177416.18.NC_006570.CDS.1301392.1301529.fwd,PATRIC,CDS,1301392,1301529,138,+,FIG00657652,PLF_262_00001283,PGF_00334484,,45,,hypothetical protein,
Francisella tularensis subsp. tularensis SCHU S4,177416.18,NC_006570,fig|177416.18.peg.64,FTT0058,VBIFraTul2086_0064,PATRIC.177416.18.NC_006570.CDS.60111.60902.fwd,PATRIC,CDS,60111,60902,792,+,FIG00000138,PLF_262_00000523,PGF_08518355,YP_169133.1,263,atpB,ATP synthase F0 sector subunit a (EC 3.6.3.14),
Francisella tularensis subsp. tularensis SCHU S4,177416.18,NC_006570,fig|177416.18.peg.250,,VBIFraTul2086_0250,PATRIC.177416.18.NC_006570.CDS.240255.240953.rev,PATRIC,CDS,240255,240953,699,-,FIG00003076,PLF_262_00000165,PGF_04710902,,232,,Lactam utilization protein LamB,
Francisella tularensis subsp. tularensis SCHU S4,177416.18,NC_006570,fig|177416.18.peg.1255,,VBIFraTul2086_1255,PATRIC.177416.18.NC_006570.CDS.1099729.1100406.fwd,PATRIC,CDS,1099729,1100406,678,+,FIG01958922,PLF_262_00001404,PGF_01719372,,225,,Predicted thiamin transporter PnuT,
Francisella tularensis subsp. tularensis SCHU S4,177416.18,NC_006570,fig|177416.18.peg.1779,,VBIFraTul2086_1779,PATRIC.177416.18.NC_006570.CDS.1604126.1604500.rev,PATRIC,CDS,1604126,1604500,375,-,FIG00657750,PLF_262_00001751,PGF_01719532,,124,,hypothetical protein,
Francisella tularensis subsp. tularensis SCHU S4,177416.18,NC_006570,fig|177416.18.peg.425,,VBIFraTul2086_0425,PATRIC.177416.18.NC_006570.CDS.383702.384445.fwd,PATRIC,CDS,383702,384445,744,+,FIG01306568,PLF_262_00000003,PGF_01000105,,247,,Mobile element protein,
Francisella tularensis subsp. tularensis SCHU S4,177416.18,NC_006570,,FTT1110,FTT1110,RefSeq.177416.18.NC_006570.CDS.1121069.1121422.fwd,RefSeq,CDS,1121069,1121422,354,+,,,,YP_170084.1,117,,hypothetical protein,
Francisella tularensis subsp. tularensis SCHU S4,177416.18,NC_006570,fig|177416.18.peg.545,,VBIFraTul2086_0545,PATRIC.177416.18.NC_006570.CDS.507762.508877.rev,PATRIC,CDS,507762,508877,1116,-,FIG00657931,PLF_262_00000177,PGF_01719546,,371,,hypothetical protein,
Francisella tularensis subsp. tularensis SCHU S4,177416.18,NC_006570,,FTT1311,FTT1311,RefSeq.177416.18.NC_006570.CDS.1335104.1336510.fwd,RefSeq,CDS,1335104,1336510,1407,+,,,,YP_170264.1,468,yieO,major facilitator transporter,
Francisella tularensis subsp. tularensis SCHU S4,177416.18,NC_006570,,FTT1679,FTT1679,RefSeq.177416.18.NC_006570.CDS.1748714.1748986.fwd,RefSeq,CDS,1748714,1748986,273,+,,,,YP_170585.1,90,rpsT,30S ribosomal protein S20,
Francisella tularensis subsp. tularensis SCHU S4,177416.18,NC_006570,fig|177416.18.peg.249,,VBIFraTul2086_0249,PATRIC.177416.18.NC_006570.CDS.239437.240192.rev,PATRIC,CDS,239437,240192,756,-,FIG00010262,PLF_262_00001300,PGF_01072023,,251,,Allophanate hydrolase 2 subunit 2 (EC 3.5.1.54),
Francisella tularensis subsp. tularensis SCHU S4,177416.18,NC_006570,fig|177416.18.peg.1103,,VBIFraTul2086_1103,PATRIC.177416.18.NC_006570.CDS.976931.977197.rev,PATRIC,CDS,976931,977197,267,-,FIG00658011,PLF_262_00002149,PGF_00144900,,88,,hypothetical protein,
Francisella tularensis subsp. tularensis SCHU S4,177416.18,NC_006570,,FTT0369c,FTT0369c,RefSeq.177416.18.NC_006570.CDS.369757.370818.rev,RefSeq,CDS,369757,370818,1062,-,,,,YP_169416.1,353,,hypothetical protein,
Francisella tularensis subsp. tularensis SCHU S4,177416.18,NC_006570,,FTT0948c,FTT0948c,RefSeq.177416.18.NC_006570.CDS.959972.961036.rev,RefSeq,CDS,959972,961036,1065,-,,,,YP_169940.1,354,,aldo/keto reductase,
Francisella tularensis subsp. tularensis SCHU S4,177416.18,NC_006570,,FTT0226c,FTT0226c,RefSeq.177416.18.NC_006570.CDS.242739.243523.rev,RefSeq,CDS,242739,243523,327,-,,,,YP_169279.1,261,isftu1,transposase,
Francisella tularensis subsp. tularensis SCHU S4,177416.18,NC_006570,,FTT1625c,FTT1625c,RefSeq.177416.18.NC_006570.CDS.1687291.1687881.rev,RefSeq,CDS,1687291,1687881,591,-,,,,YP_170538.1,196,,hypothetical protein,
Francisella tularensis subsp. tularensis SCHU S4,177416.18,NC_006570,fig|177416.18.peg.815,,VBIFraTul2086_0815,PATRIC.177416.18.NC_006570.CDS.737240.737500.fwd,PATRIC,CDS,737240,737500,261,+,FIG00000507,PLF_262_00000018,PGF_00006320,,86,,Formyltetrahydrofolate deformylase (EC 3.5.1.10),GO:0008864|formyltetrahydrofolate deformylase activity
Francisella tularensis subsp. tularensis SCHU S4,177416.18,NC_006570,fig|177416.18.peg.1450,,VBIFraTul2086_1450,PATRIC.177416.18.NC_006570.CDS.1277485.1279014.fwd,PATRIC,CDS,1277485,1279014,1530,+,FIG00005204,PLF_262_00000269,PGF_01719864,,509,,Inner-membrane proton/drug antiporter (MSF type) of tripartite multidrug efflux system,
Francisella tularensis subsp. tularensis SCHU S4,177416.18,NC_006570,fig|177416.18.peg.51,,VBIFraTul2086_0051,PATRIC.177416.18.NC_006570.CDS.47244.47408.fwd,PATRIC,CDS,47244,47408,165,+,,PLF_262_00001690,PGF_05877811,,54,,"AAA+ ATPase superfamily protein YifB/ComM, associated with DNA recombination",
Francisella tularensis subsp. tularensis SCHU S4,177416.18,NC_006570,fig|177416.18.peg.1594,,VBIFraTul2086_1594,PATRIC.177416.18.NC_006570.CDS.1429115.1429606.rev,PATRIC,CDS,1429115,1429606,492,-,FIG01333417,PLF_262_00001572,PGF_10426665,,163,,Acetyltransferase,
Francisella tularensis subsp. tularensis SCHU S4,177416.18,NC_006570,,FTT0324,FTT0324,RefSeq.177416.18.NC_006570.CDS.337287.337604.fwd,RefSeq,CDS,337287,337604,318,+,,,,YP_169373.1,105,rpsJ,30S ribosomal protein S10,
Francisella tularensis subsp. tularensis SCHU S4,177416.18,NC_006570,fig|177416.18.peg.1242,,VBIFraTul2086_1242,PATRIC.177416.18.NC_006570.CDS.1087333.1088589.fwd,PATRIC,CDS,1087333,1088589,1257,+,FIG00014079,PLF_262_00001419,PGF_00011753,,418,,Toxin HigB / Protein kinase domain of HipA,
Francisella tularensis subsp. tularensis SCHU S4,177416.18,NC_006570,fig|177416.18.peg.896,,VBIFraTul2086_0896,PATRIC.177416.18.NC_006570.CDS.798906.799157.fwd,PATRIC,CDS,798906,799157,252,+,FIG00657687,PLF_262_00000041,PGF_10426322,,83,,Pap2 superfamily protein,
Francisella tularensis subsp. tularensis SCHU S4,177416.18,NC_006570,fig|177416.18.peg.643,,VBIFraTul2086_0643,PATRIC.177416.18.NC_006570.CDS.584907.585251.rev,PATRIC,CDS,584907,585251,345,-,FIG00004528,PLF_262_00000107,PGF_02158779,,114,,Di-tripeptide/cation symporter,
Francisella tularensis subsp. tularensis SCHU S4,177416.18,NC_006570,fig|177416.18.peg.242,,VBIFraTul2086_0242,PATRIC.177416.18.NC_006570.CDS.234625.235041.fwd,PATRIC,CDS,234625,235041,417,+,FIG01306568,PLF_262_00000002,PGF_01719295,,138,,Mobile element protein,
Francisella tularensis subsp. tularensis SCHU S4,177416.18,NC_006570,fig|177416.18.peg.1305,,VBIFraTul2086_1305,PATRIC.177416.18.NC_006570.CDS.1145219.1146997.fwd,PATRIC,CDS,1145219,1146997,1779,+,FIG00001326,PLF_262_00000196,PGF_02473679,,592,,"Type IV fimbrial assembly, ATPase PilB",
Francisella tularensis subsp. tularensis SCHU S4,177416.18,NC_006570,fig|177416.18.peg.620,,VBIFraTul2086_0620,PATRIC.177416.18.NC_006570.CDS.568004.569413.fwd,PATRIC,CDS,568004,569413,1410,+,FIG00774028,PLF_262_00001339,PGF_00055508,,469,,TPR domain protein,
Francisella tularensis subsp. tularensis SCHU S4,177416.18,NC_006570,fig|177416.18.peg.205,FTT0185,VBIFraTul2086_0205,PATRIC.177416.18.NC_006570.CDS.200770.201660.fwd,PATRIC,CDS,200770,201660,891,+,FIG00000350,PLF_262_00007833,PGF_10518532,YP_169246.1,296,ddlB,D-alanine--D-alanine ligase (EC 6.3.2.4),GO:0008716|D-alanine-D-alanine ligase activity
Francisella tularensis subsp. tularensis SCHU S4,177416.18,NC_006570,,FTT1318c,FTT1318c,RefSeq.177416.18.NC_006570.CDS.1344367.1345806.rev,RefSeq,CDS,1344367,1345806,1440,-,,,,YP_170271.1,479,pepA,cytosol aminopeptidase,
Francisella tularensis subsp. tularensis SCHU S4,177416.18,NC_006570,,FTT0957c,FTT0957c,RefSeq.177416.18.NC_006570.CDS.969596.970099.rev,RefSeq,CDS,969596,970099,504,-,,,,YP_169947.1,167,,hypothetical protein,
Francisella tularensis subsp. tularensis SCHU S4,177416.18,NC_006570,,FTT0139,FTT0139,RefSeq.177416.18.NC_006570.CDS.151907.152440.fwd,RefSeq,CDS,151907,152440,534,+,,,,YP_169205.1,177,nusG,transcription antitermination protein nusG,
Francisella tularensis subsp. tularensis SCHU S4,177416.18,NC_006570,,FTT1229,FTT1229,RefSeq.177416.18.NC_006570.CDS.1247098.1247922.fwd,RefSeq,CDS,1247098,1247922,825,+,,,,YP_170187.1,274,thyA,thymidylate synthase,
Francisella tularensis subsp. tularensis SCHU S4,177416.18,NC_006570,,FTT0695,FTT0695,RefSeq.177416.18.NC_006570.CDS.714616.715533.fwd,RefSeq,CDS,714616,715533,918,+,,,,YP_169711.1,305,mraW,S-adenosyl-methyltransferase,
Francisella tularensis subsp. tularensis SCHU S4,177416.18,NC_006570,,FTT0894,FTT0894,RefSeq.177416.18.NC_006570.CDS.902373.904685.fwd,RefSeq,CDS,902373,904685,2313,+,,,,YP_169891.1,770,purCD,fusion protein PurC/PurD,
Francisella tularensis subsp. tularensis SCHU S4,177416.18,NC_006570,,FTT1727c,FTT1727c,RefSeq.177416.18.NC_006570.CDS.1813430.1814620.rev,RefSeq,CDS,1813430,1814620,1191,-,,,,YP_170629.1,396,,"multidrug resistance protein, membrane located",
Francisella tularensis subsp. tularensis SCHU S4,177416.18,NC_006570,,FTT1748,FTT1748,RefSeq.177416.18.NC_006570.CDS.1837331.1837753.fwd,RefSeq,CDS,1837331,1837753,423,+,,,,YP_170642.1,140,glpe,thiosulfate sulfurtransferase,
Francisella tularensis subsp. tularensis SCHU S4,177416.18,NC_006570,,FTT0207c,FTT0207c,RefSeq.177416.18.NC_006570.CDS.225323.226165.rev,RefSeq,CDS,225323,226165,843,-,,,,YP_169266.1,280,,permease of ABC transporter,
Francisella tularensis subsp. tularensis SCHU S4,177416.18,NC_006570,,FTT1069c,FTT1069c,RefSeq.177416.18.NC_006570.CDS.1078723.1079628.rev,RefSeq,CDS,1078723,1079628,906,-,,,,YP_170049.1,301,,hypothetical protein,
Francisella tularensis subsp. tularensis SCHU S4,177416.18,NC_006570,fig|177416.18.peg.873,,VBIFraTul2086_0873,PATRIC.177416.18.NC_006570.CDS.779260.780177.fwd,PATRIC,CDS,779260,780177,918,+,FIG00846773,PLF_262_00001321,PGF_07201805,,305,,Permease of the drug/metabolite transporter (DMT) superfamily,GO:0016020|membrane
Francisella tularensis subsp. tularensis SCHU S4,177416.18,NC_006570,,FTT1359c,FTT1359c,RefSeq.177416.18.NC_006570.CDS.1400853.1401443.rev,RefSeq,CDS,1400853,1401443,591,-,,,,YP_170311.1,196,iglA,"intracellular growth locus, subunit A",
Francisella tularensis subsp. tularensis SCHU S4,177416.18,NC_006570,,FTT0757,FTT0757,RefSeq.177416.18.NC_006570.CDS.776925.777788.fwd,RefSeq,CDS,776925,777788,864,+,,,,YP_169768.1,287,galU,UTP--glucose-1-phosphate uridylyltransferase,
Francisella tularensis subsp. tularensis SCHU S4,177416.18,NC_006570,fig|177416.18.peg.1493,,VBIFraTul2086_1493,PATRIC.177416.18.NC_006570.CDS.1317286.1317888.rev,PATRIC,CDS,1317286,1317888,603,-,FIG00000605,PLF_262_00001382,PGF_00425679,,200,,FIG000605: protein co-occurring with transport systems (COG1739),
Francisella tularensis subsp. tularensis SCHU S4,177416.18,NC_006570,,FTT0471,FTT0471,RefSeq.177416.18.NC_006570.CDS.489503.489940.fwd,RefSeq,CDS,489503,489940,438,+,,,,YP_169509.1,145,aroD,3-dehydroquinate dehydratase,
Francisella tularensis subsp. tularensis SCHU S4,177416.18,NC_006570,,FTT0189,FTT0189,RefSeq.177416.18.NC_006570.CDS.204916.205776.fwd,RefSeq,CDS,204916,205776,861,+,,,,YP_169250.1,286,lpxC,UDP-3-O-[3-hydroxymyristoyl] N-acetylglucosamine deacetylase,
Francisella tularensis subsp. tularensis SCHU S4,177416.18,NC_006570,,FTT0749c,FTT0749c,RefSeq.177416.18.NC_006570.CDS.771107.772093.rev,RefSeq,CDS,771107,772093,987,-,,,,YP_169760.1,328,,hypothetical protein,
Francisella tularensis subsp. tularensis SCHU S4,177416.18,NC_006570,,FTT1078c,FTT1078c,RefSeq.177416.18.NC_006570.CDS.1089082.1089894.rev,RefSeq,CDS,1089082,1089894,813,-,,,,YP_170057.1,270,,hypothetical protein,
Francisella tularensis subsp. tularensis SCHU S4,177416.18,NC_006570,,FTT0580,FTT0580,RefSeq.177416.18.NC_006570.CDS.597912.598463.fwd,RefSeq,CDS,597912,598463,552,+,,,,YP_169604.1,183,,hypothetical protein,
Francisella tularensis subsp. tularensis SCHU S4,177416.18,NC_006570,,FTT1495c,FTT1495c,RefSeq.177416.18.NC_006570.CDS.1547657.1549621.rev,RefSeq,CDS,1547657,1549621,1965,-,,,,YP_170430.1,654,,hypothetical protein,
Francisella tularensis subsp. tularensis SCHU S4,177416.18,NC_006570,fig|177416.18.peg.1936,,VBIFraTul2086_1936,PATRIC.177416.18.NC_006570.CDS.1739091.1739507.fwd,PATRIC,CDS,1739091,1739507,417,+,FIG01306568,PLF_262_00000002,PGF_01719295,,138,,Mobile element protein,
Francisella tularensis subsp. tularensis SCHU S4,177416.18,NC_006570,fig|177416.18.peg.286,,VBIFraTul2086_0286,PATRIC.177416.18.NC_006570.CDS.272034.273002.rev,PATRIC,CDS,272034,273002,969,-,FIG01390729,PLF_262_00001390,PGF_00017633,,322,,LpsA protein,
Francisella tularensis subsp. tularensis SCHU S4,177416.18,NC_006570,,FTT1763c,FTT1763c,RefSeq.177416.18.NC_006570.CDS.1851269.1852021.rev,RefSeq,CDS,1851269,1852021,753,-,,,,YP_170654.1,250,,acetyltransferase protein,
Francisella tularensis subsp. tularensis SCHU S4,177416.18,NC_006570,,FTT1050c,FTT1050c,RefSeq.177416.18.NC_006570.CDS.1059981.1061393.rev,RefSeq,CDS,1059981,1061393,1413,-,,,,YP_170032.1,470,cysN,sulfate adenylate transferase subunit 1,
Francisella tularensis subsp. tularensis SCHU S4,177416.18,NC_006570,,FTT0759,FTT0759,RefSeq.177416.18.NC_006570.CDS.779261.780178.fwd,RefSeq,CDS,779261,780178,918,+,,,,YP_169769.1,305,,hypothetical protein,
Francisella tularensis subsp. tularensis SCHU S4,177416.18,NC_006570,,FTT0652c,FTT0652c,RefSeq.177416.18.NC_006570.CDS.672533.673030.rev,RefSeq,CDS,672533,673030,498,-,,,,YP_169670.1,165,ftnA,Ferritin-like protein,
Francisella tularensis subsp. tularensis SCHU S4,177416.18,NC_006570,fig|177416.18.peg.541,,VBIFraTul2086_0541,PATRIC.177416.18.NC_006570.CDS.504192.504854.fwd,PATRIC,CDS,504192,504854,663,+,FIG00657763,PLF_262_00000997,PGF_00136745,,220,,hypothetical protein,
Francisella tularensis subsp. tularensis SCHU S4,177416.18,NC_006570,fig|177416.18.peg.915,,VBIFraTul2086_0915,PATRIC.177416.18.NC_006570.CDS.814895.815656.fwd,PATRIC,CDS,814895,815656,762,+,FIG00003580,PLF_262_00001712,PGF_01719508,,253,,Lipopolysaccharide cholinephosphotransferase LicD1 (EC 2.7.8.-),
Francisella tularensis subsp. tularensis SCHU S4,177416.18,NC_006570,fig|177416.18.peg.1328,,VBIFraTul2086_1328,PATRIC.177416.18.NC_006570.CDS.1160084.1161592.rev,PATRIC,CDS,1160084,1161592,1509,-,FIG01426800,PLF_262_00000119,PGF_07229883,,502,,Amino acid-proton symporter related protein,
Francisella tularensis subsp. tularensis SCHU S4,177416.18,NC_006570,fig|177416.18.peg.553,,VBIFraTul2086_0553,PATRIC.177416.18.NC_006570.CDS.515334.515837.fwd,PATRIC,CDS,515334,515837,504,+,FIG00657692,PLF_262_00001577,PGF_08225224,,167,,hypothetical protein,
Francisella tularensis subsp. tularensis SCHU S4,177416.18,NC_006570,fig|177416.18.peg.728,,VBIFraTul2086_0728,PATRIC.177416.18.NC_006570.CDS.657870.657980.fwd,PATRIC,CDS,657870,657980,111,+,,PLF_262_00002155,PGF_01719720,,36,,hypothetical protein,
Francisella tularensis subsp. tularensis SCHU S4,177416.18,NC_006570,fig|177416.18.peg.48,FTT0045,VBIFraTul2086_0048,PATRIC.177416.18.NC_006570.CDS.45721.45915.fwd,PATRIC,CDS,45721,45915,195,+,FIG00904518,PLF_262_00001291,PGF_00087781,YP_169121.1,64,,hypothetical protein,
Francisella tularensis subsp. tularensis SCHU S4,177416.18,NC_006570,fig|177416.18.peg.1331,,VBIFraTul2086_1331,PATRIC.177416.18.NC_006570.CDS.1166334.1166717.fwd,PATRIC,CDS,1166334,1166717,384,+,FIG00657777,PLF_262_00000493,PGF_01721439,,127,,hypothetical protein,
Francisella tularensis subsp. tularensis SCHU S4,177416.18,NC_006570,fig|177416.18.peg.1580,,VBIFraTul2086_1580,PATRIC.177416.18.NC_006570.CDS.1417930.1418976.fwd,PATRIC,CDS,1417930,1418976,1047,+,FIG00000446,PLF_262_00000711,PGF_00033289,,348,,Phosphate:acyl-ACP acyltransferase PlsX (EC 2.3.1.n2),
Francisella tularensis subsp. tularensis SCHU S4,177416.18,NC_006570,fig|177416.18.peg.175,,VBIFraTul2086_0175,PATRIC.177416.18.NC_006570.CDS.173988.174227.fwd,PATRIC,CDS,173988,174227,240,+,FIG00658244,PLF_262_00001804,PGF_01719569,,79,,hypothetical protein,
Francisella tularensis subsp. tularensis SCHU S4,177416.18,NC_006570,fig|177416.18.peg.463,,VBIFraTul2086_0463,PATRIC.177416.18.NC_006570.CDS.427587.429056.fwd,PATRIC,CDS,427587,429056,1470,+,FIG00134135,PLF_262_00007695,PGF_00008876,,489,,"Glycogen synthase, ADP-glucose transglucosylase (EC 2.4.1.21)",GO:0009011|starch synthase activity
Francisella tularensis subsp. tularensis SCHU S4,177416.18,NC_006570,fig|177416.18.peg.1194,,VBIFraTul2086_1194,PATRIC.177416.18.NC_006570.CDS.1053432.1054235.fwd,PATRIC,CDS,1053432,1054235,804,+,FIG00138938,PLF_262_00000498,PGF_00413306,,267,,tRNA-(cytosine32)-2-thiocytidine synthetase TtcA,
Francisella tularensis subsp. tularensis SCHU S4,177416.18,NC_006570,fig|177416.18.peg.780,,VBIFraTul2086_0780,PATRIC.177416.18.NC_006570.CDS.702547.703530.rev,PATRIC,CDS,702547,703530,984,-,FIG00006661,PLF_262_00000066,PGF_01722140,,327,,Putative potassium channel protein,
Francisella tularensis subsp. tularensis SCHU S4,177416.18,NC_006570,fig|177416.18.peg.130,FTT0118,VBIFraTul2086_0130,PATRIC.177416.18.NC_006570.CDS.126899.128476.fwd,PATRIC,CDS,126899,128476,1578,+,FIG00000560,PLF_262_00000418,PGF_00030643,YP_169188.1,525,prfC,Peptide chain release factor 3,GO:0005525|GTP binding;GO:0006412|translation
Francisella tularensis subsp. tularensis SCHU S4,177416.18,NC_006570,fig|177416.18.peg.1262,,VBIFraTul2086_1262,PATRIC.177416.18.NC_006570.CDS.1105416.1108013.rev,PATRIC,CDS,1105416,1108013,2598,-,FIG00000139,PLF_262_00000240,PGF_07830674,,865,,Alanyl-tRNA synthetase (EC 6.1.1.7),GO:0004813|alanine-tRNA ligase activity
Francisella tularensis subsp. tularensis SCHU S4,177416.18,NC_006570,fig|177416.18.peg.745,,VBIFraTul2086_0745,PATRIC.177416.18.NC_006570.CDS.673236.674219.fwd,PATRIC,CDS,673236,674219,984,+,FIG00000362,PLF_262_00000272,PGF_00017479,,327,,Lipoyl synthase (EC 2.8.1.8),GO:0016992|lipoate synthase activity
Francisella tularensis subsp. tularensis SCHU S4,177416.18,NC_006570,,FTT1472c,FTT1472c,RefSeq.177416.18.NC_006570.CDS.1524272.1524550.rev,RefSeq,CDS,1524272,1524550,279,-,,,,YP_170408.1,92,ppiC,peptidyl-prolyl cis-trans isomerase,
Francisella tularensis subsp. tularensis SCHU S4,177416.18,NC_006570,,FTT1117c,FTT1117c,RefSeq.177416.18.NC_006570.CDS.1127640.1128212.rev,RefSeq,CDS,1127640,1128212,573,-,,,,YP_170091.1,190,,isochorismatase hydrolase family protein,
Francisella tularensis subsp. tularensis SCHU S4,177416.18,NC_006570,,FTT0485,FTT0485,RefSeq.177416.18.NC_006570.CDS.504193.504855.fwd,RefSeq,CDS,504193,504855,663,+,,,,YP_169523.1,220,,hypothetical protein,
Francisella tularensis subsp. tularensis SCHU S4,177416.18,NC_006570,,FTT0870c,FTT0870c,RefSeq.177416.18.NC_006570.CDS.880187.880318.rev,RefSeq,CDS,880187,880318,132,-,,,,YP_169870.1,43,,hypothetical protein,
Francisella tularensis subsp. tularensis SCHU S4,177416.18,NC_006570,,FTT1714c,FTT1714c,RefSeq.177416.18.NC_006570.CDS.1794197.1794787.rev,RefSeq,CDS,1794197,1794787,591,-,,,,YP_170619.1,196,iglA1,"intracellular growth locus, subunit A",
Francisella tularensis subsp. tularensis SCHU S4,177416.18,NC_006570,,FTT0416,FTT0416,RefSeq.177416.18.NC_006570.CDS.427588.429057.fwd,RefSeq,CDS,427588,429057,1470,+,,,,YP_169460.1,489,glgA,glycogen synthase,
Francisella tularensis subsp. tularensis SCHU S4,177416.18,NC_006570,fig|177416.18.peg.1104,,VBIFraTul2086_1104,PATRIC.177416.18.NC_006570.CDS.977194.978033.rev,PATRIC,CDS,977194,978033,840,-,FIG00773824,PLF_262_00001012,PGF_00019916,,279,,Membrane protein,
Francisella tularensis subsp. tularensis SCHU S4,177416.18,NC_006570,fig|177416.18.peg.610,,VBIFraTul2086_0610,PATRIC.177416.18.NC_006570.CDS.562605.562991.fwd,PATRIC,CDS,562605,562991,387,+,FIG01258694,PLF_262_00000036,PGF_04681578,,128,,Alkyl hydroperoxide reductase subunit C-like protein,
Francisella tularensis subsp. tularensis SCHU S4,177416.18,NC_006570,fig|177416.18.peg.502,,VBIFraTul2086_0502,PATRIC.177416.18.NC_006570.CDS.462338.463678.rev,PATRIC,CDS,462338,463678,1341,-,FIG00658293,PLF_262_00000275,PGF_01719890,,446,,Mll1762 protein,
Francisella tularensis subsp. tularensis SCHU S4,177416.18,NC_006570,fig|177416.18.peg.467,,VBIFraTul2086_0467,PATRIC.177416.18.NC_006570.CDS.434134.435573.fwd,PATRIC,CDS,434134,435573,1440,+,FIG00000243,PLF_262_00000945,PGF_07096769,,479,,"UDP-N-acetylmuramoyl-dipeptide--2,6-diaminopimelate ligase (EC 6.3.2.13)","GO:0008765|UDP-N-acetylmuramoylalanyl-D-glutamate-2,6-diaminopimelate ligase activity"
Francisella tularensis subsp. tularensis SCHU S4,177416.18,NC_006570,fig|177416.18.peg.481,,VBIFraTul2086_0481,PATRIC.177416.18.NC_006570.CDS.445372.446241.fwd,PATRIC,CDS,445372,446241,870,+,FIG00000642,PLF_262_00001596,PGF_12908096,,289,,Spermidine synthase (EC 2.5.1.16),GO:0004766|spermidine synthase activity
Francisella tularensis subsp. tularensis SCHU S4,177416.18,NC_006570,fig|177416.18.peg.868,,VBIFraTul2086_0868,PATRIC.177416.18.NC_006570.CDS.775186.775677.fwd,PATRIC,CDS,775186,775677,492,+,FIG00657565,PLF_262_00000178,PGF_08225224,,163,,hypothetical protein,
Francisella tularensis subsp. tularensis SCHU S4,177416.18,NC_006570,fig|177416.18.peg.527,,VBIFraTul2086_0527,PATRIC.177416.18.NC_006570.CDS.489502.489939.fwd,PATRIC,CDS,489502,489939,438,+,FIG00000430,PLF_262_00000509,PGF_00417577,,145,,3-dehydroquinate dehydratase II (EC 4.2.1.10),
Francisella tularensis subsp. tularensis SCHU S4,177416.18,NC_006570,fig|177416.18.peg.1607,,VBIFraTul2086_1607,PATRIC.177416.18.NC_006570.CDS.1444061.1444591.rev,PATRIC,CDS,1444061,1444591,531,-,FIG00657485,PLF_262_00000854,PGF_01722174,,176,,hypothetical protein,
Francisella tularensis subsp. tularensis SCHU S4,177416.18,NC_006570,fig|177416.18.peg.692,,VBIFraTul2086_0692,PATRIC.177416.18.NC_006570.CDS.624355.624513.fwd,PATRIC,CDS,624355,624513,159,+,FIG01612939,PLF_262_00001692,PGF_07165184,,52,,"Na+/H+ antiporter, NhaP family",
Francisella tularensis subsp. tularensis SCHU S4,177416.18,NC_006570,fig|177416.18.peg.1557,,VBIFraTul2086_1557,PATRIC.177416.18.NC_006570.CDS.1392835.1396821.fwd,PATRIC,CDS,1392835,1396821,3987,+,FIG01361777,PLF_262_00001143,PGF_00283583,,1328,,hypothetical protein,
Francisella tularensis subsp. tularensis SCHU S4,177416.18,NC_006570,fig|177416.18.peg.1270,,VBIFraTul2086_1270,PATRIC.177416.18.NC_006570.CDS.1112035.1112523.fwd,PATRIC,CDS,1112035,1112523,489,+,FIG01954301,PLF_262_00000015,PGF_06566462,,162,,Epoxyqueuosine reductase (EC 1.17.99.6) QueG,
Francisella tularensis subsp. tularensis SCHU S4,177416.18,NC_006570,fig|177416.18.peg.708,,VBIFraTul2086_0708,PATRIC.177416.18.NC_006570.CDS.639383.640126.fwd,PATRIC,CDS,639383,640126,744,+,FIG01328273,PLF_262_00000139,PGF_06509908,,247,,Acid phosphatase (EC 3.1.3.2),
Francisella tularensis subsp. tularensis SCHU S4,177416.18,NC_006570,fig|177416.18.peg.2068,,VBIFraTul2086_2068,PATRIC.177416.18.NC_006570.CDS.1867581.1867973.rev,PATRIC,CDS,1867581,1867973,393,-,FIG00657633,PLF_262_00001359,PGF_00385790,,130,,hypothetical protein,
Francisella tularensis subsp. tularensis SCHU S4,177416.18,NC_006570,fig|177416.18.peg.94,FTT0088,VBIFraTul2086_0094,PATRIC.177416.18.NC_006570.CDS.91678.92706.fwd,PATRIC,CDS,91678,92706,1029,+,FIG00034926,PLF_262_00000082,PGF_02204321,YP_169162.1,342,pilT,Twitching motility protein PilT,GO:0005524|ATP binding;GO:0005622|intracellular;GO:0006810|transport
Francisella tularensis subsp. tularensis SCHU S4,177416.18,NC_006570,fig|177416.18.peg.1269,,VBIFraTul2086_1269,PATRIC.177416.18.NC_006570.CDS.1111480.1111857.fwd,PATRIC,CDS,1111480,1111857,378,+,FIG01954377,PLF_262_00000015,PGF_06566462,,125,,Epoxyqueuosine reductase (EC 1.17.99.6) QueG,
Francisella tularensis subsp. tularensis SCHU S4,177416.18,NC_006570,fig|177416.18.peg.563,,VBIFraTul2086_0563,PATRIC.177416.18.NC_006570.CDS.521966.522289.rev,PATRIC,CDS,521966,522289,324,-,FIG00657690,PLF_262_00001069,PGF_01719310,,107,,hypothetical protein,
Francisella tularensis subsp. tularensis SCHU S4,177416.18,NC_006570,fig|177416.18.peg.322,,VBIFraTul2086_0322,PATRIC.177416.18.NC_006570.CDS.301719.302414.rev,PATRIC,CDS,301719,302414,696,-,FIG00658013,PLF_262_00000488,PGF_00248149,,231,,hypothetical protein,
